campaign_id,campaign_name,channel_id,campaign_manager,start_date,end_date,budget,campaign_type,target_segment,target_country
1,NewYear Brand Push 2023,10,Mary Rodriguez,2024-08-16,2024-08-29,4730.19,Brand,New,Italy
2,Winter Acquisition Push 2019,3,Mark Harris,2022-11-05,2022-12-19,3920.88,Acquisition,Returning,Netherlands
3,Prospecting Retention Campaign 2024,7,Gloria Keller,2021-03-31,2021-05-28,13280.99,Retention,Returning,United Arab Emirates
4,Flash Awareness Sale 2022,10,Yvette House,2019-01-16,2019-02-02,4998.03,Awareness,Returning,Mexico
5,Winter Awareness Promo 2024,12,,2020-11-13,2021-01-23,807.89,Awareness,VIP,Saudi Arabia
6,Retarget Brand Campaign 2024,13,Anthony Rasmussen,2022-03-30,2022-04-06,13372.62,Brand,Churned,United States
7,Loyalty Retention Drive 2024,2,,2023-12-16,2024-02-22,1299.0,Retention,All,Nigeria
8,Holiday Acquisition Sale 2022,9,Richard White,2022-05-31,2022-08-19,2273.33,Acquisition,Churned,Egypt
9,BlackFriday Awareness Campaign 2019,8,Debra Smith,2024-04-11,2024-06-09,4539.96,Awareness,VIP,Australia
10,Winter Retention Push 2020,11,Elizabeth Hill,2021-05-18,2021-06-08,4814.66,Retention,Returning,United Kingdom
11,BlackFriday Brand Push 2023,4,Isaiah Hall Jr.,2023-11-05,2024-01-12,1409.99,Brand,VIP,Brazil
12,Prospecting Conversion Drive 2024,7,Elizabeth Hill,2020-11-01,2020-12-27,10780.37,Conversion,Churned,United Kingdom
13,NewYear Brand Push 2021,8,Rachel Dickerson,2021-08-09,2021-09-18,5563.09,Brand,Churned,Australia
14,Winter Acquisition Drive 2021,5,Sandra Kim,2021-05-15,2021-06-20,2634.61,Acquisition,Churned,United Arab Emirates
15,NewYear Conversion Promo 2020,15,Anthony Rasmussen,2024-06-23,2024-06-12,3690.73,Conversion,All,Italy
16,Retarget Conversion Promo 2021,5,Samuel Smith,2023-11-06,2024-02-04,4577.75,Conversion,At-Risk,United Arab Emirates
17,holiday acquisition sale 2023,12,David Zuniga,2024-08-06,2024-08-30,4255.91,Acquisition,Returning,France
18,BlackFriday Retention Drive 2020,15,Angela Chandler,2023-06-13,2023-08-21,6172.83,Retention,All,Indonesia
19,Clearance Awareness Campaign 2020,12,Tammy Bell,2021-05-13,2021-07-09,9358.76,Awareness,Returning,Brazil
20,Retarget Conversion Push 2021,11,Yolanda Wallace,2021-03-15,2021-04-12,55679.84,Conversion,New,India
21,Launch Brand Campaign 2020,14,Eric Smith MD,2021-10-20,2021-11-17,7181.12,Brand,New,Nigeria
22,Retarget Awareness Drive 2021,6,Anthony Rasmussen,2021-07-24,2021-08-08,26053.62,Awareness,Churned,Spain
23,BlackFriday Awareness Promo 2022,4,Chase Wolf,2021-05-16,2021-08-12,18248.06,Awareness,Returning,United Kingdom
24,Holiday Brand Promo 2024,7,Elizabeth Hill,2020-06-27,2020-09-11,1231.44,Brand,Churned,France
25,Holiday Brand Promo 2020,5,Alexis Hale,2024-10-02,2024-11-07,12548.37,Brand,VIP,United States
26,Launch Awareness Sale 2019,1,Chase Wolf,2019-04-12,2019-06-08,1064.55,Awareness,At-Risk,Nigeria
27,Launch Conversion Sale 2023,9,Caitlin Edwards,2021-02-01,2021-04-03,2922.88,Conversion,VIP,Australia
28,BlackFriday Conversion Promo 2022,5,Jon Thomas,2019-01-19,2019-02-28,373.05,Conversion,At-Risk,United Kingdom
29,  Holiday Brand Drive 2024  ,14,Donna Nelson,2022-12-21,2023-02-12,5461.28,Brand,All,Canada
30,Loyalty Brand Push 2022,8,Mark Morgan,2024-06-29,2024-09-14,8780.77,Brand,New,United States
31,Holiday Conversion Drive 2024,11,David Zuniga,2024-01-11,2024-02-05,1120.27,Conversion,Churned,Netherlands
32,Retarget Brand Promo 2021,9,Scott Taylor,2019-10-29,2020-01-12,528.65,Brand,All,Spain
33,Loyalty Brand Drive 2021,13,Angel Kent,2021-07-30,2021-10-20,2393.54,Brand,Churned,South Africa
34,Prospecting Acquisition Drive 2019,13,Anthony Rasmussen,2020-12-13,2021-01-28,2630.4,Acquisition,VIP,Nigeria
35,Clearance Acquisition Sale 2024,10,John Lopez,2020-11-23,2021-01-26,3121.51,Acquisition,All,France
36,Holiday Retention Sale 2020,5,Miguel Johnston,2020-02-04,2020-02-22,2635.94,Retention,All,Indonesia
37,Prospecting Retention Promo 2020,9,Richard White,2021-11-27,2022-01-07,995.19,Retention,Returning,India
38,Retarget Brand Push 2020,14,Angela Dillon,2019-05-15,2019-07-18,19143.45,Brand,Returning,South Africa
39,Loyalty Acquisition Sale 2023,4,Mark Harris,2022-05-23,2022-06-13,7183.27,Acquisition,All,Saudi Arabia
40,Flash Awareness Push 2022,8,Donna Nelson,2022-03-07,2022-05-25,5569.88,Awareness,Returning,Australia
41,SUMMER BRAND DRIVE 2019,9,Rachel Wright,2021-12-05,2022-01-08,356.68,Brand,Returning,France
42,Winter Awareness Sale 2024,2,Richard White,2019-10-18,2019-11-23,4826.35,Awareness,Returning,United States
43,prospecting awareness drive 2022,1,Felicia Henry,2022-04-21,2022-06-26,1573.49,Awareness,At-Risk,Spain
44,Summer Awareness Drive 2021,2,Caitlin Edwards,2021-11-19,2022-02-14,12153.41,Awareness,Churned,Saudi Arabia
45,Prospecting Retention Campaign 2023,15,David Zuniga,2019-11-07,2019-11-15,40852.77,Retention,Churned,Canada
46,Holiday Conversion Promo 2019,14,Felicia Henry,2021-02-18,2021-03-08,1444.39,Conversion,VIP,United Kingdom
47,launch acquisition promo 2023,15,Mary Rodriguez,2023-05-20,2023-07-06,11853.46,Acquisition,All,Brazil
48,Loyalty Awareness Drive 2022,11,Nicholas Gordon,2019-11-03,2019-11-16,9136.25,Awareness,At-Risk,Mexico
49,Retarget Brand Push 2023,7,,2019-01-11,2019-02-27,13732.94,Brand,VIP,Italy
50,NewYear Brand Sale 2020,14,Levi Stewart,2019-06-16,2019-06-23,1378.45,Brand,Returning,United States
51,,8,Rachel Dickerson,2023-02-21,2023-04-04,13832.29,Retention,VIP,Philippines
52,Winter Retention Promo 2023,7,,2021-02-20,2021-03-04,15614.76,Retention,At-Risk,Italy
53,Flash Retention Promo 2022,15,Derek Lowe,2019-03-29,2019-04-14,4913.94,Retention,New,Global
54,BlackFriday Conversion Sale 2020,7,Chase Wolf,2024-04-08,2024-04-26,2248.06,Conversion,All,Brazil
55,Clearance Awareness Drive 2019,5,,2020-01-03,2020-01-22,2192.3,Awareness,At-Risk,Indonesia
56,BlackFriday Brand Drive 2022,14,Kimberly Jensen,2023-11-22,2023-12-04,3374.32,Brand,Churned,Indonesia
57,Launch Conversion Push 2022,1,Angel Kent,2021-10-07,2021-12-06,14991.68,Conversion,Churned,India
58,SPRING BRAND CAMPAIGN 2020,5,Dominic Bennett,2023-01-08,2023-03-28,3662.88,Brand,Churned,Indonesia
59,Flash Acquisition Drive 2022,7,Kevin Morris,2022-10-26,2022-11-03,2289.61,Acquisition,Churned,Brazil
60,Launch Retention Drive 2019,9,Rebecca Simmons,2021-07-22,2021-10-18,7986.39,Retention,Churned,Germany
61,  Retarget Brand Campaign 2020  ,8,Carolyn Schultz,2023-01-21,2023-04-16,1301.61,Brand,New,Egypt
62,Loyalty Conversion Campaign 2024,1,Richard White,2019-03-16,2019-05-08,11307.0,Conversion,At-Risk,Canada
63,Flash Retention Sale 2021,10,Sandra Kim,2021-03-31,2021-06-22,7385.37,Retention,Returning,France
64,Spring Awareness Campaign 2023,1,Donna Nelson,2021-11-01,2021-12-23,2967.07,Awareness,At-Risk,Global
65,Launch Brand Push 2022,9,Felicia Henry,2020-10-21,2020-10-29,1783.08,Brand,VIP,Canada
66,Loyalty Awareness Promo 2021,9,Mary Rodriguez,2024-02-04,2024-02-28,10160.59,Awareness,New,Netherlands
67,Launch Conversion Promo 2023,6,David Zuniga,2021-07-22,2021-09-25,10615.3,Conversion,At-Risk,Netherlands
68,Retarget Awareness Push 2024,5,Yolanda Wallace,2022-06-16,2022-07-30,62914.75,Awareness,At-Risk,Indonesia
69,Winter Awareness Drive 2022,3,Eric Smith MD,2020-09-12,2020-06-15,2295.57,Awareness,Churned,France
70,Loyalty Awareness Drive 2020,5,Jennifer Obrien,2023-09-26,2023-10-20,4097.57,Awareness,At-Risk,Mexico
71,Spring Acquisition Drive 2024,3,Kimberly Jensen,2019-07-09,2019-08-27,3094.47,Acquisition,Churned,Philippines
72,Summer Retention Promo 2021,2,Elizabeth Hill,2020-06-18,2020-08-10,7747.89,Retention,VIP,France
73,NewYear Brand Promo 2019,2,Rachel Dickerson,2020-02-24,2020-05-03,2211.72,Brand,New,United Arab Emirates
74,Spring Brand Sale 2020,7,Alexis Hale,2022-03-21,2022-06-09,802.48,Brand,Returning,France
75,Clearance Conversion Sale 2024,14,Chase Wolf,2020-02-15,2020-05-05,16930.5,Conversion,New,United Kingdom
76,Holiday Retention Promo 2021,2,,2022-05-09,2022-06-20,2851.82,Retention,New,Netherlands
77,Spring Acquisition Promo 2022,3,Alexis Hale,2024-04-24,2024-06-30,682.66,Acquisition,Returning,South Africa
78,Loyalty Brand Promo 2021,3,Donna Nelson,2020-06-06,2020-07-18,1565.67,Brand,New,United Kingdom
79,Launch Retention Drive 2020,2,,2019-02-12,2019-03-11,4995.97,Retention,All,Mexico
80,Holiday Retention Sale 2022,12,Debra Smith,2019-06-20,2019-08-19,1488.78,Retention,New,Spain
81,NewYear Brand Sale 2021,15,Kimberly Jensen,2024-06-14,2024-06-29,5932.04,Brand,New,Egypt
82,Winter Awareness Sale 2020,9,Willie Bowers,2023-09-27,2023-11-20,2486.61,Awareness,New,Indonesia
83,Winter Retention Sale 2019,3,Hannah Matthews,2022-01-03,2022-02-02,10287.1,Retention,At-Risk,Canada
84,prospecting awareness promo 2020,12,,2022-12-15,2023-02-16,868.02,Awareness,New,Philippines
85,Summer Acquisition Sale 2023,3,Kevin Morris,2021-05-15,2021-05-31,18628.42,Acquisition,At-Risk,Philippines
86,Summer Awareness Campaign 2024,6,Jon Thomas,2020-06-27,2020-09-25,15650.56,Awareness,New,South Africa
87,Launch Conversion Promo 2020,10,Sandra Kim,2022-02-23,2022-04-08,3489.26,Conversion,Returning,Global
88,Launch Brand Campaign 2021,3,,2021-01-11,2021-04-03,9592.41,Brand,Churned,Philippines
89,NewYear Retention Push 2024,4,Eric Dodson Jr.,2021-12-12,2022-01-20,1405.4,Retention,VIP,Nigeria
90,Flash Awareness Sale 2023,13,,2021-03-13,2021-05-24,33736.83,Awareness,Returning,Nigeria
91,Launch Conversion Sale 2022,4,Sandra Ayala,2023-02-14,2023-03-02,16773.9,Conversion,New,Mexico
92,,6,Jason Fletcher,2021-02-07,2021-04-26,857.71,Awareness,All,Indonesia
93,Retarget Acquisition Push 2019,7,Daniel Bridges,2022-05-15,2022-07-20,3493.63,Acquisition,VIP,India
94,Clearance Conversion Promo 2019,15,Rebecca Simmons,2019-08-14,2019-09-20,3813.45,Conversion,VIP,France
95,Summer Brand Campaign 2024,7,Scott Taylor,2019-06-11,2019-07-22,37961.35,Brand,Churned,Italy
96,Clearance Retention Push 2021,1,,2020-02-21,2020-05-08,1854.68,Retention,Returning,Mexico
97,Launch Conversion Drive 2024,15,Michael Lawrence,2022-08-08,2022-10-24,8350.49,Conversion,VIP,Australia
98,FLASH ACQUISITION PROMO 2024,6,Jennifer Obrien,2024-07-16,2024-08-09,1034.1,Acquisition,Churned,United Kingdom
99,Summer Conversion Campaign 2019,6,Rebecca Prince,2021-01-18,2021-03-22,8387.58,Conversion,VIP,United Kingdom
100,Clearance Conversion Drive 2022,7,Charles Torres,2023-03-09,2023-04-30,7761.7,Conversion,New,Egypt
101,Holiday Acquisition Drive 2022,7,,2022-02-04,2022-02-12,5048.43,Acquisition,Churned,United Kingdom
102,NewYear Conversion Sale 2024,9,Levi Stewart,2020-11-16,2021-01-25,8583.99,Conversion,All,Japan
103,Retarget Awareness Drive 2024,12,Yvette House,2024-07-18,2024-08-23,9915.78,Awareness,New,Canada
104,Launch Retention Campaign 2021,2,Yvette House,2024-08-31,2024-11-22,18741.95,Retention,All,United States
105,BlackFriday Conversion Campaign 2024,3,Eric Smith MD,2024-03-16,2024-05-11,6477.25,Conversion,New,Australia
106,Flash Awareness Drive 2024,3,Rachel Dickerson,2020-03-07,2020-04-12,16140.02,Awareness,VIP,Mexico
107,Retarget Awareness Push 2022,12,Jeffrey Herring,2021-12-20,2022-01-06,4784.82,Awareness,All,France
108,NewYear Retention Drive 2022,3,James Smith,2023-03-20,2023-04-03,7758.48,Retention,New,Australia
109,Prospecting Retention Sale 2024,14,Derek Lowe,2019-07-12,2019-08-28,1083.76,Retention,New,United Arab Emirates
110,NewYear Acquisition Drive 2024,4,Jon Thomas,2020-06-05,2020-08-07,3150.24,Acquisition,All,Indonesia
111,Clearance Awareness Promo 2022,6,Levi Stewart,2021-01-24,2021-04-04,6238.94,Awareness,New,Netherlands
112,Spring Acquisition Campaign 2023,12,Eric Dodson Jr.,2021-05-08,2021-07-24,42914.25,Acquisition,New,Egypt
113,Retarget Brand Promo 2020,12,Judy Lopez,2021-07-05,2021-07-15,4848.08,Brand,Returning,Canada
114,Flash Awareness Promo 2019,1,Eric Smith MD,2022-08-27,2022-11-21,2491.12,Awareness,Returning,Japan
115,Holiday Awareness Drive 2024,13,David Zuniga,2024-10-04,2024-10-11,3384.43,Awareness,VIP,Egypt
116,Holiday Awareness Campaign 2019,3,,2020-06-18,2020-08-28,1660.47,Awareness,Churned,Japan
117,Launch Awareness Promo 2020,2,Stephanie Allen,2024-11-02,2025-01-26,16169.61,Awareness,New,Brazil
118,LOYALTY CONVERSION DRIVE 2019,11,Tammy Bell,2023-10-12,2023-11-10,1216.06,Conversion,Churned,Egypt
119,NewYear Acquisition Drive 2021,6,Charles Torres,2022-03-18,2022-04-12,7820.22,Acquisition,New,Egypt
120,Summer Awareness Sale 2021,7,Christine Harris,2023-10-07,2023-12-15,15523.91,Awareness,Churned,Philippines
121,Flash Awareness Drive 2023,1,Angel Kent,2021-02-07,2021-04-25,10737.25,Awareness,New,Canada
122,Prospecting Retention Campaign 2021,9,Kimberly Jensen,2024-03-27,2024-05-06,11306.81,Retention,New,Brazil
123,BlackFriday Brand Push 2024,8,Chase Wolf,2022-03-06,2022-04-09,7931.46,Brand,All,India
124,BlackFriday Conversion Drive 2021,10,Sandra Kim,2022-12-06,2023-01-29,2457.93,Conversion,Returning,United States
125,Clearance Retention Campaign 2024,1,Felicia Henry,2019-05-28,2019-06-24,1821.36,Retention,VIP,United Arab Emirates
126,Spring Acquisition Promo 2024,1,Caitlin Edwards,2022-11-12,2022-11-20,2838.97,Acquisition,New,Nigeria
127,NewYear Retention Promo 2020,4,Debra Smith,2024-06-18,2024-08-14,3088.11,Retention,Returning,Japan
128,Launch Retention Promo 2020,2,Richard White,2020-12-07,2021-02-26,6555.7,Retention,New,Global
129,Prospecting Brand Push 2021,3,Connie Costa,2023-01-14,2023-02-18,9881.55,Brand,VIP,United Arab Emirates
130,Winter Awareness Sale 2019,14,Isaiah Hall Jr.,2024-05-07,2024-05-18,7786.9,Awareness,Churned,United Kingdom
131,Retarget Retention Sale 2024,11,James Smith,2023-02-05,2023-03-15,33552.65,Retention,New,Global
132,Launch Brand Campaign 2020,13,,2022-07-20,2022-08-28,5156.34,Brand,Returning,United States
133,Winter Awareness Campaign 2023,3,,2023-06-09,2023-08-11,3122.96,Awareness,Returning,France
134,BlackFriday Awareness Promo 2021,10,Mary Rodriguez,2024-11-16,2025-01-20,15476.35,Awareness,VIP,Philippines
135,Clearance Brand Promo 2024,9,Alexis Hale,2023-08-02,2023-10-20,2956.42,Brand,Returning,Canada
136,Prospecting Brand Drive 2024,3,Jason Fletcher,2024-06-02,2024-08-02,2326.72,Brand,VIP,Australia
137,Holiday Awareness Push 2019,7,Christine Harris,2021-07-22,2021-08-20,7715.12,Awareness,New,France
138,NewYear Conversion Drive 2022,8,Richard White,2020-07-23,2020-08-08,5650.13,Conversion,VIP,Netherlands
139,Prospecting Awareness Drive 2023,8,,2021-07-06,2021-07-13,6683.05,Awareness,At-Risk,Germany
140,Spring Conversion Push 2021,2,Chase Wolf,2022-07-26,2022-10-11,41886.03,Conversion,New,Australia
141,Prospecting Retention Push 2022,4,Yvette House,2022-10-01,2022-12-29,1729.33,Retention,Churned,Australia
142,Launch Conversion Sale 2019,2,Rebecca Simmons,2021-06-28,2021-09-16,13693.3,Conversion,At-Risk,United States
143,Loyalty Conversion Sale 2024,11,Angel Kent,2024-08-12,2024-09-01,5426.91,Conversion,New,South Africa
144,Launch Acquisition Promo 2020,7,Charles Torres,2022-07-03,2022-09-18,5112.05,Acquisition,Churned,Canada
145,NewYear Brand Drive 2021,12,Isaiah Hall Jr.,2021-04-29,2021-07-04,1437.28,Brand,All,Nigeria
146,Flash Awareness Drive 2022,3,,2024-03-28,2024-04-09,8582.02,Awareness,All,United Kingdom
147,Holiday Conversion Campaign 2021,13,Dominic Bennett,2024-07-15,2024-10-07,13300.76,Conversion,Returning,Canada
148,Loyalty Retention Push 2019,9,Jessica Sanford,2020-09-05,2020-11-25,4565.68,Retention,At-Risk,Australia
149,BlackFriday Brand Promo 2019,13,Donna Nelson,2021-07-21,2021-09-05,771.56,Brand,New,Germany
150,Spring Acquisition Campaign 2023,9,Robert Massey,2024-02-02,2024-02-09,11142.8,Acquisition,New,Australia
151,Loyalty Acquisition Promo 2022,9,Dominic Bennett,2023-12-13,2024-01-05,3508.13,Acquisition,All,Brazil
152,Summer Acquisition Promo 2022,3,Derek Lowe,2021-11-14,2021-12-26,4308.28,Acquisition,VIP,Nigeria
153,Prospecting Acquisition Push 2019,5,Mary Rodriguez,2022-06-28,2022-09-10,17515.57,Acquisition,All,Germany
154,,2,Eric Dodson Jr.,2020-02-18,2020-03-21,6820.08,Retention,All,United States
155,Prospecting Acquisition Sale 2021,11,Debra Smith,2021-11-06,2021-11-17,4730.38,Acquisition,All,India
156,Prospecting Conversion Push 2024,1,Connie Costa,2023-04-20,2023-05-13,12388.09,Conversion,Returning,Netherlands
157,Spring Conversion Sale 2019,8,,2022-08-03,2022-09-26,28127.29,Conversion,All,India
158,Launch Acquisition Sale 2022,1,Christine Harris,2024-11-02,2024-12-21,4622.24,Acquisition,New,Italy
159,Holiday Retention Sale 2022,5,Eric Smith MD,2019-07-15,2019-07-29,2455.43,Retention,VIP,Indonesia
160,Clearance Retention Campaign 2019,4,James Smith,2024-03-11,2024-05-07,3142.74,Retention,Churned,Germany
161,Holiday Brand Push 2024,10,Jason Fletcher,2019-10-11,2019-10-27,1954.29,Brand,All,United States
162,Loyalty Acquisition Sale 2022,11,,2024-11-05,2024-11-21,4794.87,Acquisition,At-Risk,Japan
163,Summer Brand Push 2022,7,Angela Dillon,2023-10-31,2024-01-13,3127.57,Brand,Returning,Germany
164,BlackFriday Awareness Push 2022,13,Caitlin Edwards,2021-12-04,2022-02-18,7082.39,Awareness,VIP,Canada
165,Flash Retention Push 2024,10,Mark Harris,2019-06-16,2019-09-03,8013.06,Retention,New,India
166,Clearance Retention Sale 2022,2,Jessica Sanford,2023-06-29,2023-07-13,14223.57,Retention,VIP,Spain
167,Flash Conversion Campaign 2023,9,Kevin Morris,2023-01-08,2023-01-20,50435.71,Conversion,At-Risk,Brazil
168,Spring Retention Sale 2021,12,Willie Bowers,2024-11-24,2025-02-04,3115.28,Retention,At-Risk,Egypt
169,BlackFriday Awareness Drive 2019,6,Samuel Smith,2020-11-06,2020-12-15,3430.95,Awareness,VIP,Global
170,Flash Retention Campaign 2023,1,Michael Lawrence,2023-04-06,2023-05-22,7757.44,Retention,Churned,India
171,Loyalty Acquisition Campaign 2023,12,James Smith,2023-01-01,2023-01-09,4633.0,Acquisition,VIP,Global
172,Spring Retention Campaign 2021,10,,2019-10-02,2019-10-25,3748.79,Retention,Returning,Spain
173,Winter Retention Sale 2023,3,,2019-01-20,2019-02-14,5082.55,Retention,VIP,India
174,Retarget Retention Push 2020,13,Robert Jones,2022-03-12,2022-05-01,14608.81,Retention,All,Saudi Arabia
175,BlackFriday Conversion Push 2019,12,Yvette House,2022-11-28,2023-02-08,1425.61,Conversion,Churned,Global
176,Launch Awareness Campaign 2020,15,Eric Dodson Jr.,2019-12-10,2020-03-05,9467.0,Awareness,New,Indonesia
177,Spring Retention Push 2021,15,Elizabeth Hill,2024-05-31,2024-07-16,18017.59,Retention,All,Canada
178,Loyalty Brand Campaign 2024,11,Jon Thomas,2019-09-26,2019-10-31,3074.04,Brand,Returning,Saudi Arabia
179,Spring Acquisition Promo 2022,6,Kevin Morris,2024-02-03,2024-03-04,899.24,Acquisition,VIP,United Kingdom
180,Holiday Brand Push 2024,6,,2021-02-28,2021-04-09,10767.47,Brand,Returning,United Kingdom
181,Winter Acquisition Sale 2019,13,Chase Wolf,2019-06-12,2019-08-04,9396.36,Acquisition,All,South Africa
182,,8,Elizabeth Hill,2019-03-31,2019-05-11,20128.75,Retention,VIP,Netherlands
183,Prospecting Retention Drive 2020,13,Eric Smith MD,2020-08-15,2020-09-25,4247.34,Retention,At-Risk,United Arab Emirates
184,Flash Retention Drive 2024,13,,2021-01-30,2021-03-12,4679.44,Retention,All,Global
185,NewYear Acquisition Push 2019,6,Angel Kent,2023-09-18,2023-11-11,6770.08,Acquisition,Churned,Nigeria
186,Flash Conversion Campaign 2020,14,Mary Rodriguez,2020-01-06,2020-03-29,5085.27,Conversion,Churned,Spain
187,Flash Awareness Push 2022,13,,2020-10-20,2020-12-01,1989.42,Awareness,Returning,Canada
188,BlackFriday Conversion Promo 2021,3,,2024-11-01,2025-01-15,2173.76,Conversion,All,United States
189,Loyalty Conversion Promo 2021,10,,2020-08-07,2020-08-25,18314.35,Conversion,VIP,Australia
190,Loyalty Retention Push 2019,13,Hannah Matthews,2023-01-28,2023-03-23,47692.41,Retention,Churned,Spain
191,Clearance Conversion Push 2020,7,David Zuniga,2019-11-22,2019-12-29,1776.67,Conversion,New,Netherlands
192,,14,Rachel Dickerson,2019-07-22,2019-10-12,6058.84,Conversion,New,Mexico
193,Winter Retention Promo 2021,3,Anthony Rasmussen,2020-12-28,2021-02-06,9455.54,Retention,All,Saudi Arabia
194,Holiday Acquisition Push 2019,10,Christine Harris,2021-05-31,2021-06-21,15198.57,Acquisition,VIP,United Arab Emirates
195,Holiday Conversion Sale 2020,15,,2022-09-28,2022-12-16,3339.71,Conversion,At-Risk,Brazil
196,Holiday Retention Sale 2023,11,,2020-05-24,2020-06-02,9730.31,Retention,New,Saudi Arabia
197,Clearance Awareness Drive 2024,11,Rebecca Prince,2020-04-03,2020-05-25,4353.26,Awareness,Returning,France
198,Winter Awareness Promo 2021,15,Elizabeth Hill,2023-01-05,2023-03-23,1154.44,Awareness,At-Risk,Canada
199,BlackFriday Brand Promo 2023,15,Robert Massey,2019-03-20,2019-04-22,7944.7,Brand,VIP,Mexico
200,Flash Acquisition Drive 2020,12,Miguel Johnston,2019-12-03,2020-02-06,1352.33,Acquisition,VIP,Mexico
201,Summer Retention Sale 2024,14,Yolanda Wallace,2020-02-12,2020-03-14,16690.9,Retention,All,Australia
202,Prospecting Awareness Drive 2024,14,Christine Harris,2019-10-12,2019-12-01,808.31,Awareness,All,France
203,clearance retention campaign 2023,4,Debra Smith,2019-10-05,2019-12-24,11341.48,Retention,At-Risk,Spain
204,Flash Conversion Push 2020,11,Michael Lawrence,2020-06-03,2020-08-08,9302.55,Conversion,New,Germany
205,Retarget Awareness Sale 2022,5,Mary Rodriguez,2022-03-09,2022-06-04,8282.77,Awareness,All,Egypt
206,Clearance Acquisition Drive 2021,14,Daniel Bridges,2024-08-24,2024-09-03,3962.53,Acquisition,VIP,United Arab Emirates
207,Retarget Brand Sale 2022,11,Levi Stewart,2019-02-01,2019-02-11,2293.31,Brand,Returning,Nigeria
208,Prospecting Acquisition Push 2021,14,,2019-04-26,2019-06-11,1793.9,Acquisition,Returning,United Arab Emirates
209,Winter Acquisition Campaign 2024,8,Lori Delgado,2021-12-04,2022-02-26,1414.28,Acquisition,VIP,Brazil
210,Holiday Awareness Campaign 2020,10,Rebecca Simmons,2020-11-08,2021-02-03,2519.53,Awareness,All,Canada
211,,8,,2024-01-22,2024-02-23,4408.91,Acquisition,At-Risk,Indonesia
212,Prospecting Conversion Push 2022,6,Rebecca Simmons,2023-06-24,2023-08-20,20069.76,Conversion,Returning,United States
213,LOYALTY ACQUISITION CAMPAIGN 2020,10,,2023-12-17,2024-01-24,460.61,Acquisition,VIP,France
214,Loyalty Conversion Promo 2022,12,,2019-05-22,2019-06-25,5469.48,Conversion,Returning,France
215,Retarget Acquisition Campaign 2023,3,Connie Costa,2020-08-14,2020-11-07,3659.04,Acquisition,Returning,South Africa
216,Spring Brand Sale 2024,10,Samuel Smith,2019-12-11,2020-02-02,9486.3,Brand,At-Risk,Brazil
217,Holiday Conversion Push 2019,13,Connie Costa,2019-11-02,2020-01-02,4918.98,Conversion,At-Risk,Canada
218,Summer Conversion Campaign 2023,9,Jennifer Obrien,2020-09-03,2020-09-21,11524.14,Conversion,New,Saudi Arabia
219,,8,Felicia Henry,2020-10-04,2020-12-27,5664.59,Awareness,At-Risk,Germany
220,Spring Brand Push 2020,13,Felicia Henry,2023-06-16,2023-06-27,17272.62,Brand,New,United States
221,Spring Awareness Campaign 2021,8,Yvette House,2021-01-18,2021-03-11,2667.1,Awareness,All,Saudi Arabia
222,Retarget Brand Drive 2021,4,Stephanie Allen,2021-11-20,2021-12-20,10344.25,Brand,All,Canada
223,Retarget Retention Campaign 2021,14,Mary Rodriguez,2021-03-08,2021-04-17,4567.28,Retention,Churned,Mexico
224,Clearance Retention Push 2023,13,Hannah Matthews,2023-07-01,2023-09-02,26551.64,Retention,VIP,France
225,Holiday Acquisition Push 2023,3,Mark Harris,2023-05-31,2023-06-27,4138.46,Acquisition,All,South Africa
226,Loyalty Awareness Promo 2024,1,Jon Thomas,2020-04-03,2020-04-29,28801.65,Awareness,VIP,Saudi Arabia
227,Spring Brand Push 2024,11,Richard White,2024-02-17,2024-04-09,678.35,Brand,At-Risk,United Kingdom
228,Loyalty Acquisition Promo 2019,7,Sandra Ayala,2024-07-27,2024-09-19,2154.62,Acquisition,All,United Kingdom
229,Holiday Retention Campaign 2020,15,Scott Taylor,2022-01-18,2022-02-25,987.52,Retention,New,Global
230,Summer Brand Promo 2019,2,,2024-01-22,2024-03-31,5822.02,Brand,VIP,Germany
231,Summer Acquisition Campaign 2023,14,Hunter Woods,2022-10-14,2022-11-30,15058.54,Acquisition,Returning,Saudi Arabia
232,Retarget Awareness Drive 2022,5,,2024-03-20,2024-04-15,6017.22,Awareness,New,Canada
233,Spring Retention Campaign 2021,4,Hunter Woods,2022-08-07,2022-08-21,18218.54,Retention,Churned,Japan
234,Holiday Retention Drive 2020,11,Caitlin Edwards,2021-10-03,2021-12-09,11667.76,Retention,All,Egypt
235,NewYear Awareness Promo 2021,7,Carolyn Schultz,2019-10-29,2020-01-04,9951.85,Awareness,New,Egypt
236,LOYALTY CONVERSION SALE 2022,6,Miguel Johnston,2020-08-06,2020-09-04,6348.31,Conversion,All,Canada
237,Flash Awareness Promo 2024,6,Daniel Bridges,2020-10-15,2020-10-31,1914.85,Awareness,Churned,United Arab Emirates
238,BlackFriday Retention Sale 2019,6,Willie Bowers,2023-08-30,2023-09-17,1024.48,Retention,Churned,Spain
239,Loyalty Acquisition Promo 2020,10,Mark Morgan,2019-07-05,2019-09-20,84.39,Acquisition,At-Risk,Egypt
240,Summer Acquisition Campaign 2024,13,Miguel Johnston,2024-05-14,2024-05-21,1613.42,Acquisition,Returning,United States
241,Flash Acquisition Push 2024,5,Hunter Woods,2019-01-26,2019-02-03,17921.44,Acquisition,New,Indonesia
242,Winter Retention Push 2021,14,Elizabeth Hill,2021-11-12,2021-11-30,1023.42,Retention,Returning,Japan
243,Loyalty Acquisition Push 2019,2,Nicholas Gordon,2022-12-17,2023-02-17,5431.72,Acquisition,Churned,Spain
244,,8,Jennifer Obrien,2020-01-11,2020-01-22,8474.41,Brand,Churned,South Africa
245,Winter Acquisition Push 2023,8,Angel Kent,2023-01-04,2023-03-14,2011.9,Acquisition,At-Risk,Brazil
246,spring brand push 2024,2,,2023-02-27,2023-05-28,4392.13,Brand,At-Risk,United States
247,Prospecting Conversion Drive 2023,8,Rebecca Simmons,2020-06-05,2020-08-19,1846.46,Conversion,Churned,Nigeria
248,Flash Brand Promo 2022,11,Julie Clark,2024-06-29,2024-09-25,1794.42,Brand,Returning,Global
249,Prospecting Brand Promo 2020,11,Michael Lawrence,2023-06-23,2023-07-14,5393.89,Brand,Churned,Canada
250,NewYear Retention Promo 2021,11,Michael Lawrence,2021-11-22,2021-12-02,12303.01,Retention,Churned,Philippines
251,Spring Conversion Push 2019,11,David Zuniga,2022-09-22,2022-10-17,7938.75,Conversion,New,Australia
252,Winter Brand Promo 2022,2,Caitlin Edwards,2020-04-21,2020-05-01,8430.87,Brand,VIP,Nigeria
253,BlackFriday Retention Promo 2019,13,Willie Bowers,2021-07-31,2021-10-27,4614.8,Retention,At-Risk,Japan
254,Prospecting Awareness Sale 2019,8,Jeffrey Herring,2021-01-11,2021-02-04,7966.15,Awareness,At-Risk,Saudi Arabia
255,BlackFriday Retention Promo 2021,8,Dominic Bennett,2021-08-10,2021-10-11,3566.19,Retention,At-Risk,Spain
256,Clearance Brand Drive 2021,5,,2019-05-21,2019-07-06,5806.98,Brand,New,Italy
257,Flash Acquisition Promo 2022,14,Angel Kent,2019-10-03,2019-10-14,9042.71,Acquisition,VIP,United Arab Emirates
258,Flash Awareness Push 2023,1,James Smith,2021-02-10,2021-03-29,6506.13,Awareness,All,Brazil
259,Summer Acquisition Drive 2022,8,Isaiah Hall Jr.,2024-08-08,2024-10-03,4045.72,Acquisition,VIP,Philippines
260,Spring Brand Campaign 2019,7,Mark Morgan,2020-12-30,2021-01-16,5084.09,Brand,New,Global
261,Spring Conversion Drive 2024,10,Sandra Kim,2020-10-31,2020-12-25,5096.05,Conversion,Returning,United Arab Emirates
262,Prospecting Awareness Promo 2024,4,Angela Dillon,2024-06-25,2024-08-30,2380.57,Awareness,All,United States
263,NewYear Conversion Sale 2019,3,Robert Massey,2020-09-14,2020-11-27,5626.72,Conversion,Returning,Netherlands
264,Flash Acquisition Promo 2022,7,Julie Clark,2024-07-19,2024-08-05,1156.07,Acquisition,VIP,Indonesia
265,Loyalty Brand Drive 2024,5,Caitlin Edwards,2020-01-24,2020-04-12,4468.25,Brand,VIP,Indonesia
266,BlackFriday Conversion Campaign 2022,7,Hunter Woods,2021-04-21,2021-06-22,8968.22,Conversion,Returning,Japan
267,BlackFriday Conversion Push 2020,6,Gloria Keller,2021-07-13,2021-08-21,5549.72,Conversion,New,Japan
268,Flash Awareness Drive 2022,10,Mary Rodriguez,2021-01-03,2021-03-28,1889.84,Awareness,Churned,Brazil
269,Holiday Brand Promo 2024,13,John Lopez,2023-01-16,2023-04-07,7772.49,Brand,At-Risk,Japan
270,BlackFriday Brand Campaign 2019,4,Jon Thomas,2022-06-07,2022-06-16,6889.24,Brand,Churned,Saudi Arabia
271,Holiday Acquisition Sale 2019,3,Angela Dillon,2023-09-22,2023-11-10,2150.5,Acquisition,Churned,Italy
272,Prospecting Brand Campaign 2022,3,Elizabeth Hill,2022-06-01,2022-07-05,5970.7,Brand,Churned,Saudi Arabia
273,Loyalty Brand Promo 2019,11,Yvette House,2024-02-23,2024-04-01,6570.04,Brand,Returning,Germany
274,Clearance Brand Push 2022,1,Anthony Rasmussen,2022-08-05,2022-09-03,6723.49,Brand,New,Nigeria
275,CLEARANCE AWARENESS PROMO 2024,13,Gloria Keller,2020-01-23,2020-04-05,5278.24,Awareness,VIP,India
276,NewYear Retention Promo 2024,5,,2023-03-10,2023-05-30,4397.87,Retention,Returning,France
277,Summer Acquisition Sale 2024,1,Gloria Keller,2023-12-04,2024-01-15,9425.68,Acquisition,Churned,Italy
278,Flash Conversion Sale 2019,14,Mark Harris,2024-09-09,2024-12-03,5135.25,Conversion,Returning,Philippines
279,,1,Yvette House,2021-01-17,2021-02-10,31758.68,Awareness,New,India
280,NewYear Retention Campaign 2019,12,Scott Taylor,2024-07-10,2024-08-31,3168.98,Retention,Churned,Indonesia
281,NewYear Acquisition Drive 2020,7,Charles Torres,2019-08-01,2019-10-27,12395.94,Acquisition,All,Nigeria
282,Flash Brand Sale 2021,1,Mary Rodriguez,2024-03-26,2024-06-14,4083.08,Brand,Churned,India
283,Prospecting Conversion Promo 2019,2,Rachel Wright,2023-11-30,2024-01-14,1887.81,Conversion,Returning,Mexico
284,Flash Conversion Campaign 2024,12,Connie Costa,2020-04-26,2020-05-13,18313.14,Conversion,New,Brazil
285,Launch Brand Promo 2019,15,Anthony Rasmussen,2020-06-23,2020-07-26,1609.14,Brand,VIP,Australia
286,Spring Retention Push 2020,4,Levi Stewart,2019-04-20,2019-05-28,1985.24,Retention,Returning,Japan
287,Spring Conversion Promo 2020,8,Christine Harris,2019-12-07,2020-01-09,21910.71,Conversion,All,Germany
288,Holiday Conversion Campaign 2021,1,Chase Wolf,2022-08-30,2022-11-19,1262.44,Conversion,At-Risk,South Africa
289,Launch Retention Sale 2020,12,Levi Stewart,2023-05-20,2023-08-05,1861.27,Retention,All,United Arab Emirates
290,,12,Felicia Henry,2024-10-02,2024-12-22,2469.51,Acquisition,New,France
291,RETARGET AWARENESS CAMPAIGN 2022,15,Mark Morgan,2022-10-23,2022-12-05,50667.28,Awareness,New,Netherlands
292,Summer Acquisition Promo 2019,5,Sandra Ayala,2020-12-15,2021-01-31,7360.92,Acquisition,New,France
293,NewYear Brand Sale 2020,4,Robert Massey,2020-01-27,2020-02-23,24118.8,Brand,Churned,Indonesia
294,Flash Retention Promo 2022,5,Richard White,2020-09-14,2020-11-17,1722.63,Retention,VIP,Australia
295,Spring Acquisition Drive 2021,4,Mark Harris,2021-08-22,2021-11-16,8649.42,Acquisition,Returning,United States
296,Spring Awareness Promo 2021,3,Jennifer Obrien,2020-02-13,2020-05-03,22342.54,Awareness,New,India
297,Holiday Awareness Sale 2023,4,Connie Costa,2023-03-04,2023-04-05,12371.75,Awareness,VIP,Italy
298,Winter Retention Sale 2020,8,Hunter Woods,2023-12-04,2024-02-03,1347.11,Retention,At-Risk,Egypt
299,Clearance Awareness Campaign 2020,15,Mark Harris,2019-05-31,2019-08-07,4636.8,Awareness,Churned,Indonesia
300,Holiday Conversion Sale 2022,6,Richard White,2019-10-12,2019-11-23,5839.43,Conversion,All,Egypt
301,Winter Awareness Push 2020,4,Robert Jones,2024-02-12,2024-03-19,1090.64,Awareness,All,Philippines
302,Clearance Conversion Push 2022,9,Julie Clark,2024-02-12,2024-02-22,16592.35,Conversion,Returning,Mexico
303,Summer Acquisition Push 2021,12,Dominic Bennett,2020-04-22,2020-06-05,29395.67,Acquisition,At-Risk,Canada
304,Prospecting Brand Sale 2024,13,Derek Lowe,2024-06-08,2024-08-12,20290.91,Brand,All,Australia
305,,3,Donna Nelson,2023-01-28,2023-03-23,3224.51,Acquisition,New,Netherlands
306,BlackFriday Retention Drive 2021,14,,2019-08-25,2019-09-14,10022.42,Retention,At-Risk,Global
307,NewYear Retention Promo 2023,11,Christine Harris,2024-11-01,2024-11-21,19400.27,Retention,Churned,Indonesia
308,BlackFriday Acquisition Sale 2024,15,Felicia Henry,2021-01-19,2021-03-13,1658.57,Acquisition,All,Saudi Arabia
309,Clearance Brand Push 2023,4,Carolyn Schultz,2020-06-07,2020-08-13,2806.37,Brand,All,France
310,Winter Brand Push 2023,6,Mark Harris,2023-02-14,2023-04-02,4124.26,Brand,Churned,United Kingdom
311,Prospecting Brand Promo 2023,13,Felicia Henry,2021-02-22,2021-04-20,5606.88,Brand,Churned,Japan
312,  Launch Conversion Push 2021  ,12,Julie Clark,2021-12-03,2021-09-25,7061.77,Conversion,Returning,Global
313,Loyalty Retention Sale 2021,4,Carolyn Schultz,2024-06-11,2024-07-11,2590.51,Retention,New,France
314,Summer Awareness Sale 2024,2,Rebecca Simmons,2024-08-12,2024-10-16,5022.13,Awareness,Churned,United Kingdom
315,Prospecting Conversion Drive 2020,4,Christine Harris,2023-09-30,2023-12-24,6523.49,Conversion,New,Canada
316,Clearance Awareness Promo 2021,8,,2019-07-02,2019-07-13,7423.91,Awareness,All,Brazil
317,NewYear Acquisition Sale 2024,10,Angela Dillon,2023-05-17,2023-08-11,17049.39,Acquisition,Churned,Mexico
318,Spring Conversion Drive 2020,12,Hannah Matthews,2021-06-29,2021-07-20,8172.31,Conversion,At-Risk,Germany
319,Spring Acquisition Campaign 2019,3,,2023-02-03,2022-12-26,10477.16,Acquisition,Returning,Brazil
320,Spring Retention Push 2021,9,Lori Delgado,2024-10-25,2024-12-17,4300.45,Retention,VIP,France
321,Flash Awareness Push 2020,3,Felicia Henry,2019-03-14,2019-05-01,4108.82,Awareness,All,Mexico
322,Holiday Retention Push 2021,10,Isaiah Hall Jr.,2024-06-24,2024-07-01,4467.53,Retention,All,Saudi Arabia
323,Holiday Acquisition Promo 2024,14,Samuel Smith,2021-04-26,2021-06-10,1088.44,Acquisition,At-Risk,United States
324,Launch Brand Campaign 2022,5,Jessica Sanford,2022-11-13,2023-02-04,13251.34,Brand,Churned,United Arab Emirates
325,Clearance Conversion Sale 2024,1,Miguel Johnston,2022-12-25,2023-01-22,988.35,Conversion,New,Egypt
326,Launch Retention Promo 2021,10,,2022-07-16,2022-10-09,3654.18,Retention,VIP,India
327,Clearance Retention Promo 2020,13,Angela Chandler,2019-04-10,2019-05-10,5130.84,Retention,At-Risk,Italy
328,Spring Acquisition Drive 2024,11,Isaiah Hall Jr.,2023-03-30,2023-05-16,14292.18,Acquisition,At-Risk,Brazil
329,Clearance Acquisition Campaign 2022,5,,2023-12-08,2024-01-24,9260.69,Acquisition,Returning,Australia
330,Loyalty Conversion Push 2020,15,Lori Delgado,2020-02-14,2020-04-14,4535.93,Conversion,New,Spain
331,WINTER BRAND PUSH 2019,6,Miguel Johnston,2020-06-26,2020-09-18,8875.57,Brand,Returning,United States
332,Loyalty Conversion Push 2024,11,Mark Harris,2020-04-10,2020-07-01,18818.47,Conversion,VIP,Germany
333,Flash Conversion Push 2019,2,Levi Stewart,2020-07-31,2020-08-26,5470.22,Conversion,Churned,United Arab Emirates
334,Flash Brand Push 2020,6,Angel Kent,2020-06-26,2020-08-03,7262.14,Brand,At-Risk,France
335,Spring Retention Drive 2022,11,Elizabeth Hill,2023-11-16,2023-12-30,6108.52,Retention,All,Australia
336,Flash Retention Sale 2019,1,Charles Torres,2023-06-07,2023-07-17,5250.83,Retention,Churned,South Africa
337,NewYear Brand Sale 2020,1,Michael Lawrence,2022-05-02,2022-06-04,3197.64,Brand,All,Germany
338,Summer Brand Sale 2024,4,John Lopez,2023-09-13,2023-12-02,3021.21,Brand,Churned,Brazil
339,,12,Richard White,2022-06-25,2022-07-21,33652.43,Acquisition,New,Australia
340,NewYear Awareness Promo 2021,13,Jessica Sanford,2020-06-30,2020-07-21,4790.0,Awareness,All,Egypt
341,Flash Acquisition Drive 2023,9,Christine Harris,2019-12-04,2020-02-17,2402.95,Acquisition,At-Risk,Spain
342,Winter Awareness Drive 2022,5,David Zuniga,2023-07-01,2023-09-13,1737.53,Awareness,VIP,Mexico
343,Summer Brand Campaign 2022,9,Gloria Keller,2024-06-18,2024-08-03,10760.31,Brand,Returning,United States
344,Spring Retention Drive 2021,1,Mary Rodriguez,2019-03-29,2019-01-17,2110.82,Retention,At-Risk,Netherlands
345,  Clearance Brand Push 2021  ,11,Caitlin Edwards,2019-05-02,2019-06-18,12427.23,Brand,Churned,United Arab Emirates
346,Retarget Retention Campaign 2020,13,Samuel Smith,2022-09-21,2022-11-18,2616.4,Retention,All,Japan
347,loyalty awareness campaign 2023,13,Elizabeth Hill,2019-12-23,2020-01-15,7741.35,Awareness,Returning,Japan
348,Winter Acquisition Drive 2023,11,Mark Harris,2024-04-05,2024-06-06,1774.29,Acquisition,Returning,Australia
349,Spring Acquisition Sale 2024,2,Gloria Keller,2021-08-11,2021-08-26,6518.83,Acquisition,New,Japan
350,BlackFriday Brand Drive 2020,3,Sandra Ayala,2023-04-01,2023-04-22,2381.81,Brand,VIP,Nigeria
351,Prospecting Brand Sale 2022,9,Derek Lowe,2020-05-31,2020-08-06,7448.18,Brand,Churned,Netherlands
352,Loyalty Retention Drive 2019,3,Eric Dodson Jr.,2019-12-06,2020-02-29,4303.52,Retention,VIP,Philippines
353,Winter Brand Push 2024,12,Jessica Sanford,2022-01-04,2022-02-05,2803.08,Brand,New,Saudi Arabia
354,Holiday Awareness Campaign 2024,1,Angel Kent,2024-01-05,2024-03-04,13807.68,Awareness,New,Australia
355,Summer Awareness Sale 2023,12,James Smith,2022-01-01,2022-02-02,4667.69,Awareness,All,Australia
356,Holiday Conversion Drive 2020,9,Jennifer Obrien,2024-03-22,2024-04-22,2271.3,Conversion,New,United States
357,NewYear Awareness Push 2023,6,,2021-08-21,2021-09-28,7064.29,Awareness,Churned,Brazil
358,NewYear Awareness Drive 2022,9,Sandra Kim,2022-03-24,2022-04-20,5540.64,Awareness,At-Risk,Indonesia
359,Loyalty Brand Sale 2020,3,Anthony Rasmussen,2022-12-15,2023-02-17,6421.16,Brand,At-Risk,Saudi Arabia
360,Spring Retention Campaign 2020,12,Nicholas Gordon,2019-08-18,2019-10-19,3603.55,Retention,Returning,Brazil
361,Holiday Brand Drive 2024,3,,2022-07-24,2022-09-18,4327.93,Brand,All,India
362,Flash Retention Sale 2022,4,Jessica Sanford,2020-04-16,2020-06-05,13049.4,Retention,All,Germany
363,Flash Brand Push 2022,15,Jennifer Obrien,2022-03-13,2022-05-17,6605.23,Brand,New,Brazil
364,BlackFriday Brand Sale 2020,7,Jeffrey Herring,2021-03-15,2021-03-31,39430.04,Brand,Returning,France
365,Spring Brand Push 2019,11,Tammy Bell,2019-03-27,2019-05-01,12254.18,Brand,All,Indonesia
366,RETARGET AWARENESS DRIVE 2024,3,Alexis Hale,2019-04-05,2019-06-16,2757.22,Awareness,All,Brazil
367,Clearance Acquisition Drive 2021,6,Elizabeth Hill,2019-04-04,2019-04-19,49577.28,Acquisition,Churned,Nigeria
368,Flash Awareness Campaign 2024,6,Yolanda Wallace,2019-05-10,2019-07-05,6081.86,Awareness,New,Global
369,retarget retention promo 2022,1,Rebecca Prince,2021-07-03,2021-09-22,8651.45,Retention,Returning,United States
370,Launch Brand Sale 2021,11,Alexis Hale,2022-10-02,2022-12-31,7172.67,Brand,VIP,Brazil
371,loyalty awareness push 2024,13,,2019-10-31,2020-01-23,16563.35,Awareness,At-Risk,Italy
372,Launch Retention Sale 2022,2,James Smith,2022-01-16,2022-04-08,10320.13,Retention,At-Risk,Philippines
373,Retarget Brand Push 2024,14,,2024-03-19,2024-02-03,2545.55,Brand,VIP,Nigeria
374,Prospecting Awareness Push 2023,3,Sandra Kim,2022-10-26,2022-12-22,13913.88,Awareness,At-Risk,Egypt
375,Launch Retention Campaign 2023,12,Nicholas Gordon,2021-10-25,2021-11-22,8758.96,Retention,Churned,Egypt
376,Spring Awareness Promo 2020,10,Mark Morgan,2021-08-21,2021-09-23,14522.31,Awareness,VIP,Indonesia
377,  Loyalty Brand Push 2020  ,9,Charles Torres,2020-12-15,2021-02-01,2953.38,Brand,Returning,Indonesia
378,Retarget Retention Sale 2022,5,,2021-05-19,2021-07-21,11668.91,Retention,All,Japan
379,Loyalty Acquisition Drive 2021,15,,2022-04-06,2022-06-08,6373.34,Acquisition,VIP,Global
380,Loyalty Acquisition Campaign 2024,8,Angel Kent,2019-09-18,2019-12-09,1015.6,Acquisition,VIP,Canada
381,,13,Jennifer Obrien,2019-12-25,2020-03-03,6751.53,Retention,New,Saudi Arabia
382,Loyalty Brand Campaign 2023,1,Gloria Keller,2022-11-23,2023-02-01,11575.84,Brand,VIP,Saudi Arabia
383,Loyalty Brand Promo 2024,6,Jennifer Obrien,2024-09-14,2024-10-26,9908.33,Brand,New,South Africa
384,Launch Brand Promo 2022,4,David Zuniga,2022-11-14,2023-01-12,1972.77,Brand,At-Risk,Brazil
385,Launch Retention Promo 2021,5,Sandra Ayala,2020-06-05,2020-08-02,2108.77,Retention,All,Philippines
386,Winter Brand Campaign 2020,9,Samuel Smith,2020-08-15,2020-11-04,1845.99,Brand,Churned,United States
387,NewYear Conversion Sale 2019,5,Carolyn Schultz,2021-06-29,2021-09-21,3014.88,Conversion,Returning,Global
388,Summer Retention Promo 2019,9,,2020-04-13,2020-05-05,91997.83,Retention,New,Australia
389,Clearance Acquisition Sale 2020,7,Jennifer Obrien,2020-02-02,2020-03-31,3369.75,Acquisition,VIP,Saudi Arabia
390,Summer Awareness Drive 2020,10,Richard White,2020-09-12,2020-10-23,5180.38,Awareness,Churned,Mexico
391,Winter Brand Push 2024,6,Jeffrey Herring,2021-03-29,2021-06-15,5371.24,Brand,Churned,Philippines
392,Retarget Acquisition Sale 2024,9,Charles Torres,2022-11-02,2023-01-09,3106.35,Acquisition,VIP,Saudi Arabia
393,loyalty acquisition drive 2019,9,Isaiah Hall Jr.,2024-10-01,2024-12-07,5062.33,Acquisition,VIP,Germany
394,Flash Conversion Push 2019,9,Jeffrey Herring,2022-12-19,2023-01-14,4080.92,Conversion,At-Risk,Egypt
395,Summer Awareness Sale 2023,15,Sandra Ayala,2024-01-24,2024-02-05,2241.31,Awareness,All,Egypt
396,Retarget Retention Campaign 2023,12,Yvette House,2022-02-15,2022-05-08,2125.74,Retention,Churned,Egypt
397,Summer Acquisition Promo 2020,11,Felicia Henry,2024-07-20,2024-09-02,7194.45,Acquisition,New,Saudi Arabia
398,Holiday Brand Campaign 2023,5,Dominic Bennett,2023-07-25,2023-09-07,7080.72,Brand,At-Risk,Netherlands
399,Launch Awareness Campaign 2022,10,Robert Jones,2020-12-23,2021-01-01,14342.96,Awareness,All,Germany
400,Spring Retention Campaign 2021,9,Donna Nelson,2023-06-06,2023-09-03,3008.13,Retention,New,United States
401,Flash Acquisition Promo 2022,2,Donna Nelson,2023-05-08,2023-05-30,2763.8,Acquisition,New,Brazil
402,BlackFriday Conversion Promo 2024,5,Debra Smith,2020-12-20,2021-03-13,815.72,Conversion,Churned,United Kingdom
403,BlackFriday Retention Promo 2019,7,,2021-10-03,2021-12-20,5700.05,Retention,At-Risk,Egypt
404,Summer Conversion Campaign 2024,3,Mark Harris,2021-12-05,2021-12-28,8549.68,Conversion,New,United Arab Emirates
405,Loyalty Conversion Drive 2022,15,Angel Kent,2020-11-08,2021-01-15,9498.12,Conversion,Returning,United Arab Emirates
406,Spring Retention Push 2024,15,Alexis Hale,2024-11-05,2024-12-05,9203.07,Retention,New,Indonesia
407,Holiday Conversion Push 2019,1,Mary Rodriguez,2019-05-27,2019-08-23,8653.67,Conversion,All,Japan
408,BlackFriday Awareness Campaign 2021,8,,2024-11-07,2025-01-14,5094.13,Awareness,At-Risk,Japan
409,Retarget Conversion Promo 2023,9,Rachel Dickerson,2021-03-02,2021-05-24,5651.42,Conversion,Returning,Indonesia
410,Spring Conversion Sale 2019,7,Alexis Hale,2023-10-05,2023-08-30,5194.23,Conversion,Churned,Brazil
411,Clearance Awareness Sale 2020,6,Debra Smith,2023-12-28,2024-02-09,2152.13,Awareness,VIP,Egypt
412,Spring Awareness Drive 2020,4,Anthony Rasmussen,2021-12-15,2021-12-22,10503.27,Awareness,All,Brazil
413,Retarget Acquisition Push 2023,7,,2022-05-14,2022-05-29,7205.07,Acquisition,All,Nigeria
414,Retarget Acquisition Campaign 2021,4,Yolanda Wallace,2021-04-15,2021-05-12,13463.84,Acquisition,At-Risk,Mexico
415,Prospecting Brand Push 2022,9,,2023-03-01,2023-04-21,2108.48,Brand,Churned,United Arab Emirates
416,Launch Conversion Promo 2021,12,,2022-05-08,2022-06-07,44787.3,Conversion,Churned,Japan
417,Spring Conversion Promo 2022,3,Yvette House,2024-05-27,2024-07-24,10583.62,Conversion,New,South Africa
418,NewYear Retention Drive 2022,6,Derek Lowe,2021-06-01,2021-08-04,8416.79,Retention,New,United Kingdom
419,Launch Awareness Sale 2020,6,Rachel Dickerson,2023-09-02,2023-10-18,1683.42,Awareness,Churned,Canada
420,Clearance Retention Promo 2021,5,,2019-01-28,2019-04-05,33430.05,Retention,Returning,Egypt
421,newyear acquisition push 2019,11,Gloria Keller,2023-08-25,2023-10-27,1891.99,Acquisition,Churned,Japan
422,Winter Retention Promo 2024,2,Angela Dillon,2022-10-16,2022-11-30,11458.71,Retention,All,Philippines
423,  BlackFriday Acquisition Promo 2020  ,8,,2023-07-21,2023-10-13,865.47,Acquisition,Returning,United Kingdom
424,Clearance Acquisition Drive 2023,6,,2024-06-29,2024-07-09,6894.46,Acquisition,Returning,India
425,Holiday Brand Campaign 2023,2,Derek Lowe,2023-03-05,2023-03-20,7733.17,Brand,All,India
426,Loyalty Brand Push 2024,4,Angel Kent,2021-08-25,2021-09-05,2986.35,Brand,Churned,Nigeria
427,Spring Brand Drive 2020,9,,2020-11-11,2021-01-02,1764.65,Brand,Returning,Nigeria
428,Holiday Retention Sale 2021,9,,2020-01-30,2020-04-17,16007.22,Retention,At-Risk,Australia
429,NewYear Awareness Push 2022,6,David Zuniga,2023-12-27,2024-02-28,15326.67,Awareness,All,Japan
430,Retarget Conversion Push 2023,7,Mary Rodriguez,2023-05-12,2023-06-29,6033.75,Conversion,All,Brazil
431,Summer Brand Sale 2024,8,Jessica Sanford,2022-01-19,2022-04-08,1236.01,Brand,New,Egypt
432,Holiday Retention Promo 2023,7,,2022-10-09,2022-12-03,9183.01,Retention,At-Risk,Canada
433,Clearance Retention Campaign 2019,12,Mary Rodriguez,2019-07-10,2019-08-06,3817.9,Retention,Churned,Spain
434,BLACKFRIDAY AWARENESS PUSH 2020,10,,2022-05-03,2022-06-29,5491.28,Awareness,Returning,Philippines
435,BlackFriday Brand Campaign 2023,10,Stephanie Allen,2020-02-02,2020-04-04,10231.81,Brand,VIP,United Arab Emirates
436,  Loyalty Brand Drive 2022  ,1,Angela Dillon,2024-04-01,2024-04-11,4440.95,Brand,All,United Kingdom
437,Launch Awareness Drive 2021,2,Rachel Wright,2020-12-05,2021-01-24,2026.5,Awareness,At-Risk,Brazil
438,Launch Awareness Push 2024,10,Caitlin Edwards,2023-05-02,2023-06-21,10681.77,Awareness,Returning,Germany
439,Launch Awareness Drive 2024,12,Christine Harris,2021-01-01,2021-03-15,5010.58,Awareness,VIP,Japan
440,Flash Conversion Promo 2022,3,Isaiah Hall Jr.,2021-11-03,2022-01-14,1508.5,Conversion,Churned,Japan
441,Prospecting Brand Campaign 2021,10,Angela Dillon,2022-06-24,2022-08-17,18050.19,Brand,At-Risk,Australia
442,Clearance Conversion Promo 2023,9,Stephanie Allen,2021-03-06,2021-05-25,8144.21,Conversion,VIP,South Africa
443,Prospecting Brand Sale 2024,3,Caitlin Edwards,2023-04-06,2023-06-27,6571.74,Brand,New,Australia
444,Clearance Awareness Drive 2024,3,Kevin Morris,2021-09-06,2021-11-20,2965.2,Awareness,Churned,Global
445,Spring Awareness Promo 2019,14,,2019-10-09,2019-12-24,40370.57,Awareness,Returning,Global
446,Winter Retention Campaign 2021,10,Jeffrey Herring,2021-11-13,2022-01-01,10552.92,Retention,Churned,South Africa
447,NewYear Conversion Sale 2020,5,,2021-06-11,2021-07-22,4970.55,Conversion,Returning,Italy
448,Launch Acquisition Campaign 2021,8,Rebecca Simmons,2020-08-12,2020-09-01,5073.31,Acquisition,New,Australia
449,Retarget Acquisition Sale 2021,12,Sandra Ayala,2020-09-07,2020-11-20,6325.66,Acquisition,Churned,United Arab Emirates
450,Launch Retention Sale 2020,13,,2024-07-15,2024-08-01,22271.52,Retention,Churned,Brazil
451,,10,John Lopez,2020-10-25,2020-12-14,4435.78,Retention,Churned,United States
452,Prospecting Awareness Drive 2024,15,Hunter Woods,2019-05-05,2019-07-24,7589.12,Awareness,All,Australia
453,Clearance Awareness Campaign 2023,14,Willie Bowers,2022-08-30,2022-09-12,14021.52,Awareness,VIP,United Arab Emirates
454,Flash Brand Campaign 2021,3,,2021-10-16,2021-11-18,8617.48,Brand,Returning,Egypt
455,Prospecting Conversion Drive 2023,2,Dominic Bennett,2022-03-24,2022-04-02,1930.41,Conversion,All,Netherlands
456,Retarget Awareness Promo 2024,12,Michael Lawrence,2020-04-21,2020-05-14,21176.7,Awareness,All,Spain
457,Winter Awareness Drive 2020,1,Julie Clark,2021-11-17,2022-02-06,8995.86,Awareness,New,United States
458,Spring Brand Drive 2024,4,Kimberly Jensen,2020-01-22,2020-03-08,1779.17,Brand,Returning,Global
459,NewYear Conversion Sale 2024,14,Julie Clark,2022-04-24,2022-06-24,4087.54,Conversion,New,Philippines
460,NewYear Brand Drive 2019,1,,2019-09-21,2019-10-10,7421.31,Brand,Churned,Germany
461,NewYear Conversion Sale 2024,1,Donna Nelson,2022-09-01,2022-09-25,2040.67,Conversion,VIP,India
462,Holiday Retention Campaign 2023,12,Daniel Bridges,2020-03-08,2020-04-27,1477.44,Retention,All,South Africa
463,Flash Acquisition Campaign 2019,8,Debra Smith,2022-12-13,2022-10-11,2684.69,Acquisition,New,India
464,Launch Conversion Drive 2020,12,Jennifer Obrien,2020-02-05,2019-11-18,609.68,Conversion,Returning,India
465,Loyalty Acquisition Sale 2023,6,Chase Wolf,2024-04-12,2024-04-19,1006.68,Acquisition,All,United Arab Emirates
466,Flash Conversion Sale 2022,9,Rachel Dickerson,2022-12-21,2023-03-19,2443.08,Conversion,VIP,Netherlands
467,Winter Acquisition Promo 2020,11,Scott Taylor,2022-08-02,2022-09-27,2934.17,Acquisition,At-Risk,Brazil
468,Loyalty Retention Push 2023,10,James Smith,2019-12-26,2020-02-15,3149.61,Retention,New,Germany
469,Holiday Conversion Campaign 2022,7,Eric Smith MD,2022-10-10,2023-01-03,7538.57,Conversion,New,France
470,Holiday Brand Campaign 2019,14,Yolanda Wallace,2019-03-13,2019-04-12,5553.87,Brand,At-Risk,United States
471,Launch Acquisition Drive 2024,14,,2023-03-28,2023-06-26,12341.42,Acquisition,At-Risk,Italy
472,Holiday Conversion Promo 2020,1,Richard White,2022-12-26,2023-03-09,6553.6,Conversion,New,Spain
473,BlackFriday Conversion Sale 2019,13,Rebecca Prince,2024-08-02,2024-09-30,2677.6,Conversion,New,United Kingdom
474,Loyalty Awareness Campaign 2022,15,,2020-10-22,2021-01-18,7537.73,Awareness,Returning,United Arab Emirates
475,Flash Conversion Promo 2021,9,,2021-05-01,2021-06-24,4192.84,Conversion,New,United Kingdom
476,Launch Brand Sale 2021,4,Debra Smith,2019-10-15,2019-12-23,14080.97,Brand,Returning,United States
477,Clearance Acquisition Campaign 2022,5,Sandra Ayala,2020-07-16,2020-09-15,2046.59,Acquisition,Returning,South Africa
478,BlackFriday Awareness Promo 2024,14,Eric Smith MD,2021-09-22,2021-11-02,2206.28,Awareness,At-Risk,Germany
479,Holiday Brand Drive 2024,9,Hannah Matthews,2021-07-23,2021-08-26,7197.95,Brand,New,Philippines
480,Summer Brand Campaign 2021,7,Yolanda Wallace,2022-10-28,2022-12-25,5313.3,Brand,VIP,Indonesia
481,Loyalty Awareness Push 2020,11,Richard White,2022-07-02,2022-09-11,19278.52,Awareness,Churned,Mexico
482,Clearance Brand Promo 2020,10,Scott Taylor,2020-12-10,2021-01-26,6722.01,Brand,VIP,Germany
483,NEWYEAR ACQUISITION DRIVE 2023,14,Isaiah Hall Jr.,2022-07-28,2022-10-01,16949.74,Acquisition,Returning,Nigeria
484,BlackFriday Retention Push 2023,2,Lori Delgado,2024-06-13,2024-09-10,3271.65,Retention,At-Risk,Saudi Arabia
485,winter awareness campaign 2021,9,Caitlin Edwards,2021-10-07,2021-11-17,2833.62,Awareness,All,United Kingdom
486,Holiday Conversion Drive 2021,4,Jessica Sanford,2024-07-11,2024-09-22,6467.62,Conversion,New,South Africa
487,Launch Acquisition Campaign 2023,8,Mark Morgan,2022-11-25,2023-02-23,3113.09,Acquisition,All,Egypt
488,Prospecting Acquisition Push 2021,9,Sandra Ayala,2022-11-19,2023-01-16,1267.64,Acquisition,VIP,Nigeria
489,BlackFriday Awareness Sale 2020,8,Connie Costa,2023-06-13,2023-06-21,714.36,Awareness,Churned,United States
490,NewYear Awareness Push 2024,10,Jessica Sanford,2021-05-20,2021-08-16,7083.84,Awareness,At-Risk,United States
491,Spring Brand Campaign 2020,3,Debra Smith,2023-01-24,2023-03-16,2046.14,Brand,VIP,Australia
492,Winter Conversion Push 2023,1,,2019-02-21,2019-03-29,11582.24,Conversion,New,Indonesia
493,Clearance Conversion Campaign 2022,1,,2024-08-16,2024-08-23,7057.94,Conversion,VIP,Mexico
494,Summer Awareness Campaign 2024,2,Sandra Kim,2021-08-05,2021-10-26,1447.56,Awareness,All,Mexico
495,Holiday Brand Push 2024,2,John Lopez,2019-12-03,2020-01-26,20706.35,Brand,Returning,Saudi Arabia
496,Summer Awareness Drive 2021,11,Kimberly Jensen,2020-10-17,2021-01-10,6865.58,Awareness,VIP,Germany
497,Spring Acquisition Promo 2019,11,Dominic Bennett,2021-07-20,2021-09-24,11146.31,Acquisition,New,Philippines
498,Clearance Brand Push 2022,12,Isaiah Hall Jr.,2021-04-27,2021-06-22,10827.3,Brand,VIP,Philippines
499,Spring Acquisition Push 2022,7,Rachel Dickerson,2022-08-05,2022-08-22,2610.23,Acquisition,At-Risk,Japan
500,Spring Acquisition Promo 2023,13,Jeffrey Herring,2023-01-26,2023-03-07,20054.97,Acquisition,All,Global
501,Spring Acquisition Campaign 2021,11,,2020-04-24,2020-05-14,7648.79,Acquisition,Churned,Indonesia
502,Holiday Awareness Promo 2022,1,Felicia Henry,2024-07-01,2024-09-13,821.35,Awareness,At-Risk,Germany
503,HOLIDAY RETENTION SALE 2021,12,Kimberly Jensen,2023-11-07,2023-11-15,3740.41,Retention,Returning,Saudi Arabia
504,Prospecting Retention Push 2021,7,Anthony Rasmussen,2023-01-09,2023-02-04,320.5,Retention,New,United Kingdom
505,Holiday Conversion Campaign 2022,10,Tammy Bell,2022-05-06,2022-07-05,529.35,Conversion,All,France
506,NewYear Brand Push 2024,2,Christine Harris,2020-10-30,2021-01-14,7156.29,Brand,Churned,United States
507,,1,Eric Dodson Jr.,2022-01-24,2022-03-12,13080.85,Conversion,New,United Kingdom
508,Holiday Retention Push 2024,2,Charles Torres,2021-12-28,2022-03-17,11430.78,Retention,New,United States
509,Holiday Retention Drive 2019,13,Kevin Morris,2024-03-14,2024-04-01,17763.78,Retention,Returning,United Kingdom
510,Spring Retention Push 2024,11,Derek Lowe,2023-05-26,2023-06-15,3059.84,Retention,Returning,Saudi Arabia
511,Loyalty Retention Sale 2022,14,Isaiah Hall Jr.,2024-05-10,2024-07-21,52150.59,Retention,At-Risk,Canada
512,clearance retention push 2021,11,,2019-02-05,2019-02-27,5095.85,Retention,New,Mexico
513,Prospecting Conversion Campaign 2024,6,Carolyn Schultz,2020-12-07,2020-12-28,11720.62,Conversion,At-Risk,Germany
514,Launch Acquisition Sale 2020,10,,2022-06-05,2022-06-12,1074.52,Acquisition,At-Risk,Mexico
515,Flash Acquisition Sale 2020,5,Mark Harris,2020-12-23,2021-01-27,1197.15,Acquisition,VIP,Japan
516,Spring Acquisition Promo 2022,14,Mark Harris,2022-09-30,2022-10-18,4199.7,Acquisition,All,Spain
517,NewYear Acquisition Push 2023,1,Sandra Ayala,2019-12-23,2020-03-14,5823.67,Acquisition,VIP,Canada
518,Loyalty Awareness Promo 2019,3,,2021-10-27,2021-12-30,6005.28,Awareness,At-Risk,Australia
519,Summer Brand Push 2024,7,Eric Smith MD,2020-02-03,2020-03-04,3262.69,Brand,At-Risk,Global
520,NewYear Conversion Sale 2019,11,Connie Costa,2021-04-01,2021-04-24,23286.17,Conversion,At-Risk,Italy
521,Loyalty Retention Promo 2022,2,Elizabeth Hill,2023-06-11,2023-08-28,7794.93,Retention,New,France
522,Prospecting Conversion Promo 2021,5,Angela Dillon,2019-11-13,2020-01-28,2935.3,Conversion,VIP,Germany
523,Spring Awareness Sale 2024,7,Yvette House,2023-10-11,2023-12-30,9220.46,Awareness,All,Germany
524,Loyalty Brand Sale 2024,6,Robert Massey,2023-08-09,2023-10-10,963.82,Brand,Churned,Spain
525,Prospecting Conversion Drive 2022,13,Miguel Johnston,2020-12-08,2021-02-21,1771.79,Conversion,At-Risk,Mexico
526,Flash Brand Drive 2019,8,Eric Smith MD,2023-05-07,2023-07-06,29219.59,Brand,Returning,India
527,Summer Retention Sale 2024,8,Jessica Sanford,2019-12-10,2020-02-22,48620.75,Retention,VIP,Japan
528,Summer Conversion Drive 2021,8,Isaiah Hall Jr.,2020-06-13,2020-07-19,15896.79,Conversion,At-Risk,Saudi Arabia
529,Winter Brand Drive 2024,2,Levi Stewart,2024-08-05,2024-10-13,935.09,Brand,VIP,Indonesia
530,spring brand sale 2021,14,Angel Kent,2023-04-01,2023-05-16,1183.78,Brand,New,United Kingdom
531,Prospecting Brand Drive 2021,7,Mary Rodriguez,2024-03-20,2024-04-21,3450.28,Brand,At-Risk,Indonesia
532,Holiday Acquisition Promo 2024,12,Connie Costa,2024-06-15,2024-07-27,5352.61,Acquisition,Churned,Mexico
533,BlackFriday Retention Campaign 2024,9,Levi Stewart,2023-11-08,2024-01-18,3910.34,Retention,Returning,Germany
534,Launch Brand Campaign 2021,4,Hannah Matthews,2022-08-02,2022-09-13,39766.02,Brand,At-Risk,Australia
535,Spring Awareness Sale 2020,3,Robert Massey,2019-12-24,2020-01-25,1232.46,Awareness,All,Nigeria
536,,11,Tammy Bell,2024-09-07,2024-10-26,4719.52,Acquisition,New,India
537,Summer Acquisition Sale 2022,13,Lori Delgado,2023-04-22,2023-05-01,11979.03,Acquisition,Churned,South Africa
538,blackfriday acquisition campaign 2023,7,Kevin Morris,2020-08-07,2020-09-13,2115.3,Acquisition,Churned,Germany
539,Summer Awareness Drive 2019,10,Rebecca Simmons,2020-01-18,2020-04-07,10798.87,Awareness,Churned,Canada
540,Winter Conversion Campaign 2024,2,Miguel Johnston,2023-08-15,2023-08-22,21358.41,Conversion,New,Philippines
541,Flash Awareness Drive 2023,14,Nicholas Gordon,2023-01-09,2023-04-06,9671.52,Awareness,Returning,Brazil
542,,3,Isaiah Hall Jr.,2020-07-01,2020-09-20,1751.0,Retention,All,Saudi Arabia
543,Prospecting Brand Campaign 2024,13,Isaiah Hall Jr.,2020-06-27,2020-09-21,1938.19,Brand,New,Spain
544,PROSPECTING BRAND PROMO 2021,1,Gloria Keller,2024-03-11,2024-05-26,662.76,Brand,New,Saudi Arabia
545,BlackFriday Retention Campaign 2019,7,Julie Clark,2021-07-19,2021-07-31,46234.74,Retention,New,United States
546,Loyalty Brand Drive 2022,15,John Lopez,2021-05-09,2021-06-13,4420.41,Brand,Returning,Italy
547,Prospecting Awareness Push 2020,2,Mark Morgan,2019-04-10,2019-04-27,1878.52,Awareness,New,South Africa
548,NewYear Awareness Sale 2019,15,Hunter Woods,2019-08-05,2019-10-28,7589.65,Awareness,Churned,Global
549,NewYear Conversion Drive 2023,6,Mark Harris,2024-08-28,2024-11-16,1073.57,Conversion,VIP,France
550,Retarget Acquisition Promo 2021,1,Miguel Johnston,2022-07-19,2022-07-27,2348.6,Acquisition,New,Egypt
551,Holiday Conversion Promo 2019,4,Christine Harris,2023-05-27,2023-07-25,664.76,Conversion,New,Netherlands
552,,6,Eric Dodson Jr.,2019-07-07,2019-08-15,4222.28,Retention,VIP,Philippines
553,Flash Conversion Campaign 2021,15,Mark Morgan,2019-04-15,2019-05-10,1992.57,Conversion,All,United Kingdom
554,Launch Awareness Push 2020,2,John Lopez,2021-03-28,2021-06-25,11333.36,Awareness,All,United States
555,Prospecting Acquisition Drive 2019,13,Robert Jones,2022-01-14,2022-02-01,7583.06,Acquisition,All,South Africa
556,Retarget Acquisition Push 2019,3,Jessica Sanford,2019-12-31,2020-03-04,13946.46,Acquisition,Churned,Japan
557,Flash Acquisition Push 2023,1,Levi Stewart,2023-10-25,2024-01-07,2037.04,Acquisition,VIP,South Africa
558,Clearance Awareness Promo 2024,15,Sandra Kim,2021-04-14,2021-06-01,3285.25,Awareness,Returning,Netherlands
559,Retarget Conversion Push 2024,4,Christine Harris,2023-05-16,2023-07-01,1680.33,Conversion,Returning,Brazil
560,Summer Retention Sale 2023,6,Samuel Smith,2022-01-28,2022-02-15,6551.56,Retention,Returning,Indonesia
561,Spring Brand Drive 2019,2,Sandra Kim,2022-02-01,2022-03-22,9383.8,Brand,New,Saudi Arabia
562,Winter Retention Push 2019,2,,2021-10-14,2022-01-09,2665.95,Retention,VIP,Egypt
563,BLACKFRIDAY AWARENESS CAMPAIGN 2021,10,,2024-10-18,2024-10-29,11912.73,Awareness,New,Netherlands
564,Holiday Acquisition Sale 2020,10,Jon Thomas,2024-09-20,2024-11-20,830.46,Acquisition,At-Risk,United States
565,Spring Awareness Drive 2023,1,Julie Clark,2020-08-10,2020-10-22,1498.32,Awareness,Returning,Netherlands
566,Winter Awareness Push 2024,2,Michael Lawrence,2020-06-25,2020-07-18,4836.37,Awareness,Churned,Global
567,newyear awareness sale 2019,7,Debra Smith,2024-04-16,2024-04-26,22276.4,Awareness,All,Mexico
568,Summer Conversion Campaign 2022,9,,2020-07-04,2020-09-03,1322.58,Conversion,At-Risk,United Arab Emirates
569,BlackFriday Conversion Campaign 2024,4,Elizabeth Hill,2019-02-11,2019-02-23,6835.76,Conversion,VIP,Global
570,Clearance Acquisition Campaign 2020,3,,2020-06-15,2020-09-11,5249.09,Acquisition,VIP,Spain
571,Winter Awareness Drive 2021,14,Derek Lowe,2024-07-13,2024-08-31,7361.89,Awareness,Returning,United States
572,Prospecting Retention Push 2020,6,Elizabeth Hill,2023-06-29,2023-08-14,33469.25,Retention,At-Risk,France
573,NewYear Acquisition Drive 2019,5,Christine Harris,2022-12-31,2023-01-17,4480.1,Acquisition,At-Risk,Italy
574,Spring Acquisition Promo 2022,9,Nicholas Gordon,2022-09-07,2022-09-26,758.26,Acquisition,All,France
575,Retarget Retention Push 2022,14,Jennifer Obrien,2019-06-30,2019-09-02,974.46,Retention,New,South Africa
576,Prospecting Retention Campaign 2023,7,Mary Rodriguez,2024-08-30,2024-10-20,4107.34,Retention,All,Spain
577,BlackFriday Acquisition Sale 2021,3,Mary Rodriguez,2022-11-30,2022-09-05,3049.26,Acquisition,At-Risk,Italy
578,Clearance Brand Drive 2019,14,Alexis Hale,2020-12-01,2021-01-11,2706.4,Brand,Churned,Japan
579,Winter Retention Push 2022,8,Angela Dillon,2023-09-25,2023-10-09,5218.21,Retention,All,India
580,Summer Awareness Campaign 2023,6,Mary Rodriguez,2020-05-11,2020-05-31,11239.9,Awareness,Churned,Japan
581,Clearance Brand Promo 2024,9,Mark Harris,2020-10-09,2020-11-01,1950.11,Brand,Returning,United Arab Emirates
582,Holiday Conversion Promo 2020,14,Anthony Rasmussen,2019-04-12,2019-05-28,7105.21,Conversion,All,Italy
583,Launch Retention Push 2022,15,David Zuniga,2022-04-28,2022-05-24,4617.33,Retention,New,United Arab Emirates
584,BlackFriday Retention Drive 2024,13,Isaiah Hall Jr.,2022-03-13,2022-05-04,6189.43,Retention,Returning,Egypt
585,spring brand sale 2024,5,,2023-02-11,2023-03-25,7446.8,Brand,VIP,Global
586,Winter Awareness Sale 2023,14,Hunter Woods,2020-05-23,2020-08-16,2366.92,Awareness,At-Risk,India
587,Winter Brand Drive 2020,9,Mark Harris,2019-08-08,2019-10-13,6560.71,Brand,Returning,United States
588,Holiday Retention Promo 2019,14,Connie Costa,2020-08-08,2020-06-19,23985.3,Retention,All,Philippines
589,Launch Conversion Drive 2020,13,,2019-03-01,2019-03-30,393.77,Conversion,All,Canada
590,  BlackFriday Brand Drive 2021  ,9,Miguel Johnston,2021-05-03,2021-07-02,2994.99,Brand,Churned,United States
591,BlackFriday Retention Sale 2024,7,James Smith,2023-05-21,2023-06-09,4829.73,Retention,New,United Kingdom
592,Spring Awareness Promo 2019,3,Gloria Keller,2020-08-01,2020-09-02,8922.56,Awareness,All,Mexico
593,Holiday Acquisition Sale 2020,2,David Zuniga,2021-06-28,2021-08-25,499.2,Acquisition,New,Japan
594,Flash Brand Sale 2020,10,Rebecca Prince,2019-05-28,2019-07-04,395.3,Brand,At-Risk,France
595,Flash Brand Sale 2022,2,,2019-10-20,2019-11-21,539.5,Brand,Returning,United Kingdom
596,Winter Acquisition Drive 2023,12,Mark Morgan,2023-12-05,2024-02-20,1289.14,Acquisition,Churned,Indonesia
597,,10,,2024-06-07,2024-07-19,406.39,Awareness,New,United States
598,Clearance Conversion Sale 2020,4,Julie Clark,2021-12-03,2021-12-23,11765.64,Conversion,All,Nigeria
599,Loyalty Awareness Campaign 2020,12,Nicholas Gordon,2021-12-03,2022-03-03,5060.23,Awareness,Churned,Italy
600,Retarget Awareness Campaign 2023,1,Donna Nelson,2024-09-25,2024-10-21,46211.5,Awareness,VIP,Indonesia
601,Prospecting Awareness Drive 2019,13,Jon Thomas,2020-06-19,2020-07-08,4623.2,Awareness,Churned,Global
602,Launch Retention Promo 2021,5,Scott Taylor,2024-09-26,2024-11-18,2321.72,Retention,New,Global
603,,2,Charles Torres,2022-04-05,2022-05-10,17219.09,Awareness,VIP,South Africa
604,Summer Awareness Campaign 2020,3,Mary Rodriguez,2019-01-06,2019-02-03,2702.51,Awareness,Churned,South Africa
605,Launch Retention Sale 2024,11,Kimberly Jensen,2023-08-04,2023-08-28,5205.69,Retention,At-Risk,Indonesia
606,Prospecting Awareness Push 2021,13,Kevin Morris,2024-03-09,2024-03-30,13557.91,Awareness,At-Risk,Germany
607,LAUNCH AWARENESS DRIVE 2022,7,David Zuniga,2019-12-12,2020-03-06,11140.18,Awareness,At-Risk,France
608,RETARGET ACQUISITION DRIVE 2022,3,Donna Nelson,2023-09-25,2023-12-16,3662.52,Acquisition,All,Spain
609,Clearance Retention Sale 2023,5,Dominic Bennett,2019-06-15,2019-07-17,6489.94,Retention,At-Risk,United Arab Emirates
610,Summer Acquisition Campaign 2019,14,Donna Nelson,2020-04-09,2020-06-08,1666.69,Acquisition,Churned,Germany
611,Spring Awareness Promo 2022,15,Rachel Wright,2021-12-19,2021-12-27,611.59,Awareness,All,Saudi Arabia
612,Clearance Conversion Drive 2019,6,Levi Stewart,2021-03-04,2021-03-12,4973.47,Conversion,Returning,Global
613,Holiday Conversion Push 2021,5,Sandra Ayala,2019-03-09,2019-05-05,1912.82,Conversion,Returning,Australia
614,Flash Awareness Drive 2019,14,Levi Stewart,2022-09-17,2022-11-12,729.16,Awareness,Churned,Spain
615,,9,Jennifer Obrien,2020-06-03,2020-08-09,3976.85,Conversion,New,Spain
616,Retarget Retention Promo 2020,13,,2019-08-03,2019-10-04,2281.5,Retention,Churned,Germany
617,NewYear Brand Push 2022,4,,2019-11-25,2020-01-12,307.1,Brand,New,Germany
618,BlackFriday Retention Push 2020,14,Felicia Henry,2019-06-08,2019-06-24,38958.53,Retention,New,Nigeria
619,Holiday Awareness Push 2021,15,Rachel Dickerson,2020-02-26,2020-03-09,18619.11,Awareness,All,South Africa
620,,13,Alexis Hale,2023-10-25,2023-11-28,5325.03,Conversion,All,Germany
621,Holiday Brand Drive 2020,10,Debra Smith,2021-05-03,2021-06-15,6892.59,Brand,Churned,Japan
622,Holiday Awareness Sale 2019,9,Jeffrey Herring,2023-07-01,2023-08-15,7179.27,Awareness,New,Italy
623,Summer Awareness Promo 2024,10,,2020-04-13,2020-05-19,11524.07,Awareness,New,France
624,Winter Conversion Campaign 2022,2,Kimberly Jensen,2019-05-24,2019-07-16,60215.51,Conversion,All,Saudi Arabia
625,Flash Conversion Push 2019,7,Connie Costa,2023-07-18,2023-10-11,1245.4,Conversion,VIP,Brazil
626,Winter Brand Sale 2022,5,,2022-07-06,2022-08-23,10424.58,Brand,New,Germany
627,Clearance Conversion Campaign 2024,15,Jon Thomas,2020-01-19,2020-02-14,1165.82,Conversion,At-Risk,South Africa
628,Flash Brand Sale 2021,14,Hannah Matthews,2019-12-29,2020-03-05,27001.62,Brand,Returning,Saudi Arabia
629,Prospecting Conversion Sale 2023,6,Debra Smith,2019-04-09,2019-06-24,23632.53,Conversion,New,Netherlands
630,NewYear Retention Sale 2020,15,Debra Smith,2020-06-12,2020-07-18,2124.48,Retention,Churned,Egypt
631,Clearance Brand Drive 2024,13,Yvette House,2022-04-01,2022-05-21,17133.28,Brand,VIP,Mexico
632,Retarget Retention Sale 2022,3,,2024-05-31,2024-08-22,1704.28,Retention,At-Risk,Australia
633,Summer Retention Push 2020,4,Samuel Smith,2021-11-11,2021-12-25,9016.58,Retention,At-Risk,Egypt
634,Flash Conversion Campaign 2021,13,Kevin Morris,2019-03-17,2019-04-11,2181.88,Conversion,New,Egypt
635,,2,Kevin Morris,2019-08-31,2019-10-03,5143.0,Retention,New,South Africa
636,NewYear Awareness Campaign 2019,8,,2022-09-07,2022-10-17,5238.61,Awareness,All,Nigeria
637,Clearance Acquisition Sale 2021,9,Sandra Ayala,2022-07-30,2022-08-18,9430.43,Acquisition,At-Risk,United Arab Emirates
638,Launch Acquisition Sale 2024,5,Jason Fletcher,2024-04-23,2024-05-23,1354.16,Acquisition,At-Risk,Japan
639,BlackFriday Awareness Drive 2022,14,,2024-08-11,2024-09-28,6637.88,Awareness,All,Netherlands
640,Flash Acquisition Sale 2023,11,Robert Massey,2019-07-31,2019-10-18,525.09,Acquisition,Returning,United Arab Emirates
641,retarget retention drive 2024,5,,2023-07-30,2023-08-24,4831.63,Retention,At-Risk,Australia
642,BlackFriday Brand Sale 2020,9,Mark Morgan,2021-11-16,2022-01-15,5943.81,Brand,At-Risk,Mexico
643,Clearance Awareness Campaign 2022,3,Eric Smith MD,2020-11-22,2020-12-25,4771.86,Awareness,Returning,Nigeria
644,NewYear Acquisition Push 2019,2,Elizabeth Hill,2024-05-07,2024-07-23,21235.63,Acquisition,At-Risk,Nigeria
645,NewYear Acquisition Drive 2021,7,,2023-02-16,2023-03-22,517.43,Acquisition,Churned,Italy
646,clearance brand drive 2020,12,Anthony Rasmussen,2019-01-30,2019-03-30,15930.93,Brand,All,United States
647,Launch Conversion Drive 2024,13,Jennifer Obrien,2023-02-19,2023-05-12,1995.0,Conversion,All,Brazil
648,Prospecting Awareness Promo 2023,3,Jason Fletcher,2023-01-31,2023-03-26,569.66,Awareness,Returning,Mexico
649,Summer Conversion Drive 2022,1,Caitlin Edwards,2022-11-18,2023-02-10,5757.06,Conversion,Returning,Nigeria
650,Flash Brand Sale 2022,4,Tammy Bell,2022-10-12,2022-11-29,17512.23,Brand,Churned,Netherlands
651,Summer Conversion Promo 2019,7,,2023-06-13,2023-09-11,10474.78,Conversion,All,United Arab Emirates
652,Summer Retention Campaign 2024,7,,2019-06-21,2019-09-12,7559.45,Retention,At-Risk,Nigeria
653,NewYear Conversion Promo 2021,12,Robert Massey,2021-09-27,2021-11-28,9645.51,Conversion,New,Philippines
654,Holiday Awareness Drive 2022,12,Jon Thomas,2024-02-21,2024-03-17,22389.5,Awareness,Returning,Nigeria
655,,4,Kevin Morris,2023-12-27,2024-01-29,8858.94,Retention,Returning,United Kingdom
656,Spring Acquisition Push 2022,12,Kimberly Jensen,2024-03-24,2024-04-13,13408.39,Acquisition,New,Canada
657,NewYear Retention Campaign 2021,14,Angel Kent,2023-11-09,2024-02-01,1896.36,Retention,New,Nigeria
658,Spring Retention Sale 2020,2,Jason Fletcher,2020-01-12,2020-02-25,6487.9,Retention,Returning,Indonesia
659,NewYear Brand Sale 2022,15,Samuel Smith,2020-09-27,2020-11-07,1984.68,Brand,Churned,Spain
660,Holiday Brand Sale 2020,10,Rachel Dickerson,2020-10-29,2020-11-27,4374.06,Brand,New,Italy
661,Holiday Awareness Drive 2019,10,Alexis Hale,2020-05-30,2020-06-28,4958.57,Awareness,Returning,United States
662,Prospecting Acquisition Campaign 2021,15,,2024-11-11,2025-01-27,28489.03,Acquisition,New,Germany
663,,15,John Lopez,2023-10-31,2023-08-22,6646.14,Conversion,New,United Kingdom
664,Summer Brand Sale 2024,7,Mark Morgan,2022-01-07,2022-03-14,2943.95,Brand,New,India
665,Flash Awareness Push 2023,13,,2023-08-09,2023-08-21,11267.8,Awareness,VIP,United States
666,Loyalty Conversion Push 2021,1,,2019-09-03,2019-10-03,1368.8,Conversion,At-Risk,Netherlands
667,BlackFriday Conversion Campaign 2019,3,Willie Bowers,2024-05-27,2024-07-01,1287.85,Conversion,New,Netherlands
668,BlackFriday Brand Campaign 2019,3,,2020-11-06,2020-12-13,11251.61,Brand,Churned,United States
669,Loyalty Acquisition Sale 2022,9,Isaiah Hall Jr.,2023-04-03,2023-05-30,2745.54,Acquisition,VIP,Mexico
670,NewYear Acquisition Drive 2019,1,Elizabeth Hill,2020-10-19,2021-01-12,3096.49,Acquisition,Churned,United Arab Emirates
671,Holiday Brand Drive 2022,2,Connie Costa,2022-08-30,2022-09-22,4538.67,Brand,At-Risk,Australia
672,Spring Retention Drive 2023,13,Scott Taylor,2019-09-03,2019-09-21,3739.67,Retention,Returning,Philippines
673,Holiday Retention Promo 2024,2,,2024-10-10,2024-10-23,7149.19,Retention,VIP,Philippines
674,Summer Retention Push 2021,14,Caitlin Edwards,2019-05-07,2019-07-08,6887.23,Retention,All,Italy
675,Retarget Retention Promo 2019,8,,2023-03-27,2023-04-24,2266.01,Retention,At-Risk,Australia
676,NewYear Conversion Push 2020,9,Angela Dillon,2022-04-08,2022-06-16,7715.06,Conversion,VIP,Indonesia
677,NewYear Brand Sale 2020,12,,2019-01-24,2019-01-31,11152.93,Brand,Churned,Saudi Arabia
678,Summer Conversion Campaign 2019,7,Isaiah Hall Jr.,2021-11-08,2022-01-17,2042.18,Conversion,VIP,Italy
679,Spring Awareness Sale 2022,14,,2022-02-25,2022-03-05,31410.76,Awareness,All,Germany
680,Loyalty Acquisition Sale 2019,10,Robert Massey,2020-02-07,2020-03-08,15029.76,Acquisition,New,Egypt
681,Holiday Conversion Drive 2021,13,,2019-03-13,2019-04-24,2500.04,Conversion,VIP,Saudi Arabia
682,Loyalty Awareness Push 2019,10,,2020-07-04,2020-07-31,18445.0,Awareness,VIP,India
683,Spring Acquisition Sale 2021,4,Robert Massey,2019-04-11,2019-05-19,2946.95,Acquisition,VIP,Canada
684,NewYear Acquisition Promo 2021,1,James Smith,2020-05-28,2020-06-11,9341.13,Acquisition,New,Indonesia
685,NewYear Acquisition Promo 2020,15,Charles Torres,2024-11-12,2024-11-23,16195.22,Acquisition,Returning,Spain
686,Launch Brand Drive 2023,10,Samuel Smith,2023-04-03,2023-05-06,7393.38,Brand,Churned,India
687,Holiday Acquisition Push 2020,13,Samuel Smith,2019-01-21,2019-02-28,2579.95,Acquisition,At-Risk,Australia
688,Spring Retention Sale 2019,10,,2024-02-23,2024-05-08,2171.04,Retention,New,Egypt
689,Retarget Brand Push 2022,10,David Zuniga,2024-07-09,2024-08-01,5176.38,Brand,VIP,Mexico
690,Loyalty Acquisition Sale 2020,2,Mark Morgan,2020-03-12,2020-04-30,5495.15,Acquisition,Churned,Spain
691,Loyalty Brand Drive 2023,6,Debra Smith,2022-09-17,2022-10-01,4234.37,Brand,New,France
692,Flash Retention Push 2023,4,Daniel Bridges,2022-05-12,2022-07-19,1387.15,Retention,At-Risk,Japan
693,BlackFriday Conversion Push 2019,10,Daniel Bridges,2019-09-04,2019-09-12,2514.34,Conversion,At-Risk,Australia
694,  Retarget Conversion Sale 2020  ,10,Willie Bowers,2023-12-15,2024-01-17,40635.34,Conversion,At-Risk,United Arab Emirates
695,Loyalty Awareness Push 2021,10,Richard White,2019-12-29,2020-02-24,18432.69,Awareness,At-Risk,Canada
696,Winter Acquisition Campaign 2024,12,,2021-04-02,2021-05-08,4688.84,Acquisition,All,Spain
697,BlackFriday Retention Campaign 2023,3,Hannah Matthews,2023-01-12,2023-02-07,583.0,Retention,All,South Africa
698,BlackFriday Retention Campaign 2023,11,Yvette House,2019-02-24,2019-03-21,6709.99,Retention,All,United States
699,Flash Brand Sale 2023,15,Mark Morgan,2024-02-04,2024-03-11,6050.15,Brand,New,United States
700,Spring Brand Drive 2024,10,,2024-02-25,2024-04-06,3299.11,Brand,VIP,France
701,Holiday Awareness Push 2021,5,,2020-04-08,2020-04-28,1741.8,Awareness,New,Egypt
702,NewYear Acquisition Promo 2024,12,Jeffrey Herring,2020-07-27,2020-09-12,2242.69,Acquisition,New,Mexico
703,Winter Acquisition Drive 2020,4,Stephanie Allen,2019-06-14,2019-07-04,7448.94,Acquisition,VIP,Brazil
704,Launch Awareness Campaign 2019,11,Yolanda Wallace,2020-05-19,2020-08-09,1095.42,Awareness,At-Risk,Global
705,Clearance Conversion Drive 2024,3,Debra Smith,2023-01-16,2023-03-11,4166.24,Conversion,All,Mexico
706,Spring Acquisition Sale 2024,14,Jessica Sanford,2023-06-18,2023-09-02,2419.37,Acquisition,Returning,Mexico
707,Prospecting Conversion Drive 2020,11,Carolyn Schultz,2020-02-08,2020-02-29,6408.7,Conversion,Churned,Australia
708,BlackFriday Awareness Drive 2023,12,Kimberly Jensen,2021-09-01,2021-11-10,3880.16,Awareness,New,Italy
709,  Loyalty Retention Push 2022  ,8,,2019-12-13,2020-01-19,10540.82,Retention,Returning,Philippines
710,Flash Brand Promo 2020,10,Yvette House,2019-11-15,2020-01-06,14860.55,Brand,Churned,United Kingdom
711,Clearance Conversion Drive 2023,3,Hunter Woods,2024-02-21,2024-04-05,8321.4,Conversion,At-Risk,Mexico
712,NewYear Brand Drive 2022,1,Carolyn Schultz,2024-03-25,2024-05-16,14809.37,Brand,All,South Africa
713,Prospecting Acquisition Drive 2022,9,Robert Massey,2019-07-10,2019-08-27,13515.18,Acquisition,All,Italy
714,Spring Retention Campaign 2020,12,Carolyn Schultz,2019-08-30,2019-09-28,6282.03,Retention,New,South Africa
715,Clearance Retention Push 2024,5,Hunter Woods,2021-08-01,2021-10-21,8690.28,Retention,Returning,Egypt
716,Retarget Acquisition Promo 2019,5,Isaiah Hall Jr.,2022-05-03,2022-06-26,4828.84,Acquisition,New,Philippines
717,Launch Acquisition Push 2021,7,Richard White,2023-04-17,2023-05-17,2286.45,Acquisition,VIP,United States
718,Launch Awareness Push 2020,13,James Smith,2019-12-24,2020-03-21,1380.11,Awareness,At-Risk,Australia
719,Clearance Conversion Push 2022,13,,2024-08-24,2024-10-22,5442.27,Conversion,Returning,Philippines
720,Spring Conversion Sale 2019,13,Derek Lowe,2023-05-30,2023-06-27,6189.85,Conversion,Returning,Brazil
721,Winter Conversion Promo 2023,15,Willie Bowers,2019-12-28,2020-03-17,4077.02,Conversion,Returning,Indonesia
722,Loyalty Awareness Campaign 2019,1,,2021-04-14,2021-05-12,4199.07,Awareness,All,Netherlands
723,Flash Acquisition Campaign 2020,1,,2023-01-08,2023-02-17,3810.92,Acquisition,VIP,United Kingdom
724,Flash Conversion Push 2022,10,,2019-08-08,2019-08-23,10268.51,Conversion,At-Risk,Japan
725,Summer Awareness Push 2024,11,Angela Chandler,2023-06-25,2023-07-11,1861.86,Awareness,New,Canada
726,Holiday Acquisition Promo 2021,10,Nicholas Gordon,2021-05-16,2021-06-17,6375.79,Acquisition,Churned,Indonesia
727,Spring Acquisition Promo 2019,3,Caitlin Edwards,2021-12-28,2022-03-04,11854.78,Acquisition,New,Canada
728,Flash Acquisition Sale 2022,10,Sandra Kim,2019-09-02,2019-09-14,6857.23,Acquisition,At-Risk,United States
729,Spring Brand Campaign 2020,15,Yolanda Wallace,2021-07-24,2021-08-04,3759.32,Brand,VIP,Spain
730,Winter Retention Campaign 2023,5,Caitlin Edwards,2024-06-17,2024-07-01,2050.62,Retention,At-Risk,Italy
731,Flash Acquisition Promo 2021,14,Sandra Ayala,2023-09-14,2023-11-27,9265.76,Acquisition,All,Egypt
732,Loyalty Awareness Promo 2024,1,Connie Costa,2023-05-23,2023-07-28,7386.41,Awareness,Returning,India
733,Winter Retention Campaign 2020,5,,2021-06-08,2021-08-08,1925.6,Retention,All,France
734,Retarget Acquisition Sale 2021,14,Sandra Ayala,2019-10-21,2019-11-22,1300.62,Acquisition,At-Risk,Germany
735,BlackFriday Brand Promo 2023,1,Chase Wolf,2022-07-15,2022-08-02,1561.88,Brand,At-Risk,Japan
736,Prospecting Acquisition Sale 2020,3,,2020-01-23,2020-03-14,2269.16,Acquisition,VIP,Japan
737,Clearance Acquisition Push 2020,2,Kevin Morris,2019-07-27,2019-10-02,3648.62,Acquisition,All,Spain
738,Clearance Conversion Campaign 2020,9,,2020-02-13,2020-02-24,9120.59,Conversion,At-Risk,India
739,Loyalty Conversion Promo 2020,13,Richard White,2021-05-07,2021-08-01,8089.44,Conversion,New,Mexico
740,Winter Retention Campaign 2023,15,,2020-07-08,2020-08-27,9875.45,Retention,New,South Africa
741,Summer Retention Sale 2022,9,Caitlin Edwards,2020-01-01,2020-03-11,7275.18,Retention,Churned,Indonesia
742,Spring Acquisition Promo 2021,10,Sandra Kim,2021-08-14,2021-09-13,13019.14,Acquisition,New,Australia
743,Holiday Brand Campaign 2023,5,,2023-08-12,2023-09-22,3661.66,Brand,VIP,Canada
744,Spring Retention Push 2019,13,John Lopez,2020-01-04,2020-02-24,1562.65,Retention,At-Risk,United Arab Emirates
745,Launch Acquisition Campaign 2021,13,Willie Bowers,2019-03-30,2019-05-08,2812.5,Acquisition,At-Risk,Philippines
746,Spring Awareness Promo 2023,13,Scott Taylor,2022-05-24,2022-07-07,20902.11,Awareness,Churned,Egypt
747,Flash Acquisition Push 2022,12,,2019-06-30,2019-09-16,2915.99,Acquisition,Churned,United Kingdom
748,Spring Retention Push 2022,5,Rebecca Simmons,2023-01-21,2023-03-24,33499.35,Retention,All,Mexico
749,,2,Charles Torres,2024-08-10,2024-07-05,2303.75,Awareness,Churned,United Arab Emirates
750,Clearance Conversion Promo 2022,11,Richard White,2020-12-31,2021-01-18,925.03,Conversion,At-Risk,Mexico
751,Loyalty Conversion Drive 2020,4,Lori Delgado,2022-10-16,2022-10-27,12370.72,Conversion,Churned,Brazil
752,Winter Brand Promo 2019,8,Eric Smith MD,2019-02-20,2019-04-22,7713.83,Brand,New,Japan
753,Prospecting Retention Sale 2019,8,Samuel Smith,2024-08-05,2024-09-09,2713.19,Retention,At-Risk,South Africa
754,BlackFriday Brand Promo 2022,15,Sandra Ayala,2019-01-26,2019-04-01,3374.48,Brand,New,Spain
755,Winter Retention Drive 2022,12,Nicholas Gordon,2023-09-08,2023-11-11,1653.6,Retention,All,Egypt
756,BlackFriday Retention Campaign 2023,15,Alexis Hale,2019-06-17,2019-08-22,1684.2,Retention,Returning,Spain
757,Flash Acquisition Drive 2019,13,Mary Rodriguez,2022-02-01,2022-02-16,885.14,Acquisition,VIP,Japan
758,Launch Awareness Promo 2023,15,,2023-08-12,2023-10-24,1381.23,Awareness,All,Indonesia
759,Summer Awareness Push 2019,10,Mark Morgan,2019-05-12,2019-07-18,10178.93,Awareness,All,Australia
760,Summer Awareness Drive 2022,10,Gloria Keller,2021-01-10,2021-02-28,8342.38,Awareness,New,Netherlands
761,Flash Brand Sale 2020,11,,2021-08-24,2021-09-30,20871.39,Brand,VIP,Italy
762,SUMMER RETENTION PROMO 2024,13,Tammy Bell,2023-09-15,2023-09-26,6924.69,Retention,Returning,Brazil
763,flash conversion drive 2022,8,Jessica Sanford,2019-01-06,2019-02-13,2929.15,Conversion,Returning,United States
764,Retarget Retention Campaign 2021,7,Hunter Woods,2020-07-14,2020-08-17,19981.89,Retention,New,Spain
765,Launch Awareness Push 2023,8,Richard White,2020-11-22,2020-12-22,11446.13,Awareness,At-Risk,Italy
766,Loyalty Retention Promo 2021,15,Jason Fletcher,2022-03-29,2022-04-15,8398.91,Retention,Churned,United States
767,CLEARANCE BRAND DRIVE 2020,13,,2021-06-11,2021-08-21,10921.37,Brand,At-Risk,United Arab Emirates
768,NewYear Brand Drive 2019,4,,2021-11-23,2021-12-05,8262.55,Brand,At-Risk,Nigeria
769,Loyalty Acquisition Campaign 2021,13,Sandra Ayala,2019-05-15,2019-06-29,17922.6,Acquisition,All,Australia
770,Prospecting Brand Drive 2021,12,Scott Taylor,2023-08-17,2023-10-27,2263.16,Brand,At-Risk,Spain
771,Retarget Conversion Promo 2019,1,,2021-12-25,2022-01-03,17359.83,Conversion,All,Global
772,Spring Brand Push 2022,5,Caitlin Edwards,2021-07-31,2021-08-22,6298.32,Brand,All,Netherlands
773,Retarget Conversion Drive 2021,1,Angel Kent,2022-08-11,2022-08-27,2184.94,Conversion,Churned,Spain
774,Summer Retention Campaign 2024,11,,2019-04-17,2019-05-20,1921.66,Retention,Returning,United Kingdom
775,Flash Awareness Push 2024,13,Willie Bowers,2019-01-15,2019-01-23,475.96,Awareness,At-Risk,India
776,Loyalty Brand Push 2024,13,Jason Fletcher,2022-11-16,2023-01-27,2412.56,Brand,Churned,Canada
777,Launch Brand Push 2024,11,Yolanda Wallace,2020-05-06,2020-05-28,3344.32,Brand,Churned,France
778,Holiday Conversion Push 2023,7,Kevin Morris,2019-02-21,2019-03-11,3374.8,Conversion,At-Risk,United States
779,BlackFriday Retention Drive 2023,9,Jon Thomas,2021-08-29,2021-09-26,4096.37,Retention,At-Risk,Philippines
780,Summer Acquisition Push 2020,5,Chase Wolf,2020-08-12,2020-11-02,6704.67,Acquisition,Churned,Brazil
781,Retarget Awareness Push 2021,15,Hannah Matthews,2020-09-27,2020-11-11,1164.3,Awareness,All,Global
782,Winter Awareness Promo 2020,10,James Smith,2019-03-29,2019-06-16,4006.81,Awareness,Churned,Italy
783,Flash Awareness Drive 2023,8,Richard White,2024-07-10,2024-07-25,1826.84,Awareness,Churned,United Arab Emirates
784,Clearance Brand Push 2022,14,Jeffrey Herring,2020-05-16,2020-07-09,1965.22,Brand,VIP,Indonesia
785,BlackFriday Acquisition Push 2024,9,Rachel Wright,2020-12-09,2021-02-19,9810.26,Acquisition,All,Mexico
786,Summer Acquisition Push 2023,11,Carolyn Schultz,2024-04-19,2024-05-05,1105.73,Acquisition,At-Risk,Saudi Arabia
787,Clearance Retention Drive 2019,2,Scott Taylor,2019-07-01,2019-07-08,37414.49,Retention,At-Risk,Global
788,Retarget Conversion Push 2019,7,Eric Smith MD,2024-05-04,2024-05-25,2510.23,Conversion,VIP,Global
789,Summer Brand Sale 2024,9,,2021-08-12,2021-11-10,5442.46,Brand,VIP,Philippines
790,Retarget Acquisition Drive 2022,15,Derek Lowe,2021-09-09,2021-10-28,858.37,Acquisition,New,India
791,Winter Awareness Campaign 2022,8,Anthony Rasmussen,2022-07-09,2022-09-30,1856.55,Awareness,Returning,Italy
792,Summer Conversion Campaign 2019,11,Donna Nelson,2021-08-14,2021-08-27,4125.09,Conversion,Returning,United States
793,Summer Brand Drive 2021,9,Stephanie Allen,2024-07-02,2024-07-17,2727.96,Brand,At-Risk,Australia
794,Launch Acquisition Push 2020,7,Eric Dodson Jr.,2019-10-25,2019-12-24,2940.1,Acquisition,Churned,Australia
795,BlackFriday Conversion Drive 2022,11,Hannah Matthews,2020-02-09,2020-02-19,1465.3,Conversion,All,United States
796,Launch Acquisition Drive 2021,8,Hunter Woods,2019-02-25,2019-05-17,9871.36,Acquisition,VIP,Philippines
797,Retarget Retention Promo 2022,3,Derek Lowe,2024-01-04,2024-01-20,4838.27,Retention,At-Risk,Saudi Arabia
798,Loyalty Retention Sale 2021,1,Elizabeth Hill,2022-03-28,2022-06-19,3747.67,Retention,At-Risk,Germany
799,Flash Retention Campaign 2024,3,,2020-05-25,2020-06-02,6388.77,Retention,Churned,United Kingdom
800,Summer Acquisition Push 2019,9,,2019-01-24,2019-02-15,1215.39,Acquisition,At-Risk,United Kingdom
801,Flash Acquisition Push 2023,11,,2019-08-22,2019-10-01,536.51,Acquisition,VIP,Mexico
802,Loyalty Conversion Campaign 2024,4,Stephanie Allen,2023-06-12,2023-09-10,12452.0,Conversion,Returning,Global
803,Launch Conversion Campaign 2020,5,Tammy Bell,2019-05-17,2019-05-24,23776.5,Conversion,New,Australia
804,Retarget Conversion Push 2019,1,Gloria Keller,2020-02-22,2020-03-20,19427.97,Conversion,All,Egypt
805,Loyalty Retention Sale 2019,4,Angela Dillon,2019-03-01,2019-03-19,4112.93,Retention,Returning,Brazil
806,,8,Richard White,2024-04-18,2024-07-04,1053.24,Conversion,VIP,Philippines
807,Prospecting Retention Sale 2023,8,Julie Clark,2024-01-11,2024-04-05,30305.28,Retention,At-Risk,Global
808,Summer Retention Push 2024,13,,2022-02-28,2022-04-13,7844.55,Retention,Returning,Spain
809,Prospecting Acquisition Promo 2024,6,Levi Stewart,2019-06-07,2019-07-29,9680.55,Acquisition,VIP,Brazil
810,BlackFriday Retention Drive 2020,12,Nicholas Gordon,2022-08-28,2022-09-14,5287.41,Retention,All,Saudi Arabia
811,NewYear Retention Promo 2021,14,Eric Smith MD,2019-03-27,2019-04-05,9684.73,Retention,Returning,Spain
812,Launch Conversion Drive 2023,14,Mark Harris,2019-03-05,2019-03-27,6907.01,Conversion,VIP,Philippines
813,Holiday Retention Drive 2023,8,Rachel Dickerson,2020-10-16,2020-11-27,1550.94,Retention,All,Spain
814,Holiday Acquisition Push 2022,7,Connie Costa,2021-05-17,2021-07-17,28144.39,Acquisition,New,Spain
815,LOYALTY RETENTION DRIVE 2023,7,Rebecca Simmons,2019-05-19,2019-07-17,2856.68,Retention,VIP,Philippines
816,NewYear Acquisition Drive 2020,2,Gloria Keller,2022-12-28,2023-03-17,435.58,Acquisition,At-Risk,Australia
817,BlackFriday Awareness Push 2024,3,Eric Dodson Jr.,2022-10-10,2022-12-23,4052.52,Awareness,At-Risk,Australia
818,Loyalty Retention Drive 2022,3,Debra Smith,2023-12-03,2023-12-11,1252.87,Retention,At-Risk,Italy
819,Clearance Awareness Drive 2023,7,Angela Dillon,2024-01-24,2024-03-23,7587.91,Awareness,Returning,India
820,Flash Conversion Drive 2024,15,Angela Dillon,2021-10-22,2022-01-13,2890.13,Conversion,All,France
821,Prospecting Brand Drive 2024,10,Julie Clark,2019-06-17,2019-07-21,41916.92,Brand,VIP,Saudi Arabia
822,Flash Retention Drive 2021,12,Jessica Sanford,2019-07-11,2019-09-15,3802.47,Retention,All,Nigeria
823,Spring Brand Promo 2020,8,Robert Jones,2019-04-16,2019-06-17,691.7,Brand,New,Japan
824,BlackFriday Acquisition Drive 2022,2,Richard White,2021-04-29,2021-05-12,7051.25,Acquisition,Churned,Mexico
825,Holiday Brand Sale 2021,15,Hannah Matthews,2022-03-14,2022-04-15,9834.95,Brand,Churned,South Africa
826,Loyalty Acquisition Sale 2022,12,Mark Harris,2024-07-22,2024-08-14,10141.88,Acquisition,At-Risk,United States
827,Winter Awareness Promo 2021,1,Gloria Keller,2024-01-28,2024-02-10,6090.81,Awareness,All,Netherlands
828,Spring Retention Drive 2020,15,Elizabeth Hill,2022-05-09,2022-05-24,920.85,Retention,VIP,Global
829,Summer Acquisition Promo 2019,11,Elizabeth Hill,2024-05-25,2024-08-12,10567.11,Acquisition,New,India
830,summer awareness push 2023,5,Rebecca Simmons,2022-04-16,2022-07-05,5603.56,Awareness,At-Risk,United Arab Emirates
831,Clearance Brand Push 2020,3,Levi Stewart,2024-08-19,2024-11-09,11083.59,Brand,Churned,Saudi Arabia
832,retarget conversion campaign 2021,7,,2022-09-25,2022-10-22,6472.49,Conversion,All,France
833,NewYear Awareness Drive 2024,5,Chase Wolf,2019-07-13,2019-10-11,21853.14,Awareness,Returning,United Kingdom
834,Holiday Acquisition Promo 2021,9,Caitlin Edwards,2024-04-16,2024-05-22,10857.11,Acquisition,New,Philippines
835,Flash Retention Campaign 2024,15,Eric Dodson Jr.,2023-08-25,2023-09-14,10550.68,Retention,Churned,Mexico
836,Flash Brand Push 2024,9,Robert Jones,2020-07-04,2020-09-21,4698.88,Brand,Churned,United Kingdom
837,Flash Conversion Drive 2019,11,Debra Smith,2019-05-09,2019-05-02,30819.79,Conversion,New,Nigeria
838,Holiday Conversion Sale 2020,11,Mark Morgan,2023-05-15,2023-08-08,917.36,Conversion,At-Risk,Italy
839,Flash Brand Drive 2023,2,Charles Torres,2022-07-29,2022-10-05,10125.14,Brand,Returning,Global
840,Summer Conversion Promo 2024,15,Julie Clark,2020-10-27,2020-12-12,5934.94,Conversion,At-Risk,Mexico
841,NewYear Acquisition Push 2022,2,,2020-10-05,2020-11-05,2826.29,Acquisition,At-Risk,Indonesia
842,Winter Retention Sale 2022,6,Anthony Rasmussen,2023-01-19,2023-03-30,1433.17,Retention,At-Risk,Nigeria
843,Winter Acquisition Campaign 2021,4,James Smith,2024-07-24,2024-08-07,8750.98,Acquisition,Returning,Italy
844,Retarget Brand Push 2019,2,Levi Stewart,2022-03-18,2022-04-12,3468.83,Brand,All,United Arab Emirates
845,Prospecting Brand Drive 2021,14,Eric Dodson Jr.,2022-11-22,2022-12-08,34206.01,Brand,Churned,India
846,HOLIDAY RETENTION PUSH 2021,9,Kevin Morris,2019-09-18,2019-09-30,10324.64,Retention,Returning,Japan
847,BlackFriday Acquisition Promo 2019,12,John Lopez,2019-05-15,2019-07-18,2802.07,Acquisition,VIP,Saudi Arabia
848,BlackFriday Awareness Campaign 2019,10,Angel Kent,2019-09-26,2019-10-06,7904.61,Awareness,At-Risk,Saudi Arabia
849,Holiday Acquisition Promo 2023,7,Daniel Bridges,2024-11-24,2024-12-01,6130.25,Acquisition,All,Nigeria
850,Winter Conversion Drive 2023,7,Daniel Bridges,2024-08-12,2024-10-18,3815.96,Conversion,All,United Kingdom
851,  NewYear Brand Sale 2020  ,15,Kimberly Jensen,2020-08-15,2020-09-21,3029.7,Brand,All,Australia
852,Loyalty Brand Promo 2021,14,Derek Lowe,2024-05-17,2024-06-27,5056.04,Brand,VIP,Spain
853,Summer Conversion Drive 2019,4,Rebecca Prince,2023-02-18,2023-03-06,15073.15,Conversion,Churned,Egypt
854,NewYear Awareness Promo 2022,9,Dominic Bennett,2021-12-16,2022-01-02,10253.6,Awareness,All,Germany
855,BlackFriday Retention Promo 2024,6,Chase Wolf,2023-02-11,2023-05-08,6807.12,Retention,At-Risk,Egypt
856,Retarget Brand Sale 2023,4,Robert Jones,2021-10-01,2021-11-27,11554.23,Brand,New,Global
857,Summer Retention Sale 2020,8,Samuel Smith,2021-06-18,2021-06-26,16565.3,Retention,Churned,Brazil
858,Prospecting Awareness Promo 2021,15,Hannah Matthews,2019-06-03,2019-07-19,32888.84,Awareness,New,Saudi Arabia
859,Holiday Awareness Drive 2024,5,Mary Rodriguez,2024-02-03,2024-04-19,21849.71,Awareness,Returning,Australia
860,Summer Brand Push 2021,2,Angela Dillon,2019-10-07,2019-12-01,752.17,Brand,At-Risk,Australia
861,Holiday Awareness Drive 2019,13,,2022-05-04,2022-07-19,11820.76,Awareness,Churned,Spain
862,Retarget Conversion Sale 2019,11,Hunter Woods,2023-05-14,2023-07-16,2219.21,Conversion,Churned,Saudi Arabia
863,Flash Acquisition Promo 2022,1,Robert Massey,2019-07-28,2019-10-20,4083.6,Acquisition,All,United Arab Emirates
864,BlackFriday Retention Campaign 2019,2,Chase Wolf,2019-03-26,2019-06-17,2675.15,Retention,Returning,India
865,NewYear Acquisition Campaign 2019,12,Debra Smith,2019-11-28,2019-12-30,2239.42,Acquisition,New,India
866,BlackFriday Retention Promo 2022,10,Alexis Hale,2019-07-24,2019-08-02,15291.41,Retention,Churned,South Africa
867,,15,Levi Stewart,2021-07-01,2021-09-10,695.7,Awareness,All,Indonesia
868,Summer Retention Drive 2022,9,Robert Massey,2020-12-16,2020-12-28,1963.3,Retention,All,Germany
869,Winter Brand Drive 2022,10,Caitlin Edwards,2024-07-07,2024-10-02,7896.18,Brand,VIP,Brazil
870,Holiday Awareness Push 2020,2,Miguel Johnston,2021-11-10,2022-01-05,7412.45,Awareness,At-Risk,Germany
871,,2,Rachel Wright,2024-08-09,2024-09-28,1587.45,Conversion,Churned,United Kingdom
872,Flash Acquisition Push 2021,6,Richard White,2023-06-27,2023-07-19,3923.16,Acquisition,New,Indonesia
873,Summer Retention Promo 2021,11,Kevin Morris,2019-03-28,2019-04-24,2795.14,Retention,Returning,United States
874,Loyalty Acquisition Campaign 2021,6,Eric Smith MD,2024-03-25,2024-04-01,5901.57,Acquisition,At-Risk,Nigeria
875,Prospecting Conversion Promo 2023,5,Samuel Smith,2022-12-09,2023-02-15,1480.0,Conversion,All,United Kingdom
876,Retarget Brand Push 2019,14,Robert Jones,2022-04-14,2022-07-11,4156.05,Brand,Returning,Canada
877,BlackFriday Awareness Campaign 2019,8,,2020-06-27,2020-07-13,2401.85,Awareness,Churned,Philippines
878,Loyalty Acquisition Promo 2020,6,Christine Harris,2024-10-29,2025-01-06,8645.09,Acquisition,At-Risk,Italy
879,Spring Retention Push 2021,3,Hannah Matthews,2024-08-30,2024-11-18,2138.86,Retention,At-Risk,United States
880,  Summer Acquisition Push 2021  ,6,Isaiah Hall Jr.,2020-10-21,2020-12-16,8906.25,Acquisition,New,Saudi Arabia
881,Spring Awareness Promo 2024,5,Yolanda Wallace,2021-12-26,2022-03-14,2671.37,Awareness,At-Risk,United States
882,Launch Retention Campaign 2021,4,Anthony Rasmussen,2019-12-17,2020-02-04,3765.76,Retention,New,Spain
883,Flash Awareness Campaign 2019,4,Julie Clark,2021-09-22,2021-11-23,27382.18,Awareness,New,Egypt
884,Prospecting Acquisition Drive 2019,1,Donna Nelson,2019-10-21,2020-01-18,6913.14,Acquisition,New,Global
885,BlackFriday Retention Sale 2023,11,Angela Chandler,2024-02-06,2024-04-22,12549.08,Retention,Churned,Germany
886,Loyalty Acquisition Sale 2020,1,Angela Dillon,2023-04-24,2023-05-16,14790.21,Acquisition,Returning,United Kingdom
887,Retarget Acquisition Sale 2022,13,,2019-05-09,2019-07-01,1572.96,Acquisition,Returning,United States
888,NewYear Conversion Push 2023,10,Sandra Kim,2024-06-05,2024-07-07,26929.34,Conversion,At-Risk,Egypt
889,Prospecting Retention Drive 2021,10,Rachel Dickerson,2022-10-06,2022-11-11,9421.41,Retention,New,Philippines
890,Flash Acquisition Sale 2020,11,,2022-10-24,2023-01-18,7149.36,Acquisition,All,Saudi Arabia
891,Spring Awareness Campaign 2023,7,James Smith,2020-01-30,2020-04-09,1924.0,Awareness,VIP,United Arab Emirates
892,Retarget Conversion Drive 2024,5,Debra Smith,2020-08-01,2020-08-13,3384.59,Conversion,VIP,Japan
893,Loyalty Brand Promo 2024,12,,2022-05-03,2022-06-15,5364.26,Brand,VIP,Brazil
894,Winter Awareness Drive 2023,9,Lori Delgado,2021-10-21,2022-01-16,50139.57,Awareness,Churned,Germany
895,Loyalty Brand Campaign 2023,12,James Smith,2020-05-24,2020-08-19,8955.13,Brand,VIP,South Africa
896,BlackFriday Conversion Promo 2019,4,Jennifer Obrien,2023-03-12,2023-05-09,3607.3,Conversion,Returning,Australia
897,Spring Conversion Sale 2021,10,Yolanda Wallace,2021-12-14,2022-03-09,3890.32,Conversion,At-Risk,United Kingdom
898,Flash Retention Sale 2020,6,Julie Clark,2024-10-15,2024-12-13,3380.99,Retention,New,Italy
899,BlackFriday Acquisition Drive 2023,14,Angel Kent,2024-08-30,2024-09-09,29278.28,Acquisition,At-Risk,United States
900,Retarget Retention Push 2024,5,Nicholas Gordon,2022-08-31,2022-10-30,10935.31,Retention,At-Risk,United States
901,NewYear Acquisition Sale 2022,3,Rachel Dickerson,2024-03-08,2024-05-18,1461.43,Acquisition,VIP,United States
902,Holiday Conversion Sale 2020,2,Daniel Bridges,2020-02-15,2020-04-18,11582.56,Conversion,Returning,Global
903,Clearance Retention Sale 2019,2,Hannah Matthews,2022-09-20,2022-11-20,3102.17,Retention,New,Egypt
904,Loyalty Retention Sale 2024,9,Rachel Dickerson,2021-01-03,2021-01-26,5387.47,Retention,Returning,Mexico
905,Holiday Awareness Push 2022,5,Angela Dillon,2021-10-18,2021-12-05,95450.76,Awareness,VIP,Netherlands
906,Summer Conversion Campaign 2019,10,,2023-01-19,2023-03-13,3188.49,Conversion,Returning,Germany
907,Prospecting Conversion Campaign 2020,11,Angela Dillon,2019-02-04,2019-02-17,7378.18,Conversion,VIP,Netherlands
908,Prospecting Brand Sale 2023,2,Nicholas Gordon,2023-02-21,2023-05-21,4334.78,Brand,Churned,Global
909,Flash Brand Campaign 2024,10,Isaiah Hall Jr.,2020-07-04,2020-08-18,7487.08,Brand,All,Spain
910,,10,,2024-04-16,2024-05-08,4197.54,Acquisition,Churned,Brazil
911,,4,Yolanda Wallace,2022-08-16,2022-09-25,5696.13,Conversion,All,Saudi Arabia
912,Launch Retention Sale 2024,8,Rachel Dickerson,2022-05-28,2022-08-02,11340.92,Retention,New,Australia
913,Clearance Retention Sale 2022,4,Dominic Bennett,2021-05-16,2021-06-25,10386.69,Retention,Returning,United States
914,Loyalty Awareness Push 2023,13,Robert Massey,2021-07-04,2021-07-14,6781.38,Awareness,Churned,Egypt
915,Holiday Retention Push 2023,7,Michael Lawrence,2023-03-23,2023-04-17,2184.75,Retention,All,Indonesia
916,Holiday Retention Push 2022,12,,2023-09-25,2023-12-13,7425.05,Retention,At-Risk,Japan
917,Spring Awareness Drive 2019,5,Robert Jones,2020-10-28,2020-11-21,2751.06,Awareness,VIP,Brazil
918,Flash Acquisition Campaign 2024,13,,2021-04-10,2021-07-05,2601.97,Acquisition,Churned,Global
919,,3,Kimberly Jensen,2022-02-27,2022-04-05,2288.05,Conversion,Churned,Australia
920,NewYear Brand Push 2021,4,Levi Stewart,2020-07-30,2020-08-23,9376.03,Brand,Returning,Australia
921,Winter Brand Promo 2022,1,Sandra Kim,2023-01-10,2023-01-03,6883.01,Brand,New,Italy
922,Holiday Acquisition Push 2023,10,,2020-06-20,2020-08-01,14532.76,Acquisition,VIP,France
923,Clearance Conversion Sale 2020,4,Eric Dodson Jr.,2022-04-19,2022-07-10,5759.95,Conversion,Churned,France
924,Summer Brand Campaign 2020,15,Charles Torres,2020-11-20,2021-01-07,3307.39,Brand,New,United Arab Emirates
925,Prospecting Conversion Promo 2023,14,Debra Smith,2023-06-28,2023-08-23,35099.63,Conversion,New,Netherlands
926,Loyalty Retention Drive 2024,6,Angela Chandler,2023-09-17,2023-10-02,3468.24,Retention,Returning,Saudi Arabia
927,Summer Awareness Sale 2022,4,Chase Wolf,2021-01-19,2021-03-17,4047.76,Awareness,VIP,Brazil
928,Spring Acquisition Campaign 2021,4,Stephanie Allen,2023-03-15,2023-04-10,17649.9,Acquisition,Returning,Nigeria
929,Clearance Retention Push 2019,8,Sandra Ayala,2022-07-26,2022-08-11,2565.29,Retention,At-Risk,South Africa
930,Flash Awareness Campaign 2023,12,,2022-04-10,2022-05-25,1304.79,Awareness,All,Nigeria
931,SUMMER RETENTION PUSH 2023,1,Rachel Wright,2022-04-09,2022-06-01,1754.07,Retention,New,Brazil
932,NewYear Awareness Drive 2023,7,Hannah Matthews,2022-11-30,2022-12-28,6030.7,Awareness,Churned,South Africa
933,Spring Conversion Promo 2022,13,,2021-05-25,2021-06-05,26529.35,Conversion,All,Nigeria
934,Prospecting Conversion Sale 2023,13,Debra Smith,2023-09-02,2023-11-11,54810.67,Conversion,VIP,United States
935,Clearance Retention Promo 2023,11,,2019-12-03,2019-12-31,1691.27,Retention,At-Risk,Netherlands
936,NewYear Acquisition Drive 2023,7,Mary Rodriguez,2020-06-21,2020-06-28,6224.1,Acquisition,At-Risk,Australia
937,Holiday Awareness Campaign 2022,1,Michael Lawrence,2024-10-04,2024-12-15,2767.55,Awareness,All,Egypt
938,BlackFriday Retention Campaign 2022,11,Elizabeth Hill,2024-02-16,2024-03-03,13422.56,Retention,VIP,Philippines
939,NewYear Conversion Drive 2019,8,Yolanda Wallace,2023-11-30,2024-02-27,1541.43,Conversion,Churned,India
940,Holiday Brand Drive 2023,2,Sandra Kim,2024-01-26,2024-04-15,3714.41,Brand,All,Nigeria
941,,12,Caitlin Edwards,2024-04-17,2024-07-09,947.48,Brand,New,Mexico
942,Flash Brand Sale 2022,10,Angela Dillon,2024-10-16,2024-07-22,5594.4,Brand,VIP,United Arab Emirates
943,Loyalty Conversion Push 2021,1,Mark Harris,2022-09-25,2022-11-24,11046.25,Conversion,At-Risk,Japan
944,Spring Acquisition Push 2024,4,Angela Dillon,2019-05-03,2019-06-11,4236.83,Acquisition,At-Risk,Germany
945,Spring Awareness Drive 2019,3,Angela Dillon,2019-08-14,2019-10-28,5709.89,Awareness,All,Canada
946,NewYear Awareness Drive 2023,11,Samuel Smith,2021-07-05,2021-09-21,2286.65,Awareness,VIP,Brazil
947,Summer Awareness Sale 2019,5,Richard White,2020-06-15,2020-08-18,7866.31,Awareness,At-Risk,Australia
948,Loyalty Acquisition Drive 2020,3,Chase Wolf,2023-08-12,2023-09-26,389.99,Acquisition,At-Risk,Japan
949,NewYear Acquisition Campaign 2023,3,Chase Wolf,2019-09-10,2019-11-15,28661.18,Acquisition,All,South Africa
950,Winter Retention Drive 2019,12,Jason Fletcher,2023-02-02,2023-04-14,3799.72,Retention,Churned,France
951,Holiday Acquisition Campaign 2021,15,,2019-10-15,2020-01-12,5624.79,Acquisition,Churned,Global
952,NewYear Awareness Drive 2023,8,Alexis Hale,2021-03-20,2021-05-03,358.84,Awareness,New,Spain
953,Flash Awareness Sale 2019,9,Elizabeth Hill,2023-01-30,2023-03-03,6826.47,Awareness,All,Mexico
954,Flash Conversion Promo 2020,10,Kevin Morris,2020-07-05,2020-09-23,3920.67,Conversion,Churned,Saudi Arabia
955,Flash Conversion Sale 2024,14,Nicholas Gordon,2023-01-29,2023-03-18,14872.87,Conversion,Churned,Italy
956,Loyalty Retention Promo 2023,11,Willie Bowers,2021-01-12,2021-03-09,1936.84,Retention,Returning,Saudi Arabia
957,Loyalty Awareness Campaign 2023,4,Mark Harris,2024-10-02,2024-11-03,4240.61,Awareness,At-Risk,Germany
958,Summer Brand Drive 2022,1,Donna Nelson,2021-06-17,2021-07-12,2916.49,Brand,At-Risk,Canada
959,Spring Retention Sale 2020,7,Yvette House,2021-05-16,2021-07-15,11794.12,Retention,VIP,Egypt
960,Prospecting Conversion Campaign 2024,15,Eric Smith MD,2023-09-25,2023-12-05,4374.02,Conversion,At-Risk,Mexico
961,Retarget Retention Drive 2024,6,,2022-02-15,2022-04-04,2480.31,Retention,VIP,Egypt
962,NewYear Retention Sale 2019,15,,2021-06-25,2021-08-03,791.94,Retention,At-Risk,Italy
963,Summer Awareness Sale 2019,5,Felicia Henry,2024-03-31,2024-06-13,7082.41,Awareness,At-Risk,United Arab Emirates
964,Launch Retention Push 2024,9,Samuel Smith,2020-02-26,2020-03-11,9798.59,Retention,VIP,Canada
965,NewYear Retention Promo 2024,7,Hannah Matthews,2021-09-19,2021-10-09,11251.43,Retention,Returning,Australia
966,BlackFriday Conversion Promo 2023,15,Daniel Bridges,2020-09-04,2020-11-15,11680.27,Conversion,Churned,Indonesia
967,,8,Miguel Johnston,2020-07-29,2020-08-30,2656.29,Conversion,Returning,South Africa
968,Flash Brand Sale 2022,7,Jessica Sanford,2021-02-23,2021-03-31,31503.38,Brand,VIP,Nigeria
969,Prospecting Awareness Sale 2023,14,Mark Morgan,2023-03-29,2023-04-07,1250.2,Awareness,Returning,Italy
970,Loyalty Awareness Promo 2022,4,Miguel Johnston,2023-05-19,2023-06-29,6755.6,Awareness,Returning,India
971,Summer Retention Push 2019,9,Levi Stewart,2024-03-25,2024-05-13,3908.63,Retention,All,United Kingdom
972,Prospecting Brand Drive 2024,9,Connie Costa,2024-07-31,2024-08-10,7520.39,Brand,Churned,Mexico
973,,12,Hunter Woods,2020-03-15,2020-06-04,10866.64,Awareness,New,Philippines
974,,13,Rebecca Prince,2024-02-26,2024-05-20,3436.51,Retention,At-Risk,Indonesia
975,Clearance Brand Push 2021,8,,2024-07-11,2024-08-21,2661.77,Brand,VIP,France
976,Winter Conversion Push 2019,9,Rachel Dickerson,2019-07-01,2019-08-26,3502.01,Conversion,Churned,Mexico
977,BlackFriday Awareness Promo 2023,9,Robert Jones,2019-08-16,2019-08-28,2551.55,Awareness,At-Risk,India
978,Prospecting Retention Campaign 2023,6,Gloria Keller,2021-01-03,2021-03-16,8095.85,Retention,New,Philippines
979,Retarget Retention Push 2022,6,Willie Bowers,2024-04-06,2024-05-15,1600.63,Retention,All,United States
980,,15,,2020-07-26,2020-08-19,9867.45,Conversion,All,Italy
981,Prospecting Acquisition Drive 2024,1,Jon Thomas,2024-11-12,2024-12-23,1778.12,Acquisition,Returning,Global
982,Holiday Awareness Sale 2021,14,,2020-12-19,2021-03-03,34534.33,Awareness,Churned,France
983,BlackFriday Brand Drive 2022,6,Caitlin Edwards,2022-10-18,2022-10-27,4429.54,Brand,At-Risk,India
984,Spring Conversion Sale 2024,14,Connie Costa,2019-12-27,2020-01-15,1828.36,Conversion,Churned,Netherlands
985,clearance retention promo 2023,11,Dominic Bennett,2023-10-23,2023-12-24,1598.26,Retention,At-Risk,Egypt
986,Winter Conversion Promo 2023,10,,2022-09-27,2022-12-08,2892.83,Conversion,At-Risk,Mexico
987,Prospecting Brand Push 2019,15,Michael Lawrence,2022-02-22,2022-03-01,1547.81,Brand,Churned,South Africa
988,LOYALTY ACQUISITION PROMO 2019,13,Carolyn Schultz,2021-01-05,2020-10-08,2929.42,Acquisition,Churned,Spain
989,BlackFriday Brand Sale 2023,12,Willie Bowers,2024-01-25,2024-03-25,5440.21,Brand,Returning,Brazil
990,Spring Acquisition Campaign 2022,11,Lori Delgado,2023-07-19,2023-10-16,1106.71,Acquisition,VIP,Saudi Arabia
991,BlackFriday Brand Push 2020,7,Kevin Morris,2021-03-29,2021-05-28,2649.12,Brand,At-Risk,Japan
992,Holiday Brand Sale 2021,15,Alexis Hale,2021-12-28,2022-03-01,9696.65,Brand,Returning,United States
993,Spring Retention Drive 2023,7,Sandra Ayala,2024-04-27,2024-07-25,6302.71,Retention,All,Canada
994,Launch Awareness Sale 2019,6,Kevin Morris,2019-06-11,2019-08-26,1631.01,Awareness,Churned,France
995,Flash Acquisition Promo 2022,5,Rebecca Prince,2022-09-10,2022-10-30,3772.1,Acquisition,Churned,Japan
996,Launch Brand Drive 2021,7,Caitlin Edwards,2019-09-23,2019-10-02,6533.0,Brand,At-Risk,France
997,Clearance Acquisition Push 2023,4,Connie Costa,2024-05-20,2024-08-18,11740.71,Acquisition,At-Risk,Germany
998,Launch Brand Drive 2022,8,Lori Delgado,2020-08-13,2020-09-08,10337.27,Brand,Returning,Brazil
999,SUMMER BRAND SALE 2023,8,Chase Wolf,2021-11-27,2022-01-27,9647.46,Brand,VIP,Mexico
1000,Retarget Brand Campaign 2022,14,Anthony Rasmussen,2022-08-12,2022-10-28,2621.53,Brand,VIP,Netherlands
1001,,8,Daniel Bridges,2024-05-03,2024-07-29,4031.29,Brand,At-Risk,Italy
1002,NewYear Conversion Push 2022,8,Angela Dillon,2022-11-28,2023-02-10,4412.18,Conversion,New,Saudi Arabia
1003,Retarget Brand Sale 2019,9,Caitlin Edwards,2020-09-14,2020-11-17,3557.66,Brand,All,India
1004,Winter Brand Promo 2021,8,,2022-06-21,2022-07-06,11396.04,Brand,VIP,Nigeria
1005,Launch Awareness Drive 2023,10,Gloria Keller,2024-03-13,2024-05-06,4736.71,Awareness,Churned,Indonesia
1006,Spring Retention Campaign 2024,13,Rebecca Prince,2024-11-10,2025-01-26,4861.48,Retention,Returning,South Africa
1007,Launch Brand Campaign 2020,5,Christine Harris,2020-01-10,2020-02-12,12973.11,Brand,Churned,United States
1008,Summer Acquisition Campaign 2021,14,Jennifer Obrien,2021-08-10,2021-08-27,1375.74,Acquisition,Returning,Brazil
1009,Retarget Retention Sale 2022,10,Richard White,2020-03-17,2020-04-07,3783.61,Retention,All,Indonesia
1010,Prospecting Conversion Sale 2019,1,Rachel Wright,2020-04-08,2020-06-23,3481.55,Conversion,New,France
1011,Retarget Brand Drive 2022,15,Rebecca Simmons,2024-05-14,2024-08-11,5984.88,Brand,At-Risk,Global
1012,Launch Awareness Push 2021,13,Rebecca Prince,2022-08-29,2022-09-08,2988.15,Awareness,All,Nigeria
1013,Flash Retention Drive 2020,1,,2024-03-21,2024-04-12,3164.26,Retention,New,Netherlands
1014,Holiday Acquisition Campaign 2019,10,Jason Fletcher,2021-03-20,2021-04-14,2190.17,Acquisition,Churned,Saudi Arabia
1015,Launch Retention Drive 2021,3,Tammy Bell,2022-10-26,2022-12-01,2243.74,Retention,Returning,Mexico
1016,Retarget Brand Campaign 2019,15,Hunter Woods,2023-10-21,2023-12-05,931.64,Brand,Churned,Netherlands
1017,Holiday Awareness Promo 2019,15,Levi Stewart,2021-02-17,2021-04-18,4388.96,Awareness,At-Risk,United Arab Emirates
1018,Loyalty Brand Campaign 2023,8,Scott Taylor,2024-01-20,2024-04-02,1330.72,Brand,All,Brazil
1019,NewYear Conversion Campaign 2021,4,Jeffrey Herring,2019-05-13,2019-07-21,1740.59,Conversion,At-Risk,Brazil
1020,Spring Awareness Push 2020,12,Yvette House,2020-11-14,2021-01-01,5825.0,Awareness,VIP,United Arab Emirates
1021,Retarget Awareness Promo 2020,11,Mark Morgan,2019-09-15,2019-09-26,1807.74,Awareness,VIP,France
1022,Launch Awareness Campaign 2023,11,Angela Chandler,2021-03-07,2021-05-30,7437.09,Awareness,All,Brazil
1023,Prospecting Conversion Promo 2024,9,Jon Thomas,2024-08-01,2024-08-13,17256.38,Conversion,VIP,Egypt
1024,Holiday Brand Sale 2021,9,Daniel Bridges,2019-06-12,2019-07-28,8730.36,Brand,New,Japan
1025,Summer Retention Sale 2021,15,Nicholas Gordon,2022-02-17,2022-03-15,2012.78,Retention,Returning,Global
1026,Summer Conversion Push 2021,13,Jennifer Obrien,2024-01-26,2024-04-10,7603.23,Conversion,At-Risk,Germany
1027,Launch Retention Drive 2021,6,Daniel Bridges,2021-11-03,2021-11-14,4667.07,Retention,Churned,Global
1028,Loyalty Retention Campaign 2024,8,Dominic Bennett,2022-05-14,2022-05-27,2053.37,Retention,Returning,Brazil
1029,,11,James Smith,2024-06-05,2024-08-05,2692.78,Conversion,Churned,Japan
1030,Clearance Retention Drive 2023,5,Miguel Johnston,2024-04-23,2024-06-06,5265.85,Retention,New,Brazil
1031,Prospecting Retention Campaign 2024,14,Gloria Keller,2019-04-16,2019-04-25,1667.63,Retention,New,Italy
1032,Loyalty Acquisition Promo 2023,4,Kimberly Jensen,2024-08-31,2024-10-04,5751.26,Acquisition,At-Risk,South Africa
1033,Winter Acquisition Promo 2024,11,,2023-10-23,2024-01-01,6250.88,Acquisition,VIP,Netherlands
1034,,12,Hunter Woods,2022-04-20,2022-06-22,2706.94,Acquisition,Returning,Germany
1035,launch retention push 2021,9,Chase Wolf,2020-07-16,2020-07-27,18699.04,Retention,Returning,Philippines
1036,NewYear Awareness Drive 2022,14,Rachel Dickerson,2023-05-19,2023-07-03,6129.06,Awareness,All,Australia
1037,Holiday Acquisition Push 2021,14,Gloria Keller,2024-11-25,2024-12-13,1401.7,Acquisition,At-Risk,Egypt
1038,,2,Dominic Bennett,2019-02-25,2019-04-04,2395.23,Brand,Churned,Italy
1039,Summer Retention Campaign 2020,13,Robert Jones,2021-12-23,2022-01-25,28999.59,Retention,VIP,Japan
1040,Clearance Retention Promo 2024,13,Felicia Henry,2019-11-29,2019-10-31,5073.49,Retention,All,Germany
1041,NewYear Brand Drive 2022,6,Samuel Smith,2021-05-24,2021-08-22,2012.17,Brand,New,Global
1042,Prospecting Conversion Drive 2019,8,David Zuniga,2020-10-09,2020-12-09,1224.33,Conversion,New,Netherlands
1043,Summer Conversion Push 2021,1,Tammy Bell,2024-08-15,2024-09-12,1124.64,Conversion,New,South Africa
1044,Flash Awareness Drive 2022,11,Rachel Wright,2023-05-25,2023-06-10,4169.23,Awareness,All,Japan
1045,Holiday Awareness Promo 2022,15,Caitlin Edwards,2022-03-02,2022-04-13,3050.38,Awareness,All,Nigeria
1046,  Prospecting Awareness Drive 2023  ,7,Jon Thomas,2023-01-10,2023-03-29,2653.04,Awareness,Returning,Nigeria
1047,BlackFriday Retention Sale 2024,13,,2024-10-15,2024-11-07,2426.48,Retention,Churned,France
1048,BlackFriday Retention Push 2019,9,Michael Lawrence,2024-07-23,2024-08-02,10473.91,Retention,Returning,Italy
1049,Prospecting Conversion Sale 2021,14,Willie Bowers,2020-10-28,2021-01-25,3735.35,Conversion,Churned,Spain
1050,Winter Acquisition Drive 2020,12,Tammy Bell,2023-05-29,2023-06-29,7293.79,Acquisition,At-Risk,Spain
1051,Winter Retention Drive 2022,8,Isaiah Hall Jr.,2024-11-04,2024-12-29,14690.0,Retention,At-Risk,Italy
1052,Summer Awareness Push 2022,7,Hannah Matthews,2022-10-05,2022-12-01,1350.43,Awareness,Returning,Mexico
1053,Spring Awareness Push 2021,3,Debra Smith,2024-06-13,2024-07-18,1855.56,Awareness,VIP,Indonesia
1054,Summer Brand Sale 2021,10,Tammy Bell,2022-10-30,2022-09-27,698.03,Brand,All,Netherlands
1055,Holiday Brand Campaign 2019,7,Yolanda Wallace,2019-01-29,2019-03-22,2972.11,Brand,Churned,United States
1056,Clearance Retention Drive 2024,2,Daniel Bridges,2021-06-28,2021-08-15,1383.28,Retention,Returning,Global
1057,Flash Conversion Sale 2023,5,John Lopez,2023-05-26,2023-07-09,2559.08,Conversion,New,Indonesia
1058,Holiday Acquisition Promo 2019,3,,2021-04-21,2021-06-25,49887.03,Acquisition,VIP,Spain
1059,Flash Conversion Promo 2021,15,,2023-04-17,2023-06-11,9091.44,Conversion,New,Germany
1060,Holiday Retention Campaign 2019,9,,2021-03-27,2021-04-19,14146.52,Retention,At-Risk,India
1061,Loyalty Brand Promo 2021,2,,2024-02-13,2024-05-12,2981.21,Brand,At-Risk,Indonesia
1062,NewYear Conversion Drive 2021,11,Nicholas Gordon,2022-09-16,2022-10-13,644.29,Conversion,All,Australia
1063,Flash Retention Promo 2024,8,,2020-06-07,2020-06-25,7850.97,Retention,VIP,Indonesia
1064,Holiday Awareness Drive 2023,1,Hannah Matthews,2021-08-21,2021-08-28,5726.39,Awareness,Returning,United Arab Emirates
1065,Prospecting Awareness Push 2024,6,Caitlin Edwards,2020-10-30,2020-12-10,3882.56,Awareness,VIP,Mexico
1066,Flash Brand Campaign 2023,15,Mark Harris,2019-08-10,2019-09-09,605.22,Brand,Churned,Saudi Arabia
1067,Summer Brand Promo 2022,4,Kimberly Jensen,2023-10-21,2023-11-27,6018.29,Brand,Returning,Canada
1068,BlackFriday Conversion Campaign 2019,5,Elizabeth Hill,2023-09-23,2023-10-10,10607.94,Conversion,VIP,Nigeria
1069,Holiday Brand Push 2023,5,James Smith,2023-09-16,2023-10-04,6688.29,Brand,New,Mexico
1070,Clearance Brand Drive 2020,12,Rebecca Simmons,2022-01-26,2022-04-02,3073.01,Brand,Churned,United Arab Emirates
1071,Spring Awareness Sale 2024,4,Samuel Smith,2021-11-27,2021-12-05,7603.85,Awareness,Churned,United Arab Emirates
1072,Clearance Acquisition Campaign 2022,5,Judy Lopez,2024-08-27,2024-10-28,13410.62,Acquisition,At-Risk,Germany
1073,Summer Acquisition Drive 2020,9,Miguel Johnston,2022-09-20,2022-11-13,8136.32,Acquisition,Churned,United Kingdom
1074,,1,Kimberly Jensen,2021-04-13,2021-05-21,5731.02,Awareness,New,Japan
1075,Winter Brand Promo 2021,4,Derek Lowe,2019-01-20,2019-02-04,28231.13,Brand,VIP,Brazil
1076,Launch Retention Campaign 2023,7,Robert Massey,2019-06-17,2019-09-12,12809.3,Retention,New,United States
1077,Winter Brand Drive 2022,8,Kevin Morris,2023-07-28,2023-08-16,1921.37,Brand,New,Indonesia
1078,Retarget Retention Drive 2021,11,Hannah Matthews,2021-08-04,2021-10-04,5114.63,Retention,VIP,France
1079,Summer Retention Campaign 2020,6,,2021-01-26,2021-04-13,3948.39,Retention,All,United States
1080,Loyalty Retention Push 2024,3,Julie Clark,2019-02-05,2019-01-20,5060.91,Retention,VIP,Mexico
1081,Summer Acquisition Campaign 2022,3,Levi Stewart,2019-08-21,2019-09-03,2337.04,Acquisition,Returning,India
1082,,1,Scott Taylor,2019-12-22,2020-02-09,8229.79,Acquisition,All,United Arab Emirates
1083,Retarget Awareness Promo 2023,15,Robert Jones,2019-01-05,2019-01-29,3901.58,Awareness,Returning,Japan
1084,Winter Awareness Promo 2022,12,Carolyn Schultz,2023-04-21,2023-05-17,1087.23,Awareness,New,Spain
1085,Summer Retention Sale 2024,7,Hannah Matthews,2020-02-17,2020-03-04,957.89,Retention,VIP,United Arab Emirates
1086,Loyalty Brand Push 2022,12,Lori Delgado,2021-06-16,2021-07-05,19073.33,Brand,At-Risk,Italy
1087,Holiday Acquisition Drive 2022,15,,2019-01-04,2019-01-27,6811.59,Acquisition,Returning,France
1088,Summer Awareness Promo 2019,5,Connie Costa,2020-07-03,2020-09-23,19168.76,Awareness,Returning,Australia
1089,Summer Acquisition Promo 2022,11,Felicia Henry,2019-04-24,2019-05-18,6022.72,Acquisition,All,United States
1090,Summer Brand Sale 2021,2,David Zuniga,2024-05-21,2024-06-23,15169.17,Brand,VIP,Saudi Arabia
1091,Holiday Acquisition Drive 2023,5,,2021-11-04,2021-12-05,3156.53,Acquisition,Returning,Global
1092,Spring Conversion Drive 2022,3,Felicia Henry,2022-04-20,2022-05-11,13099.62,Conversion,Returning,Australia
1093,BlackFriday Brand Promo 2020,4,Caitlin Edwards,2023-10-20,2023-12-18,4546.68,Brand,All,Japan
1094,Holiday Acquisition Promo 2024,6,Richard White,2022-03-15,2022-05-25,5501.47,Acquisition,At-Risk,Japan
1095,Loyalty Conversion Campaign 2022,13,Angel Kent,2023-09-02,2023-09-09,2169.09,Conversion,Returning,Mexico
1096,Flash Brand Campaign 2022,10,,2024-09-10,2024-10-21,5656.21,Brand,Returning,United Kingdom
1097,NewYear Brand Push 2021,12,Angel Kent,2022-01-10,2022-03-16,914.09,Brand,All,Nigeria
1098,BlackFriday Acquisition Drive 2022,11,Rachel Wright,2020-08-01,2020-05-05,18326.43,Acquisition,All,Egypt
1099,Clearance Brand Push 2019,3,James Smith,2019-10-16,2019-12-13,10669.5,Brand,New,United Arab Emirates
1100,Flash Acquisition Campaign 2019,12,Rachel Dickerson,2024-06-23,2024-08-11,11598.17,Acquisition,Churned,Canada
1101,Flash Retention Push 2023,5,Rachel Dickerson,2019-05-10,2019-06-17,16535.58,Retention,All,South Africa
1102,Flash Brand Campaign 2024,1,Gloria Keller,2021-04-25,2021-05-15,4338.33,Brand,VIP,Nigeria
1103,Holiday Conversion Push 2019,13,Jennifer Obrien,2019-06-22,2019-09-11,2386.07,Conversion,All,Egypt
1104,Clearance Conversion Promo 2021,3,Mary Rodriguez,2023-06-04,2023-07-31,7637.46,Conversion,At-Risk,United Arab Emirates
1105,NewYear Acquisition Push 2023,11,,2022-08-26,2022-11-15,9580.78,Acquisition,All,Italy
1106,Launch Brand Promo 2020,3,Isaiah Hall Jr.,2020-09-30,2020-11-07,3610.48,Brand,Returning,Japan
1107,Clearance Retention Drive 2024,4,Mark Harris,2021-03-14,2021-04-28,5315.02,Retention,New,United Arab Emirates
1108,Spring Awareness Campaign 2024,8,,2024-01-12,2024-04-10,3394.27,Awareness,All,Italy
1109,Holiday Brand Promo 2024,4,John Lopez,2022-08-29,2022-10-02,6112.9,Brand,All,Japan
1110,NewYear Brand Drive 2020,7,Isaiah Hall Jr.,2023-07-07,2023-09-06,5424.27,Brand,Returning,Philippines
1111,Winter Retention Campaign 2020,1,Elizabeth Hill,2022-08-28,2022-11-11,10827.23,Retention,Returning,Japan
1112,Loyalty Retention Push 2022,10,Angela Chandler,2023-10-26,2024-01-18,7521.82,Retention,Churned,Canada
1113,NewYear Awareness Push 2022,7,Eric Smith MD,2023-06-15,2023-08-25,8398.22,Awareness,New,Germany
1114,Retarget Brand Push 2019,7,Sandra Kim,2021-09-05,2021-11-10,3885.36,Brand,New,United States
1115,Clearance Awareness Push 2022,4,,2024-03-06,2024-03-29,2422.18,Awareness,At-Risk,United Kingdom
1116,Summer Acquisition Sale 2019,8,John Lopez,2019-12-21,2020-03-05,3235.69,Acquisition,Churned,Italy
1117,,14,Rachel Wright,2024-07-05,2024-07-29,5774.92,Retention,At-Risk,Mexico
1118,Winter Acquisition Push 2019,10,David Zuniga,2022-10-30,2022-12-12,9779.62,Acquisition,At-Risk,India
1119,Clearance Conversion Campaign 2022,10,,2020-09-09,2020-10-27,5779.58,Conversion,All,Mexico
1120,Prospecting Acquisition Drive 2024,14,Caitlin Edwards,2020-08-24,2020-11-20,11642.19,Acquisition,Returning,Spain
1121,NewYear Conversion Campaign 2021,14,Sandra Ayala,2020-08-05,2020-09-05,9547.99,Conversion,Churned,Germany
1122,Prospecting Acquisition Drive 2019,8,Scott Taylor,2020-07-10,2020-09-30,1132.55,Acquisition,All,Japan
1123,Flash Acquisition Drive 2022,1,Jon Thomas,2019-01-30,2019-04-11,6844.65,Acquisition,All,Canada
1124,Spring Awareness Campaign 2021,11,Sandra Kim,2021-10-24,2021-12-19,8158.39,Awareness,All,Japan
1125,Winter Retention Drive 2024,10,,2023-12-25,2024-02-27,1288.61,Retention,All,United States
1126,Holiday Brand Push 2023,7,,2020-02-06,2020-01-02,4183.13,Brand,Churned,Germany
1127,Flash Awareness Sale 2023,1,Robert Massey,2023-03-05,2023-04-25,3807.75,Awareness,Churned,United States
1128,Prospecting Retention Push 2023,2,,2022-02-26,2022-05-21,22285.1,Retention,VIP,Philippines
1129,Holiday Awareness Push 2023,1,Connie Costa,2021-07-03,2021-08-13,5054.63,Awareness,VIP,India
1130,Clearance Retention Push 2024,8,Eric Smith MD,2023-04-02,2023-05-14,1504.73,Retention,Churned,Germany
1131,Loyalty Awareness Drive 2024,5,Miguel Johnston,2021-02-03,2021-03-15,2343.72,Awareness,New,United Kingdom
1132,Clearance Retention Drive 2024,2,Sandra Ayala,2021-03-06,2021-03-17,5136.83,Retention,New,Mexico
1133,Winter Brand Sale 2022,15,Jennifer Obrien,2022-01-26,2022-02-03,1740.98,Brand,VIP,Philippines
1134,Retarget Brand Sale 2022,11,Jason Fletcher,2024-06-25,2024-07-05,21520.12,Brand,New,Japan
1135,Summer Acquisition Push 2023,11,Rebecca Simmons,2020-11-26,2021-02-12,27476.96,Acquisition,At-Risk,Italy
1136,Flash Awareness Drive 2019,15,Levi Stewart,2022-07-18,2022-08-03,1373.39,Awareness,Churned,Indonesia
1137,BlackFriday Acquisition Push 2019,1,,2024-02-17,2024-03-20,30606.72,Acquisition,VIP,South Africa
1138,BlackFriday Conversion Drive 2023,15,,2020-08-13,2020-09-08,45814.05,Conversion,New,India
1139,Winter Acquisition Campaign 2019,6,Anthony Rasmussen,2024-10-08,2024-12-15,15635.34,Acquisition,Churned,Germany
1140,WINTER BRAND PUSH 2019,8,Robert Jones,2022-11-26,2023-02-10,515.16,Brand,At-Risk,United Kingdom
1141,Clearance Conversion Sale 2024,2,Alexis Hale,2023-02-16,2023-03-06,19968.38,Conversion,At-Risk,Germany
1142,Prospecting Acquisition Sale 2022,4,,2020-04-06,2020-05-22,4663.96,Acquisition,New,France
1143,Retarget Retention Sale 2021,5,Robert Massey,2023-06-17,2023-08-29,3627.91,Retention,Churned,Global
1144,WINTER CONVERSION SALE 2024,2,Debra Smith,2021-11-24,2022-02-07,1661.17,Conversion,At-Risk,Global
1145,Spring Conversion Campaign 2019,5,,2023-07-11,2023-07-27,4290.02,Conversion,Churned,India
1146,Launch Retention Promo 2021,7,Yolanda Wallace,2021-12-24,2022-02-17,16084.88,Retention,VIP,Italy
1147,Winter Brand Push 2022,4,,2022-07-05,2022-07-22,7019.27,Brand,New,Global
1148,Loyalty Conversion Sale 2021,8,Hunter Woods,2019-03-04,2019-04-28,7273.87,Conversion,New,Philippines
1149,,5,David Zuniga,2020-11-10,2020-12-31,5350.51,Acquisition,VIP,United Kingdom
1150,Winter Acquisition Promo 2024,2,Sandra Ayala,2021-10-29,2021-12-17,1233.99,Acquisition,New,Italy
1151,Retarget Retention Push 2019,10,Felicia Henry,2021-10-11,2021-10-26,9623.27,Retention,At-Risk,Saudi Arabia
1152,NewYear Conversion Push 2024,5,Hannah Matthews,2023-11-09,2023-12-08,4239.09,Conversion,All,Nigeria
1153,Winter Conversion Sale 2022,12,Debra Smith,2022-10-17,2023-01-13,1871.43,Conversion,VIP,Japan
1154,Prospecting Awareness Campaign 2024,8,Angela Dillon,2024-01-08,2024-03-24,1569.57,Awareness,Churned,Indonesia
1155,Launch Brand Promo 2019,5,Angel Kent,2020-03-27,2020-05-22,55179.99,Brand,Churned,Japan
1156,Loyalty Brand Push 2020,9,Anthony Rasmussen,2021-08-16,2021-08-26,4763.98,Brand,VIP,Germany
1157,Flash Conversion Campaign 2022,10,James Smith,2019-02-04,2019-04-03,3278.6,Conversion,Returning,Egypt
1158,BlackFriday Brand Push 2024,6,Alexis Hale,2020-11-04,2020-12-04,35240.03,Brand,At-Risk,Global
1159,Clearance Awareness Push 2024,12,Felicia Henry,2022-09-14,2022-11-11,190.5,Awareness,Returning,Global
1160,NewYear Retention Sale 2021,6,Jon Thomas,2019-03-29,2019-05-23,40622.99,Retention,New,Nigeria
1161,Winter Awareness Promo 2019,1,Alexis Hale,2022-06-21,2022-09-19,26941.52,Awareness,VIP,Germany
1162,Summer Acquisition Campaign 2022,14,Jessica Sanford,2022-07-31,2022-10-28,11439.8,Acquisition,At-Risk,Australia
1163,Prospecting Awareness Drive 2023,5,Mark Morgan,2023-04-27,2023-05-17,12586.52,Awareness,New,United States
1164,Flash Retention Drive 2022,11,,2022-03-03,2022-03-17,11881.13,Retention,All,Mexico
1165,Clearance Awareness Push 2023,13,Dominic Bennett,2020-11-14,2020-12-09,19164.49,Awareness,New,Nigeria
1166,Holiday Acquisition Drive 2023,7,Elizabeth Hill,2023-07-27,2023-08-17,5056.44,Acquisition,New,Egypt
1167,Spring Acquisition Push 2022,14,Mark Harris,2023-11-02,2024-01-18,10192.62,Acquisition,Returning,Australia
1168,Spring Brand Promo 2021,3,,2020-05-11,2020-07-25,16878.35,Brand,VIP,Nigeria
1169,Launch Acquisition Push 2019,6,James Smith,2019-05-01,2019-07-24,6826.08,Acquisition,Churned,Indonesia
1170,Summer Awareness Promo 2024,5,Derek Lowe,2020-05-25,2020-06-05,12719.43,Awareness,All,Saudi Arabia
1171,Loyalty Retention Sale 2023,5,,2024-10-03,2024-11-26,68945.51,Retention,New,Germany
1172,NewYear Acquisition Sale 2023,15,Rebecca Prince,2021-07-26,2021-09-11,5230.37,Acquisition,Returning,United Arab Emirates
1173,Spring Retention Push 2023,13,Jason Fletcher,2019-02-24,2019-05-24,1583.03,Retention,Churned,Philippines
1174,Flash Awareness Promo 2020,3,David Zuniga,2019-10-16,2020-01-12,1531.15,Awareness,All,Egypt
1175,Summer Brand Drive 2019,8,Nicholas Gordon,2021-02-07,2021-04-14,2457.89,Brand,Churned,Brazil
1176,LAUNCH ACQUISITION SALE 2022,1,,2022-04-06,2022-04-22,8747.83,Acquisition,New,Japan
1177,BlackFriday Brand Promo 2021,2,Julie Clark,2021-06-04,2021-07-19,2902.38,Brand,New,Indonesia
1178,Launch Acquisition Sale 2023,6,Mary Rodriguez,2022-09-29,2022-12-28,4129.24,Acquisition,VIP,Japan
1179,Flash Brand Campaign 2022,8,,2021-04-07,2021-07-03,6897.79,Brand,Returning,Saudi Arabia
1180,Winter Acquisition Drive 2022,1,,2023-03-29,2023-06-15,26237.71,Acquisition,Churned,Brazil
1181,Holiday Retention Promo 2019,1,Yolanda Wallace,2024-01-21,2024-04-08,9552.05,Retention,All,United States
1182,Clearance Acquisition Drive 2022,11,Angela Dillon,2021-06-24,2021-07-15,2515.17,Acquisition,All,France
1183,Retarget Acquisition Drive 2023,2,Elizabeth Hill,2021-04-14,2021-02-10,3232.25,Acquisition,VIP,Brazil
1184,Loyalty Retention Drive 2020,14,Jeffrey Herring,2023-01-01,2023-02-17,2031.29,Retention,VIP,Saudi Arabia
1185,Clearance Conversion Promo 2024,6,Angela Dillon,2024-05-14,2024-08-02,2105.94,Conversion,VIP,United States
1186,Spring Conversion Drive 2023,9,Tammy Bell,2021-04-28,2021-05-05,22717.43,Conversion,At-Risk,Indonesia
1187,Retarget Brand Sale 2019,7,Sandra Kim,2024-05-13,2024-06-27,22695.75,Brand,VIP,France
1188,Launch Brand Campaign 2021,9,Jeffrey Herring,2020-12-06,2021-01-30,33189.43,Brand,New,United Kingdom
1189,Flash Conversion Campaign 2020,7,Julie Clark,2019-06-26,2019-08-01,1469.12,Conversion,At-Risk,Mexico
1190,Summer Retention Sale 2023,6,Jennifer Obrien,2020-01-06,2020-02-22,12355.0,Retention,Returning,Netherlands
1191,HOLIDAY AWARENESS CAMPAIGN 2024,7,Hunter Woods,2019-05-04,2019-07-21,4320.81,Awareness,New,Japan
1192,Summer Brand Push 2021,10,James Smith,2021-12-17,2022-01-21,59112.68,Brand,All,United States
1193,Holiday Conversion Campaign 2020,9,Elizabeth Hill,2019-10-07,2019-12-04,752.15,Conversion,Churned,Indonesia
1194,Flash Brand Promo 2022,3,,2019-12-23,2020-02-06,7468.23,Brand,At-Risk,Nigeria
1195,NewYear Acquisition Sale 2023,14,Dominic Bennett,2019-10-23,2019-12-05,4813.1,Acquisition,All,Australia
1196,BlackFriday Acquisition Push 2019,4,Sandra Ayala,2020-11-02,2020-12-17,2670.56,Acquisition,Churned,United States
1197,BlackFriday Awareness Sale 2019,13,,2022-11-17,2022-12-10,6651.25,Awareness,VIP,Germany
1198,NewYear Conversion Push 2024,12,Scott Taylor,2024-05-31,2024-07-27,3629.57,Conversion,Churned,Germany
1199,NewYear Brand Promo 2024,6,Kevin Morris,2022-02-11,2022-03-26,7443.88,Brand,Churned,United States
1200,Clearance Acquisition Drive 2019,7,Miguel Johnston,2024-03-09,2024-05-03,6164.25,Acquisition,New,Australia
1201,NewYear Acquisition Campaign 2024,5,Anthony Rasmussen,2019-10-10,2019-11-16,11804.22,Acquisition,Returning,Brazil
1202,Loyalty Acquisition Promo 2020,11,Eric Smith MD,2020-11-13,2020-08-22,13230.76,Acquisition,VIP,Egypt
1203,Winter Acquisition Promo 2021,3,Stephanie Allen,2022-06-12,2022-08-26,40647.29,Acquisition,Returning,South Africa
1204,Summer Acquisition Promo 2020,7,Lori Delgado,2019-05-12,2019-06-05,11413.96,Acquisition,Churned,Italy
1205,Prospecting Acquisition Drive 2023,7,Eric Dodson Jr.,2021-01-24,2021-02-11,7145.35,Acquisition,At-Risk,Australia
1206,BlackFriday Retention Push 2020,2,Eric Dodson Jr.,2023-08-26,2023-09-19,7099.78,Retention,Returning,United States
1207,flash awareness campaign 2019,5,,2022-09-30,2022-10-29,4149.62,Awareness,New,Egypt
1208,LOYALTY ACQUISITION PUSH 2020,11,Tammy Bell,2020-11-26,2021-01-23,2613.07,Acquisition,At-Risk,Indonesia
1209,  Summer Retention Campaign 2022  ,4,,2021-03-18,2021-04-10,1388.5,Retention,VIP,United Kingdom
1210,Holiday Awareness Drive 2019,4,,2020-12-27,2021-03-08,2686.74,Awareness,New,Japan
1211,Summer Conversion Push 2024,9,Mark Harris,2023-09-28,2023-10-10,13513.98,Conversion,At-Risk,Germany
1212,Summer Brand Sale 2021,11,Willie Bowers,2022-10-17,2022-11-23,12334.28,Brand,All,Brazil
1213,Loyalty Conversion Push 2023,4,Yolanda Wallace,2021-10-14,2022-01-06,14359.77,Conversion,At-Risk,Canada
1214,Summer Awareness Sale 2023,10,Judy Lopez,2021-09-06,2021-09-15,7267.06,Awareness,Returning,Philippines
1215,Flash Conversion Sale 2023,11,Felicia Henry,2023-04-27,2023-05-22,7887.58,Conversion,Returning,United Arab Emirates
1216,Prospecting Conversion Campaign 2021,7,Daniel Bridges,2022-06-30,2022-09-10,5438.87,Conversion,All,Egypt
1217,BlackFriday Brand Sale 2024,6,,2019-03-24,2019-05-27,2862.38,Brand,Churned,Indonesia
1218,holiday acquisition sale 2019,13,Samuel Smith,2021-08-24,2021-10-14,5058.57,Acquisition,All,India
1219,Winter Acquisition Campaign 2021,3,,2024-04-17,2024-07-13,968.75,Acquisition,At-Risk,Netherlands
1220,Winter Brand Promo 2020,15,Charles Torres,2024-06-13,2024-08-07,13306.83,Brand,VIP,Netherlands
1221,Holiday Conversion Campaign 2019,12,Jeffrey Herring,2024-06-25,2024-07-17,7877.46,Conversion,Churned,Japan
1222,Holiday Conversion Drive 2024,13,Sandra Kim,2023-07-30,2023-08-19,2770.69,Conversion,New,Netherlands
1223,Flash Retention Campaign 2023,8,Charles Torres,2020-11-28,2020-12-12,3521.07,Retention,VIP,Australia
1224,Retarget Retention Campaign 2021,11,Daniel Bridges,2024-04-20,2024-05-13,9532.77,Retention,New,Philippines
1225,Winter Brand Promo 2024,3,Kimberly Jensen,2021-11-15,2022-01-31,5069.25,Brand,New,Italy
1226,,11,Anthony Rasmussen,2024-02-01,2024-02-27,1091.09,Awareness,Returning,Brazil
1227,Flash Awareness Campaign 2024,2,Stephanie Allen,2022-04-25,2022-07-11,15172.04,Awareness,All,Netherlands
1228,Retarget Retention Campaign 2023,1,,2023-06-08,2023-08-08,4059.93,Retention,Returning,United Arab Emirates
1229,Spring Acquisition Push 2023,4,,2023-04-20,2023-06-28,10802.81,Acquisition,New,Saudi Arabia
1230,Spring Brand Sale 2024,6,Scott Taylor,2023-04-21,2023-05-15,3862.27,Brand,At-Risk,Global
1231,Retarget Conversion Drive 2023,9,Rachel Dickerson,2023-06-09,2023-08-08,6563.46,Conversion,Returning,Nigeria
1232,BlackFriday Awareness Push 2021,2,Eric Dodson Jr.,2020-12-14,2021-01-29,5798.09,Awareness,Returning,United States
1233,Prospecting Awareness Push 2021,1,Kevin Morris,2020-01-04,2020-02-23,5806.85,Awareness,Returning,Philippines
1234,Loyalty Brand Push 2024,13,Scott Taylor,2024-07-31,2024-09-07,35782.94,Brand,All,Canada
1235,BlackFriday Acquisition Campaign 2019,4,James Smith,2024-07-20,2024-10-11,1045.78,Acquisition,All,Global
1236,Flash Retention Drive 2019,9,Sandra Ayala,2023-05-28,2023-06-20,6789.0,Retention,At-Risk,Saudi Arabia
1237,Winter Conversion Campaign 2019,12,,2023-11-28,2024-02-13,32933.13,Conversion,Returning,Nigeria
1238,Loyalty Conversion Sale 2022,7,Donna Nelson,2021-06-25,2021-08-14,2775.5,Conversion,Returning,South Africa
1239,Winter Awareness Sale 2023,3,Jason Fletcher,2023-09-10,2023-10-22,638.21,Awareness,All,United States
1240,NewYear Retention Push 2021,14,Sandra Kim,2024-01-02,2024-03-03,7669.34,Retention,At-Risk,Japan
1241,Clearance Retention Push 2022,3,Scott Taylor,2019-04-22,2019-06-15,17909.7,Retention,New,France
1242,blackfriday acquisition promo 2020,8,James Smith,2022-11-26,2022-12-31,4206.04,Acquisition,Returning,Nigeria
1243,Retarget Conversion Campaign 2020,14,Hannah Matthews,2023-10-07,2023-12-02,6070.07,Conversion,Churned,Nigeria
1244,Launch Conversion Campaign 2023,7,Jessica Sanford,2023-07-29,2023-09-11,3234.89,Conversion,Churned,Italy
1245,BlackFriday Acquisition Drive 2023,3,Samuel Smith,2024-01-16,2024-03-10,1277.64,Acquisition,New,United States
1246,Retarget Retention Push 2023,5,Hannah Matthews,2024-01-15,2024-01-22,1456.78,Retention,At-Risk,Philippines
1247,Flash Brand Promo 2024,3,Felicia Henry,2022-06-26,2022-09-09,10041.31,Brand,VIP,Germany
1248,Flash Awareness Push 2021,3,Nicholas Gordon,2022-10-03,2022-12-06,10981.91,Awareness,At-Risk,Nigeria
1249,Holiday Brand Promo 2021,3,Sandra Kim,2020-01-14,2020-01-23,3195.21,Brand,Churned,Netherlands
1250,BlackFriday Acquisition Promo 2019,10,Scott Taylor,2020-08-14,2020-09-07,7878.14,Acquisition,New,France
1251,BlackFriday Awareness Campaign 2021,10,Scott Taylor,2023-01-21,2023-03-16,2152.23,Awareness,New,Australia
1252,BlackFriday Acquisition Campaign 2019,3,Kevin Morris,2024-01-06,2024-03-23,11059.09,Acquisition,All,United States
1253,Clearance Conversion Drive 2024,5,,2021-07-14,2021-08-07,6768.31,Conversion,VIP,Germany
1254,BlackFriday Brand Sale 2022,14,Kevin Morris,2024-03-10,2024-03-20,13317.26,Brand,Returning,Brazil
1255,Launch Brand Push 2019,11,Derek Lowe,2020-03-27,2020-05-10,13384.74,Brand,At-Risk,Saudi Arabia
1256,Holiday Acquisition Push 2021,11,Mark Morgan,2022-09-10,2022-12-08,4915.56,Acquisition,All,France
1257,Loyalty Awareness Promo 2024,12,,2021-12-08,2021-12-23,7490.02,Awareness,All,Spain
1258,Prospecting Retention Campaign 2019,8,Jeffrey Herring,2023-01-06,2023-03-04,3922.94,Retention,Returning,Italy
1259,Retarget Acquisition Push 2020,11,,2022-06-17,2022-08-29,620.0,Acquisition,At-Risk,India
1260,Winter Awareness Push 2022,1,Donna Nelson,2024-07-14,2024-08-09,5121.38,Awareness,New,United Kingdom
1261,BlackFriday Brand Drive 2019,15,,2022-08-25,2022-10-05,1687.3,Brand,Returning,Spain
1262,Launch Conversion Push 2019,14,Sandra Ayala,2019-11-04,2019-12-08,3171.57,Conversion,At-Risk,Netherlands
1263,Flash Brand Sale 2020,11,,2023-11-07,2024-01-18,5295.58,Brand,Returning,Saudi Arabia
1264,Clearance Retention Sale 2021,10,Sandra Kim,2023-01-09,2022-12-07,2625.33,Retention,At-Risk,United States
1265,Retarget Conversion Promo 2024,14,Eric Dodson Jr.,2021-01-03,2021-02-15,7051.63,Conversion,At-Risk,Indonesia
1266,Launch Awareness Promo 2024,3,Robert Jones,2019-03-24,2019-05-23,3021.36,Awareness,VIP,Philippines
1267,,12,Mark Harris,2019-01-02,2019-02-11,2356.77,Awareness,Churned,Egypt
1268,Loyalty Awareness Push 2021,13,Rachel Dickerson,2022-04-25,2022-05-08,1992.39,Awareness,All,United States
1269,NewYear Awareness Promo 2019,2,Jennifer Obrien,2023-06-30,2023-07-21,3264.95,Awareness,At-Risk,Egypt
1270,Prospecting Brand Sale 2024,13,Dominic Bennett,2021-01-10,2021-01-23,1064.83,Brand,Returning,South Africa
1271,Loyalty Brand Sale 2021,12,Samuel Smith,2023-03-25,2023-05-03,6263.3,Brand,All,Canada
1272,Summer Conversion Promo 2019,1,Julie Clark,2024-07-27,2024-08-11,6793.73,Conversion,VIP,Spain
1273,NewYear Brand Sale 2024,7,,2020-09-03,2020-10-07,17438.35,Brand,VIP,India
1274,BlackFriday Awareness Drive 2021,9,Judy Lopez,2021-06-15,2021-07-19,1768.52,Awareness,At-Risk,Japan
1275,NewYear Conversion Drive 2019,8,Anthony Rasmussen,2023-05-18,2023-06-19,19086.35,Conversion,New,Indonesia
1276,Winter Awareness Campaign 2023,11,Rebecca Simmons,2021-10-12,2021-11-28,7725.56,Awareness,At-Risk,Japan
1277,Clearance Awareness Campaign 2022,8,,2020-11-22,2021-01-01,4079.04,Awareness,New,Canada
1278,Summer Brand Push 2023,15,Donna Nelson,2023-12-15,2024-02-19,17312.75,Brand,All,Germany
1279,Launch Brand Drive 2022,7,Judy Lopez,2022-03-20,2022-04-22,4399.96,Brand,At-Risk,Germany
1280,Winter Awareness Promo 2021,7,Rebecca Simmons,2019-05-30,2019-07-25,18326.28,Awareness,At-Risk,South Africa
1281,Winter Awareness Drive 2019,7,Willie Bowers,2024-11-16,2025-01-22,6407.71,Awareness,At-Risk,Netherlands
1282,Prospecting Brand Drive 2020,6,Michael Lawrence,2022-12-31,2023-02-01,3177.05,Brand,Returning,Italy
1283,Summer Retention Promo 2024,2,Scott Taylor,2022-08-07,2022-08-17,1930.61,Retention,VIP,Saudi Arabia
1284,Holiday Conversion Promo 2019,4,James Smith,2021-11-07,2022-02-04,7303.37,Conversion,Churned,Canada
1285,Flash Conversion Promo 2022,10,Mark Morgan,2023-03-05,2023-03-31,4766.69,Conversion,Churned,Egypt
1286,Holiday Conversion Push 2020,4,Angela Dillon,2020-12-22,2021-03-22,6152.41,Conversion,Churned,South Africa
1287,Spring Conversion Campaign 2022,3,Jennifer Obrien,2022-08-22,2022-09-16,10199.62,Conversion,New,Netherlands
1288,NewYear Retention Drive 2023,15,Levi Stewart,2021-06-20,2021-07-05,11570.79,Retention,All,United Arab Emirates
1289,flash conversion campaign 2024,9,Rachel Wright,2020-11-05,2021-01-13,6007.86,Conversion,Churned,India
1290,Summer Acquisition Push 2019,1,Carolyn Schultz,2023-04-12,2023-06-23,1885.45,Acquisition,VIP,India
1291,Spring Retention Campaign 2020,3,Nicholas Gordon,2023-06-05,2023-07-31,4967.53,Retention,At-Risk,Philippines
1292,BlackFriday Acquisition Promo 2020,9,Daniel Bridges,2019-02-17,2019-05-16,7499.65,Acquisition,VIP,United Kingdom
1293,Spring Conversion Drive 2021,3,Rachel Dickerson,2019-05-09,2019-06-23,799.3,Conversion,At-Risk,Germany
1294,Launch Awareness Campaign 2020,4,Rebecca Prince,2021-02-04,2021-03-07,897.74,Awareness,New,Saudi Arabia
1295,  Clearance Brand Push 2022  ,15,Donna Nelson,2019-02-18,2019-02-26,7606.57,Brand,All,Netherlands
1296,Launch Acquisition Push 2022,13,Kimberly Jensen,2023-09-05,2023-11-11,5509.52,Acquisition,At-Risk,Netherlands
1297,Winter Awareness Drive 2024,15,Samuel Smith,2020-03-17,2020-04-10,2068.57,Awareness,VIP,France
1298,Retarget Retention Drive 2021,12,Robert Jones,2024-03-27,2024-05-22,4837.83,Retention,Returning,United States
1299,Summer Brand Sale 2024,13,Mark Morgan,2019-06-14,2019-07-01,3565.38,Brand,Returning,Canada
1300,,1,Mark Harris,2022-02-13,2022-03-16,3180.59,Acquisition,VIP,Japan
1301,Retarget Acquisition Sale 2022,8,James Smith,2021-12-12,2022-02-18,12359.42,Acquisition,All,Netherlands
1302,Loyalty Awareness Campaign 2024,8,Mary Rodriguez,2021-12-07,2021-12-29,4316.54,Awareness,All,Philippines
1303,winter retention campaign 2023,10,Rachel Dickerson,2021-08-27,2021-11-20,553.92,Retention,At-Risk,Egypt
1304,flash retention campaign 2019,13,Christine Harris,2022-01-31,2022-03-16,2495.55,Retention,New,Indonesia
1305,Launch Retention Push 2020,10,Michael Lawrence,2022-11-07,2022-12-20,11040.88,Retention,VIP,United States
1306,Prospecting Brand Promo 2023,1,Mark Harris,2024-05-03,2024-05-30,6607.84,Brand,VIP,France
1307,Retarget Retention Promo 2024,11,Michael Lawrence,2024-11-23,2025-01-27,9082.51,Retention,Churned,India
1308,Spring Acquisition Sale 2022,12,Angela Dillon,2024-04-13,2024-04-29,3429.46,Acquisition,VIP,Brazil
1309,Clearance Awareness Sale 2024,10,Rachel Dickerson,2020-02-12,2020-03-26,8668.74,Awareness,At-Risk,Brazil
1310,Winter Awareness Promo 2021,7,Yolanda Wallace,2020-04-17,2020-07-14,4316.19,Awareness,Churned,Germany
1311,Summer Conversion Sale 2024,2,Levi Stewart,2022-01-01,2022-01-16,5802.35,Conversion,At-Risk,France
1312,Summer Awareness Drive 2019,7,Levi Stewart,2020-09-11,2020-10-05,13312.55,Awareness,At-Risk,Egypt
1313,Prospecting Brand Push 2019,9,Hunter Woods,2023-03-19,2023-04-28,6904.06,Brand,At-Risk,United Arab Emirates
1314,Launch Retention Push 2022,10,Connie Costa,2022-08-17,2022-10-03,7748.96,Retention,VIP,South Africa
1315,NewYear Acquisition Campaign 2023,9,Tammy Bell,2021-11-05,2021-11-23,4230.32,Acquisition,Churned,Australia
1316,Loyalty Conversion Campaign 2019,2,Kimberly Jensen,2023-10-05,2023-12-23,1610.95,Conversion,New,Mexico
1317,Prospecting Acquisition Drive 2021,7,Mary Rodriguez,2023-10-07,2023-12-05,2947.84,Acquisition,All,Spain
1318,Retarget Conversion Push 2024,14,Miguel Johnston,2019-04-15,2019-05-11,5124.92,Conversion,New,India
1319,Prospecting Retention Push 2020,2,Rebecca Prince,2020-06-13,2020-08-11,7732.0,Retention,At-Risk,Egypt
1320,Spring Brand Promo 2020,3,Jennifer Obrien,2024-10-30,2025-01-13,2576.5,Brand,VIP,Mexico
1321,,14,Hunter Woods,2023-05-14,2023-06-06,3327.15,Brand,VIP,United States
1322,Prospecting Awareness Push 2020,1,Lori Delgado,2023-01-03,2023-03-20,4669.72,Awareness,At-Risk,United Kingdom
1323,Retarget Conversion Campaign 2019,2,Carolyn Schultz,2019-05-13,2019-05-22,4615.78,Conversion,VIP,Canada
1324,LAUNCH AWARENESS PROMO 2023,10,,2023-10-28,2023-11-30,23273.22,Awareness,Returning,Nigeria
1325,Flash Awareness Push 2019,15,Elizabeth Hill,2020-09-22,2020-10-06,2976.05,Awareness,All,India
1326,Flash Conversion Push 2024,4,Felicia Henry,2019-07-07,2019-09-28,3849.83,Conversion,All,India
1327,Winter Awareness Sale 2023,13,Anthony Rasmussen,2022-11-05,2022-11-16,12767.3,Awareness,Churned,United Kingdom
1328,Loyalty Brand Push 2024,9,Daniel Bridges,2020-06-23,2020-09-08,3053.99,Brand,At-Risk,South Africa
1329,BlackFriday Awareness Drive 2020,2,,2022-11-11,2022-12-10,3198.9,Awareness,Churned,Global
1330,Prospecting Conversion Promo 2024,4,Daniel Bridges,2024-02-13,2024-04-02,3771.4,Conversion,Churned,Indonesia
1331,Loyalty Acquisition Sale 2020,13,Angela Chandler,2019-06-03,2019-04-28,2517.62,Acquisition,New,Mexico
1332,Retarget Acquisition Campaign 2024,12,Christine Harris,2020-01-26,2020-03-27,4282.89,Acquisition,New,Brazil
1333,Flash Retention Push 2019,13,Dominic Bennett,2019-02-04,2019-05-04,65847.48,Retention,New,South Africa
1334,Spring Awareness Push 2024,13,Eric Smith MD,2022-07-31,2022-10-27,7352.47,Awareness,At-Risk,South Africa
1335,Loyalty Conversion Promo 2022,2,Jason Fletcher,2020-03-06,2020-05-10,2327.81,Conversion,All,Mexico
1336,Summer Retention Promo 2022,13,,2020-04-25,2020-05-30,31587.18,Retention,New,Canada
1337,Retarget Conversion Drive 2024,1,Sandra Ayala,2024-05-21,2024-06-28,548.14,Conversion,New,Indonesia
1338,Holiday Retention Drive 2023,7,Mark Morgan,2022-03-13,2022-06-07,3458.57,Retention,Churned,Japan
1339,Launch Awareness Drive 2020,3,David Zuniga,2023-04-30,2023-06-15,4732.05,Awareness,Returning,Italy
1340,Clearance Acquisition Campaign 2019,10,Elizabeth Hill,2023-01-18,2023-03-11,11169.78,Acquisition,All,United States
1341,Flash Awareness Campaign 2020,13,Angel Kent,2019-05-25,2019-08-01,17727.06,Awareness,All,Germany
1342,Clearance Retention Campaign 2022,9,Scott Taylor,2022-06-08,2022-07-01,3847.96,Retention,All,South Africa
1343,Flash Acquisition Push 2020,9,Angel Kent,2024-07-02,2024-09-16,3219.21,Acquisition,Churned,Egypt
1344,Prospecting Awareness Campaign 2024,1,,2021-11-15,2022-02-11,1044.95,Awareness,Returning,Netherlands
1345,Spring Retention Drive 2024,15,Robert Massey,2024-10-11,2024-11-10,8032.57,Retention,At-Risk,Italy
1346,Launch Retention Drive 2024,7,Jeffrey Herring,2024-07-06,2024-09-23,2425.09,Retention,All,India
1347,Winter Retention Campaign 2023,8,Rebecca Prince,2021-12-13,2022-01-30,47856.14,Retention,Returning,Australia
1348,Retarget Brand Drive 2020,9,Eric Dodson Jr.,2021-09-16,2021-09-23,21767.28,Brand,At-Risk,Japan
1349,Holiday Brand Promo 2023,10,Willie Bowers,2021-09-29,2021-12-13,2133.52,Brand,New,France
1350,Loyalty Conversion Campaign 2021,6,Kimberly Jensen,2020-06-03,2020-08-08,4318.74,Conversion,Returning,Italy
1351,Clearance Brand Campaign 2020,6,Samuel Smith,2021-06-18,2021-06-28,5984.85,Brand,Churned,India
1352,NewYear Brand Drive 2024,15,Lori Delgado,2023-07-12,2023-08-28,3083.77,Brand,New,Canada
1353,Winter Conversion Campaign 2024,15,,2021-09-12,2021-11-07,2325.33,Conversion,VIP,Nigeria
1354,Holiday Brand Drive 2020,9,Daniel Bridges,2020-11-03,2020-11-27,1371.12,Brand,Churned,Egypt
1355,NewYear Retention Sale 2019,14,Dominic Bennett,2021-01-23,2021-04-08,3024.65,Retention,At-Risk,Canada
1356,BlackFriday Awareness Drive 2019,11,Angel Kent,2020-12-15,2020-12-27,4885.68,Awareness,New,Global
1357,summer awareness drive 2023,6,Richard White,2024-03-28,2024-05-07,10447.16,Awareness,VIP,Indonesia
1358,Launch Acquisition Campaign 2022,12,Rachel Wright,2020-03-25,2020-06-02,4195.13,Acquisition,VIP,Global
1359,Retarget Awareness Push 2020,8,Judy Lopez,2024-04-27,2024-05-06,9902.05,Awareness,Returning,Philippines
1360,Winter Awareness Sale 2024,4,Elizabeth Hill,2021-12-25,2022-01-20,2310.91,Awareness,VIP,Global
1361,Retarget Awareness Drive 2024,1,Jennifer Obrien,2022-08-18,2022-11-13,33024.33,Awareness,New,Nigeria
1362,Loyalty Acquisition Sale 2019,5,Jennifer Obrien,2023-10-08,2024-01-05,2812.31,Acquisition,Churned,Egypt
1363,Spring Acquisition Push 2022,3,Alexis Hale,2023-02-12,2023-03-15,9218.24,Acquisition,At-Risk,Indonesia
1364,Retarget Awareness Drive 2022,4,Lori Delgado,2020-03-12,2020-05-07,4327.9,Awareness,Returning,United Kingdom
1365,Retarget Retention Push 2021,1,Lori Delgado,2023-07-26,2023-08-19,8430.72,Retention,VIP,Australia
1366,Retarget Retention Campaign 2021,15,Debra Smith,2023-05-20,2023-04-10,1538.26,Retention,All,Philippines
1367,Holiday Conversion Campaign 2024,8,Carolyn Schultz,2019-08-22,2019-11-18,3044.89,Conversion,VIP,United States
1368,Clearance Conversion Sale 2024,12,Miguel Johnston,2019-04-20,2019-07-18,2638.8,Conversion,VIP,Japan
1369,NewYear Brand Campaign 2023,7,Eric Smith MD,2021-04-05,2021-06-14,3058.85,Brand,VIP,United Kingdom
1370,,12,Carolyn Schultz,2020-03-17,2020-04-19,66657.75,Retention,VIP,Global
1371,NEWYEAR CONVERSION PUSH 2022,5,Jon Thomas,2020-11-12,2020-12-31,5180.61,Conversion,All,Canada
1372,retarget retention campaign 2020,5,Tammy Bell,2020-06-04,2020-03-19,1609.78,Retention,Churned,Italy
1373,Holiday Brand Promo 2020,6,Jessica Sanford,2023-11-13,2023-12-15,3521.36,Brand,VIP,Saudi Arabia
1374,Retarget Acquisition Promo 2021,12,Judy Lopez,2022-03-07,2022-05-23,11064.5,Acquisition,At-Risk,Global
1375,Clearance Retention Push 2023,3,Angel Kent,2023-04-30,2023-06-26,3410.53,Retention,VIP,South Africa
1376,Spring Acquisition Sale 2023,6,Scott Taylor,2019-10-20,2019-12-24,1365.92,Acquisition,At-Risk,Egypt
1377,Summer Retention Drive 2023,9,Tammy Bell,2023-02-02,2023-04-27,4097.41,Retention,VIP,Brazil
1378,Loyalty Retention Drive 2021,3,Sandra Ayala,2020-02-12,2020-05-12,5504.74,Retention,VIP,Japan
1379,Loyalty Retention Promo 2021,4,Scott Taylor,2024-08-06,2024-10-20,11514.27,Retention,New,Egypt
1380,NewYear Conversion Sale 2021,1,Rachel Dickerson,2019-06-27,2019-07-08,3578.76,Conversion,Churned,Australia
1381,flash conversion campaign 2022,9,Robert Massey,2021-02-28,2021-03-08,6077.2,Conversion,New,Netherlands
1382,Spring Conversion Drive 2020,4,,2023-05-30,2023-07-01,6251.53,Conversion,Churned,United Kingdom
1383,Clearance Retention Push 2021,12,,2019-05-31,2019-08-08,2884.1,Retention,Returning,Philippines
1384,Retarget Conversion Promo 2023,6,Hunter Woods,2024-10-05,2024-12-31,1116.29,Conversion,All,United States
1385,Summer Brand Sale 2023,4,Christine Harris,2022-01-28,2022-02-21,4645.97,Brand,VIP,Saudi Arabia
1386,  NewYear Awareness Sale 2020  ,6,Eric Smith MD,2020-12-27,2021-01-19,1691.36,Awareness,All,Global
1387,NewYear Conversion Sale 2023,1,Hunter Woods,2023-08-25,2023-09-24,16104.5,Conversion,Churned,Germany
1388,NewYear Acquisition Push 2024,5,Donna Nelson,2021-09-30,2021-10-15,5387.08,Acquisition,Returning,Netherlands
1389,Retarget Conversion Push 2023,10,Rebecca Prince,2019-11-06,2019-12-11,8516.85,Conversion,At-Risk,Indonesia
1390,Holiday Conversion Sale 2021,14,Miguel Johnston,2020-06-25,2020-07-14,15227.67,Conversion,New,France
1391,Loyalty Conversion Sale 2024,4,,2021-07-22,2021-08-19,1389.87,Conversion,At-Risk,Egypt
1392,BlackFriday Retention Push 2021,3,,2023-09-26,2023-11-27,3025.62,Retention,All,Spain
1393,Retarget Acquisition Promo 2023,15,David Zuniga,2021-07-02,2021-07-15,5494.11,Acquisition,Churned,Egypt
1394,Launch Acquisition Push 2022,8,Rachel Wright,2021-04-13,2021-06-03,4104.38,Acquisition,VIP,Japan
1395,BlackFriday Awareness Campaign 2022,6,Levi Stewart,2020-08-31,2020-11-23,2190.05,Awareness,All,Canada
1396,NewYear Acquisition Sale 2021,10,Derek Lowe,2019-08-18,2019-10-25,7362.02,Acquisition,All,Japan
1397,NewYear Conversion Push 2023,6,Sandra Kim,2022-09-28,2022-12-02,7648.57,Conversion,All,United Kingdom
1398,Spring Retention Campaign 2022,15,Richard White,2019-09-24,2019-12-09,1624.69,Retention,New,Italy
1399,Holiday Acquisition Campaign 2024,8,,2023-11-18,2024-01-13,1826.37,Acquisition,New,France
1400,Retarget Awareness Promo 2023,14,Caitlin Edwards,2020-10-22,2020-12-28,3981.89,Awareness,VIP,Italy
1401,Flash Acquisition Promo 2022,12,Donna Nelson,2021-12-31,2022-01-19,9741.06,Acquisition,Returning,Italy
1402,BlackFriday Brand Drive 2020,1,David Zuniga,2021-08-02,2021-10-13,5622.79,Brand,All,Netherlands
1403,Summer Acquisition Drive 2022,7,,2019-08-21,2019-09-04,4943.99,Acquisition,At-Risk,Philippines
1404,Loyalty Awareness Campaign 2023,4,Julie Clark,2024-07-16,2024-07-25,3468.79,Awareness,Returning,Indonesia
1405,Winter Conversion Campaign 2021,10,Isaiah Hall Jr.,2024-10-15,2024-12-24,11424.6,Conversion,New,Japan
1406,Prospecting Awareness Promo 2021,6,Elizabeth Hill,2024-09-03,2024-11-27,1443.14,Awareness,Churned,Saudi Arabia
1407,Retarget Acquisition Campaign 2021,3,,2022-04-30,2022-06-05,10386.05,Acquisition,All,Germany
1408,BlackFriday Acquisition Push 2023,3,Rebecca Prince,2020-06-12,2020-08-25,17634.41,Acquisition,Churned,South Africa
1409,Launch Conversion Promo 2022,1,Alexis Hale,2024-11-06,2024-11-24,8578.63,Conversion,All,Japan
1410,Summer Acquisition Push 2022,11,Rachel Dickerson,2022-11-29,2023-02-21,28113.64,Acquisition,Returning,Spain
1411,Summer Conversion Push 2019,5,Rachel Wright,2021-09-06,2021-10-05,1800.75,Conversion,All,Brazil
1412,BlackFriday Acquisition Push 2022,2,Kimberly Jensen,2024-03-13,2024-05-05,2884.89,Acquisition,VIP,Netherlands
1413,Spring Retention Drive 2023,7,Angela Chandler,2024-04-10,2024-04-25,12516.91,Retention,New,United Arab Emirates
1414,summer brand promo 2024,5,Stephanie Allen,2021-09-07,2021-10-17,1737.36,Brand,Returning,Canada
1415,Retarget Acquisition Promo 2020,9,Julie Clark,2019-04-28,2019-06-29,5308.03,Acquisition,Churned,Egypt
1416,Summer Awareness Push 2023,4,Hunter Woods,2022-06-14,2022-09-03,2894.82,Awareness,At-Risk,Nigeria
1417,NewYear Awareness Sale 2019,2,Christine Harris,2019-04-27,2019-05-22,2165.98,Awareness,All,Philippines
1418,Loyalty Retention Push 2022,2,Felicia Henry,2022-05-09,2022-06-28,2356.19,Retention,New,Netherlands
1419,Launch Acquisition Sale 2022,4,Caitlin Edwards,2024-01-18,2023-11-18,6426.22,Acquisition,Returning,Indonesia
1420,Prospecting Awareness Drive 2023,2,Yolanda Wallace,2024-06-07,2024-07-13,2453.69,Awareness,Churned,France
1421,Loyalty Awareness Drive 2024,3,Julie Clark,2021-01-15,2021-03-13,5238.6,Awareness,Churned,Canada
1422,Clearance Conversion Push 2019,13,Eric Smith MD,2022-12-11,2023-02-14,5955.4,Conversion,At-Risk,Nigeria
1423,NewYear Awareness Push 2020,2,,2019-12-07,2020-02-17,11826.37,Awareness,All,Netherlands
1424,Clearance Awareness Promo 2020,8,,2023-05-20,2023-08-11,1390.89,Awareness,All,Indonesia
1425,NewYear Awareness Push 2021,14,Anthony Rasmussen,2023-08-02,2023-09-10,4776.98,Awareness,VIP,United Arab Emirates
1426,spring awareness sale 2020,1,Debra Smith,2021-02-19,2021-05-19,12009.03,Awareness,At-Risk,South Africa
1427,Clearance Brand Drive 2022,4,Angela Chandler,2022-09-01,2022-09-12,26874.31,Brand,Returning,Japan
1428,Summer Conversion Push 2024,11,Eric Dodson Jr.,2021-09-07,2021-10-24,3057.83,Conversion,Churned,Spain
1429,Summer Retention Push 2021,8,Judy Lopez,2023-07-19,2023-08-01,484.68,Retention,VIP,United States
1430,BlackFriday Acquisition Campaign 2023,10,,2019-12-14,2020-02-17,2205.48,Acquisition,All,Egypt
1431,Launch Awareness Push 2023,5,Julie Clark,2022-03-26,2022-05-26,31527.29,Awareness,Churned,South Africa
1432,Winter Awareness Push 2024,2,Caitlin Edwards,2022-03-06,2022-05-22,6405.98,Awareness,All,France
1433,Winter Acquisition Sale 2022,8,Scott Taylor,2022-02-20,2022-04-08,2599.15,Acquisition,New,Brazil
1434,Flash Conversion Sale 2021,4,Yvette House,2023-07-15,2023-09-29,2951.89,Conversion,VIP,Australia
1435,Winter Awareness Push 2021,3,,2022-07-26,2022-10-11,4512.1,Awareness,Returning,Egypt
1436,Spring Acquisition Sale 2023,13,,2019-07-02,2019-09-17,5504.37,Acquisition,All,India
1437,Retarget Awareness Campaign 2023,11,Rebecca Simmons,2022-12-18,2023-01-09,11481.54,Awareness,All,Global
1438,Flash Acquisition Sale 2022,7,Julie Clark,2023-11-23,2024-02-06,1428.08,Acquisition,Churned,Canada
1439,Holiday Retention Campaign 2021,11,Eric Dodson Jr.,2022-06-27,2022-07-05,6668.65,Retention,At-Risk,South Africa
1440,Retarget Conversion Campaign 2022,10,Angel Kent,2024-09-07,2024-11-14,2283.63,Conversion,Returning,United Kingdom
1441,NewYear Awareness Push 2020,1,,2023-11-29,2024-01-07,6806.0,Awareness,All,Germany
1442,CLEARANCE AWARENESS SALE 2022,13,Kevin Morris,2021-02-13,2021-03-06,1577.05,Awareness,At-Risk,Brazil
1443,NewYear Brand Sale 2022,5,Carolyn Schultz,2019-06-28,2019-09-26,815.44,Brand,All,Saudi Arabia
1444,NewYear Brand Sale 2020,14,Richard White,2023-01-06,2023-02-09,3496.07,Brand,At-Risk,United States
1445,winter conversion sale 2023,9,Donna Nelson,2020-12-22,2021-03-13,4980.68,Conversion,New,Indonesia
1446,NewYear Conversion Promo 2023,5,Mary Rodriguez,2022-06-12,2022-08-04,51850.97,Conversion,At-Risk,Indonesia
1447,Loyalty Acquisition Campaign 2021,8,James Smith,2023-06-07,2023-07-27,528.7,Acquisition,At-Risk,Germany
1448,Clearance Acquisition Campaign 2020,10,Yolanda Wallace,2023-02-22,2023-03-11,10221.19,Acquisition,Returning,Netherlands
1449,Prospecting Awareness Drive 2023,8,Jessica Sanford,2020-08-20,2020-10-19,849.66,Awareness,Returning,Italy
1450,NewYear Brand Campaign 2023,4,Yvette House,2023-12-13,2024-01-06,3705.31,Brand,All,Spain
1451,Clearance Retention Drive 2024,13,,2021-04-30,2021-05-10,8631.55,Retention,VIP,Egypt
1452,Clearance Acquisition Sale 2023,8,Michael Lawrence,2024-11-30,2025-02-14,8125.15,Acquisition,Churned,Nigeria
1453,Summer Conversion Push 2019,12,Elizabeth Hill,2024-11-27,2024-12-21,8119.96,Conversion,Returning,Global
1454,,15,Daniel Bridges,2021-07-23,2021-09-06,10674.61,Conversion,VIP,Spain
1455,Spring Retention Campaign 2019,15,Angel Kent,2023-07-17,2023-08-19,3499.04,Retention,All,India
1456,Retarget Conversion Sale 2024,1,Daniel Bridges,2019-11-09,2020-01-13,1706.0,Conversion,At-Risk,Germany
1457,Spring Conversion Sale 2020,11,Rachel Dickerson,2023-11-18,2023-12-18,14096.69,Conversion,VIP,South Africa
1458,Loyalty Awareness Campaign 2023,4,Dominic Bennett,2019-01-13,2019-03-14,1908.33,Awareness,Returning,Italy
1459,Summer Retention Promo 2020,5,,2020-08-27,2020-07-11,1130.89,Retention,At-Risk,Saudi Arabia
1460,Loyalty Retention Drive 2021,10,,2024-09-24,2024-12-01,12734.72,Retention,New,India
1461,Launch Brand Push 2022,7,Jeffrey Herring,2020-01-03,2020-01-13,8966.38,Brand,VIP,Saudi Arabia
1462,Retarget Retention Drive 2020,4,Robert Jones,2024-03-01,2024-05-29,31631.69,Retention,Returning,Spain
1463,Prospecting Acquisition Sale 2019,12,Nicholas Gordon,2024-10-15,2024-12-05,10139.04,Acquisition,Churned,Australia
1464,Prospecting Acquisition Drive 2023,12,David Zuniga,2024-03-14,2024-06-11,4858.16,Acquisition,Returning,Nigeria
1465,Flash Awareness Promo 2021,15,Eric Dodson Jr.,2023-05-13,2023-06-17,23117.43,Awareness,VIP,Canada
1466,Summer Conversion Campaign 2024,1,Isaiah Hall Jr.,2021-03-22,2021-04-16,10620.93,Conversion,Churned,Germany
1467,Clearance Brand Push 2020,2,Debra Smith,2022-03-09,2022-05-20,3568.25,Brand,Returning,Mexico
1468,Launch Awareness Push 2021,8,Lori Delgado,2020-12-14,2021-01-01,2863.26,Awareness,Churned,Germany
1469,Flash Brand Sale 2020,8,Alexis Hale,2021-12-02,2022-02-08,1982.77,Brand,VIP,Netherlands
1470,Prospecting Brand Drive 2023,9,Judy Lopez,2019-01-21,2019-03-01,1731.52,Brand,Churned,Nigeria
1471,Loyalty Conversion Drive 2021,15,Mark Morgan,2019-05-30,2019-08-24,6641.7,Conversion,Churned,United Kingdom
1472,Spring Acquisition Sale 2019,6,Yolanda Wallace,2022-06-24,2022-07-16,2474.43,Acquisition,New,Mexico
1473,NewYear Retention Campaign 2024,9,James Smith,2023-07-05,2023-09-16,1246.69,Retention,All,Germany
1474,Launch Brand Sale 2021,9,Tammy Bell,2022-07-18,2022-07-26,7841.53,Brand,At-Risk,Canada
1475,Retarget Acquisition Promo 2021,8,Christine Harris,2021-01-19,2021-02-26,10003.6,Acquisition,New,Italy
1476,Spring Awareness Drive 2019,4,Kevin Morris,2019-04-08,2019-05-31,2818.75,Awareness,VIP,Netherlands
1477,Prospecting Acquisition Campaign 2019,14,Yvette House,2024-04-14,2024-06-13,9625.47,Acquisition,Churned,Japan
1478,Holiday Retention Campaign 2020,10,Robert Jones,2020-10-13,2020-12-30,11243.15,Retention,Churned,Canada
1479,Holiday Brand Drive 2024,2,Alexis Hale,2021-11-23,2021-09-02,11946.2,Brand,All,Philippines
1480,Summer Brand Campaign 2021,15,Rebecca Simmons,2019-05-02,2019-04-04,1945.56,Brand,All,United Kingdom
1481,Retarget Acquisition Sale 2023,2,Yolanda Wallace,2024-07-09,2024-07-25,2522.08,Acquisition,At-Risk,Nigeria
1482,Retarget Acquisition Push 2024,6,David Zuniga,2023-01-07,2023-03-04,5080.8,Acquisition,Returning,India
1483,Holiday Awareness Sale 2021,7,Kimberly Jensen,2020-05-08,2020-08-01,3838.05,Awareness,Churned,United Arab Emirates
1484,Summer Brand Sale 2024,5,Gloria Keller,2021-11-25,2022-02-17,11459.44,Brand,New,Brazil
1485,Loyalty Acquisition Promo 2020,8,Isaiah Hall Jr.,2023-06-28,2023-08-11,20340.21,Acquisition,VIP,South Africa
1486,Launch Conversion Push 2021,13,Charles Torres,2024-08-21,2024-10-20,9032.48,Conversion,Returning,Indonesia
1487,Launch Brand Sale 2020,15,Mark Harris,2024-05-06,2024-07-13,18059.05,Brand,VIP,India
1488,Spring Acquisition Promo 2021,10,Jason Fletcher,2023-05-25,2023-07-14,339.95,Acquisition,New,Netherlands
1489,Winter Conversion Drive 2024,13,Sandra Kim,2024-05-15,2024-06-14,877.39,Conversion,VIP,Saudi Arabia
1490,Retarget Awareness Promo 2024,15,,2023-02-16,2023-04-27,6709.38,Awareness,At-Risk,Australia
1491,Prospecting Awareness Push 2023,15,Chase Wolf,2019-05-04,2019-06-04,7898.14,Awareness,At-Risk,United Kingdom
1492,Flash Brand Push 2022,2,Willie Bowers,2023-02-02,2023-04-26,684.77,Brand,VIP,Egypt
1493,Holiday Awareness Drive 2021,5,Jon Thomas,2022-12-10,2023-01-26,22196.9,Awareness,Returning,Germany
1494,Holiday Retention Sale 2023,6,,2021-09-24,2021-11-01,3266.02,Retention,New,Nigeria
1495,Launch Retention Promo 2022,10,Jason Fletcher,2024-04-29,2024-07-24,4717.11,Retention,New,Global
1496,Prospecting Retention Promo 2021,10,Rachel Dickerson,2019-03-12,2019-06-01,6344.75,Retention,Churned,Netherlands
1497,Prospecting Conversion Sale 2024,3,Rachel Wright,2022-10-04,2022-12-28,7102.83,Conversion,Churned,Australia
1498,Clearance Awareness Campaign 2024,12,Stephanie Allen,2020-06-05,2020-07-06,2405.35,Awareness,VIP,Global
1499,Flash Awareness Campaign 2020,13,,2023-02-23,2023-03-10,1644.69,Awareness,New,India
1500,Clearance Brand Push 2019,4,Mary Rodriguez,2021-07-03,2021-09-02,5022.22,Brand,At-Risk,United States
1501,Winter Acquisition Campaign 2024,8,Hunter Woods,2022-12-25,2023-01-29,1705.9,Acquisition,All,Japan
1502,BlackFriday Acquisition Push 2021,1,Judy Lopez,2019-08-17,2019-09-14,7265.34,Acquisition,All,Australia
1503,Winter Conversion Drive 2019,12,Rebecca Simmons,2019-07-31,2019-09-05,4971.9,Conversion,New,Italy
1504,Spring Acquisition Push 2022,11,Angel Kent,2022-12-05,2023-01-21,1389.24,Acquisition,VIP,United States
1505,Winter Brand Promo 2022,2,Samuel Smith,2019-01-28,2019-03-10,8523.28,Brand,Returning,Japan
1506,BlackFriday Brand Push 2020,13,Hunter Woods,2021-11-19,2021-11-29,2281.65,Brand,Returning,Mexico
1507,Summer Conversion Drive 2019,4,Gloria Keller,2022-08-28,2022-10-30,2833.08,Conversion,At-Risk,Egypt
1508,Winter Awareness Drive 2024,12,Angel Kent,2023-09-29,2023-10-14,1757.55,Awareness,VIP,Italy
1509,Loyalty Awareness Drive 2023,5,Samuel Smith,2023-05-31,2023-06-20,4265.93,Awareness,VIP,Nigeria
1510,Loyalty Acquisition Drive 2022,6,Angela Chandler,2021-04-12,2021-04-27,28872.41,Acquisition,Returning,Netherlands
1511,BlackFriday Conversion Push 2022,1,Gloria Keller,2020-08-02,2020-09-19,8153.07,Conversion,New,Global
1512,Launch Awareness Push 2022,10,Felicia Henry,2021-11-06,2021-11-22,10109.26,Awareness,All,Canada
1513,NewYear Acquisition Campaign 2021,1,Hannah Matthews,2024-03-21,2023-12-27,9278.16,Acquisition,VIP,Australia
1514,Loyalty Brand Push 2021,12,Levi Stewart,2021-11-20,2022-02-16,1488.28,Brand,Returning,Brazil
1515,Prospecting Retention Campaign 2024,8,Angel Kent,2020-09-15,2020-12-05,5574.31,Retention,All,Italy
1516,Spring Acquisition Drive 2019,10,James Smith,2020-01-23,2020-02-28,8157.04,Acquisition,Returning,Saudi Arabia
1517,Loyalty Awareness Promo 2024,7,Derek Lowe,2021-12-22,2022-01-06,3296.68,Awareness,All,Saudi Arabia
1518,Loyalty Acquisition Sale 2024,13,Caitlin Edwards,2024-06-14,2024-09-08,692.85,Acquisition,Returning,Japan
1519,Retarget Conversion Push 2020,3,Samuel Smith,2024-03-03,2024-03-10,12693.75,Conversion,At-Risk,Italy
1520,Launch Acquisition Push 2019,11,John Lopez,2024-02-22,2024-04-21,3363.56,Acquisition,Returning,India
1521,Retarget Conversion Drive 2019,13,Dominic Bennett,2023-07-01,2023-09-23,18743.94,Conversion,Returning,Brazil
1522,Clearance Acquisition Promo 2019,5,,2023-06-19,2023-09-01,14602.58,Acquisition,At-Risk,Italy
1523,BlackFriday Brand Sale 2023,15,Jessica Sanford,2021-11-24,2022-01-25,3710.07,Brand,VIP,Japan
1524,holiday conversion drive 2022,3,,2024-04-26,2024-06-21,3793.01,Conversion,Churned,France
1525,NewYear Conversion Sale 2019,9,Mark Morgan,2021-01-01,2021-02-11,10523.25,Conversion,Returning,United Arab Emirates
1526,Loyalty Awareness Promo 2021,14,Robert Massey,2019-07-15,2019-10-01,16859.13,Awareness,All,South Africa
1527,NewYear Brand Drive 2021,13,John Lopez,2021-02-06,2021-04-15,9023.13,Brand,All,United States
1528,Flash Brand Drive 2024,4,Scott Taylor,2019-04-23,2019-06-23,3016.62,Brand,VIP,United Arab Emirates
1529,Loyalty Conversion Sale 2023,4,Caitlin Edwards,2024-05-14,2024-07-20,603.43,Conversion,At-Risk,United Arab Emirates
1530,Clearance Conversion Sale 2020,1,Miguel Johnston,2021-04-25,2021-07-11,1190.95,Conversion,Churned,India
1531,Loyalty Awareness Drive 2022,1,Charles Torres,2024-07-14,2024-08-25,7820.49,Awareness,Returning,Saudi Arabia
1532,Holiday Retention Promo 2019,9,Samuel Smith,2019-06-01,2019-08-25,4521.81,Retention,All,Spain
1533,Launch Retention Campaign 2022,11,Angel Kent,2021-02-13,2021-04-18,1959.76,Retention,Churned,Saudi Arabia
1534,BlackFriday Brand Campaign 2022,10,Lori Delgado,2021-10-08,2021-12-06,786.96,Brand,All,Germany
1535,Flash Awareness Drive 2021,8,Anthony Rasmussen,2023-02-05,2023-02-22,2539.18,Awareness,VIP,Indonesia
1536,Winter Awareness Sale 2019,8,Nicholas Gordon,2021-02-27,2021-04-02,10136.41,Awareness,Churned,Mexico
1537,Winter Retention Promo 2024,13,,2021-06-17,2021-08-24,8043.42,Retention,VIP,Italy
1538,Summer Conversion Promo 2021,7,,2021-06-18,2021-09-02,7729.22,Conversion,All,South Africa
1539,Retarget Awareness Sale 2023,7,,2024-02-01,2024-04-10,6145.77,Awareness,All,Japan
1540,Prospecting Brand Push 2021,5,Sandra Ayala,2021-06-14,2021-07-27,2456.17,Brand,All,India
1541,Retarget Brand Campaign 2020,6,Willie Bowers,2024-10-31,2025-01-12,11856.24,Brand,VIP,United States
1542,NewYear Conversion Sale 2024,15,Judy Lopez,2024-04-10,2024-05-29,1658.66,Conversion,At-Risk,Italy
1543,Holiday Brand Campaign 2019,14,Charles Torres,2024-10-19,2024-12-04,7075.73,Brand,New,France
1544,Spring Conversion Drive 2022,14,Angel Kent,2022-05-07,2022-05-23,26088.42,Conversion,At-Risk,Saudi Arabia
1545,NewYear Acquisition Campaign 2020,10,David Zuniga,2021-06-27,2021-08-11,4739.69,Acquisition,New,France
1546,Retarget Awareness Push 2019,6,Dominic Bennett,2023-06-01,2023-07-19,3690.84,Awareness,All,Nigeria
1547,Flash Acquisition Promo 2021,7,Jessica Sanford,2021-04-18,2021-05-04,3314.97,Acquisition,All,Italy
1548,,13,Willie Bowers,2021-05-30,2021-07-07,5255.18,Acquisition,All,Italy
1549,Summer Brand Campaign 2022,14,Michael Lawrence,2019-01-31,2019-03-20,6100.15,Brand,Churned,Egypt
1550,Prospecting Awareness Sale 2024,4,,2022-05-13,2022-05-30,15408.13,Awareness,Returning,Netherlands
1551,Flash Brand Drive 2022,9,Charles Torres,2021-03-11,2021-03-28,2319.61,Brand,Churned,Global
1552,BlackFriday Awareness Drive 2019,4,Scott Taylor,2019-11-09,2019-09-16,4001.63,Awareness,Returning,Nigeria
1553,Launch Conversion Campaign 2023,8,Nicholas Gordon,2021-06-12,2021-08-18,5058.62,Conversion,New,India
1554,Flash Conversion Push 2023,7,Anthony Rasmussen,2024-03-12,2024-02-10,3622.86,Conversion,All,Italy
1555,BlackFriday Conversion Promo 2023,4,Sandra Ayala,2019-06-05,2019-08-31,4338.48,Conversion,Churned,Mexico
1556,Loyalty Brand Campaign 2022,7,,2020-03-23,2020-04-30,3856.11,Brand,Returning,Germany
1557,Retarget Awareness Push 2024,9,Michael Lawrence,2020-12-23,2021-01-27,5035.25,Awareness,VIP,Netherlands
1558,Winter Retention Campaign 2024,11,,2024-10-27,2024-11-09,962.53,Retention,At-Risk,Brazil
1559,Clearance Awareness Promo 2023,14,John Lopez,2020-02-09,2020-04-01,1863.91,Awareness,At-Risk,Netherlands
1560,,15,Donna Nelson,2020-07-17,2020-08-10,3576.25,Retention,At-Risk,Brazil
1561,Launch Retention Promo 2024,7,Sandra Kim,2021-03-13,2021-03-25,7432.57,Retention,Churned,Indonesia
1562,Loyalty Brand Campaign 2024,15,,2019-06-11,2019-08-20,13228.45,Brand,VIP,Nigeria
1563,Loyalty Conversion Promo 2023,13,Eric Smith MD,2019-11-18,2019-12-31,1589.7,Conversion,All,Brazil
1564,Prospecting Brand Promo 2022,5,Debra Smith,2021-05-03,2021-07-24,8641.24,Brand,VIP,India
1565,BlackFriday Retention Sale 2021,8,,2021-05-23,2021-06-29,4128.37,Retention,At-Risk,Spain
1566,Launch Retention Campaign 2019,8,Samuel Smith,2022-07-06,2022-07-16,2378.87,Retention,VIP,France
1567,Flash Retention Campaign 2020,1,James Smith,2019-06-26,2019-07-13,7949.65,Retention,VIP,Indonesia
1568,Holiday Conversion Promo 2022,8,Derek Lowe,2019-11-11,2019-11-27,9878.98,Conversion,VIP,Nigeria
1569,Retarget Acquisition Push 2023,13,Anthony Rasmussen,2023-03-13,2023-06-07,2678.94,Acquisition,Churned,United Kingdom
1570,Retarget Awareness Sale 2023,13,,2024-05-06,2024-06-17,3785.74,Awareness,All,United Kingdom
1571,NewYear Retention Campaign 2019,13,James Smith,2021-09-01,2021-11-11,1754.47,Retention,Returning,Brazil
1572,Prospecting Conversion Promo 2022,12,Charles Torres,2023-05-17,2023-06-24,17607.83,Conversion,Churned,United Arab Emirates
1573,NewYear Retention Push 2021,11,Charles Torres,2020-11-04,2020-12-04,2375.85,Retention,Returning,France
1574,  Summer Retention Sale 2022  ,7,Scott Taylor,2023-12-20,2023-12-31,13977.55,Retention,VIP,Netherlands
1575,Prospecting Brand Sale 2021,1,Daniel Bridges,2023-02-21,2023-03-07,2145.38,Brand,All,Brazil
1576,Loyalty Conversion Promo 2021,14,Rebecca Prince,2021-04-18,2021-06-17,16141.68,Conversion,New,Canada
1577,Launch Brand Drive 2021,10,Angela Dillon,2021-11-16,2022-01-13,442.37,Brand,VIP,Canada
1578,Winter Brand Promo 2019,2,Jessica Sanford,2020-10-19,2020-11-22,6232.03,Brand,All,Netherlands
1579,Flash Conversion Campaign 2023,13,Daniel Bridges,2021-11-07,2021-12-23,2622.03,Conversion,All,Japan
1580,Flash Retention Sale 2024,8,Jessica Sanford,2023-06-17,2023-09-14,7718.62,Retention,All,Italy
1581,Retarget Retention Sale 2024,9,,2022-01-01,2022-03-08,14502.61,Retention,All,Philippines
1582,Retarget Retention Campaign 2022,7,Rachel Wright,2022-08-03,2022-08-28,5619.42,Retention,All,Indonesia
1583,Prospecting Conversion Push 2024,1,Rachel Dickerson,2021-06-01,2021-07-29,7395.93,Conversion,VIP,Indonesia
1584,Summer Conversion Drive 2020,10,Judy Lopez,2020-03-04,2020-05-29,260.81,Conversion,New,Mexico
1585,Prospecting Acquisition Push 2019,12,,2022-05-20,2022-06-25,12653.14,Acquisition,New,Australia
1586,Clearance Acquisition Campaign 2019,10,Robert Jones,2024-07-02,2024-08-14,4354.62,Acquisition,New,United Arab Emirates
1587,Retarget Retention Push 2019,5,Angela Chandler,2019-05-07,2019-07-21,8066.8,Retention,At-Risk,Australia
1588,Winter Acquisition Promo 2019,15,Anthony Rasmussen,2019-12-17,2020-02-07,7938.88,Acquisition,New,India
1589,Launch Awareness Campaign 2022,15,Felicia Henry,2022-09-16,2022-09-27,1608.72,Awareness,VIP,Nigeria
1590,holiday retention push 2024,5,Rachel Wright,2020-07-15,2020-10-05,26633.15,Retention,New,Mexico
1591,NewYear Brand Push 2023,8,Jon Thomas,2020-03-18,2020-05-22,80705.82,Brand,VIP,Japan
1592,Summer Acquisition Push 2022,14,,2022-05-18,2022-08-10,4911.56,Acquisition,VIP,Japan
1593,  Prospecting Awareness Push 2019  ,2,Robert Jones,2023-12-01,2024-01-05,2368.48,Awareness,Churned,Nigeria
1594,NewYear Acquisition Sale 2019,11,Dominic Bennett,2020-01-31,2020-03-30,11930.37,Acquisition,At-Risk,Japan
1595,Clearance Retention Promo 2021,15,Yvette House,2023-07-05,2023-08-07,14854.68,Retention,New,India
1596,Winter Conversion Drive 2022,15,Eric Smith MD,2023-10-25,2023-11-25,5312.75,Conversion,New,France
1597,NewYear Brand Push 2023,6,John Lopez,2023-05-01,2023-06-30,4987.39,Brand,VIP,Saudi Arabia
1598,NewYear Awareness Push 2023,14,Angela Chandler,2021-06-30,2021-09-12,2510.62,Awareness,Churned,Egypt
1599,Prospecting Acquisition Sale 2021,11,,2019-10-15,2019-12-31,432.2,Acquisition,Churned,United Arab Emirates
1600,Loyalty Brand Sale 2021,6,Miguel Johnston,2019-01-10,2019-03-31,14587.79,Brand,Churned,Japan
1601,Spring Awareness Drive 2024,12,Felicia Henry,2019-09-18,2019-11-06,8257.23,Awareness,VIP,South Africa
1602,Flash Awareness Campaign 2020,14,James Smith,2021-11-09,2022-02-03,6133.97,Awareness,Returning,India
1603,Winter Acquisition Drive 2021,9,,2021-05-25,2021-07-10,222.67,Acquisition,Churned,Philippines
1604,Prospecting Brand Sale 2019,2,Elizabeth Hill,2024-06-04,2024-06-18,3142.51,Brand,Returning,Saudi Arabia
1605,Flash Conversion Push 2019,2,Jon Thomas,2023-07-14,2023-08-06,629.7,Conversion,All,Indonesia
1606,BlackFriday Acquisition Push 2020,14,Yvette House,2019-08-27,2019-11-19,2017.84,Acquisition,VIP,Philippines
1607,Summer Acquisition Drive 2021,8,Isaiah Hall Jr.,2021-04-23,2021-05-13,2640.81,Acquisition,Returning,Canada
1608,Spring Conversion Campaign 2021,9,Tammy Bell,2024-10-03,2024-11-03,723.52,Conversion,VIP,Canada
1609,Prospecting Conversion Campaign 2022,2,Derek Lowe,2023-06-16,2023-07-18,3616.68,Conversion,Returning,Canada
1610,NewYear Conversion Push 2023,6,Alexis Hale,2019-07-15,2019-07-28,21784.31,Conversion,New,United Arab Emirates
1611,Holiday Awareness Sale 2020,4,,2023-11-19,2024-01-04,2600.43,Awareness,VIP,United States
1612,Launch Retention Sale 2022,8,Hunter Woods,2024-02-07,2024-02-26,1503.46,Retention,New,Indonesia
1613,NewYear Retention Drive 2019,15,Rachel Wright,2020-06-10,2020-07-25,44927.61,Retention,All,United Arab Emirates
1614,Flash Retention Campaign 2022,6,Julie Clark,2024-11-22,2025-01-07,5205.38,Retention,VIP,Japan
1615,Prospecting Brand Push 2024,2,Eric Dodson Jr.,2022-11-09,2023-01-30,2788.82,Brand,New,France
1616,Loyalty Brand Promo 2022,7,Charles Torres,2023-12-14,2024-01-09,2600.1,Brand,New,Italy
1617,Loyalty Awareness Sale 2021,5,Lori Delgado,2021-02-23,2021-04-24,2661.48,Awareness,New,Spain
1618,,11,Derek Lowe,2021-01-17,2021-01-26,2192.11,Retention,New,South Africa
1619,Spring Acquisition Promo 2024,11,Debra Smith,2023-10-22,2023-11-13,1816.47,Acquisition,At-Risk,Saudi Arabia
1620,Launch Retention Push 2024,3,Mark Harris,2019-01-10,2019-01-27,38020.98,Retention,All,Nigeria
1621,Spring Retention Campaign 2020,6,Caitlin Edwards,2023-08-31,2023-11-25,1053.18,Retention,Churned,Spain
1622,Launch Awareness Push 2019,3,Stephanie Allen,2020-01-11,2020-02-21,7231.68,Awareness,At-Risk,Philippines
1623,Prospecting Awareness Sale 2019,13,Jeffrey Herring,2019-01-27,2019-03-19,3766.73,Awareness,Churned,Brazil
1624,Clearance Conversion Push 2020,3,Nicholas Gordon,2020-02-12,2020-03-06,2530.34,Conversion,Churned,Global
1625,Prospecting Awareness Push 2020,8,Robert Massey,2021-06-20,2021-07-15,10668.91,Awareness,New,United Kingdom
1626,BlackFriday Retention Drive 2022,11,,2020-03-21,2020-06-14,22277.28,Retention,At-Risk,France
1627,Launch Acquisition Campaign 2020,5,David Zuniga,2023-05-12,2023-06-06,9033.15,Acquisition,Churned,Egypt
1628,NewYear Conversion Push 2023,2,,2021-11-25,2021-12-07,3482.53,Conversion,VIP,South Africa
1629,Prospecting Awareness Push 2021,15,Robert Jones,2021-03-18,2021-06-13,1020.97,Awareness,Churned,Spain
1630,SUMMER RETENTION PROMO 2019,1,Rachel Wright,2022-09-02,2022-09-12,948.13,Retention,Returning,Australia
1631,FLASH AWARENESS PROMO 2020,5,Alexis Hale,2020-09-17,2020-11-01,3510.76,Awareness,At-Risk,Mexico
1632,Prospecting Retention Drive 2019,8,Charles Torres,2023-07-15,2023-07-27,4481.13,Retention,All,Philippines
1633,Winter Conversion Drive 2023,1,Elizabeth Hill,2022-01-30,2022-04-21,3366.43,Conversion,Churned,United Arab Emirates
1634,Prospecting Retention Promo 2021,7,Sandra Ayala,2023-09-26,2023-10-07,11662.27,Retention,New,Spain
1635,Flash Conversion Push 2023,6,,2019-01-05,2019-03-18,2277.55,Conversion,Churned,Nigeria
1636,Launch Brand Campaign 2022,9,Elizabeth Hill,2020-10-05,2020-11-29,1931.39,Brand,VIP,Italy
1637,Loyalty Brand Push 2023,12,Daniel Bridges,2019-01-19,2019-02-21,5148.1,Brand,At-Risk,United Kingdom
1638,Spring Acquisition Drive 2021,7,,2024-10-06,2024-10-24,1301.61,Acquisition,New,India
1639,Summer Retention Promo 2020,9,Kimberly Jensen,2019-03-18,2019-06-08,2072.43,Retention,VIP,Netherlands
1640,Loyalty Awareness Drive 2023,15,Jeffrey Herring,2024-01-22,2024-02-25,937.13,Awareness,Churned,United States
1641,Winter Conversion Promo 2020,4,,2019-12-11,2020-02-22,1469.72,Conversion,Churned,United Arab Emirates
1642,Launch Acquisition Push 2024,12,Chase Wolf,2020-03-15,2020-06-02,5455.62,Acquisition,VIP,Japan
1643,Prospecting Brand Sale 2021,2,Jon Thomas,2020-04-16,2020-06-20,1119.26,Brand,Churned,United Kingdom
1644,BlackFriday Acquisition Campaign 2024,6,Debra Smith,2019-10-03,2019-12-20,1600.42,Acquisition,Returning,Philippines
1645,Prospecting Awareness Campaign 2020,6,Kimberly Jensen,2023-07-16,2023-08-19,4534.65,Awareness,All,United Kingdom
1646,NewYear Brand Push 2023,14,Debra Smith,2020-01-12,2020-03-09,14500.31,Brand,At-Risk,United States
1647,BlackFriday Brand Drive 2020,13,Nicholas Gordon,2021-08-18,2021-10-30,7248.76,Brand,At-Risk,Global
1648,NewYear Retention Campaign 2019,9,Sandra Kim,2024-02-12,2024-03-09,28177.87,Retention,Churned,Australia
1649,,6,,2024-11-02,2024-11-29,2175.73,Brand,Churned,Australia
1650,Summer Brand Sale 2019,12,Rebecca Simmons,2020-03-23,2020-04-26,2431.32,Brand,Returning,Brazil
1651,Summer Acquisition Campaign 2024,6,Tammy Bell,2023-09-12,2023-11-23,9588.63,Acquisition,Churned,United Arab Emirates
1652,Prospecting Brand Promo 2021,7,Eric Smith MD,2019-10-03,2019-12-03,1588.45,Brand,At-Risk,Italy
1653,Launch Retention Sale 2019,11,Angela Chandler,2023-04-15,2023-06-12,2208.87,Retention,VIP,United Arab Emirates
1654,Holiday Brand Campaign 2022,13,John Lopez,2023-08-28,2023-10-09,27267.15,Brand,Churned,United Arab Emirates
1655,Clearance Brand Promo 2023,14,Mark Harris,2023-12-19,2024-01-05,5680.08,Brand,Returning,Egypt
1656,Winter Acquisition Campaign 2023,11,Hannah Matthews,2019-06-24,2019-08-14,2839.93,Acquisition,All,United Arab Emirates
1657,Launch Acquisition Drive 2021,10,Yolanda Wallace,2022-04-18,2022-05-30,5406.21,Acquisition,Churned,Netherlands
1658,retarget awareness sale 2022,5,Chase Wolf,2023-02-01,2023-04-30,10732.25,Awareness,VIP,South Africa
1659,Flash Acquisition Campaign 2022,7,Hannah Matthews,2019-11-23,2019-12-15,11428.08,Acquisition,All,Global
1660,Loyalty Brand Campaign 2021,2,Angel Kent,2024-09-17,2024-10-26,3458.76,Brand,VIP,Brazil
1661,Flash Brand Promo 2024,5,Carolyn Schultz,2023-12-10,2024-01-26,25633.08,Brand,New,Egypt
1662,BlackFriday Retention Sale 2021,13,,2022-03-13,2022-05-10,4357.82,Retention,At-Risk,South Africa
1663,Holiday Retention Sale 2023,10,Robert Jones,2023-01-24,2023-02-06,1957.86,Retention,Churned,India
1664,Spring Brand Sale 2021,6,Caitlin Edwards,2021-07-16,2021-08-06,5807.81,Brand,At-Risk,India
1665,Winter Awareness Promo 2021,14,Willie Bowers,2023-11-17,2024-01-23,1292.29,Awareness,All,Global
1666,BlackFriday Acquisition Push 2022,3,Debra Smith,2023-03-01,2023-05-14,31183.99,Acquisition,VIP,Saudi Arabia
1667,BlackFriday Acquisition Drive 2020,13,Robert Massey,2022-06-13,2022-08-20,2456.98,Acquisition,At-Risk,Italy
1668,Loyalty Awareness Drive 2023,9,Jason Fletcher,2021-12-28,2022-02-05,7372.51,Awareness,At-Risk,Global
1669,Winter Awareness Drive 2022,12,Levi Stewart,2024-10-29,2024-12-10,10297.16,Awareness,New,India
1670,Launch Conversion Sale 2023,4,Daniel Bridges,2024-09-19,2024-11-07,4470.13,Conversion,Returning,Netherlands
1671,NewYear Acquisition Drive 2022,12,Jennifer Obrien,2022-11-30,2023-01-27,3184.82,Acquisition,All,Nigeria
1672,NewYear Conversion Promo 2021,2,John Lopez,2022-04-29,2022-06-28,5976.8,Conversion,New,Egypt
1673,Spring Brand Campaign 2022,4,Levi Stewart,2020-03-07,2020-05-31,1442.88,Brand,At-Risk,Nigeria
1674,Prospecting Conversion Campaign 2020,14,Stephanie Allen,2022-11-04,2022-11-28,1292.35,Conversion,At-Risk,France
1675,Prospecting Conversion Push 2020,1,,2022-12-07,2023-01-21,4539.21,Conversion,Churned,Philippines
1676,Loyalty Awareness Push 2021,2,Chase Wolf,2019-05-19,2019-08-01,17655.72,Awareness,VIP,Italy
1677,Launch Acquisition Promo 2020,8,Isaiah Hall Jr.,2019-08-11,2019-08-23,4734.12,Acquisition,Returning,Canada
1678,NewYear Conversion Push 2020,15,,2022-11-18,2022-12-26,1586.63,Conversion,New,Nigeria
1679,NewYear Conversion Drive 2024,8,Debra Smith,2019-12-20,2020-01-07,2963.4,Conversion,Returning,Spain
1680,BlackFriday Retention Push 2023,3,Eric Dodson Jr.,2023-07-05,2023-08-28,62632.25,Retention,At-Risk,Nigeria
1681,BlackFriday Brand Promo 2022,11,Isaiah Hall Jr.,2021-10-05,2021-12-01,4208.82,Brand,New,Netherlands
1682,Summer Brand Campaign 2022,9,Caitlin Edwards,2023-09-15,2023-11-04,16130.63,Brand,New,Philippines
1683,Winter Brand Drive 2022,12,Jessica Sanford,2019-03-06,2019-03-21,6452.35,Brand,At-Risk,Nigeria
1684,Winter Conversion Push 2020,6,Willie Bowers,2024-07-22,2024-09-02,1286.42,Conversion,VIP,Germany
1685,Loyalty Conversion Push 2020,13,,2022-10-09,2022-11-11,1486.86,Conversion,All,Germany
1686,Loyalty Conversion Drive 2023,7,Richard White,2021-07-05,2021-09-16,2533.82,Conversion,All,Brazil
1687,Retarget Conversion Drive 2021,9,Kimberly Jensen,2021-04-29,2021-06-09,5436.03,Conversion,At-Risk,Netherlands
1688,Flash Conversion Promo 2024,7,Angela Dillon,2021-05-08,2021-04-27,25710.85,Conversion,At-Risk,United States
1689,BlackFriday Conversion Drive 2021,6,,2023-04-06,2023-07-05,9060.42,Conversion,All,India
1690,Holiday Conversion Campaign 2024,11,Dominic Bennett,2022-08-25,2022-10-31,2049.67,Conversion,All,Nigeria
1691,Flash Conversion Drive 2024,2,Richard White,2021-11-03,2021-11-28,2040.48,Conversion,All,United States
1692,BlackFriday Brand Drive 2021,14,Alexis Hale,2021-12-31,2022-01-13,11451.66,Brand,At-Risk,Spain
1693,BlackFriday Acquisition Sale 2024,12,James Smith,2022-11-05,2022-12-08,21150.45,Acquisition,VIP,Philippines
1694,Winter Retention Sale 2019,8,Hunter Woods,2019-12-09,2019-12-22,52545.54,Retention,New,Germany
1695,Clearance Conversion Campaign 2023,6,Alexis Hale,2024-08-18,2024-09-23,6377.88,Conversion,VIP,Indonesia
1696,Retarget Acquisition Sale 2023,5,Rebecca Prince,2020-12-06,2021-01-15,16322.8,Acquisition,All,Saudi Arabia
1697,Spring Acquisition Promo 2020,8,Rachel Dickerson,2022-01-18,2022-03-25,4205.28,Acquisition,Churned,United Arab Emirates
1698,Winter Conversion Push 2022,7,Charles Torres,2020-12-27,2021-02-06,1161.61,Conversion,All,Global
1699,Winter Conversion Campaign 2023,8,Dominic Bennett,2020-02-20,2020-04-09,5320.75,Conversion,All,Egypt
1700,Loyalty Acquisition Promo 2023,8,,2024-10-12,2024-11-18,40634.25,Acquisition,Returning,Saudi Arabia
1701,NewYear Conversion Drive 2019,6,Lori Delgado,2021-11-27,2022-02-16,3832.52,Conversion,VIP,Nigeria
1702,BlackFriday Brand Campaign 2022,12,Rachel Dickerson,2019-04-17,2019-06-27,11327.51,Brand,New,Global
1703,SUMMER RETENTION PUSH 2021,7,,2020-01-09,2020-03-23,3660.8,Retention,VIP,Global
1704,Holiday Awareness Campaign 2023,11,Robert Massey,2022-12-05,2023-01-11,2962.03,Awareness,Returning,Global
1705,Clearance Conversion Sale 2020,13,Gloria Keller,2020-08-23,2020-09-01,4370.68,Conversion,At-Risk,Germany
1706,Loyalty Retention Campaign 2019,5,Stephanie Allen,2024-11-16,2024-12-05,6380.62,Retention,VIP,Nigeria
1707,Clearance Brand Push 2023,11,Samuel Smith,2023-12-05,2023-12-27,1044.96,Brand,Churned,Egypt
1708,Loyalty Conversion Promo 2020,12,Levi Stewart,2021-11-26,2022-02-07,10679.56,Conversion,All,India
1709,newyear conversion campaign 2022,8,Levi Stewart,2020-04-17,2020-05-09,9125.0,Conversion,At-Risk,United States
1710,Flash Brand Sale 2024,4,Lori Delgado,2022-09-29,2022-10-15,9608.52,Brand,At-Risk,Egypt
1711,Retarget Awareness Sale 2024,10,Nicholas Gordon,2020-03-03,2020-03-23,2964.05,Awareness,At-Risk,United Kingdom
1712,Loyalty Retention Promo 2021,7,Willie Bowers,2023-05-24,2023-06-04,8091.03,Retention,At-Risk,Saudi Arabia
1713,Spring Brand Drive 2023,7,Hannah Matthews,2022-11-27,2023-01-13,16292.58,Brand,All,Germany
1714,Winter Acquisition Promo 2022,7,Angela Dillon,2019-12-02,2020-01-08,15079.27,Acquisition,All,Saudi Arabia
1715,Flash Brand Campaign 2024,13,Jennifer Obrien,2020-06-26,2020-08-03,371.65,Brand,VIP,India
1716,Clearance Retention Push 2021,13,Rachel Dickerson,2021-01-11,2021-03-04,6091.07,Retention,All,South Africa
1717,Summer Retention Campaign 2023,10,Anthony Rasmussen,2024-01-01,2024-03-06,3575.35,Retention,Returning,France
1718,Holiday Brand Promo 2019,9,Jason Fletcher,2021-08-26,2021-09-12,3766.81,Brand,Returning,Brazil
1719,Winter Conversion Push 2021,13,Angela Chandler,2023-01-28,2023-02-04,2351.0,Conversion,New,Mexico
1720,Loyalty Awareness Campaign 2023,4,Robert Jones,2021-06-14,2021-07-30,2238.07,Awareness,Returning,Nigeria
1721,Loyalty Conversion Push 2023,11,Angel Kent,2023-11-30,2024-01-27,3614.82,Conversion,All,Brazil
1722,Prospecting Retention Drive 2024,6,,2022-06-11,2022-08-13,12127.5,Retention,New,Mexico
1723,Holiday Awareness Sale 2019,9,Hunter Woods,2021-01-09,2021-01-22,4030.51,Awareness,At-Risk,Brazil
1724,Retarget Conversion Campaign 2022,13,,2023-10-24,2023-12-16,11662.77,Conversion,Churned,France
1725,Launch Awareness Push 2020,7,Alexis Hale,2023-11-26,2024-01-15,3137.13,Awareness,Returning,Italy
1726,Loyalty Retention Promo 2021,4,Chase Wolf,2023-04-30,2023-05-15,2246.02,Retention,Returning,South Africa
1727,Flash Brand Campaign 2020,14,Angela Dillon,2019-04-28,2019-05-18,6107.89,Brand,New,France
1728,Holiday Acquisition Push 2024,11,Daniel Bridges,2021-05-20,2021-06-29,988.45,Acquisition,All,Australia
1729,Flash Acquisition Sale 2021,6,Mary Rodriguez,2021-09-09,2021-09-29,7807.24,Acquisition,Churned,Nigeria
1730,Loyalty Brand Push 2024,13,Caitlin Edwards,2019-05-14,2019-07-02,4775.81,Brand,Churned,Japan
1731,Clearance Conversion Promo 2023,7,Stephanie Allen,2023-09-03,2023-11-29,25920.19,Conversion,VIP,Spain
1732,Prospecting Conversion Push 2019,15,,2019-09-29,2019-11-22,18053.53,Conversion,All,United Arab Emirates
1733,,5,,2024-01-29,2024-02-17,1778.33,Conversion,All,Saudi Arabia
1734,winter conversion push 2022,11,Felicia Henry,2021-05-10,2021-07-13,2558.01,Conversion,Returning,South Africa
1735,Spring Conversion Sale 2024,1,Sandra Ayala,2019-11-24,2020-02-09,3239.64,Conversion,All,Global
1736,Prospecting Awareness Drive 2019,9,Sandra Ayala,2024-01-10,2024-03-13,2385.87,Awareness,All,Italy
1737,Winter Conversion Drive 2023,9,Jason Fletcher,2022-09-07,2022-10-19,7032.06,Conversion,At-Risk,Canada
1738,Retarget Retention Push 2022,5,Robert Massey,2023-09-16,2023-09-26,32331.95,Retention,New,Mexico
1739,Holiday Brand Push 2019,11,Julie Clark,2022-07-28,2022-09-14,8076.14,Brand,VIP,United Kingdom
1740,Winter Awareness Push 2024,15,Mark Morgan,2021-12-17,2022-01-14,12198.55,Awareness,Churned,India
1741,Summer Retention Push 2020,15,Jeffrey Herring,2019-12-12,2020-02-22,4625.97,Retention,At-Risk,Spain
1742,Clearance Conversion Campaign 2021,15,Levi Stewart,2023-04-12,2023-07-01,4089.9,Conversion,New,Italy
1743,Flash Retention Sale 2021,11,Dominic Bennett,2024-08-28,2024-10-04,4225.54,Retention,At-Risk,Spain
1744,NewYear Brand Sale 2019,3,Kimberly Jensen,2020-05-29,2020-07-28,8371.9,Brand,All,Nigeria
1745,Retarget Awareness Campaign 2022,12,Richard White,2021-12-22,2022-01-10,5362.56,Awareness,At-Risk,France
1746,LAUNCH CONVERSION DRIVE 2024,1,Alexis Hale,2020-01-01,2020-03-14,3820.84,Conversion,At-Risk,Saudi Arabia
1747,,1,Felicia Henry,2019-03-30,2019-01-09,3457.59,Conversion,Returning,United Kingdom
1748,Flash Acquisition Promo 2020,4,,2023-03-21,2023-05-09,34451.38,Acquisition,At-Risk,Mexico
1749,Clearance Retention Promo 2022,10,Yvette House,2020-12-09,2021-03-01,505.27,Retention,Churned,Canada
1750,NewYear Awareness Push 2019,7,Eric Dodson Jr.,2020-08-20,2020-08-29,11461.9,Awareness,At-Risk,Mexico
1751,Summer Brand Drive 2024,13,Elizabeth Hill,2021-10-05,2021-12-13,15787.7,Brand,All,United States
1752,Spring Conversion Promo 2024,4,Rebecca Prince,2021-12-09,2021-12-30,7036.67,Conversion,All,Indonesia
1753,Winter Awareness Drive 2023,8,Daniel Bridges,2020-08-02,2020-09-25,2244.32,Awareness,Churned,Philippines
1754,Flash Acquisition Drive 2020,2,Mark Harris,2019-07-12,2019-10-01,3447.21,Acquisition,At-Risk,Netherlands
1755,BlackFriday Retention Push 2022,1,David Zuniga,2021-05-14,2021-07-02,5964.54,Retention,Returning,Canada
1756,Retarget Acquisition Campaign 2023,10,Elizabeth Hill,2019-07-03,2019-07-27,1164.42,Acquisition,VIP,Australia
1757,Spring Awareness Push 2022,7,David Zuniga,2024-01-27,2024-03-28,282.51,Awareness,Churned,United States
1758,Clearance Brand Promo 2023,9,,2021-08-09,2021-09-20,3679.42,Brand,Churned,United States
1759,Holiday Brand Push 2022,3,Jason Fletcher,2023-12-19,2024-02-11,3926.04,Brand,Churned,Brazil
1760,BlackFriday Brand Push 2021,13,Eric Smith MD,2019-10-25,2020-01-19,994.75,Brand,All,Canada
1761,NewYear Retention Campaign 2019,1,Julie Clark,2024-05-03,2024-06-20,2893.28,Retention,New,Nigeria
1762,BlackFriday Conversion Campaign 2023,5,Willie Bowers,2019-12-26,2020-01-29,2552.8,Conversion,All,Egypt
1763,Spring Awareness Sale 2021,2,Gloria Keller,2019-10-17,2019-10-30,3095.4,Awareness,New,France
1764,Holiday Brand Push 2019,15,Derek Lowe,2024-08-07,2024-10-26,337.38,Brand,VIP,Egypt
1765,Prospecting Brand Campaign 2023,9,Willie Bowers,2023-06-11,2023-08-31,2497.91,Brand,New,Brazil
1766,Clearance Brand Sale 2023,6,Yolanda Wallace,2019-08-23,2019-11-01,2980.46,Brand,New,Nigeria
1767,Holiday Awareness Sale 2022,12,James Smith,2022-05-11,2022-07-09,13064.57,Awareness,Churned,Netherlands
1768,loyalty awareness promo 2022,15,Daniel Bridges,2020-12-09,2021-01-01,4371.86,Awareness,VIP,Spain
1769,Winter Conversion Campaign 2020,1,Jon Thomas,2020-08-04,2020-10-19,6640.89,Conversion,Returning,Global
1770,Loyalty Brand Promo 2019,11,Sandra Ayala,2024-06-30,2024-08-06,8723.43,Brand,At-Risk,Spain
1771,Winter Conversion Drive 2021,9,Kevin Morris,2022-12-11,2023-02-07,7022.18,Conversion,At-Risk,Netherlands
1772,Summer Retention Sale 2019,14,,2019-02-21,2019-04-04,5456.08,Retention,Returning,Japan
1773,Prospecting Brand Campaign 2020,6,,2024-01-27,2024-04-24,5473.12,Brand,All,Brazil
1774,Retarget Awareness Campaign 2019,14,Nicholas Gordon,2019-10-11,2019-11-17,2674.21,Awareness,New,Brazil
1775,BlackFriday Acquisition Drive 2024,4,,2020-10-20,2020-12-19,684.59,Acquisition,All,Netherlands
1776,BlackFriday Retention Promo 2024,6,David Zuniga,2024-01-24,2024-01-31,4607.27,Retention,VIP,Saudi Arabia
1777,Summer Brand Drive 2021,5,Gloria Keller,2022-06-08,2022-08-10,2344.28,Brand,All,India
1778,Launch Awareness Sale 2020,14,James Smith,2020-10-02,2020-11-27,813.08,Awareness,New,United Arab Emirates
1779,Spring Conversion Campaign 2023,14,Anthony Rasmussen,2022-12-20,2023-02-23,1490.38,Conversion,Churned,Philippines
1780,Loyalty Conversion Promo 2020,15,Miguel Johnston,2023-05-29,2023-08-05,13705.34,Conversion,At-Risk,Germany
1781,Summer Awareness Campaign 2020,2,Willie Bowers,2020-07-07,2020-09-12,905.37,Awareness,At-Risk,Japan
1782,NewYear Retention Promo 2020,15,,2024-01-29,2024-03-20,4652.45,Retention,At-Risk,United Arab Emirates
1783,Launch Acquisition Drive 2020,8,Carolyn Schultz,2021-09-16,2021-11-20,5881.24,Acquisition,Returning,Australia
1784,Holiday Brand Promo 2020,7,Jessica Sanford,2023-12-07,2024-01-26,31223.88,Brand,VIP,United States
1785,Loyalty Acquisition Sale 2021,13,Eric Dodson Jr.,2024-11-02,2025-01-12,14129.8,Acquisition,VIP,Spain
1786,Prospecting Conversion Campaign 2019,9,Jeffrey Herring,2024-02-09,2024-04-11,1086.21,Conversion,At-Risk,Philippines
1787,Spring Brand Campaign 2019,12,Daniel Bridges,2019-06-16,2019-07-20,1160.24,Brand,Churned,France
1788,Launch Retention Campaign 2024,15,Levi Stewart,2024-06-13,2024-03-19,10703.49,Retention,At-Risk,Netherlands
1789,Clearance Retention Drive 2021,15,Rachel Dickerson,2024-06-08,2024-08-13,41886.17,Retention,New,Global
1790,Loyalty Brand Campaign 2019,4,Mark Harris,2022-03-04,2022-04-28,20735.41,Brand,Returning,Nigeria
1791,Spring Brand Campaign 2022,8,,2021-08-02,2021-08-19,4376.28,Brand,New,Netherlands
1792,NewYear Acquisition Sale 2022,13,,2022-09-13,2022-11-29,12439.17,Acquisition,Churned,Italy
1793,Retarget Acquisition Sale 2019,3,Christine Harris,2019-02-05,2019-04-22,1902.87,Acquisition,All,Australia
1794,Spring Acquisition Push 2020,5,,2023-05-12,2023-06-18,214805.87,Acquisition,New,France
1795,Loyalty Brand Push 2021,4,Jon Thomas,2024-03-20,2024-05-01,18857.67,Brand,At-Risk,United States
1796,Prospecting Retention Sale 2023,13,Caitlin Edwards,2019-03-15,2019-05-09,10141.15,Retention,Churned,Mexico
1797,Retarget Acquisition Sale 2021,12,Jennifer Obrien,2024-07-11,2024-04-17,1514.02,Acquisition,VIP,Global
1798,NewYear Acquisition Campaign 2023,3,Dominic Bennett,2024-01-13,2024-03-10,7808.16,Acquisition,VIP,France
1799,Winter Conversion Push 2022,10,Jessica Sanford,2023-02-16,2023-04-07,4792.02,Conversion,Returning,Nigeria
1800,Summer Awareness Campaign 2021,12,Scott Taylor,2022-07-08,2022-08-17,2240.8,Awareness,VIP,South Africa
1801,NewYear Brand Promo 2024,15,Dominic Bennett,2023-04-06,2023-06-13,10955.59,Brand,VIP,Brazil
1802,Loyalty Awareness Drive 2022,2,Carolyn Schultz,2023-05-29,2023-06-06,2332.29,Awareness,VIP,Australia
1803,BlackFriday Conversion Push 2019,6,,2022-01-19,2022-01-26,5159.09,Conversion,VIP,Brazil
1804,BlackFriday Retention Push 2022,8,Rachel Dickerson,2019-11-03,2019-12-22,3961.06,Retention,New,Nigeria
1805,Launch Retention Drive 2023,9,Stephanie Allen,2020-03-26,2020-05-29,6080.54,Retention,Churned,Spain
1806,Summer Acquisition Push 2023,1,Elizabeth Hill,2023-02-15,2023-05-08,3095.2,Acquisition,Returning,Australia
1807,Winter Acquisition Campaign 2023,2,,2024-10-03,2024-10-21,713.31,Acquisition,Churned,United Arab Emirates
1808,Flash Retention Push 2021,9,,2023-08-22,2023-11-10,7570.37,Retention,All,France
1809,  Loyalty Retention Drive 2024  ,9,Jason Fletcher,2021-02-26,2021-05-05,2374.28,Retention,Returning,South Africa
1810,Prospecting Acquisition Sale 2023,8,Jon Thomas,2024-07-15,2024-08-11,1326.61,Acquisition,VIP,Philippines
1811,Spring Retention Drive 2024,6,Rebecca Prince,2022-07-01,2022-07-22,4901.97,Retention,At-Risk,Philippines
1812,blackfriday conversion sale 2019,7,Angel Kent,2020-02-11,2020-02-19,4685.63,Conversion,Returning,India
1813,Launch Acquisition Drive 2019,13,Jessica Sanford,2023-10-11,2023-10-18,1850.78,Acquisition,At-Risk,United States
1814,Winter Conversion Sale 2024,1,Richard White,2024-06-19,2024-09-01,23666.63,Conversion,At-Risk,Japan
1815,Spring Awareness Sale 2021,6,Mark Harris,2022-06-05,2022-07-02,1020.36,Awareness,All,Global
1816,Winter Awareness Campaign 2021,13,Rachel Dickerson,2020-09-07,2020-10-22,5934.34,Awareness,VIP,Mexico
1817,BlackFriday Retention Drive 2019,2,Yolanda Wallace,2019-11-30,2020-02-24,11738.75,Retention,Returning,Canada
1818,Flash Conversion Campaign 2021,1,Debra Smith,2021-09-20,2021-11-25,9313.61,Conversion,VIP,Global
1819,Winter Awareness Promo 2023,12,Robert Massey,2021-06-15,2021-08-12,2295.95,Awareness,All,Philippines
1820,BlackFriday Conversion Push 2021,8,Rebecca Prince,2019-08-18,2019-08-31,1014.5,Conversion,Returning,Spain
1821,Launch Retention Promo 2021,1,Samuel Smith,2023-08-02,2023-10-17,21235.24,Retention,Returning,India
1822,NewYear Brand Drive 2022,1,Yolanda Wallace,2022-12-21,2023-01-15,7082.56,Brand,Returning,Saudi Arabia
1823,Launch Retention Sale 2022,4,Angel Kent,2021-06-04,2021-06-17,4401.13,Retention,New,Mexico
1824,Loyalty Retention Push 2020,6,Connie Costa,2023-03-05,2023-03-29,5159.88,Retention,At-Risk,Nigeria
1825,PROSPECTING CONVERSION DRIVE 2019,2,Charles Torres,2021-11-30,2022-02-09,2049.44,Conversion,All,Germany
1826,Summer Retention Sale 2023,10,Rachel Dickerson,2019-03-31,2019-04-12,1015.96,Retention,All,Germany
1827,Clearance Retention Drive 2021,10,Alexis Hale,2024-07-15,2024-09-21,850.66,Retention,All,France
1828,Spring Brand Promo 2019,1,Daniel Bridges,2019-10-21,2020-01-09,6192.36,Brand,Returning,United Kingdom
1829,Spring Brand Drive 2019,2,Elizabeth Hill,2022-12-16,2023-02-06,6101.59,Brand,Returning,Brazil
1830,Loyalty Acquisition Campaign 2024,4,Caitlin Edwards,2019-03-04,2019-03-11,5522.39,Acquisition,VIP,Philippines
1831,Clearance Acquisition Drive 2023,11,Charles Torres,2024-01-28,2024-04-08,5665.85,Acquisition,Returning,Philippines
1832,NewYear Awareness Drive 2020,15,Stephanie Allen,2020-04-27,2020-06-20,6114.85,Awareness,VIP,Germany
1833,Holiday Retention Drive 2019,2,Judy Lopez,2022-10-01,2022-12-03,37912.73,Retention,New,Japan
1834,Summer Acquisition Campaign 2020,10,Charles Torres,2020-04-08,2020-06-12,9023.9,Acquisition,VIP,Germany
1835,Spring Conversion Promo 2023,13,Rachel Wright,2024-07-23,2024-09-27,2016.6,Conversion,Returning,Philippines
1836,Flash Acquisition Push 2019,7,James Smith,2019-08-05,2019-10-27,700.38,Acquisition,New,South Africa
1837,Holiday Brand Sale 2020,15,Richard White,2019-05-25,2019-07-09,4330.66,Brand,All,Philippines
1838,Prospecting Retention Campaign 2023,13,Julie Clark,2019-01-25,2019-04-24,31336.86,Retention,At-Risk,Netherlands
1839,blackfriday acquisition promo 2021,8,Michael Lawrence,2024-05-26,2024-08-22,2790.3,Acquisition,VIP,India
1840,BlackFriday Conversion Drive 2020,11,Tammy Bell,2022-08-28,2022-11-02,6669.4,Conversion,Churned,Nigeria
1841,Flash Brand Promo 2020,3,Kimberly Jensen,2021-05-05,2021-05-26,11014.63,Brand,VIP,Spain
1842,Holiday Conversion Drive 2021,13,,2021-10-27,2022-01-24,4930.89,Conversion,New,Australia
1843,Summer Brand Push 2024,10,John Lopez,2024-10-15,2024-12-29,15148.85,Brand,All,United States
1844,Spring Conversion Promo 2023,11,Kimberly Jensen,2021-08-15,2021-11-04,6267.31,Conversion,At-Risk,United Kingdom
1845,Prospecting Awareness Sale 2024,11,Willie Bowers,2024-08-02,2024-09-14,3927.26,Awareness,New,Indonesia
1846,Prospecting Retention Promo 2024,2,,2020-03-06,2020-04-11,4074.44,Retention,At-Risk,Italy
1847,Spring Conversion Campaign 2023,3,Felicia Henry,2021-08-17,2021-09-10,9885.52,Conversion,Returning,Egypt
1848,Spring Brand Sale 2019,5,Connie Costa,2020-09-30,2020-11-28,1095.16,Brand,Churned,Brazil
1849,Winter Brand Promo 2021,1,Mary Rodriguez,2020-06-24,2020-09-19,7630.3,Brand,New,Germany
1850,Spring Conversion Campaign 2022,11,,2020-04-28,2020-05-18,2558.26,Conversion,All,Germany
1851,Spring Retention Push 2020,13,Jennifer Obrien,2024-06-04,2024-04-19,952.59,Retention,New,Mexico
1852,Flash Conversion Drive 2022,8,Carolyn Schultz,2021-02-20,2021-02-28,1709.06,Conversion,New,Global
1853,BlackFriday Brand Push 2021,2,Robert Jones,2021-11-09,2022-02-02,2845.13,Brand,Returning,India
1854,Launch Brand Promo 2021,6,Mark Morgan,2021-09-21,2021-11-06,1854.04,Brand,Returning,Australia
1855,Retarget Brand Push 2023,10,,2019-08-06,2019-11-03,1979.04,Brand,VIP,Indonesia
1856,Prospecting Retention Campaign 2019,7,Carolyn Schultz,2022-09-21,2022-11-28,19752.64,Retention,New,Egypt
1857,SUMMER BRAND PUSH 2023,4,Robert Massey,2019-01-06,2019-03-09,1573.75,Brand,Returning,Japan
1858,Flash Acquisition Promo 2021,8,Jeffrey Herring,2021-05-26,2021-06-07,2555.75,Acquisition,All,India
1859,Loyalty Brand Sale 2020,3,,2024-01-27,2024-02-07,3708.55,Brand,All,Global
1860,BlackFriday Retention Campaign 2019,1,Christine Harris,2021-11-25,2021-12-10,9929.26,Retention,All,Japan
1861,Clearance Acquisition Drive 2019,5,Yolanda Wallace,2020-09-12,2020-10-20,24130.1,Acquisition,All,United Arab Emirates
1862,Retarget Conversion Sale 2021,6,Chase Wolf,2024-02-06,2024-03-20,8457.21,Conversion,Returning,Global
1863,Flash Awareness Drive 2023,4,Yolanda Wallace,2020-02-23,2020-05-16,8502.69,Awareness,Returning,United Kingdom
1864,Clearance Retention Promo 2019,12,Miguel Johnston,2021-05-31,2021-07-11,5502.69,Retention,Churned,Brazil
1865,BlackFriday Acquisition Push 2023,10,Eric Smith MD,2021-10-30,2022-01-18,2195.44,Acquisition,At-Risk,Philippines
1866,NewYear Conversion Push 2020,1,Isaiah Hall Jr.,2020-11-17,2021-02-07,10766.5,Conversion,Returning,Egypt
1867,Clearance Brand Drive 2021,3,Sandra Kim,2021-04-25,2021-05-30,2579.86,Brand,VIP,Netherlands
1868,Launch Acquisition Sale 2024,4,Tammy Bell,2021-08-31,2021-10-05,10491.1,Acquisition,Returning,United States
1869,Holiday Retention Promo 2020,15,,2022-07-22,2022-08-29,2958.88,Retention,All,India
1870,Holiday Acquisition Campaign 2020,1,Gloria Keller,2019-06-14,2019-07-03,15061.04,Acquisition,Returning,France
1871,BlackFriday Retention Sale 2020,5,Stephanie Allen,2020-06-26,2020-09-13,1622.04,Retention,Churned,Egypt
1872,Spring Retention Sale 2022,4,Julie Clark,2022-07-14,2022-08-19,2620.49,Retention,VIP,United Kingdom
1873,flash awareness sale 2019,6,Debra Smith,2022-06-29,2022-08-06,2255.8,Awareness,Returning,United Arab Emirates
1874,,2,,2023-05-24,2023-07-15,2952.58,Awareness,VIP,Saudi Arabia
1875,Summer Retention Drive 2022,14,,2021-01-08,2021-04-06,4116.23,Retention,All,United Kingdom
1876,Spring Acquisition Promo 2021,5,,2024-11-04,2024-12-31,1659.21,Acquisition,VIP,Canada
1877,Loyalty Brand Push 2019,2,Rachel Dickerson,2024-04-16,2024-06-09,6468.02,Brand,New,France
1878,Launch Acquisition Sale 2021,6,Yolanda Wallace,2022-11-13,2023-01-25,1765.83,Acquisition,New,Philippines
1879,Prospecting Acquisition Promo 2019,2,Tammy Bell,2021-12-06,2021-12-15,6673.08,Acquisition,VIP,Brazil
1880,LOYALTY CONVERSION PROMO 2023,12,Mary Rodriguez,2024-09-20,2024-10-05,62885.46,Conversion,Churned,Nigeria
1881,Prospecting Conversion Campaign 2021,2,Alexis Hale,2023-04-03,2023-05-20,164995.97,Conversion,VIP,Nigeria
1882,Flash Retention Push 2020,2,Richard White,2019-04-19,2019-06-30,6895.29,Retention,All,Global
1883,Flash Conversion Push 2024,3,Lori Delgado,2021-02-03,2021-04-06,6092.41,Conversion,New,Italy
1884,Retarget Awareness Drive 2023,3,Hunter Woods,2024-09-23,2024-11-15,3384.59,Awareness,All,Italy
1885,Spring Conversion Sale 2023,4,Scott Taylor,2021-07-15,2021-07-22,3950.89,Conversion,At-Risk,Italy
1886,summer conversion promo 2022,2,Mark Harris,2019-09-27,2019-10-11,9570.73,Conversion,VIP,Indonesia
1887,Launch Retention Promo 2020,9,Hunter Woods,2024-01-11,2024-04-10,6656.18,Retention,At-Risk,Indonesia
1888,Winter Retention Promo 2023,8,Michael Lawrence,2020-12-15,2021-01-18,13903.87,Retention,All,Italy
1889,Summer Brand Drive 2021,1,Levi Stewart,2024-10-20,2024-11-09,10218.09,Brand,New,Canada
1890,,15,Alexis Hale,2019-10-23,2019-11-05,4297.76,Conversion,All,India
1891,Clearance Acquisition Drive 2023,10,Rebecca Simmons,2022-06-28,2022-09-07,4245.22,Acquisition,Churned,Germany
1892,Holiday Brand Sale 2019,9,John Lopez,2020-01-16,2020-03-13,3744.01,Brand,All,Germany
1893,Launch Acquisition Drive 2020,7,David Zuniga,2023-12-19,2024-02-16,25319.73,Acquisition,Churned,Nigeria
1894,Prospecting Brand Promo 2022,12,Derek Lowe,2021-06-25,2021-09-07,6134.78,Brand,All,Egypt
1895,Loyalty Retention Sale 2020,15,James Smith,2020-11-14,2021-02-09,10270.91,Retention,New,Philippines
1896,Flash Conversion Drive 2022,7,Dominic Bennett,2024-10-28,2024-11-24,3644.82,Conversion,At-Risk,Nigeria
1897,Summer Brand Sale 2022,3,Kimberly Jensen,2023-08-07,2023-09-02,2527.3,Brand,All,Nigeria
1898,Prospecting Awareness Drive 2022,3,David Zuniga,2024-04-17,2024-05-31,10216.78,Awareness,At-Risk,France
1899,Clearance Acquisition Push 2019,11,James Smith,2023-01-23,2023-03-24,2905.23,Acquisition,VIP,United States
1900,Holiday Brand Sale 2021,8,Dominic Bennett,2022-05-02,2022-06-06,8300.19,Brand,New,Spain
1901,Launch Retention Drive 2019,10,Angela Dillon,2022-01-19,2022-04-16,4499.58,Retention,Churned,Egypt
1902,NewYear Conversion Promo 2022,2,,2020-10-22,2021-01-07,4008.77,Conversion,Returning,Italy
1903,BlackFriday Awareness Campaign 2024,8,Kimberly Jensen,2024-01-10,2024-02-19,3138.46,Awareness,Churned,United Kingdom
1904,Launch Retention Drive 2021,7,Elizabeth Hill,2023-08-12,2023-10-11,8334.11,Retention,At-Risk,Egypt
1905,,2,Tammy Bell,2021-04-14,2021-05-03,23279.72,Brand,New,Italy
1906,Flash Conversion Sale 2024,5,James Smith,2023-12-03,2024-02-25,5357.23,Conversion,VIP,Spain
1907,Holiday Conversion Sale 2021,4,Jessica Sanford,2022-08-07,2022-08-20,18417.08,Conversion,All,Global
1908,Loyalty Acquisition Push 2019,8,Lori Delgado,2021-10-05,2021-10-16,9637.54,Acquisition,Returning,Egypt
1909,Flash Conversion Promo 2020,9,Nicholas Gordon,2023-05-04,2023-06-07,1668.68,Conversion,Returning,Nigeria
1910,Clearance Retention Push 2021,12,Lori Delgado,2019-03-30,2019-05-01,24764.51,Retention,New,Spain
1911,Clearance Brand Sale 2023,8,Angela Dillon,2019-06-02,2019-06-29,10137.5,Brand,At-Risk,Germany
1912,Launch Conversion Campaign 2021,6,Eric Smith MD,2022-06-07,2022-07-03,3691.17,Conversion,New,Germany
1913,Retarget Conversion Sale 2024,3,Debra Smith,2019-05-01,2019-06-24,1168.35,Conversion,VIP,United Arab Emirates
1914,Retarget Awareness Sale 2023,6,Charles Torres,2024-04-05,2024-05-19,8527.57,Awareness,Churned,United Kingdom
1915,Retarget Awareness Drive 2020,9,Angela Dillon,2019-03-17,2019-06-02,16197.4,Awareness,Returning,Philippines
1916,Flash Retention Campaign 2021,14,Julie Clark,2020-03-29,2020-06-10,1485.73,Retention,Churned,Nigeria
1917,Flash Conversion Sale 2024,3,,2021-12-30,2022-02-02,3073.16,Conversion,New,India
1918,Holiday Conversion Drive 2020,13,Connie Costa,2020-11-23,2020-12-07,4910.17,Conversion,New,United States
1919,BlackFriday Awareness Push 2019,10,Hannah Matthews,2021-04-28,2021-05-25,10100.92,Awareness,Churned,Japan
1920,Summer Acquisition Campaign 2024,10,Sandra Kim,2024-06-06,2024-07-18,1541.83,Acquisition,New,Netherlands
1921,Retarget Brand Campaign 2024,10,Hannah Matthews,2023-03-13,2023-04-23,2315.27,Brand,At-Risk,Spain
1922,Loyalty Brand Campaign 2021,3,,2022-09-25,2022-10-26,21506.59,Brand,VIP,Germany
1923,Flash Brand Push 2019,9,Mark Harris,2023-04-24,2023-06-13,6812.82,Brand,Returning,Netherlands
1924,Retarget Conversion Campaign 2021,13,Anthony Rasmussen,2020-09-03,2020-09-10,17720.76,Conversion,Returning,France
1925,Spring Awareness Push 2024,4,Tammy Bell,2023-12-31,2024-02-12,2391.91,Awareness,New,Egypt
1926,Clearance Retention Sale 2019,7,Richard White,2023-06-16,2023-08-08,4941.46,Retention,New,Egypt
1927,Prospecting Brand Sale 2023,9,Rebecca Prince,2020-05-16,2020-06-25,16271.15,Brand,New,South Africa
1928,Launch Acquisition Sale 2019,14,Charles Torres,2022-05-24,2022-06-08,5023.95,Acquisition,At-Risk,Spain
1929,Prospecting Awareness Drive 2024,7,Miguel Johnston,2024-09-25,2024-10-16,8133.48,Awareness,Returning,India
1930,Clearance Acquisition Drive 2021,10,Rachel Wright,2022-04-13,2022-05-27,3610.3,Acquisition,VIP,Nigeria
1931,Summer Brand Drive 2022,11,Rachel Wright,2020-08-20,2020-10-14,17538.04,Brand,Returning,Italy
1932,Spring Conversion Campaign 2022,2,Jennifer Obrien,2020-03-31,2020-06-24,10959.36,Conversion,VIP,Saudi Arabia
1933,BlackFriday Conversion Promo 2020,13,Mark Harris,2022-05-26,2022-06-03,10370.21,Conversion,Returning,Australia
1934,Prospecting Conversion Drive 2021,13,Mark Harris,2020-11-18,2020-12-27,6610.81,Conversion,Churned,Saudi Arabia
1935,Holiday Retention Sale 2019,14,Julie Clark,2022-05-28,2022-08-02,9146.92,Retention,Returning,Netherlands
1936,NewYear Conversion Sale 2020,2,Connie Costa,2021-12-11,2021-12-27,1991.76,Conversion,New,Saudi Arabia
1937,Flash Acquisition Campaign 2022,1,Stephanie Allen,2022-02-05,2022-04-28,4284.83,Acquisition,New,Mexico
1938,Loyalty Awareness Push 2023,13,Hunter Woods,2019-11-06,2020-01-25,10799.7,Awareness,At-Risk,United States
1939,Summer Awareness Promo 2023,7,Kevin Morris,2020-03-10,2020-03-28,28275.94,Awareness,Churned,Philippines
1940,Winter Awareness Drive 2024,14,Miguel Johnston,2019-01-29,2019-04-24,1034.05,Awareness,Returning,United Arab Emirates
1941,Retarget Retention Drive 2021,14,,2020-09-26,2020-11-10,4422.57,Retention,All,Nigeria
1942,Launch Brand Push 2021,7,Samuel Smith,2024-07-08,2024-07-23,1483.71,Brand,New,Brazil
1943,BlackFriday Awareness Sale 2023,5,Michael Lawrence,2022-03-16,2022-03-31,2648.54,Awareness,Churned,Germany
1944,Retarget Brand Sale 2023,2,Gloria Keller,2020-06-30,2020-07-08,2562.0,Brand,VIP,Canada
1945,Spring Acquisition Promo 2021,12,Stephanie Allen,2023-09-10,2023-10-01,10208.09,Acquisition,At-Risk,Philippines
1946,BlackFriday Awareness Promo 2023,11,Mark Morgan,2020-01-14,2020-01-25,1021.63,Awareness,Churned,Egypt
1947,Loyalty Awareness Promo 2023,7,Carolyn Schultz,2022-09-23,2022-10-06,2641.89,Awareness,At-Risk,Netherlands
1948,Retarget Conversion Drive 2020,2,,2019-08-12,2019-10-25,14608.64,Conversion,Returning,Canada
1949,Winter Acquisition Promo 2024,1,Miguel Johnston,2024-09-19,2024-11-10,13123.32,Acquisition,At-Risk,Mexico
1950,Spring Retention Push 2022,6,Kevin Morris,2022-06-13,2022-07-31,670.06,Retention,All,Nigeria
1951,  Summer Conversion Campaign 2020  ,10,Elizabeth Hill,2019-04-01,2019-05-12,3079.32,Conversion,New,Brazil
1952,BlackFriday Retention Promo 2021,4,Angela Chandler,2023-06-22,2023-09-17,5525.46,Retention,Churned,Indonesia
1953,Clearance Brand Sale 2020,15,Eric Dodson Jr.,2022-07-23,2022-08-28,8787.81,Brand,Returning,Indonesia
1954,Flash Acquisition Drive 2023,2,Samuel Smith,2024-02-02,2024-02-20,5576.47,Acquisition,Returning,Global
1955,Winter Conversion Sale 2020,7,Caitlin Edwards,2019-02-01,2019-03-29,8898.97,Conversion,New,Brazil
1956,Clearance Retention Promo 2022,3,Connie Costa,2020-09-26,2020-10-11,16857.38,Retention,All,Global
1957,NewYear Awareness Campaign 2020,9,Mary Rodriguez,2022-12-01,2023-01-27,25172.66,Awareness,Returning,Canada
1958,WINTER AWARENESS SALE 2020,11,Dominic Bennett,2020-09-02,2020-11-25,12588.76,Awareness,At-Risk,Global
1959,Flash Conversion Sale 2024,6,Robert Massey,2023-11-20,2024-01-07,7450.84,Conversion,Returning,Spain
1960,BlackFriday Retention Sale 2024,1,Anthony Rasmussen,2020-11-08,2020-12-20,21499.82,Retention,At-Risk,Japan
1961,Clearance Retention Drive 2020,9,Gloria Keller,2021-08-27,2021-11-13,6972.05,Retention,At-Risk,Global
1962,Launch Brand Drive 2024,11,John Lopez,2022-09-12,2022-11-23,2761.48,Brand,VIP,South Africa
1963,Summer Retention Push 2024,2,Jennifer Obrien,2023-11-08,2023-11-28,4123.78,Retention,New,United Kingdom
1964,Clearance Retention Sale 2021,15,Nicholas Gordon,2019-03-20,2019-04-05,1835.65,Retention,At-Risk,Nigeria
1965,Retarget Acquisition Campaign 2021,13,Hannah Matthews,2023-01-16,2023-04-06,359.7,Acquisition,VIP,Indonesia
1966,Summer Acquisition Campaign 2020,4,,2023-07-02,2023-07-22,4773.96,Acquisition,New,Canada
1967,Loyalty Awareness Campaign 2022,8,Caitlin Edwards,2019-10-29,2019-11-11,15398.66,Awareness,New,Mexico
1968,Spring Awareness Sale 2021,10,John Lopez,2022-04-20,2022-06-02,617.83,Awareness,VIP,Canada
1969,NewYear Conversion Drive 2019,13,Angel Kent,2023-03-14,2023-05-17,12802.68,Conversion,VIP,Brazil
1970,Retarget Acquisition Drive 2023,4,Gloria Keller,2023-01-08,2023-03-28,1444.62,Acquisition,All,Italy
1971,NewYear Conversion Push 2021,12,Connie Costa,2024-11-03,2025-01-21,3280.12,Conversion,New,Nigeria
1972,,13,Rachel Dickerson,2021-04-21,2021-05-29,4123.48,Awareness,New,United Kingdom
1973,Prospecting Brand Drive 2024,5,Angela Dillon,2021-07-18,2021-08-17,2391.35,Brand,At-Risk,Global
1974,Holiday Conversion Campaign 2023,7,Chase Wolf,2024-11-17,2024-12-08,2820.3,Conversion,All,Indonesia
1975,Holiday Retention Sale 2022,8,Kevin Morris,2021-04-16,2021-05-20,12807.31,Retention,Churned,Japan
1976,Prospecting Retention Push 2024,13,John Lopez,2019-12-24,2020-03-04,7596.48,Retention,At-Risk,France
1977,Prospecting Acquisition Drive 2020,15,Rebecca Prince,2023-04-23,2023-06-13,13727.98,Acquisition,Churned,Spain
1978,Retarget Conversion Push 2019,14,Caitlin Edwards,2022-06-01,2022-08-26,4832.88,Conversion,Returning,Nigeria
1979,LAUNCH RETENTION CAMPAIGN 2021,11,Hunter Woods,2020-11-22,2020-12-10,9340.43,Retention,VIP,Canada
1980,BlackFriday Acquisition Drive 2023,15,,2024-11-20,2024-12-12,1356.44,Acquisition,At-Risk,Indonesia
1981,Summer Retention Campaign 2022,7,Jeffrey Herring,2019-06-03,2019-07-26,4101.98,Retention,VIP,Saudi Arabia
1982,Clearance Awareness Push 2023,11,Rebecca Prince,2020-03-12,2020-04-28,1262.41,Awareness,At-Risk,Indonesia
1983,Prospecting Awareness Sale 2021,3,,2024-08-12,2024-09-05,2148.5,Awareness,VIP,United States
1984,Launch Brand Drive 2024,7,Michael Lawrence,2020-10-31,2020-12-24,1730.35,Brand,VIP,Spain
1985,Holiday Retention Drive 2024,5,Dominic Bennett,2022-10-31,2023-01-22,11913.17,Retention,At-Risk,United States
1986,Retarget Conversion Promo 2023,2,Rachel Dickerson,2022-05-04,2022-07-12,1278.7,Conversion,New,Brazil
1987,BlackFriday Acquisition Push 2019,10,Kimberly Jensen,2023-11-03,2023-11-22,68519.78,Acquisition,All,Saudi Arabia
1988,Prospecting Retention Drive 2023,7,Mark Harris,2021-10-13,2021-12-05,16829.95,Retention,VIP,France
1989,NewYear Awareness Sale 2020,10,Angela Chandler,2020-05-14,2020-04-15,1156.4,Awareness,At-Risk,United Kingdom
1990,Retarget Awareness Sale 2020,1,Carolyn Schultz,2021-09-23,2021-10-14,4108.76,Awareness,All,United Kingdom
1991,Flash Conversion Sale 2024,2,,2020-09-19,2020-10-05,3479.16,Conversion,Churned,Netherlands
1992,BlackFriday Brand Promo 2021,4,,2023-02-21,2023-05-18,1725.24,Brand,All,South Africa
1993,Winter Acquisition Push 2020,2,Jeffrey Herring,2020-02-25,2020-03-09,9211.5,Acquisition,All,Saudi Arabia
1994,Retarget Acquisition Push 2022,9,Rebecca Simmons,2022-02-15,2022-04-01,6363.93,Acquisition,All,Spain
1995,Loyalty Brand Sale 2023,14,Nicholas Gordon,2022-01-08,2022-03-27,1002.06,Brand,At-Risk,Nigeria
1996,Retarget Acquisition Push 2019,3,Daniel Bridges,2021-05-30,2021-06-13,4830.15,Acquisition,VIP,Mexico
1997,CLEARANCE AWARENESS CAMPAIGN 2020,9,Stephanie Allen,2020-01-22,2019-12-15,10173.28,Awareness,All,Italy
1998,NewYear Conversion Campaign 2023,14,Daniel Bridges,2023-06-23,2023-09-15,1869.85,Conversion,Returning,France
1999,LAUNCH BRAND PUSH 2023,2,Donna Nelson,2022-12-07,2022-12-31,5612.12,Brand,New,Italy
2000,Launch Awareness Campaign 2024,4,Rebecca Prince,2022-10-01,2022-11-13,2834.29,Awareness,New,Nigeria
2001,Retarget Awareness Push 2023,7,,2024-02-29,2024-03-10,16023.77,Awareness,Returning,India
2002,Winter Conversion Campaign 2024,7,Eric Dodson Jr.,2023-11-05,2023-12-12,2996.17,Conversion,At-Risk,South Africa
2003,Retarget Conversion Drive 2020,4,Angela Dillon,2023-03-05,2023-03-20,5247.03,Conversion,At-Risk,Netherlands
2004,Summer Conversion Push 2021,7,Mark Harris,2020-01-25,2020-02-29,12331.44,Conversion,Churned,Canada
2005,Prospecting Brand Push 2024,12,Hunter Woods,2023-06-14,2023-07-13,6383.19,Brand,VIP,France
2006,Spring Brand Campaign 2021,13,Miguel Johnston,2020-06-07,2020-08-11,10620.09,Brand,New,Australia
2007,Holiday Brand Campaign 2019,7,Angela Dillon,2019-12-27,2020-02-05,9557.73,Brand,Churned,Indonesia
2008,,10,Hannah Matthews,2019-01-10,2019-02-09,14776.6,Conversion,Churned,Italy
2009,BlackFriday Conversion Promo 2021,13,Eric Smith MD,2019-09-22,2019-12-04,2374.48,Conversion,VIP,Brazil
2010,Prospecting Retention Drive 2022,13,Angel Kent,2024-07-10,2024-09-19,1450.39,Retention,New,Germany
2011,Holiday Conversion Push 2021,2,Levi Stewart,2022-04-23,2022-06-23,3386.94,Conversion,VIP,United States
2012,Summer Brand Promo 2020,10,Rachel Wright,2022-04-05,2022-06-14,23516.43,Brand,At-Risk,Canada
2013,NewYear Conversion Promo 2022,14,Eric Dodson Jr.,2019-09-11,2019-09-25,6837.98,Conversion,All,Spain
2014,Clearance Acquisition Drive 2024,12,Kimberly Jensen,2020-04-27,2020-07-21,13124.78,Acquisition,New,Australia
2015,Loyalty Conversion Sale 2022,15,Sandra Kim,2024-02-17,2024-03-14,1145.98,Conversion,New,Mexico
2016,Clearance Acquisition Push 2024,7,,2019-06-17,2019-08-15,3270.83,Acquisition,Returning,Spain
2017,Holiday Awareness Push 2024,7,,2021-10-12,2021-11-29,6370.79,Awareness,Churned,Japan
2018,Summer Brand Push 2023,2,,2021-06-15,2021-08-01,5008.02,Brand,VIP,Indonesia
2019,Clearance Brand Campaign 2019,10,Jason Fletcher,2021-01-07,2021-02-12,8244.28,Brand,All,Netherlands
2020,Holiday Brand Drive 2021,15,Caitlin Edwards,2023-11-27,2024-01-18,9220.99,Brand,At-Risk,Philippines
2021,winter conversion drive 2020,6,Judy Lopez,2021-05-27,2021-06-21,1727.7,Conversion,VIP,Netherlands
2022,Winter Awareness Sale 2020,5,Kimberly Jensen,2021-09-04,2021-10-08,1813.99,Awareness,At-Risk,Netherlands
2023,Prospecting Acquisition Drive 2020,1,Angel Kent,2019-06-04,2019-06-29,1191.55,Acquisition,VIP,Spain
2024,Flash Retention Sale 2023,11,Yvette House,2019-10-23,2019-11-19,8790.03,Retention,VIP,Saudi Arabia
2025,Holiday Acquisition Push 2021,5,Lori Delgado,2023-03-03,2023-03-11,3856.48,Acquisition,Churned,United Kingdom
2026,Holiday Retention Sale 2024,6,Isaiah Hall Jr.,2024-03-03,2024-05-14,8254.87,Retention,All,France
2027,Retarget Acquisition Promo 2022,10,Stephanie Allen,2022-12-07,2023-02-23,2468.26,Acquisition,Returning,South Africa
2028,Spring Acquisition Sale 2019,8,,2022-04-09,2022-06-15,722.3,Acquisition,All,South Africa
2029,Winter Acquisition Push 2023,9,Stephanie Allen,2019-12-21,2019-10-19,6581.62,Acquisition,Returning,Italy
2030,Launch Conversion Promo 2020,6,Mark Harris,2019-03-14,2019-04-13,76786.37,Conversion,New,Nigeria
2031,WINTER AWARENESS DRIVE 2020,3,Mark Morgan,2020-05-06,2020-05-15,10452.35,Awareness,Churned,Japan
2032,Clearance Brand Promo 2024,3,Caitlin Edwards,2024-06-15,2024-06-30,5816.64,Brand,At-Risk,Australia
2033,Prospecting Brand Campaign 2020,8,Nicholas Gordon,2022-02-20,2022-03-25,857.24,Brand,All,Spain
2034,Spring Awareness Drive 2021,6,Elizabeth Hill,2024-10-24,2024-12-11,11987.01,Awareness,VIP,United Arab Emirates
2035,Summer Awareness Promo 2020,2,Donna Nelson,2021-08-17,2021-09-03,4353.77,Awareness,New,South Africa
2036,BlackFriday Brand Drive 2023,2,Jason Fletcher,2023-10-04,2023-11-12,4081.37,Brand,All,France
2037,Spring Retention Push 2020,3,,2020-08-06,2020-08-19,1613.98,Retention,New,India
2038,CLEARANCE AWARENESS PUSH 2023,7,Debra Smith,2021-02-11,2021-03-20,4052.96,Awareness,VIP,United Kingdom
2039,Holiday Brand Sale 2021,3,Chase Wolf,2022-09-10,2022-10-11,12621.31,Brand,All,Mexico
2040,,11,Michael Lawrence,2024-05-16,2024-07-20,3131.02,Acquisition,VIP,India
2041,Flash Awareness Drive 2023,10,Mark Harris,2020-05-29,2020-08-15,6353.41,Awareness,New,Indonesia
2042,Prospecting Retention Campaign 2021,2,Connie Costa,2023-12-12,2024-01-03,10333.37,Retention,At-Risk,Italy
2043,Launch Retention Campaign 2019,10,Elizabeth Hill,2020-03-28,2020-05-13,7820.37,Retention,New,Brazil
2044,BlackFriday Awareness Promo 2021,4,John Lopez,2019-01-29,2019-03-09,3429.76,Awareness,New,United States
2045,Flash Awareness Campaign 2019,7,Jon Thomas,2021-08-04,2021-10-24,2961.98,Awareness,At-Risk,United States
2046,,1,Carolyn Schultz,2022-02-19,2022-04-09,1039.45,Brand,Churned,United States
2047,Prospecting Conversion Sale 2022,2,Yolanda Wallace,2019-08-28,2019-10-26,9458.68,Conversion,VIP,France
2048,Prospecting Retention Push 2020,10,Rebecca Simmons,2024-02-28,2024-03-06,8649.01,Retention,Churned,France
2049,Winter Awareness Promo 2022,5,Jeffrey Herring,2020-01-02,2020-02-18,9767.92,Awareness,New,Global
2050,Loyalty Retention Drive 2024,10,Chase Wolf,2023-06-30,2023-08-29,1587.02,Retention,New,India
2051,Spring Conversion Promo 2021,2,Rachel Dickerson,2021-10-17,2021-11-13,15597.51,Conversion,All,Brazil
2052,Spring Acquisition Drive 2021,12,Mary Rodriguez,2024-06-30,2024-07-13,5586.87,Acquisition,VIP,South Africa
2053,Holiday Brand Campaign 2023,14,Judy Lopez,2021-03-27,2021-05-29,6316.16,Brand,All,Japan
2054,BlackFriday Conversion Sale 2020,4,Sandra Kim,2021-01-08,2021-02-23,11192.04,Conversion,At-Risk,Spain
2055,Prospecting Conversion Push 2022,3,,2024-03-17,2024-05-09,17261.28,Conversion,New,Germany
2056,NewYear Awareness Push 2020,2,Rebecca Prince,2019-07-06,2019-05-19,5663.96,Awareness,VIP,South Africa
2057,Spring Retention Campaign 2020,11,Mark Morgan,2024-06-18,2024-09-02,2094.61,Retention,Churned,Saudi Arabia
2058,Summer Retention Push 2022,3,Derek Lowe,2020-08-31,2020-11-02,1891.29,Retention,VIP,Saudi Arabia
2059,Holiday Awareness Sale 2021,10,Jon Thomas,2023-12-24,2024-02-14,9931.77,Awareness,Churned,South Africa
2060,Clearance Brand Sale 2019,1,Caitlin Edwards,2021-10-26,2022-01-10,13285.26,Brand,At-Risk,Canada
2061,Spring Conversion Push 2021,13,Eric Dodson Jr.,2020-07-13,2020-08-17,1331.47,Conversion,VIP,United Arab Emirates
2062,Retarget Conversion Promo 2024,12,,2021-02-24,2021-03-26,30128.82,Conversion,New,United Arab Emirates
2063,Loyalty Conversion Campaign 2020,12,Mark Morgan,2023-02-09,2023-03-29,3824.98,Conversion,At-Risk,Nigeria
2064,Winter Brand Sale 2023,10,,2020-11-30,2020-10-30,7261.55,Brand,At-Risk,Philippines
2065,Holiday Brand Sale 2021,13,Chase Wolf,2020-05-09,2020-06-24,6873.45,Brand,VIP,Netherlands
2066,Clearance Acquisition Promo 2024,7,Hannah Matthews,2021-02-09,2021-03-01,3014.6,Acquisition,New,Spain
2067,Loyalty Brand Promo 2019,1,Rebecca Simmons,2020-01-20,2020-04-09,1306.92,Brand,At-Risk,United Kingdom
2068,NewYear Awareness Push 2021,13,Richard White,2021-08-16,2021-09-06,8210.32,Awareness,Returning,India
2069,Loyalty Brand Campaign 2020,7,Anthony Rasmussen,2020-10-11,2020-10-18,15561.22,Brand,Churned,India
2070,Flash Retention Sale 2019,5,Debra Smith,2023-10-10,2023-12-20,2854.0,Retention,All,Philippines
2071,Loyalty Brand Drive 2023,15,Elizabeth Hill,2023-01-04,2023-02-09,7899.89,Brand,New,Nigeria
2072,Winter Retention Sale 2020,5,Isaiah Hall Jr.,2024-08-13,2024-09-20,5175.64,Retention,All,Philippines
2073,Loyalty Retention Drive 2020,10,Debra Smith,2022-01-24,2022-03-31,3446.76,Retention,New,Global
2074,PROSPECTING CONVERSION CAMPAIGN 2020,15,Mary Rodriguez,2019-11-12,2019-11-25,5926.82,Conversion,Returning,India
2075,Prospecting Retention Drive 2019,9,Donna Nelson,2024-01-24,2024-04-06,3597.82,Retention,All,Egypt
2076,Launch Acquisition Promo 2021,15,Elizabeth Hill,2019-10-29,2020-01-26,3703.72,Acquisition,Churned,Indonesia
2077,Launch Retention Sale 2021,9,Dominic Bennett,2021-06-25,2021-08-04,5838.38,Retention,Returning,Philippines
2078,Prospecting Retention Push 2023,8,,2023-12-29,2024-03-17,2363.28,Retention,New,Global
2079,Holiday Retention Campaign 2024,1,Angela Dillon,2022-07-28,2022-09-09,4327.99,Retention,Churned,Philippines
2080,BlackFriday Conversion Promo 2021,10,,2024-09-20,2024-12-18,15439.03,Conversion,All,Mexico
2081,BlackFriday Conversion Sale 2022,14,Alexis Hale,2023-03-09,2023-03-21,1045.73,Conversion,At-Risk,Spain
2082,Prospecting Acquisition Campaign 2024,10,Debra Smith,2023-10-31,2023-12-26,3039.9,Acquisition,All,United Arab Emirates
2083,BlackFriday Acquisition Campaign 2021,5,,2021-02-28,2021-04-21,4348.95,Acquisition,Churned,Germany
2084,Summer Retention Promo 2024,12,Julie Clark,2019-08-14,2019-10-03,6247.19,Retention,Churned,Global
2085,Holiday Brand Drive 2022,15,Rebecca Simmons,2024-06-22,2024-08-10,3453.96,Brand,All,Global
2086,Prospecting Brand Sale 2021,12,Kevin Morris,2023-11-05,2024-01-28,2100.54,Brand,All,Philippines
2087,Launch Conversion Promo 2019,7,Mark Morgan,2020-11-11,2021-01-21,2747.32,Conversion,Returning,Nigeria
2088,Retarget Retention Drive 2023,6,Daniel Bridges,2021-07-24,2021-09-17,661.55,Retention,At-Risk,South Africa
2089,BlackFriday Acquisition Sale 2022,5,Yolanda Wallace,2024-04-14,2024-05-17,4677.11,Acquisition,New,Netherlands
2090,Retarget Awareness Campaign 2024,11,Kevin Morris,2023-08-29,2023-10-24,2396.9,Awareness,New,Global
2091,NewYear Acquisition Sale 2020,14,Judy Lopez,2022-03-20,2022-06-15,4229.73,Acquisition,New,Nigeria
2092,Holiday Brand Campaign 2022,9,Angela Dillon,2021-01-14,2021-02-10,7942.32,Brand,Returning,India
2093,NewYear Brand Promo 2020,4,Jeffrey Herring,2020-11-22,2020-12-29,1315.01,Brand,Returning,Italy
2094,Loyalty Brand Promo 2024,10,Debra Smith,2021-07-13,2021-09-28,8963.48,Brand,VIP,United Kingdom
2095,Holiday Acquisition Sale 2022,12,Nicholas Gordon,2023-05-10,2023-06-03,3092.96,Acquisition,All,Spain
2096,Spring Acquisition Campaign 2021,6,Julie Clark,2021-12-04,2022-01-20,11582.62,Acquisition,All,United Arab Emirates
2097,BlackFriday Awareness Drive 2021,13,Mark Morgan,2019-03-22,2019-04-17,1817.46,Awareness,VIP,Indonesia
2098,Holiday Awareness Push 2022,12,Debra Smith,2021-03-06,2021-04-13,4162.63,Awareness,VIP,Nigeria
2099,BlackFriday Awareness Campaign 2022,8,Carolyn Schultz,2022-11-29,2023-02-22,4526.69,Awareness,VIP,United Kingdom
2100,Prospecting Acquisition Promo 2023,10,,2023-06-11,2023-08-04,23623.43,Acquisition,VIP,Netherlands
2101,Summer Acquisition Sale 2020,1,Christine Harris,2024-01-04,2024-01-25,2614.65,Acquisition,At-Risk,Mexico
2102,Flash Acquisition Promo 2022,2,Jon Thomas,2022-02-23,2022-04-17,8880.43,Acquisition,Churned,Mexico
2103,Flash Retention Sale 2023,13,Jason Fletcher,2024-09-28,2024-10-25,3646.0,Retention,New,Saudi Arabia
2104,Retarget Acquisition Drive 2020,10,,2022-03-22,2022-06-18,2134.97,Acquisition,Returning,Nigeria
2105,Flash Awareness Promo 2021,11,Lori Delgado,2021-12-25,2022-02-26,16177.54,Awareness,All,Spain
2106,Spring Acquisition Push 2024,2,Robert Jones,2020-03-28,2020-06-12,1351.48,Acquisition,All,Brazil
2107,NewYear Awareness Campaign 2023,11,Samuel Smith,2019-05-27,2019-07-09,2076.39,Awareness,At-Risk,Saudi Arabia
2108,HOLIDAY CONVERSION SALE 2021,12,Mary Rodriguez,2022-06-13,2022-07-22,19099.43,Conversion,VIP,Egypt
2109,Loyalty Conversion Promo 2021,6,Anthony Rasmussen,2020-07-14,2020-08-06,3440.89,Conversion,At-Risk,India
2110,Flash Conversion Sale 2024,12,Yolanda Wallace,2020-11-30,2021-02-08,1922.84,Conversion,At-Risk,Saudi Arabia
2111,Holiday Conversion Push 2023,10,Judy Lopez,2019-05-11,2019-06-04,911.83,Conversion,At-Risk,Italy
2112,Loyalty Acquisition Drive 2020,14,Anthony Rasmussen,2023-06-30,2023-08-09,637.86,Acquisition,All,Italy
2113,Launch Awareness Push 2023,1,Sandra Kim,2020-11-22,2020-12-30,8907.77,Awareness,At-Risk,Philippines
2114,Flash Acquisition Drive 2021,7,Lori Delgado,2024-08-21,2024-09-20,2491.93,Acquisition,All,Australia
2115,Loyalty Awareness Campaign 2024,3,Rachel Dickerson,2019-04-22,2019-06-11,29653.99,Awareness,All,United States
2116,Clearance Awareness Drive 2024,7,Levi Stewart,2024-06-14,2024-08-15,1536.72,Awareness,All,Netherlands
2117,NewYear Awareness Sale 2020,1,,2020-10-08,2020-10-19,2139.46,Awareness,New,India
2118,BlackFriday Acquisition Promo 2024,10,,2023-05-31,2023-06-11,435.47,Acquisition,At-Risk,Italy
2119,,10,Felicia Henry,2021-01-13,2021-02-12,22779.65,Retention,All,Canada
2120,Retarget Acquisition Push 2020,9,Nicholas Gordon,2020-03-14,2020-04-19,22698.35,Acquisition,Churned,Global
2121,Prospecting Awareness Drive 2022,14,,2020-06-04,2020-08-23,3508.32,Awareness,At-Risk,Global
2122,Winter Acquisition Sale 2022,10,Alexis Hale,2020-03-22,2020-05-11,6883.23,Acquisition,Returning,United States
2123,Spring Awareness Push 2023,8,Robert Jones,2022-03-13,2022-05-12,1720.4,Awareness,New,United Kingdom
2124,Spring Brand Push 2020,15,,2019-11-22,2019-12-28,2621.15,Brand,All,Netherlands
2125,Spring Conversion Campaign 2021,8,Jason Fletcher,2020-10-11,2020-10-24,2701.46,Conversion,VIP,Japan
2126,NewYear Brand Campaign 2019,10,Isaiah Hall Jr.,2024-09-30,2024-12-15,9197.51,Brand,Churned,Netherlands
2127,Launch Acquisition Push 2024,13,Anthony Rasmussen,2021-02-16,2021-04-15,5061.96,Acquisition,Returning,France
2128,Prospecting Brand Sale 2019,3,Derek Lowe,2020-08-25,2020-09-22,1509.99,Brand,At-Risk,Philippines
2129,BlackFriday Awareness Promo 2020,9,Christine Harris,2020-11-24,2021-01-23,5303.29,Awareness,VIP,South Africa
2130,Spring Conversion Promo 2021,10,Yolanda Wallace,2019-04-26,2019-06-24,6229.21,Conversion,New,Philippines
2131,Retarget Awareness Campaign 2019,7,Donna Nelson,2019-06-16,2019-07-26,1773.17,Awareness,At-Risk,France
2132,NewYear Conversion Push 2022,12,Rachel Dickerson,2024-02-10,2024-04-16,7008.13,Conversion,Returning,Netherlands
2133,Prospecting Retention Promo 2023,9,Kimberly Jensen,2024-03-03,2024-05-12,1715.53,Retention,Churned,Saudi Arabia
2134,clearance awareness sale 2019,5,Miguel Johnston,2023-04-11,2023-07-04,609.81,Awareness,VIP,Italy
2135,Clearance Retention Campaign 2020,6,,2024-01-18,2024-01-31,13718.16,Retention,At-Risk,Canada
2136,LAUNCH BRAND DRIVE 2023,3,Eric Dodson Jr.,2024-07-21,2024-09-24,4451.4,Brand,Returning,Saudi Arabia
2137,flash acquisition drive 2022,5,Anthony Rasmussen,2022-10-10,2023-01-01,17139.07,Acquisition,Returning,South Africa
2138,Flash Acquisition Sale 2019,13,Chase Wolf,2021-05-19,2021-08-16,11563.99,Acquisition,At-Risk,Mexico
2139,Summer Retention Sale 2020,2,,2022-03-03,2022-04-04,1600.66,Retention,At-Risk,Canada
2140,Flash Brand Sale 2019,11,Charles Torres,2019-01-17,2019-03-14,4659.98,Brand,All,Spain
2141,Summer Brand Push 2024,9,Daniel Bridges,2022-10-14,2023-01-11,4033.39,Brand,At-Risk,Spain
2142,Loyalty Retention Promo 2024,5,Stephanie Allen,2023-10-04,2023-10-19,3815.22,Retention,Returning,Netherlands
2143,Holiday Brand Sale 2022,10,Donna Nelson,2024-09-08,2024-10-07,18821.91,Brand,VIP,France
2144,Holiday Conversion Promo 2021,9,Eric Smith MD,2024-11-20,2024-12-31,3749.94,Conversion,New,Spain
2145,Winter Awareness Drive 2021,13,Eric Dodson Jr.,2023-05-16,2023-06-02,12302.15,Awareness,Churned,Saudi Arabia
2146,Launch Conversion Sale 2023,11,Rebecca Simmons,2024-05-16,2024-07-18,2499.11,Conversion,New,Germany
2147,,8,Jason Fletcher,2021-09-29,2021-11-26,1793.04,Awareness,At-Risk,Germany
2148,Summer Acquisition Campaign 2022,6,Kevin Morris,2021-03-26,2021-06-24,4320.63,Acquisition,New,United Kingdom
2149,Summer Conversion Promo 2024,8,Connie Costa,2022-12-08,2023-01-12,1594.03,Conversion,At-Risk,Saudi Arabia
2150,Prospecting Conversion Campaign 2022,10,Eric Dodson Jr.,2023-06-04,2023-07-29,1378.07,Conversion,At-Risk,France
2151,Flash Conversion Sale 2024,11,Hunter Woods,2021-04-22,2021-05-05,2499.76,Conversion,VIP,Canada
2152,Loyalty Awareness Sale 2024,2,Anthony Rasmussen,2019-12-14,2020-02-19,10023.24,Awareness,New,Germany
2153,Prospecting Brand Promo 2022,8,,2024-07-02,2024-07-31,9316.65,Brand,New,Egypt
2154,NewYear Acquisition Promo 2023,1,Willie Bowers,2022-01-09,2022-03-17,9461.66,Acquisition,Returning,Global
2155,Spring Brand Sale 2022,4,Derek Lowe,2022-09-27,2022-10-05,5282.14,Brand,All,Australia
2156,NewYear Retention Drive 2022,10,Carolyn Schultz,2022-06-07,2022-08-30,3524.26,Retention,At-Risk,Mexico
2157,  Retarget Retention Promo 2022  ,11,Stephanie Allen,2021-09-26,2021-11-01,3045.16,Retention,Churned,Italy
2158,Prospecting Brand Campaign 2020,6,Isaiah Hall Jr.,2023-05-10,2023-06-25,303.77,Brand,VIP,Australia
2159,Flash Acquisition Drive 2021,6,Nicholas Gordon,2021-11-06,2021-12-16,23732.5,Acquisition,All,Global
2160,BlackFriday Awareness Sale 2023,3,Jennifer Obrien,2023-04-13,2023-05-26,1487.91,Awareness,New,Egypt
2161,Clearance Acquisition Promo 2024,13,Levi Stewart,2020-01-24,2020-03-17,360.23,Acquisition,New,India
2162,Loyalty Retention Push 2022,4,Scott Taylor,2024-04-12,2024-06-14,33713.33,Retention,At-Risk,Spain
2163,Retarget Brand Drive 2020,12,Mark Morgan,2020-04-10,2020-06-04,7061.58,Brand,Churned,Germany
2164,Summer Retention Drive 2019,12,,2021-10-11,2021-11-30,8463.47,Retention,At-Risk,Canada
2165,BlackFriday Retention Drive 2020,13,Hunter Woods,2020-03-27,2020-04-08,8064.96,Retention,VIP,South Africa
2166,Prospecting Brand Campaign 2021,5,Rebecca Simmons,2022-04-17,2022-06-28,2057.96,Brand,New,Mexico
2167,Loyalty Brand Sale 2021,5,Jessica Sanford,2022-11-08,2022-11-22,1566.37,Brand,Returning,United Arab Emirates
2168,Spring Retention Promo 2024,9,,2020-08-26,2020-09-07,7254.69,Retention,All,Egypt
2169,BlackFriday Conversion Promo 2019,8,,2022-04-25,2022-07-13,9539.71,Conversion,Churned,Philippines
2170,Holiday Retention Push 2021,9,,2021-08-17,2021-10-10,8537.83,Retention,Returning,United Arab Emirates
2171,Prospecting Retention Drive 2019,3,Yvette House,2024-02-24,2024-03-14,794.03,Retention,New,Canada
2172,Prospecting Awareness Drive 2024,12,Rachel Dickerson,2020-02-05,2020-02-21,6477.99,Awareness,Churned,Mexico
2173,Launch Retention Drive 2023,7,,2022-02-12,2022-04-01,1874.47,Retention,Churned,Brazil
2174,Winter Acquisition Push 2022,14,James Smith,2022-05-18,2022-08-06,1267.22,Acquisition,At-Risk,Germany
2175,Summer Acquisition Campaign 2024,9,,2024-02-19,2024-03-22,2165.31,Acquisition,All,Mexico
2176,Summer Brand Sale 2020,12,Donna Nelson,2024-06-06,2024-07-02,522.49,Brand,Returning,Italy
2177,NewYear Acquisition Drive 2024,5,Yolanda Wallace,2023-09-18,2023-10-12,10231.73,Acquisition,New,United Arab Emirates
2178,BlackFriday Conversion Drive 2023,14,Rebecca Prince,2019-12-01,2019-12-28,18039.33,Conversion,Churned,South Africa
2179,launch retention sale 2021,14,Chase Wolf,2023-04-14,2023-07-08,19945.87,Retention,Returning,Canada
2180,Clearance Conversion Promo 2021,14,Eric Dodson Jr.,2024-08-18,2024-11-02,7754.03,Conversion,VIP,Netherlands
2181,Summer Retention Promo 2021,5,Richard White,2019-07-15,2019-10-04,5534.62,Retention,Returning,Netherlands
2182,Prospecting Retention Drive 2020,2,Robert Jones,2023-09-13,2023-10-22,11043.78,Retention,All,Nigeria
2183,Winter Acquisition Promo 2020,13,Angel Kent,2024-09-12,2024-09-29,2395.22,Acquisition,At-Risk,Australia
2184,Launch Conversion Sale 2022,8,Miguel Johnston,2024-07-09,2024-08-19,2746.21,Conversion,VIP,France
2185,Flash Acquisition Campaign 2022,10,Scott Taylor,2023-02-25,2023-04-27,2060.32,Acquisition,Churned,South Africa
2186,Clearance Brand Drive 2022,9,,2019-10-29,2020-01-11,20072.08,Brand,At-Risk,Nigeria
2187,BlackFriday Conversion Promo 2020,6,Jessica Sanford,2023-06-17,2023-07-27,8533.43,Conversion,At-Risk,Japan
2188,BlackFriday Acquisition Sale 2023,2,David Zuniga,2019-01-03,2019-03-29,3718.0,Acquisition,Returning,Philippines
2189,Flash Acquisition Sale 2021,12,Sandra Kim,2024-07-22,2024-09-09,9907.04,Acquisition,Churned,Italy
2190,NewYear Retention Sale 2022,3,Sandra Kim,2024-11-28,2025-02-17,951.99,Retention,Returning,Mexico
2191,Launch Acquisition Drive 2022,7,,2021-04-26,2021-05-17,2200.83,Acquisition,Returning,Mexico
2192,BlackFriday Brand Promo 2024,14,Kimberly Jensen,2021-01-23,2021-04-17,8132.61,Brand,Returning,Italy
2193,Flash Conversion Sale 2021,12,Robert Jones,2023-01-20,2023-02-04,9099.32,Conversion,VIP,Italy
2194,Spring Retention Push 2019,9,Sandra Kim,2020-06-25,2020-08-01,5619.18,Retention,New,Netherlands
2195,NewYear Retention Drive 2022,1,Jon Thomas,2023-05-02,2023-07-14,500.16,Retention,New,United Arab Emirates
2196,flash awareness sale 2022,4,Debra Smith,2024-05-23,2024-06-15,949.28,Awareness,At-Risk,Global
2197,Holiday Conversion Push 2023,15,Anthony Rasmussen,2021-02-18,2021-03-24,7489.74,Conversion,At-Risk,Australia
2198,Winter Retention Drive 2019,13,Christine Harris,2021-01-08,2021-04-06,2212.71,Retention,All,Australia
2199,Clearance Conversion Promo 2024,5,Christine Harris,2020-08-24,2020-09-24,13351.46,Conversion,New,Germany
2200,Holiday Awareness Drive 2020,3,Sandra Kim,2023-12-28,2024-01-05,4341.05,Awareness,At-Risk,Saudi Arabia
2201,Launch Acquisition Campaign 2019,14,Dominic Bennett,2022-08-17,2022-08-30,13118.65,Acquisition,At-Risk,Italy
2202,Prospecting Conversion Promo 2023,2,James Smith,2020-11-18,2021-02-12,3491.18,Conversion,Churned,United Arab Emirates
2203,Flash Retention Push 2019,9,James Smith,2024-04-23,2024-06-24,15192.33,Retention,VIP,Japan
2204,Summer Brand Push 2022,2,Stephanie Allen,2024-04-02,2024-06-18,5491.08,Brand,All,South Africa
2205,Spring Conversion Sale 2020,3,,2024-06-03,2024-08-15,2753.17,Conversion,All,Saudi Arabia
2206,Loyalty Retention Sale 2023,7,Robert Jones,2019-07-04,2019-08-20,6335.45,Retention,Churned,Mexico
2207,Prospecting Brand Drive 2021,7,Rebecca Simmons,2023-07-13,2023-08-28,4147.05,Brand,Returning,Saudi Arabia
2208,Prospecting Acquisition Drive 2022,9,Samuel Smith,2019-04-21,2019-06-24,10658.95,Acquisition,New,United Arab Emirates
2209,Holiday Awareness Sale 2024,3,Hunter Woods,2020-05-16,2020-06-20,3142.07,Awareness,All,Australia
2210,Launch Brand Drive 2020,14,Scott Taylor,2021-05-19,2021-07-23,11522.02,Brand,New,Australia
2211,Summer Acquisition Push 2019,4,Scott Taylor,2019-03-02,2019-05-03,1748.95,Acquisition,At-Risk,South Africa
2212,Spring Conversion Campaign 2023,7,,2024-05-08,2024-07-15,8884.95,Conversion,Churned,Spain
2213,Launch Retention Promo 2021,3,Richard White,2019-12-09,2020-02-14,1631.55,Retention,Returning,South Africa
2214,Summer Retention Push 2023,8,Mark Harris,2019-11-22,2019-11-29,3458.78,Retention,Churned,Nigeria
2215,Holiday Brand Promo 2023,8,Mark Morgan,2021-10-23,2021-11-09,8573.56,Brand,All,United States
2216,Retarget Acquisition Drive 2021,7,,2020-12-06,2021-01-10,4095.24,Acquisition,VIP,Global
2217,Retarget Conversion Promo 2020,11,Kimberly Jensen,2020-10-16,2020-11-23,3761.19,Conversion,VIP,Italy
2218,Retarget Acquisition Push 2019,3,Alexis Hale,2022-08-16,2022-10-19,8367.93,Acquisition,At-Risk,Global
2219,Summer Awareness Promo 2023,12,Charles Torres,2020-10-28,2020-12-01,1562.37,Awareness,VIP,South Africa
2220,Clearance Brand Push 2020,6,Anthony Rasmussen,2021-08-23,2021-09-15,2117.72,Brand,At-Risk,Brazil
2221,Spring Acquisition Drive 2022,12,James Smith,2023-10-24,2023-12-27,6308.33,Acquisition,New,Japan
2222,BlackFriday Acquisition Sale 2022,12,Nicholas Gordon,2022-03-27,2022-04-22,12364.47,Acquisition,VIP,United Arab Emirates
2223,Flash Conversion Drive 2020,6,Eric Dodson Jr.,2021-04-01,2021-05-06,3448.83,Conversion,Churned,Netherlands
2224,Retarget Retention Sale 2022,15,Samuel Smith,2021-08-15,2021-09-04,4522.5,Retention,New,Italy
2225,Launch Brand Sale 2021,8,Rachel Dickerson,2021-07-10,2021-09-29,8657.47,Brand,At-Risk,Global
2226,Flash Conversion Campaign 2021,13,Connie Costa,2023-09-11,2023-11-24,12924.54,Conversion,At-Risk,United Arab Emirates
2227,Summer Brand Promo 2019,7,John Lopez,2022-06-16,2022-08-27,1782.75,Brand,All,Mexico
2228,clearance retention push 2019,12,Sandra Ayala,2021-08-01,2021-08-31,6495.52,Retention,All,Australia
2229,Prospecting Awareness Push 2022,10,Samuel Smith,2019-10-28,2020-01-12,4606.35,Awareness,Churned,United Arab Emirates
2230,Clearance Brand Campaign 2023,6,Lori Delgado,2020-02-25,2020-03-04,6034.12,Brand,All,Italy
2231,Holiday Acquisition Drive 2022,15,Jon Thomas,2023-08-12,2023-09-28,3745.73,Acquisition,Churned,Philippines
2232,Spring Conversion Campaign 2023,11,John Lopez,2023-09-12,2023-09-23,2524.07,Conversion,At-Risk,Italy
2233,Loyalty Brand Promo 2023,1,Sandra Ayala,2019-05-09,2019-05-23,4112.47,Brand,New,France
2234,HOLIDAY AWARENESS PUSH 2021,12,Willie Bowers,2021-06-21,2021-09-01,2095.55,Awareness,New,Germany
2235,Clearance Brand Sale 2024,4,,2024-01-12,2024-03-07,16352.47,Brand,Returning,Saudi Arabia
2236,NewYear Acquisition Campaign 2024,4,Rachel Wright,2021-05-31,2021-08-25,2020.61,Acquisition,New,United Arab Emirates
2237,Winter Brand Sale 2024,15,Dominic Bennett,2022-03-04,2022-03-13,17568.91,Brand,New,Egypt
2238,Holiday Acquisition Campaign 2019,14,John Lopez,2021-04-14,2021-05-16,3506.18,Acquisition,VIP,Spain
2239,Spring Awareness Campaign 2022,8,Yolanda Wallace,2024-09-06,2024-10-04,3997.65,Awareness,Churned,Netherlands
2240,Flash Conversion Promo 2023,2,Eric Dodson Jr.,2020-03-30,2020-05-31,21310.41,Conversion,All,Indonesia
2241,Prospecting Retention Drive 2024,6,Hunter Woods,2021-08-05,2021-09-18,8412.85,Retention,VIP,Nigeria
2242,,6,Willie Bowers,2019-04-20,2019-06-13,2367.66,Brand,VIP,United States
2243,NewYear Conversion Push 2021,15,,2023-01-09,2023-04-06,5550.56,Conversion,At-Risk,France
2244,Clearance Awareness Sale 2019,10,Gloria Keller,2023-11-16,2024-01-27,1277.94,Awareness,VIP,Japan
2245,Launch Awareness Push 2019,15,,2024-07-31,2024-09-20,37526.55,Awareness,Returning,United Arab Emirates
2246,Spring Conversion Sale 2020,3,Kevin Morris,2020-01-13,2020-03-27,6412.75,Conversion,All,South Africa
2247,Flash Awareness Promo 2022,3,Yvette House,2019-02-13,2019-02-28,8172.92,Awareness,Churned,Global
2248,Winter Acquisition Promo 2022,12,Caitlin Edwards,2020-01-03,2020-02-26,14646.2,Acquisition,At-Risk,Japan
2249,NewYear Conversion Push 2020,12,Anthony Rasmussen,2021-02-20,2021-03-25,17283.75,Conversion,New,France
2250,Loyalty Retention Promo 2019,8,Kevin Morris,2021-08-07,2021-09-08,27134.59,Retention,New,South Africa
2251,Spring Brand Promo 2020,12,Anthony Rasmussen,2022-01-30,2022-03-02,2463.01,Brand,All,Egypt
2252,Spring Acquisition Sale 2023,11,Carolyn Schultz,2023-09-07,2023-10-05,1122.79,Acquisition,All,Japan
2253,Summer Conversion Push 2019,15,Angela Dillon,2022-10-14,2022-11-15,1791.18,Conversion,At-Risk,Brazil
2254,Loyalty Awareness Promo 2022,5,Derek Lowe,2021-05-03,2021-06-01,61497.52,Awareness,All,Canada
2255,Summer Brand Promo 2020,14,Chase Wolf,2024-07-09,2024-08-06,5543.38,Brand,VIP,Nigeria
2256,Loyalty Conversion Drive 2021,10,Anthony Rasmussen,2022-12-06,2022-12-16,6919.8,Conversion,VIP,Nigeria
2257,Winter Conversion Push 2023,10,Miguel Johnston,2021-04-29,2021-07-28,7234.9,Conversion,Returning,France
2258,Flash Conversion Sale 2020,6,Derek Lowe,2019-06-18,2019-09-03,13596.28,Conversion,Churned,Canada
2259,Holiday Awareness Promo 2022,13,Isaiah Hall Jr.,2020-03-13,2020-04-18,15169.54,Awareness,VIP,South Africa
2260,Clearance Conversion Sale 2022,12,Michael Lawrence,2019-02-05,2019-03-11,2008.82,Conversion,Churned,Indonesia
2261,Clearance Acquisition Campaign 2024,7,Dominic Bennett,2022-04-12,2022-06-11,10896.58,Acquisition,New,Australia
2262,BlackFriday Acquisition Push 2019,8,,2021-04-17,2021-05-08,5572.42,Acquisition,Returning,United States
2263,Loyalty Acquisition Sale 2021,13,Donna Nelson,2019-08-11,2019-09-13,3215.77,Acquisition,Churned,Canada
2264,Winter Awareness Promo 2021,4,Angela Dillon,2019-12-07,2020-01-22,1845.89,Awareness,Churned,United Kingdom
2265,Launch Brand Drive 2020,3,,2021-05-01,2021-07-18,5920.95,Brand,Churned,Global
2266,Loyalty Awareness Campaign 2024,9,,2024-04-11,2024-06-09,2273.57,Awareness,VIP,Egypt
2267,Winter Acquisition Drive 2023,3,Yvette House,2022-01-16,2022-04-06,8016.61,Acquisition,Churned,United Kingdom
2268,Winter Acquisition Push 2021,9,Michael Lawrence,2019-01-31,2019-03-20,4593.1,Acquisition,At-Risk,Saudi Arabia
2269,Winter Acquisition Campaign 2024,12,Mark Harris,2024-08-03,2024-09-08,5531.52,Acquisition,At-Risk,Global
2270,Summer Retention Promo 2023,7,,2023-02-23,2023-03-10,12292.79,Retention,At-Risk,Canada
2271,Prospecting Acquisition Drive 2023,1,,2021-05-25,2021-08-12,9878.18,Acquisition,New,Indonesia
2272,Clearance Brand Promo 2023,2,Levi Stewart,2022-08-08,2022-09-25,312.77,Brand,New,Germany
2273,Spring Acquisition Sale 2024,4,,2022-01-19,2022-02-26,3940.83,Acquisition,VIP,Mexico
2274,Flash Conversion Sale 2022,10,,2023-10-17,2023-11-02,1983.5,Conversion,VIP,South Africa
2275,NewYear Retention Sale 2020,8,Rebecca Prince,2023-08-19,2023-10-28,12057.99,Retention,At-Risk,Egypt
2276,NewYear Acquisition Campaign 2023,13,Mark Harris,2022-12-13,2023-01-17,1179.65,Acquisition,New,Spain
2277,Winter Acquisition Campaign 2021,13,Lori Delgado,2020-08-30,2020-10-01,1651.39,Acquisition,All,Nigeria
2278,Prospecting Brand Sale 2024,11,Derek Lowe,2019-06-24,2019-09-22,42175.29,Brand,All,United Kingdom
2279,Summer Retention Push 2020,6,Nicholas Gordon,2019-07-15,2019-10-03,1344.8,Retention,Churned,Spain
2280,Summer Acquisition Campaign 2023,14,Jennifer Obrien,2023-10-10,2023-12-15,5861.36,Acquisition,New,United States
2281,Loyalty Brand Promo 2020,6,Jennifer Obrien,2020-06-01,2020-08-23,5962.56,Brand,At-Risk,Spain
2282,Holiday Brand Push 2024,11,Jason Fletcher,2024-01-18,2024-02-25,4440.23,Brand,Returning,Netherlands
2283,Clearance Awareness Sale 2022,1,Isaiah Hall Jr.,2023-03-09,2023-04-25,2291.47,Awareness,Churned,United States
2284,Loyalty Awareness Campaign 2022,13,Scott Taylor,2024-01-30,2024-02-14,20986.24,Awareness,VIP,Global
2285,Flash Brand Push 2023,1,Julie Clark,2023-01-09,2023-02-08,1794.23,Brand,Returning,Japan
2286,Flash Awareness Promo 2024,4,Donna Nelson,2020-05-09,2020-07-23,1517.27,Awareness,At-Risk,Japan
2287,Prospecting Brand Drive 2024,5,Rachel Wright,2019-07-25,2019-08-25,12440.9,Brand,Churned,Global
2288,Clearance Acquisition Promo 2021,3,Eric Dodson Jr.,2023-03-22,2023-03-29,13529.95,Acquisition,Churned,Nigeria
2289,Launch Acquisition Promo 2019,3,,2023-01-30,2023-04-16,5584.33,Acquisition,All,France
2290,LAUNCH CONVERSION PROMO 2024,11,,2021-04-18,2021-05-30,12185.17,Conversion,VIP,United Arab Emirates
2291,Holiday Awareness Drive 2023,14,Jason Fletcher,2020-05-22,2020-06-12,11992.19,Awareness,Churned,Italy
2292,Holiday Awareness Promo 2023,13,Rebecca Simmons,2021-03-22,2021-04-19,5398.83,Awareness,Returning,Italy
2293,Launch Brand Push 2020,8,Rachel Wright,2020-01-22,2020-03-31,6428.73,Brand,Returning,Spain
2294,Retarget Brand Push 2019,15,Mark Harris,2023-06-13,2023-07-20,1508.61,Brand,Churned,United States
2295,Prospecting Conversion Push 2022,1,Christine Harris,2019-11-07,2019-12-16,1867.42,Conversion,At-Risk,Egypt
2296,Flash Conversion Campaign 2022,9,Tammy Bell,2020-08-15,2020-09-26,1732.98,Conversion,Churned,Italy
2297,Prospecting Retention Promo 2020,12,,2023-12-14,2024-02-09,25200.16,Retention,Returning,Nigeria
2298,Spring Awareness Sale 2021,13,Jennifer Obrien,2020-10-23,2020-11-28,4036.72,Awareness,New,Netherlands
2299,,6,Mark Morgan,2020-09-18,2020-11-25,7877.84,Conversion,At-Risk,United Kingdom
2300,NewYear Conversion Drive 2020,2,Gloria Keller,2019-01-06,2019-01-13,14723.17,Conversion,Churned,Germany
2301,BlackFriday Conversion Sale 2021,2,Rachel Dickerson,2022-10-05,2022-12-07,2006.31,Conversion,Returning,Saudi Arabia
2302,Prospecting Conversion Push 2023,2,Sandra Kim,2021-09-07,2021-11-01,6444.83,Conversion,New,Canada
2303,Flash Brand Sale 2019,7,Yvette House,2024-05-28,2024-07-13,2354.15,Brand,At-Risk,United States
2304,Flash Acquisition Sale 2023,14,Derek Lowe,2024-01-19,2024-04-01,587.94,Acquisition,Churned,Australia
2305,NewYear Awareness Promo 2022,7,,2021-03-28,2021-06-23,10986.37,Awareness,VIP,Spain
2306,Spring Conversion Campaign 2023,6,Jessica Sanford,2019-12-18,2020-01-25,14533.55,Conversion,At-Risk,South Africa
2307,Holiday Conversion Campaign 2019,13,Mark Morgan,2022-05-27,2022-06-14,22449.41,Conversion,VIP,United States
2308,,4,Stephanie Allen,2019-06-14,2019-07-31,4969.96,Conversion,VIP,United Arab Emirates
2309,NewYear Brand Campaign 2024,14,Carolyn Schultz,2023-12-15,2024-02-14,3768.83,Brand,New,United States
2310,Winter Awareness Sale 2023,4,Eric Dodson Jr.,2022-10-01,2022-11-29,7739.65,Awareness,All,France
2311,Spring Retention Push 2019,3,Rebecca Simmons,2022-01-10,2022-03-06,1463.6,Retention,Churned,Nigeria
2312,Retarget Conversion Push 2019,15,Sandra Kim,2022-02-12,2022-03-03,6854.83,Conversion,All,Netherlands
2313,Flash Acquisition Drive 2022,12,Connie Costa,2019-06-22,2019-09-05,1815.79,Acquisition,VIP,United Kingdom
2314,Retarget Conversion Campaign 2024,10,Lori Delgado,2021-04-06,2021-06-26,4792.14,Conversion,Returning,Mexico
2315,Loyalty Brand Sale 2021,1,Christine Harris,2024-10-24,2024-12-16,568.88,Brand,New,Saudi Arabia
2316,holiday awareness campaign 2024,2,Miguel Johnston,2021-06-14,2021-07-24,10821.04,Awareness,New,Brazil
2317,Retarget Brand Promo 2021,5,,2019-04-05,2019-05-16,11969.46,Brand,Returning,Nigeria
2318,Summer Retention Sale 2023,14,Sandra Kim,2022-11-26,2023-01-25,8856.52,Retention,Returning,Nigeria
2319,NewYear Brand Drive 2019,15,,2019-05-10,2019-06-01,6352.33,Brand,VIP,Australia
2320,BlackFriday Conversion Promo 2019,10,Angela Chandler,2024-02-16,2024-04-12,9986.9,Conversion,At-Risk,Philippines
2321,Spring Conversion Sale 2024,6,Isaiah Hall Jr.,2024-04-09,2024-06-15,4510.12,Conversion,All,Egypt
2322,Spring Retention Campaign 2024,14,Charles Torres,2020-10-02,2020-10-30,4373.64,Retention,Churned,United States
2323,Flash Awareness Sale 2024,1,Judy Lopez,2022-07-01,2022-09-03,1157.93,Awareness,Returning,Mexico
2324,Loyalty Retention Promo 2020,5,Sandra Kim,2022-10-08,2022-11-24,2040.02,Retention,Churned,Australia
2325,Retarget Conversion Sale 2023,4,Rebecca Prince,2021-08-13,2021-10-11,3561.16,Conversion,All,India
2326,SPRING ACQUISITION CAMPAIGN 2023,9,John Lopez,2022-08-16,2022-10-27,5946.61,Acquisition,Churned,Nigeria
2327,Retarget Awareness Sale 2021,12,Anthony Rasmussen,2020-12-26,2021-01-13,53208.98,Awareness,At-Risk,United States
2328,Winter Brand Push 2022,8,Eric Smith MD,2022-01-09,2022-04-05,6170.08,Brand,VIP,Global
2329,Clearance Conversion Campaign 2024,11,Daniel Bridges,2022-10-02,2022-11-08,5421.24,Conversion,New,Mexico
2330,BlackFriday Brand Drive 2021,14,Samuel Smith,2019-08-17,2019-09-04,13750.76,Brand,All,Japan
2331,NewYear Acquisition Promo 2021,3,Jason Fletcher,2023-11-14,2023-12-10,1870.09,Acquisition,Churned,India
2332,Clearance Acquisition Push 2021,11,Eric Smith MD,2021-03-31,2021-06-14,9585.01,Acquisition,At-Risk,Egypt
2333,Retarget Retention Campaign 2020,14,Willie Bowers,2023-11-09,2024-01-26,1454.62,Retention,New,India
2334,Flash Acquisition Promo 2024,1,,2024-06-13,2024-05-02,1350.45,Acquisition,All,Netherlands
2335,Winter Retention Sale 2020,12,Charles Torres,2020-08-22,2020-11-03,3000.82,Retention,Churned,France
2336,,15,Levi Stewart,2024-09-15,2024-11-27,5377.62,Awareness,Churned,Mexico
2337,Clearance Awareness Drive 2019,2,David Zuniga,2021-06-18,2021-07-09,16474.06,Awareness,At-Risk,Germany
2338,Flash Conversion Promo 2023,2,Jon Thomas,2022-09-15,2022-11-09,21856.53,Conversion,All,Global
2339,Loyalty Awareness Drive 2022,2,,2022-03-25,2022-04-08,7482.92,Awareness,Churned,Netherlands
2340,Spring Conversion Promo 2022,6,Scott Taylor,2020-09-14,2020-11-22,2780.57,Conversion,Returning,South Africa
2341,Retarget Brand Promo 2022,15,Chase Wolf,2024-11-02,2024-12-02,3092.06,Brand,Returning,Nigeria
2342,BlackFriday Retention Drive 2023,12,,2024-03-02,2024-05-11,5497.1,Retention,At-Risk,United States
2343,Launch Retention Drive 2020,1,Donna Nelson,2020-04-22,2020-05-14,4008.28,Retention,All,France
2344,Spring Acquisition Promo 2019,6,,2023-11-24,2023-12-13,10055.92,Acquisition,Returning,Canada
2345,Summer Brand Drive 2019,13,Robert Massey,2024-05-18,2024-06-15,3981.02,Brand,At-Risk,Nigeria
2346,Summer Brand Drive 2022,10,,2021-07-19,2021-09-15,8510.22,Brand,At-Risk,United States
2347,Flash Brand Promo 2022,3,Robert Jones,2019-05-01,2019-06-03,8383.85,Brand,Churned,India
2348,Retarget Brand Promo 2024,14,Kevin Morris,2020-01-20,2020-02-04,4525.17,Brand,At-Risk,Japan
2349,Spring Brand Sale 2022,7,Jason Fletcher,2023-01-16,2023-01-23,41322.23,Brand,New,India
2350,Summer Retention Drive 2022,11,Caitlin Edwards,2019-11-27,2019-12-06,5689.09,Retention,At-Risk,United Kingdom
2351,Clearance Acquisition Drive 2020,13,Jason Fletcher,2020-04-01,2020-04-15,5732.2,Acquisition,Churned,Global
2352,Prospecting Retention Campaign 2020,9,Nicholas Gordon,2022-02-08,2022-04-30,2462.14,Retention,Returning,Australia
2353,Prospecting Retention Sale 2021,1,Willie Bowers,2020-02-26,2020-05-08,8015.52,Retention,Returning,Mexico
2354,Loyalty Conversion Push 2023,9,Eric Smith MD,2020-07-28,2020-09-28,4031.83,Conversion,At-Risk,Japan
2355,Flash Retention Push 2021,9,Angela Chandler,2020-07-03,2020-08-31,13573.25,Retention,VIP,United Kingdom
2356,BlackFriday Retention Promo 2024,14,Miguel Johnston,2023-12-11,2024-01-30,1133.39,Retention,At-Risk,United Arab Emirates
2357,Flash Acquisition Campaign 2024,8,Jennifer Obrien,2021-09-23,2021-11-15,4074.87,Acquisition,All,Mexico
2358,Launch Brand Push 2023,2,Jessica Sanford,2023-09-26,2023-10-16,2659.43,Brand,At-Risk,Philippines
2359,Clearance Retention Drive 2022,5,James Smith,2022-10-19,2022-10-26,6159.01,Retention,New,India
2360,Spring Conversion Push 2024,5,Anthony Rasmussen,2019-02-03,2019-03-05,4111.88,Conversion,At-Risk,Australia
2361,Holiday Brand Sale 2024,7,,2021-09-29,2021-10-22,8047.51,Brand,All,Spain
2362,NewYear Conversion Push 2022,11,Mary Rodriguez,2020-01-06,2020-02-29,12782.86,Conversion,At-Risk,Brazil
2363,Loyalty Awareness Sale 2022,4,Kevin Morris,2022-01-19,2022-02-28,5352.17,Awareness,New,Spain
2364,Winter Conversion Campaign 2020,4,Jessica Sanford,2019-02-21,2019-04-12,4016.38,Conversion,Returning,Global
2365,Clearance Conversion Campaign 2021,3,Isaiah Hall Jr.,2020-06-11,2020-08-18,5569.35,Conversion,VIP,Germany
2366,Prospecting Conversion Drive 2023,3,Michael Lawrence,2022-11-24,2023-01-31,13175.43,Conversion,All,Philippines
2367,Summer Awareness Promo 2019,10,,2024-11-10,2024-12-13,3262.32,Awareness,At-Risk,Italy
2368,Holiday Acquisition Push 2019,10,Yolanda Wallace,2022-10-12,2022-12-13,2380.03,Acquisition,Returning,India
2369,Spring Acquisition Drive 2020,5,James Smith,2023-06-07,2023-08-04,6451.51,Acquisition,Returning,South Africa
2370,Spring Retention Push 2022,4,Yolanda Wallace,2023-12-22,2024-01-20,11939.07,Retention,Returning,United Arab Emirates
2371,Holiday Brand Sale 2021,13,Levi Stewart,2021-07-26,2021-08-31,4131.01,Brand,Returning,Nigeria
2372,Summer Awareness Drive 2023,14,Sandra Kim,2019-07-23,2019-10-12,1318.26,Awareness,VIP,France
2373,BlackFriday Acquisition Sale 2023,11,Sandra Ayala,2022-03-14,2022-05-17,4900.77,Acquisition,New,Mexico
2374,Holiday Acquisition Push 2019,4,Eric Smith MD,2020-05-20,2020-06-11,3399.65,Acquisition,All,Global
2375,Holiday Brand Drive 2023,9,John Lopez,2020-04-25,2020-06-17,8579.85,Brand,At-Risk,Global
2376,Spring Awareness Promo 2023,13,Judy Lopez,2020-03-06,2020-05-14,4553.21,Awareness,Churned,Global
2377,BlackFriday Awareness Campaign 2024,15,Connie Costa,2019-09-21,2019-11-23,4504.2,Awareness,New,Philippines
2378,Retarget Conversion Sale 2023,9,Kimberly Jensen,2023-07-09,2023-09-07,1900.12,Conversion,Churned,Spain
2379,Retarget Awareness Campaign 2022,9,,2020-07-04,2020-08-27,2235.31,Awareness,All,Egypt
2380,Prospecting Conversion Push 2022,5,,2022-05-27,2022-07-20,486.81,Conversion,At-Risk,Saudi Arabia
2381,Clearance Acquisition Drive 2024,13,Hunter Woods,2020-11-15,2020-12-12,11497.54,Acquisition,At-Risk,Japan
2382,Holiday Conversion Push 2023,1,Stephanie Allen,2020-07-06,2020-09-08,1185.29,Conversion,Returning,Global
2383,Launch Retention Drive 2024,10,Rachel Dickerson,2023-10-18,2024-01-11,19862.68,Retention,Returning,Mexico
2384,Launch Acquisition Drive 2024,12,Sandra Ayala,2020-01-04,2020-04-01,11616.54,Acquisition,Churned,United Kingdom
2385,Clearance Brand Drive 2024,4,Robert Jones,2024-06-09,2024-09-01,3548.25,Brand,At-Risk,South Africa
2386,Retarget Acquisition Push 2021,14,Derek Lowe,2024-02-16,2024-04-10,6726.5,Acquisition,New,Brazil
2387,Loyalty Awareness Drive 2023,3,Rachel Dickerson,2023-02-10,2023-05-02,5301.14,Awareness,All,Italy
2388,Winter Conversion Sale 2023,6,Debra Smith,2020-09-24,2020-11-12,8436.55,Conversion,New,Spain
2389,Prospecting Retention Drive 2024,7,Jennifer Obrien,2023-06-27,2023-09-23,16556.72,Retention,All,United Kingdom
2390,Holiday Retention Promo 2020,7,Yolanda Wallace,2020-01-20,2020-03-20,11567.29,Retention,At-Risk,Canada
2391,Loyalty Conversion Drive 2020,14,Eric Smith MD,2019-01-13,2019-03-29,6115.72,Conversion,At-Risk,Brazil
2392,Loyalty Brand Promo 2024,3,Elizabeth Hill,2023-08-20,2023-11-13,4949.27,Brand,New,United States
2393,NewYear Brand Push 2019,4,,2022-01-02,2022-01-27,7305.11,Brand,At-Risk,Spain
2394,Winter Acquisition Promo 2022,3,James Smith,2022-12-22,2023-03-11,7513.88,Acquisition,At-Risk,Brazil
2395,blackfriday retention push 2022,15,Willie Bowers,2022-04-01,2022-05-31,6320.1,Retention,Returning,Indonesia
2396,Loyalty Conversion Promo 2020,10,,2021-02-09,2021-05-03,2565.94,Conversion,VIP,United States
2397,Loyalty Brand Promo 2022,4,Hannah Matthews,2022-11-13,2022-12-26,1963.75,Brand,At-Risk,Egypt
2398,Holiday Conversion Sale 2023,7,,2019-04-13,2019-04-27,7380.9,Conversion,Churned,Nigeria
2399,Summer Awareness Push 2019,4,Isaiah Hall Jr.,2022-06-21,2022-07-09,3637.63,Awareness,New,France
2400,Holiday Retention Campaign 2023,12,Hunter Woods,2024-11-29,2025-01-23,2838.54,Retention,Returning,Australia
2401,Retarget Retention Campaign 2022,6,Sandra Ayala,2021-02-04,2021-03-06,4523.19,Retention,Returning,India
2402,Clearance Brand Promo 2019,5,Willie Bowers,2019-08-28,2019-10-01,7131.76,Brand,Churned,Canada
2403,SUMMER RETENTION SALE 2024,7,Angela Dillon,2021-08-09,2021-08-31,21847.0,Retention,New,Indonesia
2404,Launch Conversion Drive 2024,1,Angel Kent,2021-04-28,2021-06-24,3862.54,Conversion,All,United States
2405,Holiday Retention Push 2022,12,Christine Harris,2019-01-08,2019-02-23,2137.76,Retention,VIP,Netherlands
2406,Loyalty Brand Push 2024,13,,2024-10-01,2024-12-07,29220.34,Brand,Churned,Egypt
2407,Retarget Conversion Promo 2022,10,,2019-12-08,2020-02-14,7917.42,Conversion,At-Risk,United Kingdom
2408,Retarget Brand Sale 2024,13,Eric Dodson Jr.,2022-09-06,2022-08-05,26543.76,Brand,At-Risk,Germany
2409,BlackFriday Retention Promo 2023,15,Stephanie Allen,2019-12-26,2020-03-13,2456.31,Retention,New,United States
2410,Clearance Conversion Push 2022,5,Chase Wolf,2024-09-16,2024-10-27,4310.25,Conversion,At-Risk,Italy
2411,BlackFriday Conversion Campaign 2019,10,,2024-01-14,2024-02-17,5989.21,Conversion,All,Brazil
2412,Launch Retention Sale 2024,9,Isaiah Hall Jr.,2023-06-29,2023-08-16,5591.06,Retention,Returning,South Africa
2413,Retarget Awareness Promo 2024,10,Felicia Henry,2021-10-28,2021-12-29,5924.95,Awareness,VIP,Canada
2414,Clearance Acquisition Drive 2020,9,,2020-05-07,2020-06-21,17711.66,Acquisition,All,Netherlands
2415,Loyalty Awareness Drive 2023,8,,2023-03-20,2023-06-04,33658.92,Awareness,Churned,Brazil
2416,Holiday Conversion Promo 2019,8,James Smith,2020-08-24,2020-09-05,4584.76,Conversion,Churned,Spain
2417,loyalty conversion push 2024,9,Jessica Sanford,2024-06-06,2024-06-18,1516.54,Conversion,At-Risk,Australia
2418,Summer Conversion Push 2019,12,,2019-05-17,2019-05-29,4227.71,Conversion,Churned,Philippines
2419,Retarget Brand Campaign 2022,11,John Lopez,2024-04-01,2024-05-28,3077.41,Brand,Churned,Global
2420,Holiday Conversion Promo 2022,3,,2020-09-30,2020-11-05,734.87,Conversion,VIP,Mexico
2421,Loyalty Retention Promo 2024,9,Richard White,2019-04-28,2019-05-19,11929.91,Retention,Returning,Germany
2422,Flash Conversion Sale 2022,11,,2023-11-04,2023-12-11,8923.64,Conversion,Churned,Netherlands
2423,Launch Awareness Drive 2020,2,Levi Stewart,2023-01-26,2023-02-28,14138.32,Awareness,VIP,Japan
2424,BlackFriday Brand Campaign 2022,7,Angel Kent,2019-12-31,2020-01-07,958.2,Brand,VIP,Philippines
2425,Holiday Awareness Campaign 2021,13,Jennifer Obrien,2019-04-10,2019-05-20,11417.77,Awareness,At-Risk,Mexico
2426,Prospecting Retention Drive 2024,8,,2023-06-21,2023-07-08,2250.07,Retention,At-Risk,Canada
2427,Winter Acquisition Promo 2019,3,Levi Stewart,2021-11-16,2021-12-23,503.97,Acquisition,All,Philippines
2428,Prospecting Retention Promo 2023,14,James Smith,2022-07-21,2022-10-06,391.97,Retention,At-Risk,South Africa
2429,Retarget Awareness Drive 2024,12,Tammy Bell,2023-10-26,2024-01-22,3681.85,Awareness,New,United Kingdom
2430,Winter Conversion Promo 2021,13,Rebecca Simmons,2023-08-31,2023-11-23,2217.17,Conversion,Returning,India
2431,Spring Conversion Drive 2019,4,Christine Harris,2020-06-02,2020-07-30,1610.37,Conversion,New,Germany
2432,Launch Acquisition Promo 2020,14,,2020-05-12,2020-05-19,14901.65,Acquisition,New,Australia
2433,Clearance Conversion Push 2022,10,,2024-09-06,2024-11-18,2177.71,Conversion,New,Germany
2434,,15,Alexis Hale,2020-09-30,2020-11-13,2670.7,Awareness,VIP,Netherlands
2435,Winter Brand Promo 2023,2,Rachel Wright,2023-06-28,2023-07-12,4867.85,Brand,At-Risk,Global
2436,Loyalty Awareness Promo 2019,13,Eric Dodson Jr.,2024-07-06,2024-09-23,6267.92,Awareness,Churned,Germany
2437,,4,,2024-10-03,2024-11-24,1228.39,Retention,VIP,Germany
2438,Retarget Awareness Drive 2023,10,Connie Costa,2023-01-07,2023-03-28,1454.77,Awareness,At-Risk,Saudi Arabia
2439,Launch Awareness Campaign 2019,8,Carolyn Schultz,2020-05-16,2020-07-25,5082.42,Awareness,New,Nigeria
2440,Summer Brand Promo 2024,1,Angela Chandler,2022-10-20,2022-11-14,3223.89,Brand,Churned,India
2441,Launch Acquisition Promo 2020,12,Lori Delgado,2021-02-05,2021-04-15,6033.67,Acquisition,All,Germany
2442,Winter Retention Push 2021,10,Angela Dillon,2020-03-30,2020-05-04,13957.71,Retention,Returning,France
2443,BlackFriday Acquisition Drive 2024,2,James Smith,2022-06-16,2022-07-13,3407.58,Acquisition,Returning,United Kingdom
2444,Summer Conversion Sale 2023,10,Rebecca Prince,2020-07-28,2020-08-31,3986.67,Conversion,At-Risk,Canada
2445,Clearance Retention Promo 2023,15,Rebecca Simmons,2023-12-27,2024-03-14,2303.79,Retention,VIP,Spain
2446,BlackFriday Retention Drive 2023,3,Jeffrey Herring,2022-04-29,2022-06-24,24707.38,Retention,At-Risk,Germany
2447,Flash Acquisition Push 2019,2,Elizabeth Hill,2021-02-09,2021-02-20,12725.78,Acquisition,All,Brazil
2448,Flash Awareness Drive 2023,15,,2022-02-07,2022-04-02,1022.72,Awareness,New,Italy
2449,Retarget Retention Sale 2020,6,Robert Massey,2020-02-17,2020-03-09,4646.1,Retention,New,Saudi Arabia
2450,retarget awareness sale 2020,7,Dominic Bennett,2024-10-30,2024-11-16,4475.49,Awareness,New,France
2451,Retarget Acquisition Drive 2023,14,Alexis Hale,2022-02-03,2022-04-28,10383.73,Acquisition,Returning,India
2452,NewYear Acquisition Promo 2019,1,,2022-10-16,2022-12-27,1438.31,Acquisition,At-Risk,Philippines
2453,Summer Acquisition Campaign 2023,12,Carolyn Schultz,2023-11-10,2023-12-06,11351.82,Acquisition,Returning,Germany
2454,Retarget Conversion Promo 2023,13,Eric Dodson Jr.,2020-09-13,2020-11-14,4323.42,Conversion,Churned,South Africa
2455,Winter Brand Sale 2021,12,Donna Nelson,2021-06-08,2021-08-28,1125.25,Brand,All,Spain
2456,Loyalty Awareness Campaign 2021,11,Scott Taylor,2020-06-15,2020-08-31,9287.23,Awareness,New,Japan
2457,NewYear Awareness Push 2021,6,Derek Lowe,2019-10-04,2019-10-19,5748.86,Awareness,Returning,United Kingdom
2458,Flash Acquisition Sale 2023,14,Rebecca Simmons,2022-11-03,2022-11-25,11483.5,Acquisition,At-Risk,Mexico
2459,Prospecting Awareness Drive 2023,13,Jason Fletcher,2022-01-18,2022-01-26,1635.52,Awareness,VIP,Mexico
2460,Summer Retention Drive 2024,12,Sandra Kim,2023-10-22,2023-11-07,6292.55,Retention,All,Indonesia
2461,BLACKFRIDAY AWARENESS SALE 2022,8,,2020-12-19,2021-03-06,6503.66,Awareness,Returning,Mexico
2462,NewYear Brand Promo 2021,7,,2019-05-04,2019-07-22,3326.03,Brand,VIP,United States
2463,Summer Retention Drive 2022,14,Eric Smith MD,2023-11-29,2024-01-17,4749.51,Retention,Churned,United Kingdom
2464,PROSPECTING ACQUISITION CAMPAIGN 2022,7,,2024-07-18,2024-09-06,2453.05,Acquisition,At-Risk,Italy
2465,Holiday Brand Drive 2020,10,Stephanie Allen,2022-01-09,2022-03-26,3368.19,Brand,VIP,Philippines
2466,Clearance Awareness Promo 2020,11,Mark Harris,2021-12-06,2022-02-28,5766.59,Awareness,VIP,Canada
2467,Retarget Acquisition Drive 2020,5,,2019-08-17,2019-08-26,7348.13,Acquisition,VIP,Indonesia
2468,Retarget Retention Campaign 2023,6,Robert Jones,2022-06-17,2022-08-18,5486.63,Retention,Returning,United Arab Emirates
2469,Retarget Acquisition Drive 2021,14,Samuel Smith,2023-12-13,2024-02-16,37589.76,Acquisition,At-Risk,Spain
2470,Loyalty Awareness Promo 2020,10,Michael Lawrence,2019-09-12,2019-09-24,21239.34,Awareness,New,Spain
2471,Clearance Conversion Push 2021,14,Rebecca Simmons,2019-09-28,2019-12-24,12065.34,Conversion,At-Risk,Germany
2472,Retarget Conversion Campaign 2022,8,Donna Nelson,2020-04-01,2020-06-13,12567.24,Conversion,VIP,Philippines
2473,Spring Awareness Campaign 2020,15,Debra Smith,2021-11-21,2022-02-13,3830.05,Awareness,At-Risk,Spain
2474,Flash Awareness Campaign 2021,2,Debra Smith,2019-08-15,2019-10-30,1587.63,Awareness,At-Risk,Italy
2475,BlackFriday Acquisition Drive 2023,1,Rebecca Simmons,2022-08-20,2022-09-12,11233.46,Acquisition,VIP,Spain
2476,Loyalty Brand Campaign 2024,15,Kimberly Jensen,2022-02-08,2021-11-10,1169.85,Brand,New,Germany
2477,Flash Conversion Push 2019,7,Caitlin Edwards,2020-09-16,2020-11-25,20702.89,Conversion,All,Nigeria
2478,Summer Conversion Push 2021,14,Daniel Bridges,2021-10-13,2021-12-05,5265.2,Conversion,At-Risk,France
2479,Prospecting Awareness Push 2022,4,Hannah Matthews,2023-02-01,2023-02-26,3172.84,Awareness,VIP,Australia
2480,Spring Conversion Promo 2024,4,Rebecca Prince,2022-05-12,2022-07-07,12572.96,Conversion,New,United States
2481,Prospecting Conversion Drive 2021,9,Caitlin Edwards,2023-02-04,2023-05-01,9781.86,Conversion,VIP,Indonesia
2482,Clearance Awareness Push 2023,7,Yvette House,2021-10-16,2021-12-08,2141.19,Awareness,New,United Arab Emirates
2483,Summer Acquisition Promo 2024,13,Robert Jones,2021-11-12,2021-12-18,2080.32,Acquisition,VIP,India
2484,Holiday Awareness Sale 2024,13,Jessica Sanford,2020-06-27,2020-08-07,1443.41,Awareness,VIP,Italy
2485,Loyalty Conversion Drive 2022,1,Connie Costa,2023-03-24,2023-05-06,16659.1,Conversion,All,France
2486,Spring Acquisition Sale 2020,4,Jeffrey Herring,2019-03-05,2019-05-28,4582.28,Acquisition,New,France
2487,BlackFriday Brand Promo 2022,15,Donna Nelson,2023-03-15,2023-04-19,4022.46,Brand,All,Germany
2488,Prospecting Conversion Sale 2020,13,John Lopez,2021-02-09,2021-02-19,5763.62,Conversion,Churned,Nigeria
2489,BlackFriday Acquisition Push 2021,9,Eric Smith MD,2022-02-14,2022-05-13,3349.65,Acquisition,At-Risk,Nigeria
2490,Spring Brand Promo 2024,10,Levi Stewart,2024-04-06,2024-05-02,3217.79,Brand,New,Germany
2491,Spring Brand Push 2021,7,Derek Lowe,2023-01-26,2023-03-01,28495.17,Brand,At-Risk,Indonesia
2492,Winter Brand Drive 2021,10,Yvette House,2024-06-01,2024-08-30,3269.64,Brand,New,United Kingdom
2493,Flash Brand Push 2021,13,Scott Taylor,2022-02-19,2022-04-06,12456.99,Brand,Returning,Italy
2494,Launch Retention Drive 2023,6,Nicholas Gordon,2020-12-13,2021-02-13,1722.32,Retention,Returning,United Arab Emirates
2495,,6,Samuel Smith,2024-07-10,2024-08-30,1674.16,Brand,Returning,Italy
2496,Launch Conversion Drive 2022,4,Dominic Bennett,2023-06-19,2023-07-14,9957.63,Conversion,Returning,Nigeria
2497,NewYear Acquisition Promo 2021,14,Samuel Smith,2021-10-31,2021-11-30,29134.02,Acquisition,Returning,Global
2498,NewYear Acquisition Sale 2019,6,Daniel Bridges,2023-08-15,2023-10-20,8569.7,Acquisition,Churned,Saudi Arabia
2499,Launch Acquisition Sale 2024,13,,2022-07-18,2022-07-30,29990.88,Acquisition,Returning,Mexico
2500,Holiday Conversion Drive 2023,6,Isaiah Hall Jr.,2021-05-24,2021-08-06,987.55,Conversion,Returning,South Africa
2501,Summer Acquisition Promo 2019,8,Mark Morgan,2024-08-05,2024-10-01,1084.53,Acquisition,At-Risk,Italy
2502,Prospecting Retention Sale 2024,7,Dominic Bennett,2021-08-14,2021-09-06,14120.08,Retention,Churned,Saudi Arabia
2503,NewYear Conversion Drive 2022,8,Mark Morgan,2020-04-18,2020-05-05,7589.79,Conversion,All,France
2504,NewYear Retention Push 2020,1,Daniel Bridges,2021-03-28,2021-05-01,3506.94,Retention,All,Spain
2505,Loyalty Conversion Push 2019,9,Yvette House,2019-05-06,2019-06-29,5467.32,Conversion,All,France
2506,Winter Acquisition Sale 2023,7,Kimberly Jensen,2020-09-23,2020-11-06,9273.93,Acquisition,All,Canada
2507,Holiday Conversion Sale 2022,5,Stephanie Allen,2024-03-20,2024-04-11,9851.73,Conversion,New,Spain
2508,BlackFriday Conversion Promo 2024,2,Mark Harris,2021-10-12,2022-01-02,4266.85,Conversion,Churned,Spain
2509,NewYear Conversion Campaign 2022,15,Gloria Keller,2019-08-12,2019-09-22,4994.13,Conversion,Returning,India
2510,Loyalty Brand Campaign 2022,2,,2019-01-15,2019-02-06,14898.71,Brand,All,Egypt
2511,Holiday Acquisition Promo 2024,4,,2019-08-17,2019-11-06,14176.83,Acquisition,At-Risk,Australia
2512,Loyalty Retention Campaign 2020,10,Lori Delgado,2019-01-04,2019-01-22,13720.56,Retention,New,United Kingdom
2513,Retarget Acquisition Promo 2021,12,Connie Costa,2021-07-31,2021-09-13,3011.44,Acquisition,VIP,Indonesia
2514,NewYear Retention Drive 2021,10,Sandra Kim,2022-07-08,2022-08-29,9689.24,Retention,Churned,Italy
2515,Prospecting Awareness Drive 2022,11,Rebecca Simmons,2021-12-18,2022-02-27,4072.88,Awareness,New,Nigeria
2516,Summer Retention Push 2023,9,David Zuniga,2019-11-29,2020-01-21,7555.43,Retention,Churned,Philippines
2517,Loyalty Retention Promo 2019,3,,2023-12-21,2024-02-24,9261.54,Retention,At-Risk,Brazil
2518,CLEARANCE ACQUISITION PROMO 2021,9,Angela Dillon,2019-10-14,2019-10-26,21232.46,Acquisition,Returning,India
2519,Spring Acquisition Push 2024,2,Connie Costa,2022-02-26,2022-05-21,7050.55,Acquisition,VIP,Mexico
2520,Clearance Awareness Sale 2022,9,Samuel Smith,2024-08-02,2024-10-05,8273.94,Awareness,Returning,Germany
2521,Holiday Brand Campaign 2021,5,Rachel Wright,2022-09-12,2022-11-17,1508.11,Brand,VIP,Netherlands
2522,BlackFriday Retention Sale 2019,8,Kevin Morris,2019-01-11,2019-01-20,10376.02,Retention,Returning,Spain
2523,NewYear Retention Campaign 2024,7,,2020-04-11,2020-04-18,1992.75,Retention,All,Netherlands
2524,Spring Acquisition Drive 2021,7,Alexis Hale,2020-06-17,2020-07-13,446.12,Acquisition,New,Australia
2525,Spring Brand Sale 2019,13,Angela Dillon,2021-02-27,2021-04-02,4459.91,Brand,Churned,Italy
2526,Spring Brand Campaign 2019,14,Rachel Wright,2021-06-28,2021-05-19,2927.59,Brand,At-Risk,France
2527,Prospecting Conversion Push 2022,7,Eric Dodson Jr.,2019-10-23,2019-11-25,884.95,Conversion,Returning,United States
2528,Prospecting Conversion Promo 2023,15,Judy Lopez,2022-08-06,2022-10-27,5877.03,Conversion,At-Risk,Philippines
2529,Flash Awareness Campaign 2022,3,Hunter Woods,2023-03-12,2023-05-08,4058.75,Awareness,New,Mexico
2530,Holiday Conversion Sale 2021,9,Richard White,2021-12-12,2021-11-10,8610.54,Conversion,VIP,Global
2531,Holiday Conversion Promo 2019,15,,2021-08-11,2021-09-22,48127.59,Conversion,Churned,Saudi Arabia
2532,Launch Awareness Promo 2022,2,Scott Taylor,2019-10-14,2019-12-15,1199.46,Awareness,VIP,Germany
2533,Spring Conversion Sale 2020,3,Lori Delgado,2024-06-06,2024-08-01,11179.62,Conversion,All,Brazil
2534,Retarget Brand Sale 2023,8,Kimberly Jensen,2021-06-23,2021-07-02,25809.49,Brand,VIP,Saudi Arabia
2535,Flash Acquisition Promo 2024,12,,2020-09-17,2020-11-30,7878.95,Acquisition,New,Canada
2536,Prospecting Retention Promo 2020,12,Angela Dillon,2022-04-22,2022-06-12,1825.73,Retention,VIP,Saudi Arabia
2537,Loyalty Conversion Promo 2020,13,Robert Massey,2019-04-21,2019-05-07,4583.78,Conversion,Churned,Brazil
2538,Holiday Brand Sale 2022,8,Sandra Ayala,2022-12-11,2023-02-08,4736.01,Brand,Returning,Spain
2539,Clearance Brand Push 2020,6,Yolanda Wallace,2019-08-02,2019-09-29,4271.49,Brand,At-Risk,Italy
2540,Clearance Retention Campaign 2023,9,Rachel Dickerson,2020-02-29,2020-05-18,18416.08,Retention,Returning,Egypt
2541,Flash Brand Sale 2021,13,Sandra Ayala,2021-10-12,2021-11-27,2510.66,Brand,New,Nigeria
2542,Winter Brand Drive 2020,5,James Smith,2019-05-31,2019-07-05,2895.28,Brand,Churned,United States
2543,BlackFriday Brand Push 2023,9,Angel Kent,2020-11-11,2021-01-19,9103.82,Brand,Returning,India
2544,Loyalty Brand Sale 2019,4,Eric Smith MD,2020-07-19,2020-09-26,9538.47,Brand,At-Risk,Germany
2545,Summer Awareness Sale 2021,6,Daniel Bridges,2022-10-31,2022-11-17,9470.72,Awareness,Returning,Indonesia
2546,BlackFriday Conversion Drive 2021,2,Jeffrey Herring,2019-05-25,2019-07-10,4907.05,Conversion,VIP,Australia
2547,Flash Acquisition Promo 2024,12,Yolanda Wallace,2021-01-01,2021-03-28,3090.07,Acquisition,Returning,Canada
2548,,5,,2021-11-19,2021-11-26,3070.67,Brand,All,South Africa
2549,Flash Awareness Promo 2022,7,Rebecca Prince,2024-03-30,2024-06-03,5479.59,Awareness,All,Indonesia
2550,Retarget Conversion Drive 2020,1,Willie Bowers,2019-12-05,2019-12-23,1688.44,Conversion,VIP,Nigeria
2551,Retarget Brand Sale 2019,4,Felicia Henry,2023-11-29,2024-02-02,1272.74,Brand,Churned,Philippines
2552,Retarget Retention Push 2023,7,Felicia Henry,2024-10-11,2024-08-08,2125.05,Retention,Returning,United Kingdom
2553,Winter Retention Sale 2024,10,Miguel Johnston,2020-05-12,2020-06-11,9140.4,Retention,Returning,Netherlands
2554,BlackFriday Retention Push 2020,3,Eric Smith MD,2022-08-18,2022-09-16,4093.67,Retention,New,Egypt
2555,Loyalty Retention Drive 2021,9,Mark Morgan,2019-01-25,2019-02-21,23785.94,Retention,VIP,Egypt
2556,winter retention promo 2022,10,Rachel Dickerson,2024-08-28,2024-10-30,2126.05,Retention,Churned,India
2557,Clearance Retention Sale 2023,3,,2023-07-07,2023-07-28,4317.72,Retention,All,United Arab Emirates
2558,Winter Brand Campaign 2024,5,Eric Smith MD,2021-02-12,2021-04-23,122509.91,Brand,Returning,Global
2559,Prospecting Acquisition Campaign 2024,13,Jeffrey Herring,2022-07-19,2022-10-09,3818.44,Acquisition,At-Risk,South Africa
2560,Launch Retention Drive 2022,6,,2019-10-21,2020-01-04,2437.34,Retention,All,Saudi Arabia
2561,Summer Awareness Drive 2019,7,Charles Torres,2023-02-17,2023-05-12,12155.91,Awareness,At-Risk,India
2562,Flash Brand Campaign 2020,6,Scott Taylor,2024-01-10,2024-04-01,4675.46,Brand,VIP,India
2563,Flash Acquisition Promo 2021,12,John Lopez,2019-04-01,2019-06-10,11237.24,Acquisition,New,Australia
2564,Spring Acquisition Campaign 2021,7,Jennifer Obrien,2022-11-13,2023-01-22,2582.23,Acquisition,All,Italy
2565,Loyalty Conversion Campaign 2020,15,Miguel Johnston,2024-10-22,2024-12-01,14584.68,Conversion,All,United Arab Emirates
2566,Retarget Retention Campaign 2023,9,Felicia Henry,2020-02-11,2020-05-07,6865.75,Retention,VIP,Philippines
2567,Clearance Conversion Sale 2023,11,James Smith,2022-07-20,2022-09-10,6076.71,Conversion,All,Brazil
2568,BlackFriday Retention Promo 2022,5,Judy Lopez,2022-04-22,2022-05-03,7036.24,Retention,All,Global
2569,Summer Conversion Promo 2021,3,Julie Clark,2021-10-08,2021-12-10,1848.14,Conversion,At-Risk,Australia
2570,launch awareness promo 2019,10,Eric Smith MD,2020-05-26,2020-08-08,3052.88,Awareness,Churned,Spain
2571,Retarget Acquisition Drive 2022,6,Jon Thomas,2023-03-04,2023-04-22,9002.92,Acquisition,New,Brazil
2572,BlackFriday Conversion Drive 2024,8,Scott Taylor,2019-03-07,2019-03-18,63799.45,Conversion,At-Risk,South Africa
2573,Holiday Conversion Drive 2021,1,Sandra Ayala,2019-07-01,2019-08-02,1081.67,Conversion,All,Saudi Arabia
2574,Loyalty Retention Push 2023,6,Richard White,2022-08-31,2022-11-23,694.78,Retention,New,Brazil
2575,Flash Brand Promo 2020,7,Isaiah Hall Jr.,2022-07-25,2022-10-07,2474.71,Brand,New,Mexico
2576,CLEARANCE AWARENESS PUSH 2019,13,,2023-12-12,2024-01-14,3318.28,Awareness,New,Mexico
2577,Summer Conversion Campaign 2022,2,Sandra Ayala,2020-10-20,2020-11-18,5537.69,Conversion,All,Mexico
2578,NewYear Awareness Sale 2019,14,Levi Stewart,2024-10-15,2024-11-09,3531.46,Awareness,At-Risk,Egypt
2579,Launch Acquisition Campaign 2024,9,Stephanie Allen,2020-08-11,2020-10-31,22761.58,Acquisition,At-Risk,India
2580,Flash Conversion Campaign 2020,4,John Lopez,2021-11-23,2022-02-20,22074.85,Conversion,At-Risk,Mexico
2581,Flash Retention Sale 2024,12,Julie Clark,2022-12-23,2023-01-26,8152.37,Retention,Returning,Nigeria
2582,Loyalty Brand Campaign 2019,4,Jon Thomas,2022-11-14,2022-12-05,2568.42,Brand,VIP,Indonesia
2583,Prospecting Awareness Drive 2024,3,Samuel Smith,2024-01-25,2024-02-09,3277.87,Awareness,New,Canada
2584,Retarget Acquisition Campaign 2023,1,Angel Kent,2019-03-21,2019-04-02,2211.72,Acquisition,At-Risk,Saudi Arabia
2585,NewYear Brand Sale 2023,2,Jennifer Obrien,2023-07-03,2023-08-17,38598.8,Brand,Churned,Mexico
2586,Clearance Retention Drive 2023,10,Stephanie Allen,2024-10-26,2024-08-20,2976.44,Retention,Returning,South Africa
2587,Summer Acquisition Campaign 2019,4,Derek Lowe,2019-03-28,2019-05-07,1523.04,Acquisition,VIP,India
2588,clearance conversion promo 2020,15,John Lopez,2024-10-25,2024-12-31,7863.12,Conversion,Churned,Philippines
2589,Summer Conversion Promo 2023,4,Hunter Woods,2021-09-18,2021-12-16,1469.87,Conversion,All,Australia
2590,Spring Awareness Campaign 2020,7,Lori Delgado,2019-05-27,2019-07-24,5839.44,Awareness,Churned,Nigeria
2591,Clearance Retention Sale 2024,6,Kimberly Jensen,2020-10-31,2020-11-17,1770.79,Retention,All,Saudi Arabia
2592,Spring Awareness Drive 2021,11,Richard White,2023-11-14,2023-12-21,2435.96,Awareness,All,Spain
2593,Holiday Awareness Drive 2023,15,David Zuniga,2021-04-21,2021-05-14,1479.94,Awareness,Returning,Nigeria
2594,NewYear Conversion Drive 2022,8,Judy Lopez,2024-02-02,2024-04-24,1334.93,Conversion,Churned,Japan
2595,Prospecting Awareness Push 2023,11,Robert Jones,2022-05-27,2022-07-04,6579.36,Awareness,At-Risk,Italy
2596,Clearance Brand Sale 2024,15,Charles Torres,2024-08-05,2024-10-15,9169.23,Brand,New,Nigeria
2597,Summer Awareness Campaign 2022,10,Alexis Hale,2020-05-18,2020-08-15,12948.89,Awareness,VIP,Germany
2598,Flash Awareness Promo 2022,15,Levi Stewart,2021-04-11,2021-06-20,5803.2,Awareness,New,Netherlands
2599,Launch Acquisition Promo 2022,9,Mark Morgan,2023-08-13,2023-10-26,11212.37,Acquisition,All,Mexico
2600,Summer Acquisition Push 2022,9,,2019-03-09,2019-05-21,2125.6,Acquisition,VIP,Netherlands
2601,NewYear Retention Promo 2023,4,,2020-03-09,2020-03-16,2556.64,Retention,VIP,Mexico
2602,Clearance Acquisition Push 2020,10,Jessica Sanford,2023-01-24,2023-02-07,4274.22,Acquisition,Churned,United States
2603,Clearance Awareness Drive 2021,4,Scott Taylor,2019-02-15,2019-04-27,5089.82,Awareness,Returning,Spain
2604,Holiday Conversion Sale 2022,13,Angel Kent,2021-10-12,2021-12-21,4299.92,Conversion,All,South Africa
2605,Launch Brand Promo 2024,6,Jon Thomas,2024-05-17,2024-06-27,658.7,Brand,New,Saudi Arabia
2606,NewYear Brand Drive 2024,9,,2021-05-17,2021-05-27,2838.26,Brand,Returning,Australia
2607,Clearance Awareness Promo 2022,11,Angel Kent,2024-05-07,2024-05-14,9970.38,Awareness,All,United Arab Emirates
2608,Loyalty Retention Drive 2022,3,,2023-04-26,2023-05-09,14898.38,Retention,New,Egypt
2609,Retarget Acquisition Sale 2019,3,,2019-08-20,2019-07-28,16836.5,Acquisition,Churned,Indonesia
2610,Flash Brand Campaign 2021,11,Michael Lawrence,2019-04-21,2019-05-26,5453.68,Brand,New,Indonesia
2611,Holiday Acquisition Promo 2024,14,,2024-02-13,2024-04-11,5465.03,Acquisition,VIP,Mexico
2612,Summer Acquisition Campaign 2023,1,Eric Dodson Jr.,2019-02-13,2019-05-13,2215.56,Acquisition,Churned,Germany
2613,BlackFriday Conversion Sale 2024,13,Miguel Johnston,2023-10-18,2023-11-17,9726.92,Conversion,All,Netherlands
2614,Summer Acquisition Sale 2024,4,Mark Harris,2023-06-01,2023-03-06,2200.9,Acquisition,Churned,Egypt
2615,,4,Jeffrey Herring,2021-12-09,2021-12-18,3696.75,Awareness,VIP,France
2616,Retarget Awareness Drive 2024,4,Debra Smith,2024-03-24,2024-04-04,5836.82,Awareness,All,Spain
2617,Spring Brand Sale 2021,15,,2021-07-16,2021-09-28,574.14,Brand,New,United Kingdom
2618,Summer Acquisition Promo 2023,10,Gloria Keller,2022-10-13,2022-12-26,13337.1,Acquisition,VIP,Netherlands
2619,NewYear Brand Campaign 2020,4,Nicholas Gordon,2024-04-08,2024-06-16,4836.09,Brand,Churned,Netherlands
2620,Loyalty Acquisition Drive 2021,15,Isaiah Hall Jr.,2019-03-10,2019-04-05,3579.25,Acquisition,VIP,United Arab Emirates
2621,Holiday Conversion Drive 2020,11,Caitlin Edwards,2024-01-23,2024-02-12,1908.24,Conversion,VIP,Canada
2622,Clearance Acquisition Push 2019,9,Scott Taylor,2024-05-24,2024-06-24,4137.33,Acquisition,Churned,France
2623,Spring Conversion Drive 2021,7,James Smith,2023-10-06,2023-10-25,11711.28,Conversion,Churned,United Arab Emirates
2624,NewYear Conversion Campaign 2021,3,,2024-04-24,2024-06-23,5158.87,Conversion,Churned,South Africa
2625,NewYear Awareness Promo 2020,11,Angela Dillon,2021-12-22,2022-01-03,6293.06,Awareness,Returning,United Kingdom
2626,Winter Brand Drive 2020,15,Angel Kent,2023-09-10,2023-12-05,28833.63,Brand,VIP,Japan
2627,Clearance Brand Campaign 2019,5,,2021-09-13,2021-11-02,5591.79,Brand,New,Japan
2628,,9,Isaiah Hall Jr.,2021-09-07,2021-09-28,6677.67,Brand,All,United Arab Emirates
2629,Launch Awareness Drive 2023,12,Debra Smith,2019-05-28,2019-08-26,8385.35,Awareness,VIP,Japan
2630,Summer Conversion Push 2023,7,Robert Jones,2023-04-03,2023-05-22,5283.34,Conversion,New,Netherlands
2631,Loyalty Retention Promo 2024,15,James Smith,2024-08-21,2024-10-12,1670.22,Retention,Churned,India
2632,Launch Conversion Drive 2019,6,,2022-05-30,2022-06-13,2219.87,Conversion,Churned,France
2633,Clearance Acquisition Campaign 2019,11,Jason Fletcher,2019-08-06,2019-09-24,9127.48,Acquisition,VIP,Netherlands
2634,Retarget Retention Campaign 2024,13,Mary Rodriguez,2020-11-23,2021-02-01,10123.18,Retention,VIP,Egypt
2635,NewYear Acquisition Promo 2019,10,Donna Nelson,2021-09-26,2021-10-18,1837.7,Acquisition,Returning,India
2636,Spring Retention Promo 2019,9,Isaiah Hall Jr.,2020-05-15,2020-08-05,3496.42,Retention,Returning,Nigeria
2637,LOYALTY RETENTION SALE 2019,10,Lori Delgado,2020-06-18,2020-08-27,2556.72,Retention,New,Japan
2638,newyear conversion drive 2023,14,Samuel Smith,2023-07-08,2023-09-23,7693.29,Conversion,VIP,Philippines
2639,Clearance Retention Promo 2019,12,Mary Rodriguez,2019-09-14,2019-10-04,6916.18,Retention,At-Risk,Italy
2640,Retarget Acquisition Drive 2024,3,Charles Torres,2020-07-23,2020-09-21,3672.79,Acquisition,All,Nigeria
2641,NewYear Acquisition Promo 2022,2,Angela Dillon,2024-01-31,2024-03-06,4694.94,Acquisition,VIP,United States
2642,Clearance Acquisition Campaign 2024,15,Mark Morgan,2021-08-08,2021-09-17,13968.86,Acquisition,Churned,United States
2643,Winter Conversion Push 2021,7,Robert Jones,2022-04-16,2022-05-12,5767.62,Conversion,At-Risk,France
2644,,11,,2023-03-23,2023-04-07,10745.03,Retention,VIP,Egypt
2645,BlackFriday Acquisition Sale 2022,2,Yolanda Wallace,2021-08-28,2021-11-24,10987.36,Acquisition,New,United Kingdom
2646,NewYear Conversion Promo 2020,6,Rachel Wright,2024-05-26,2024-07-02,4175.34,Conversion,VIP,Egypt
2647,NewYear Brand Promo 2019,6,,2024-07-26,2024-09-26,12163.75,Brand,Returning,Germany
2648,Retarget Brand Push 2019,7,Sandra Ayala,2021-04-12,2021-06-05,5851.44,Brand,All,Nigeria
2649,Flash Retention Drive 2023,12,Anthony Rasmussen,2023-10-15,2024-01-01,5568.02,Retention,Churned,Egypt
2650,BlackFriday Awareness Drive 2024,13,Derek Lowe,2023-02-09,2023-02-19,492.81,Awareness,Churned,Italy
2651,BlackFriday Awareness Push 2019,13,Derek Lowe,2022-04-01,2022-06-07,11114.02,Awareness,New,Egypt
2652,Retarget Conversion Campaign 2021,15,Rachel Wright,2019-05-25,2019-07-12,491.24,Conversion,Returning,Canada
2653,Clearance Brand Drive 2024,11,Connie Costa,2024-09-24,2024-10-29,8173.81,Brand,At-Risk,Saudi Arabia
2654,Loyalty Awareness Push 2023,7,Scott Taylor,2023-12-23,2024-01-07,12403.63,Awareness,All,Italy
2655,Loyalty Brand Drive 2024,1,Jessica Sanford,2022-06-22,2022-09-06,6940.2,Brand,VIP,Global
2656,Winter Awareness Sale 2023,11,Rachel Dickerson,2019-09-12,2019-11-05,1935.28,Awareness,Churned,India
2657,Winter Awareness Sale 2019,10,Rachel Dickerson,2024-01-10,2024-02-12,11574.62,Awareness,Returning,United Kingdom
2658,BlackFriday Retention Sale 2023,3,Levi Stewart,2023-09-20,2023-06-27,12826.49,Retention,All,India
2659,Prospecting Acquisition Push 2020,11,Willie Bowers,2022-09-10,2022-11-11,16214.47,Acquisition,Returning,Nigeria
2660,SPRING AWARENESS SALE 2020,10,,2024-01-07,2024-02-13,4875.06,Awareness,Churned,Saudi Arabia
2661,LAUNCH RETENTION PUSH 2022,11,Judy Lopez,2022-01-04,2022-01-19,6753.73,Retention,Churned,Saudi Arabia
2662,Launch Acquisition Promo 2020,10,Samuel Smith,2024-05-24,2024-07-27,3657.74,Acquisition,Churned,Germany
2663,Clearance Retention Campaign 2022,13,Jennifer Obrien,2019-12-22,2020-01-29,2241.5,Retention,All,Mexico
2664,Prospecting Acquisition Sale 2022,15,Dominic Bennett,2022-06-01,2022-07-07,17046.17,Acquisition,VIP,South Africa
2665,Spring Awareness Promo 2019,12,Richard White,2022-12-27,2023-02-23,1286.08,Awareness,At-Risk,Japan
2666,Spring Conversion Campaign 2023,8,Gloria Keller,2019-05-19,2019-06-30,1189.47,Conversion,New,Mexico
2667,Holiday Brand Push 2021,8,Nicholas Gordon,2024-03-14,2024-05-23,1380.88,Brand,Churned,Italy
2668,Clearance Acquisition Drive 2019,7,Carolyn Schultz,2019-02-25,2019-05-26,6584.89,Acquisition,VIP,South Africa
2669,Clearance Brand Campaign 2019,2,Rebecca Prince,2022-02-18,2022-04-04,5891.35,Brand,VIP,Indonesia
2670,BlackFriday Acquisition Campaign 2019,10,Rebecca Simmons,2019-08-04,2019-10-07,1631.6,Acquisition,All,Canada
2671,Flash Conversion Drive 2021,5,,2023-02-12,2023-05-02,7619.42,Conversion,Churned,United Arab Emirates
2672,NewYear Awareness Promo 2021,4,Miguel Johnston,2023-01-03,2023-03-06,1058.95,Awareness,At-Risk,Japan
2673,Holiday Acquisition Drive 2024,11,John Lopez,2022-04-25,2022-05-03,14976.45,Acquisition,Returning,Global
2674,Summer Brand Drive 2020,7,Willie Bowers,2020-12-24,2021-02-17,9672.39,Brand,VIP,Philippines
2675,Flash Retention Drive 2022,7,Daniel Bridges,2021-03-06,2021-03-28,2000.06,Retention,All,Saudi Arabia
2676,Loyalty Acquisition Push 2021,3,Julie Clark,2021-10-02,2021-12-31,10631.12,Acquisition,All,Global
2677,Flash Conversion Drive 2023,3,Yolanda Wallace,2020-05-05,2020-05-29,3701.38,Conversion,Returning,United Kingdom
2678,Holiday Retention Push 2023,4,Yolanda Wallace,2023-03-07,2023-05-24,9070.85,Retention,VIP,United Kingdom
2679,Holiday Awareness Drive 2023,7,Christine Harris,2020-08-23,2020-10-31,2517.08,Awareness,VIP,South Africa
2680,Launch Retention Push 2020,6,Anthony Rasmussen,2021-09-11,2021-10-21,6901.1,Retention,VIP,United Arab Emirates
2681,Retarget Retention Promo 2019,10,Eric Smith MD,2021-06-18,2021-08-21,6951.99,Retention,All,Spain
2682,Clearance Conversion Drive 2021,11,,2019-09-25,2019-12-12,9865.09,Conversion,All,United States
2683,NewYear Conversion Sale 2021,1,,2020-11-24,2020-12-17,2843.88,Conversion,At-Risk,Global
2684,Retarget Retention Campaign 2020,12,,2022-05-07,2022-08-03,4157.93,Retention,VIP,Indonesia
2685,Flash Acquisition Push 2021,5,Robert Massey,2024-09-29,2024-12-04,3206.77,Acquisition,New,Egypt
2686,BlackFriday Awareness Campaign 2019,7,,2019-02-17,2019-03-20,1635.96,Awareness,VIP,Mexico
2687,Summer Awareness Promo 2020,3,Mark Harris,2023-11-11,2023-11-29,1189.99,Awareness,All,South Africa
2688,BlackFriday Retention Campaign 2021,7,Chase Wolf,2021-07-29,2021-08-17,4520.94,Retention,VIP,France
2689,NewYear Acquisition Sale 2022,1,,2022-09-06,2022-11-25,2303.77,Acquisition,New,Philippines
2690,Retarget Conversion Sale 2019,9,Miguel Johnston,2020-07-06,2020-08-25,6483.47,Conversion,At-Risk,Egypt
2691,Holiday Awareness Push 2024,11,Hannah Matthews,2022-03-29,2022-06-14,4055.77,Awareness,VIP,United Kingdom
2692,Retarget Awareness Promo 2021,9,,2024-06-15,2024-07-15,4236.02,Awareness,Returning,Philippines
2693,Flash Retention Campaign 2024,9,Chase Wolf,2019-07-26,2019-08-28,5888.4,Retention,Returning,Nigeria
2694,Prospecting Brand Sale 2024,11,Jason Fletcher,2023-06-09,2023-07-21,2342.66,Brand,Returning,India
2695,Winter Brand Sale 2021,4,Jennifer Obrien,2019-01-05,2019-01-17,17011.61,Brand,All,South Africa
2696,Prospecting Awareness Campaign 2022,10,Levi Stewart,2019-05-19,2019-05-08,7999.54,Awareness,VIP,France
2697,Winter Brand Drive 2022,3,John Lopez,2023-05-06,2023-06-26,2831.25,Brand,At-Risk,Global
2698,Loyalty Conversion Campaign 2022,13,Rachel Dickerson,2019-03-20,2019-06-14,5181.96,Conversion,Churned,United States
2699,Clearance Acquisition Sale 2019,6,Chase Wolf,2021-08-18,2021-09-17,1200.8,Acquisition,VIP,Indonesia
2700,Winter Retention Sale 2022,10,Miguel Johnston,2021-06-05,2021-07-19,7693.74,Retention,Returning,United Arab Emirates
2701,Holiday Brand Sale 2019,15,Gloria Keller,2019-11-18,2019-11-25,7904.4,Brand,All,Nigeria
2702,Winter Conversion Push 2024,8,Levi Stewart,2023-08-01,2023-10-01,10833.43,Conversion,New,United States
2703,Spring Acquisition Sale 2020,10,Jennifer Obrien,2024-11-19,2025-02-04,2389.78,Acquisition,Churned,Netherlands
2704,Holiday Conversion Campaign 2019,5,,2019-04-21,2019-06-03,11566.39,Conversion,At-Risk,Brazil
2705,Summer Acquisition Promo 2022,14,Julie Clark,2021-07-02,2021-07-19,8110.77,Acquisition,Churned,France
2706,Holiday Conversion Sale 2020,8,Richard White,2024-09-24,2024-11-22,9083.53,Conversion,At-Risk,Italy
2707,Summer Retention Push 2023,6,,2019-03-29,2019-04-30,7072.34,Retention,At-Risk,Canada
2708,NewYear Retention Promo 2023,15,Jessica Sanford,2023-07-20,2023-07-29,3883.06,Retention,At-Risk,France
2709,NewYear Retention Promo 2021,5,Charles Torres,2022-08-05,2022-08-31,1888.38,Retention,At-Risk,Netherlands
2710,Retarget Awareness Push 2020,3,Jennifer Obrien,2019-12-10,2020-03-06,10066.47,Awareness,At-Risk,United Kingdom
2711,Prospecting Retention Promo 2022,3,David Zuniga,2021-06-07,2021-06-14,1833.74,Retention,New,Egypt
2712,Launch Retention Campaign 2019,15,Levi Stewart,2023-05-20,2023-07-20,8353.55,Retention,Churned,United States
2713,Winter Retention Sale 2019,6,Richard White,2020-01-17,2020-02-03,15109.52,Retention,All,South Africa
2714,CLEARANCE RETENTION DRIVE 2023,2,Michael Lawrence,2022-04-29,2022-05-29,4541.15,Retention,Returning,Egypt
2715,Loyalty Acquisition Push 2020,13,Nicholas Gordon,2022-11-30,2023-01-05,2604.87,Acquisition,New,Global
2716,BlackFriday Conversion Drive 2023,14,Samuel Smith,2020-12-14,2021-03-05,51578.08,Conversion,All,United Arab Emirates
2717,NewYear Retention Campaign 2022,2,Rebecca Prince,2023-09-08,2023-09-22,14340.94,Retention,At-Risk,Philippines
2718,Spring Acquisition Sale 2020,5,,2019-11-29,2020-02-11,4305.08,Acquisition,Returning,United Kingdom
2719,Spring Conversion Campaign 2023,3,Eric Smith MD,2024-06-19,2024-07-29,2769.38,Conversion,At-Risk,South Africa
2720,Retarget Conversion Promo 2021,13,Isaiah Hall Jr.,2023-05-24,2023-06-14,8362.51,Conversion,Churned,United States
2721,BlackFriday Awareness Sale 2022,3,Alexis Hale,2020-07-12,2020-10-10,2177.1,Awareness,New,United Arab Emirates
2722,Launch Conversion Drive 2024,12,Levi Stewart,2022-06-26,2022-08-12,6198.09,Conversion,New,United Kingdom
2723,Holiday Acquisition Promo 2019,10,Jennifer Obrien,2021-11-14,2022-01-06,30809.36,Acquisition,All,Brazil
2724,,4,Jeffrey Herring,2023-11-14,2023-12-31,12281.21,Retention,At-Risk,Egypt
2725,Holiday Conversion Campaign 2024,12,Sandra Kim,2022-07-18,2022-07-31,7350.47,Conversion,New,Philippines
2726,BlackFriday Brand Sale 2019,14,,2024-04-20,2024-05-30,9410.73,Brand,Returning,Netherlands
2727,Summer Retention Push 2023,15,Yvette House,2021-03-21,2021-05-26,19144.52,Retention,New,Mexico
2728,Winter Awareness Push 2022,8,Charles Torres,2023-09-19,2023-12-14,4699.88,Awareness,Returning,Saudi Arabia
2729,Holiday Acquisition Drive 2019,15,,2022-10-19,2022-12-25,24149.11,Acquisition,New,Netherlands
2730,NewYear Brand Campaign 2019,11,Rebecca Simmons,2022-07-13,2022-08-02,2177.76,Brand,At-Risk,Spain
2731,NewYear Retention Sale 2020,10,James Smith,2023-01-30,2023-04-24,1776.52,Retention,New,Nigeria
2732,Prospecting Acquisition Drive 2022,12,Julie Clark,2023-10-22,2023-11-01,13937.49,Acquisition,All,Canada
2733,Prospecting Conversion Promo 2021,1,Tammy Bell,2021-05-31,2021-08-21,3223.5,Conversion,New,Spain
2734,Holiday Brand Push 2022,10,Chase Wolf,2023-11-16,2024-02-14,4295.64,Brand,New,Nigeria
2735,Flash Acquisition Promo 2024,10,Judy Lopez,2020-11-26,2021-02-04,1966.48,Acquisition,New,South Africa
2736,,10,Levi Stewart,2020-08-19,2020-10-14,4665.38,Conversion,VIP,Global
2737,spring conversion promo 2024,5,Willie Bowers,2023-05-03,2023-06-04,6222.11,Conversion,VIP,Netherlands
2738,Flash Retention Promo 2023,1,Jeffrey Herring,2021-03-02,2021-05-21,15545.32,Retention,VIP,Spain
2739,Clearance Awareness Drive 2019,3,Donna Nelson,2024-05-01,2024-07-29,7728.57,Awareness,VIP,Italy
2740,CLEARANCE ACQUISITION SALE 2021,3,Angela Dillon,2021-10-21,2021-09-24,3195.67,Acquisition,At-Risk,United States
2741,Retarget Acquisition Campaign 2023,13,,2022-04-25,2022-05-10,11752.77,Acquisition,New,Saudi Arabia
2742,Summer Brand Sale 2020,7,Lori Delgado,2024-10-15,2025-01-07,5163.13,Brand,Returning,Italy
2743,Loyalty Awareness Sale 2021,14,Angela Dillon,2022-12-12,2023-01-23,30239.54,Awareness,Churned,United States
2744,Winter Brand Campaign 2021,14,Anthony Rasmussen,2023-04-21,2023-05-04,962.93,Brand,Returning,France
2745,Retarget Retention Push 2024,8,Rebecca Simmons,2024-08-25,2024-09-04,6659.18,Retention,VIP,South Africa
2746,,8,Carolyn Schultz,2021-11-12,2021-11-25,5383.39,Retention,New,Mexico
2747,Clearance Brand Push 2021,11,Sandra Kim,2019-05-25,2019-07-20,1516.94,Brand,Churned,France
2748,Winter Awareness Drive 2024,15,Charles Torres,2019-05-10,2019-07-10,7814.84,Awareness,All,Global
2749,Flash Brand Promo 2020,13,Angel Kent,2023-02-23,2023-03-05,4623.53,Brand,At-Risk,Netherlands
2750,Loyalty Conversion Promo 2023,4,,2020-02-10,2020-04-29,5746.8,Conversion,All,Germany
2751,Spring Acquisition Sale 2020,10,James Smith,2022-06-22,2022-07-14,7013.71,Acquisition,Returning,Egypt
2752,Prospecting Acquisition Drive 2023,7,Mary Rodriguez,2023-02-12,2023-04-18,1697.28,Acquisition,VIP,South Africa
2753,Spring Brand Promo 2021,13,Levi Stewart,2021-02-05,2021-02-18,1630.13,Brand,At-Risk,Egypt
2754,Clearance Retention Promo 2022,2,Donna Nelson,2023-03-23,2023-06-05,342.16,Retention,At-Risk,Global
2755,NewYear Acquisition Drive 2022,8,,2019-04-30,2019-07-16,793.6,Acquisition,Returning,Germany
2756,BLACKFRIDAY RETENTION DRIVE 2024,8,,2021-07-18,2021-08-30,16495.75,Retention,At-Risk,Netherlands
2757,NewYear Acquisition Drive 2020,10,Mary Rodriguez,2023-10-10,2024-01-04,14110.56,Acquisition,All,United Arab Emirates
2758,BlackFriday Brand Push 2022,11,,2021-09-20,2021-10-27,2540.69,Brand,VIP,Spain
2759,Loyalty Brand Campaign 2021,10,Nicholas Gordon,2022-04-21,2022-05-13,1855.28,Brand,Returning,Egypt
2760,Winter Awareness Drive 2024,3,Michael Lawrence,2020-02-26,2020-03-11,3120.02,Awareness,All,Spain
2761,Flash Conversion Drive 2021,15,David Zuniga,2021-05-17,2021-06-12,5790.37,Conversion,At-Risk,Nigeria
2762,Winter Brand Drive 2024,2,,2023-07-18,2023-10-07,7409.07,Brand,Churned,India
2763,Holiday Conversion Sale 2019,4,Sandra Ayala,2019-08-19,2019-11-14,30701.56,Conversion,New,Brazil
2764,Clearance Brand Drive 2022,13,Sandra Ayala,2020-09-17,2020-09-29,6714.27,Brand,VIP,Global
2765,Spring Brand Drive 2022,7,,2020-04-29,2020-07-06,2025.22,Brand,VIP,Brazil
2766,NewYear Conversion Push 2023,4,Angel Kent,2019-02-13,2019-03-13,2268.53,Conversion,New,France
2767,Launch Conversion Campaign 2023,10,Jon Thomas,2019-05-13,2019-07-20,6393.03,Conversion,Churned,Germany
2768,Launch Acquisition Push 2023,2,Jennifer Obrien,2024-06-21,2024-09-11,886.03,Acquisition,All,Philippines
2769,Prospecting Conversion Promo 2024,4,David Zuniga,2021-01-26,2021-03-31,3315.47,Conversion,Returning,Philippines
2770,Spring Acquisition Drive 2019,3,Connie Costa,2024-08-23,2024-09-09,50846.79,Acquisition,At-Risk,Global
2771,Flash Brand Promo 2019,8,Tammy Bell,2019-05-08,2019-05-16,1368.89,Brand,Returning,Philippines
2772,Retarget Conversion Campaign 2019,11,Rachel Dickerson,2020-09-26,2020-12-24,5114.73,Conversion,All,United Kingdom
2773,Clearance Conversion Campaign 2022,6,Elizabeth Hill,2020-03-10,2020-05-17,6904.95,Conversion,Churned,Canada
2774,Holiday Conversion Sale 2019,8,,2019-08-04,2019-08-27,2791.33,Conversion,All,Japan
2775,Retarget Conversion Promo 2019,4,Sandra Ayala,2023-01-13,2023-03-05,2034.37,Conversion,Returning,South Africa
2776,  Winter Awareness Promo 2022  ,15,Yolanda Wallace,2024-01-04,2024-02-25,13164.28,Awareness,New,Philippines
2777,Spring Retention Sale 2023,3,Angela Chandler,2021-10-01,2021-11-11,12869.48,Retention,Churned,United Kingdom
2778,Flash Acquisition Drive 2019,12,Sandra Kim,2019-11-16,2020-01-09,5125.79,Acquisition,At-Risk,Global
2779,,6,Jon Thomas,2023-08-05,2023-09-06,17167.76,Retention,Returning,Philippines
2780,Launch Retention Campaign 2022,2,Donna Nelson,2019-01-02,2019-03-08,2636.41,Retention,New,South Africa
2781,NewYear Conversion Sale 2023,9,,2019-08-27,2019-11-15,4510.99,Conversion,VIP,Brazil
2782,Retarget Brand Promo 2023,13,,2019-12-03,2019-12-23,1095.8,Brand,New,Canada
2783,Spring Conversion Campaign 2021,1,Jason Fletcher,2021-08-25,2021-11-15,2941.02,Conversion,At-Risk,Mexico
2784,NewYear Acquisition Promo 2024,10,Caitlin Edwards,2024-11-15,2025-02-04,18821.36,Acquisition,Returning,Germany
2785,Winter Awareness Drive 2019,15,Miguel Johnston,2023-05-08,2023-05-24,2522.32,Awareness,Churned,Saudi Arabia
2786,Flash Brand Drive 2022,15,Tammy Bell,2021-10-09,2022-01-03,1969.3,Brand,All,Germany
2787,Retarget Acquisition Drive 2023,4,Julie Clark,2021-08-06,2021-09-29,15193.06,Acquisition,At-Risk,United Arab Emirates
2788,BlackFriday Brand Drive 2021,4,Donna Nelson,2020-04-05,2020-07-02,311.73,Brand,New,Germany
2789,Prospecting Conversion Campaign 2023,2,Levi Stewart,2024-08-31,2024-10-01,8325.44,Conversion,VIP,Netherlands
2790,Summer Retention Sale 2023,6,,2019-01-21,2019-03-21,2597.8,Retention,VIP,Australia
2791,  BlackFriday Acquisition Promo 2023  ,7,Robert Jones,2024-03-02,2024-04-19,12572.65,Acquisition,VIP,Italy
2792,Spring Awareness Sale 2022,3,Caitlin Edwards,2023-07-03,2023-08-08,2457.19,Awareness,VIP,Mexico
2793,Loyalty Retention Push 2019,13,Mark Harris,2020-01-21,2020-02-28,7355.93,Retention,Churned,Japan
2794,WINTER RETENTION CAMPAIGN 2021,1,Julie Clark,2023-03-29,2023-02-13,4653.51,Retention,Returning,Mexico
2795,Summer Retention Drive 2023,7,,2019-12-06,2020-01-25,13187.37,Retention,VIP,Nigeria
2796,Prospecting Awareness Sale 2019,11,Christine Harris,2023-04-07,2023-04-20,1071.81,Awareness,Returning,Philippines
2797,Summer Awareness Campaign 2021,9,Willie Bowers,2024-06-04,2024-07-26,12247.95,Awareness,New,Spain
2798,Spring Conversion Sale 2022,4,Jon Thomas,2023-01-25,2023-04-22,1850.61,Conversion,All,Canada
2799,Summer Acquisition Push 2024,12,Robert Massey,2020-03-31,2020-05-14,3480.26,Acquisition,All,Germany
2800,Flash Conversion Sale 2024,8,Felicia Henry,2022-03-29,2022-06-09,3881.46,Conversion,New,Indonesia
2801,,6,Rebecca Simmons,2019-08-06,2019-09-24,14455.78,Retention,VIP,Germany
2802,Retarget Acquisition Push 2024,4,,2024-05-17,2024-07-13,567.21,Acquisition,VIP,United States
2803,NewYear Brand Drive 2019,3,Miguel Johnston,2021-05-29,2021-06-13,1941.55,Brand,VIP,Italy
2804,Launch Conversion Sale 2022,12,Mark Morgan,2021-05-09,2021-08-06,4280.48,Conversion,Churned,Germany
2805,Prospecting Conversion Campaign 2019,11,Rachel Wright,2024-07-09,2024-08-06,5322.48,Conversion,Churned,United Kingdom
2806,Spring Conversion Promo 2021,12,,2019-12-29,2020-01-27,2684.17,Conversion,Returning,Canada
2807,Winter Brand Sale 2023,14,Judy Lopez,2024-05-06,2024-03-24,2950.93,Brand,Returning,Philippines
2808,BlackFriday Brand Drive 2019,10,David Zuniga,2019-03-16,2019-04-29,1517.53,Brand,New,Japan
2809,Holiday Awareness Drive 2019,1,Rachel Dickerson,2023-05-15,2023-07-11,7743.99,Awareness,Churned,Philippines
2810,Winter Brand Promo 2019,4,Alexis Hale,2020-11-05,2020-12-03,8530.46,Brand,At-Risk,United Arab Emirates
2811,Winter Awareness Push 2023,3,Rebecca Prince,2024-08-16,2024-08-26,7592.92,Awareness,New,Netherlands
2812,Spring Awareness Sale 2020,5,Angela Chandler,2021-05-06,2021-07-16,4319.51,Awareness,All,Japan
2813,Flash Conversion Drive 2019,12,Jessica Sanford,2024-10-27,2025-01-07,557.36,Conversion,Churned,Spain
2814,Loyalty Conversion Promo 2022,7,,2020-05-16,2020-06-01,7288.93,Conversion,All,Saudi Arabia
2815,Spring Retention Drive 2020,3,David Zuniga,2019-05-25,2019-07-02,4233.09,Retention,All,Spain
2816,Loyalty Conversion Sale 2024,8,Robert Jones,2022-01-07,2022-03-08,377.62,Conversion,VIP,Mexico
2817,Winter Brand Promo 2019,12,Michael Lawrence,2024-11-21,2024-12-17,3734.01,Brand,All,Germany
2818,Winter Awareness Sale 2023,9,Michael Lawrence,2020-08-12,2020-08-26,4775.43,Awareness,Churned,United Arab Emirates
2819,Holiday Acquisition Sale 2023,15,James Smith,2022-01-05,2021-11-08,4998.57,Acquisition,Churned,Australia
2820,BlackFriday Acquisition Push 2022,15,Dominic Bennett,2020-12-25,2021-02-02,7007.76,Acquisition,All,United States
2821,Spring Acquisition Promo 2019,12,Jennifer Obrien,2019-04-28,2019-05-27,4825.61,Acquisition,At-Risk,Nigeria
2822,Retarget Awareness Push 2023,14,Jason Fletcher,2020-09-03,2020-09-30,4627.57,Awareness,New,France
2823,BlackFriday Acquisition Push 2020,6,Julie Clark,2023-10-10,2023-12-24,7516.98,Acquisition,At-Risk,Netherlands
2824,Clearance Awareness Campaign 2019,13,Felicia Henry,2024-11-06,2024-11-16,26282.3,Awareness,VIP,France
2825,Retarget Acquisition Drive 2024,10,Nicholas Gordon,2022-01-12,2022-03-28,30551.12,Acquisition,At-Risk,Global
2826,PROSPECTING RETENTION CAMPAIGN 2024,12,Robert Jones,2024-10-21,2024-12-27,6933.32,Retention,VIP,United Kingdom
2827,CLEARANCE RETENTION PUSH 2024,9,Daniel Bridges,2019-04-07,2019-04-19,6535.63,Retention,At-Risk,Global
2828,BlackFriday Acquisition Sale 2024,6,,2020-03-17,2020-04-23,3252.97,Acquisition,Returning,United Kingdom
2829,Winter Conversion Sale 2019,15,Sandra Kim,2022-09-02,2022-11-24,1390.31,Conversion,All,Nigeria
2830,BlackFriday Acquisition Campaign 2023,15,Miguel Johnston,2021-04-24,2021-05-18,4386.43,Acquisition,VIP,Mexico
2831,  NewYear Retention Promo 2024  ,3,Donna Nelson,2024-05-16,2024-05-31,12375.58,Retention,At-Risk,Saudi Arabia
2832,Loyalty Acquisition Push 2023,10,Yolanda Wallace,2020-11-23,2021-01-24,28273.88,Acquisition,All,Brazil
2833,NewYear Brand Push 2019,10,Connie Costa,2023-09-16,2023-12-03,2114.94,Brand,All,Germany
2834,Spring Brand Drive 2023,13,Willie Bowers,2021-01-28,2021-02-28,2225.28,Brand,At-Risk,Global
2835,Clearance Acquisition Drive 2022,4,Judy Lopez,2022-12-04,2023-02-03,2350.81,Acquisition,Churned,United States
2836,BlackFriday Awareness Push 2019,8,,2020-02-04,2020-03-11,16002.57,Awareness,VIP,Netherlands
2837,winter acquisition drive 2023,13,Angela Chandler,2024-05-21,2024-08-13,3285.69,Acquisition,VIP,Philippines
2838,Winter Awareness Campaign 2022,4,Eric Smith MD,2020-05-28,2020-08-17,2960.08,Awareness,Churned,Australia
2839,Retarget Awareness Push 2022,11,,2019-03-05,2019-04-12,2444.46,Awareness,VIP,Netherlands
2840,NewYear Awareness Sale 2023,12,Rebecca Prince,2022-09-10,2022-11-16,1573.49,Awareness,All,United States
2841,NewYear Retention Sale 2023,8,Elizabeth Hill,2024-11-10,2025-01-27,17244.12,Retention,Churned,Japan
2842,Retarget Conversion Drive 2024,10,Angela Chandler,2020-05-04,2020-07-28,35194.82,Conversion,At-Risk,India
2843,Clearance Conversion Campaign 2020,13,,2024-02-13,2024-04-13,2770.56,Conversion,All,Italy
2844,Holiday Awareness Drive 2020,3,Mary Rodriguez,2019-12-01,2019-12-09,15623.45,Awareness,VIP,Philippines
2845,Loyalty Awareness Promo 2023,6,Rachel Wright,2023-07-24,2023-09-04,1754.39,Awareness,All,Egypt
2846,Spring Acquisition Promo 2019,5,,2019-04-30,2019-06-18,1511.8,Acquisition,VIP,Germany
2847,Prospecting Acquisition Sale 2022,4,Isaiah Hall Jr.,2023-10-25,2023-12-12,2136.38,Acquisition,Churned,Canada
2848,Winter Conversion Drive 2019,6,Christine Harris,2021-07-22,2021-08-24,11121.15,Conversion,All,Egypt
2849,Summer Awareness Drive 2024,2,Christine Harris,2021-08-06,2021-10-15,1790.06,Awareness,VIP,United Arab Emirates
2850,Flash Acquisition Push 2024,2,Jennifer Obrien,2021-05-27,2021-07-18,1199.97,Acquisition,All,Indonesia
2851,Prospecting Conversion Sale 2021,1,Jon Thomas,2020-11-28,2020-12-13,2560.09,Conversion,At-Risk,Brazil
2852,Spring Acquisition Push 2020,8,Jon Thomas,2022-11-18,2022-12-12,5880.89,Acquisition,At-Risk,Nigeria
2853,Clearance Brand Sale 2022,14,Chase Wolf,2020-12-01,2021-01-02,17854.26,Brand,All,Australia
2854,Winter Brand Push 2024,4,,2023-05-10,2023-05-27,5488.99,Brand,At-Risk,Canada
2855,Loyalty Brand Drive 2023,15,Nicholas Gordon,2020-01-22,2020-02-27,4287.43,Brand,VIP,Japan
2856,Prospecting Retention Promo 2023,11,Donna Nelson,2019-12-05,2019-12-29,17695.69,Retention,New,Canada
2857,Clearance Acquisition Promo 2021,15,Angela Dillon,2024-09-30,2024-11-30,8275.08,Acquisition,Returning,Nigeria
2858,Winter Acquisition Sale 2023,15,,2019-09-04,2019-11-27,7361.72,Acquisition,Returning,Brazil
2859,Launch Awareness Drive 2022,2,,2024-02-07,2024-03-05,3138.49,Awareness,Returning,United Kingdom
2860,Prospecting Retention Promo 2022,14,Carolyn Schultz,2024-10-14,2025-01-03,5828.92,Retention,VIP,United States
2861,Launch Acquisition Sale 2024,1,Jessica Sanford,2020-08-22,2020-08-31,3520.96,Acquisition,Returning,Italy
2862,NewYear Brand Sale 2019,5,Eric Smith MD,2020-12-24,2021-01-04,2653.26,Brand,New,France
2863,Spring Brand Promo 2024,2,,2023-02-24,2023-04-04,24034.66,Brand,New,Saudi Arabia
2864,Summer Retention Push 2020,2,Rebecca Simmons,2024-08-04,2024-09-13,1405.55,Retention,At-Risk,Canada
2865,Clearance Brand Drive 2024,7,,2021-12-17,2022-03-16,6709.63,Brand,All,India
2866,BlackFriday Awareness Drive 2022,3,Eric Dodson Jr.,2021-07-27,2021-10-15,2216.04,Awareness,At-Risk,United States
2867,Summer Acquisition Promo 2020,4,Michael Lawrence,2019-06-08,2019-09-05,10888.18,Acquisition,VIP,Nigeria
2868,Prospecting Acquisition Push 2024,5,,2022-04-03,2022-05-19,5060.27,Acquisition,Returning,Germany
2869,NewYear Retention Sale 2024,1,Scott Taylor,2019-01-26,2019-02-07,2026.26,Retention,New,Japan
2870,Summer Retention Sale 2023,14,Jeffrey Herring,2022-04-12,2022-07-08,755.76,Retention,VIP,Germany
2871,Holiday Awareness Promo 2019,4,Rachel Dickerson,2019-05-27,2019-07-15,7143.5,Awareness,All,Netherlands
2872,Spring Conversion Sale 2023,10,Elizabeth Hill,2024-10-10,2024-12-16,1446.62,Conversion,Returning,France
2873,Loyalty Acquisition Promo 2022,11,Angel Kent,2022-01-27,2022-04-03,1952.53,Acquisition,Returning,Canada
2874,Winter Retention Drive 2023,8,Miguel Johnston,2024-08-22,2024-11-13,4571.38,Retention,Churned,Philippines
2875,Prospecting Retention Drive 2021,9,Tammy Bell,2021-09-06,2021-11-10,6253.43,Retention,At-Risk,Italy
2876,NewYear Retention Sale 2019,8,Sandra Ayala,2020-02-08,2020-04-19,2825.44,Retention,At-Risk,Netherlands
2877,Spring Awareness Push 2024,11,Eric Dodson Jr.,2020-04-28,2020-07-12,58932.27,Awareness,New,Saudi Arabia
2878,Loyalty Acquisition Campaign 2021,10,Judy Lopez,2023-08-04,2023-10-31,16195.32,Acquisition,Returning,United Kingdom
2879,Clearance Brand Push 2022,5,Levi Stewart,2021-08-16,2021-09-27,2767.31,Brand,VIP,Germany
2880,NewYear Conversion Promo 2022,10,Isaiah Hall Jr.,2022-04-20,2022-06-30,5092.01,Conversion,At-Risk,South Africa
2881,retarget awareness campaign 2023,13,Caitlin Edwards,2024-07-14,2024-08-18,4489.5,Awareness,VIP,Germany
2882,Retarget Brand Sale 2023,9,,2022-11-13,2023-02-02,8587.84,Brand,All,Spain
2883,Prospecting Conversion Sale 2023,13,Julie Clark,2021-04-11,2021-07-07,16999.5,Conversion,All,Germany
2884,NewYear Retention Drive 2020,6,Charles Torres,2021-02-10,2021-05-07,11456.95,Retention,Returning,Philippines
2885,Retarget Brand Promo 2022,2,Julie Clark,2023-12-04,2024-01-30,5422.21,Brand,All,France
2886,BlackFriday Conversion Promo 2023,1,Eric Dodson Jr.,2019-10-16,2019-11-16,2088.64,Conversion,Returning,Philippines
2887,Winter Retention Drive 2020,3,,2019-08-27,2019-10-05,3592.44,Retention,New,Italy
2888,NewYear Brand Campaign 2021,4,,2019-09-15,2019-11-19,1038.1,Brand,New,France
2889,Retarget Retention Sale 2020,1,Jason Fletcher,2021-08-09,2021-09-30,2830.14,Retention,Returning,Netherlands
2890,Spring Conversion Sale 2022,9,,2024-11-15,2025-01-05,2474.2,Conversion,VIP,Global
2891,Holiday Conversion Promo 2019,6,John Lopez,2021-01-21,2021-03-05,5567.09,Conversion,New,Netherlands
2892,Prospecting Brand Drive 2023,13,Eric Smith MD,2021-02-28,2021-04-28,10156.34,Brand,At-Risk,Netherlands
2893,Launch Brand Drive 2021,12,,2021-12-11,2022-03-03,5589.02,Brand,Returning,Global
2894,Winter Acquisition Sale 2021,12,,2021-02-25,2021-03-08,3687.22,Acquisition,At-Risk,France
2895,BlackFriday Awareness Sale 2019,11,Jason Fletcher,2024-08-29,2024-11-23,6608.98,Awareness,VIP,Nigeria
2896,Winter Awareness Push 2022,13,Samuel Smith,2022-09-08,2022-11-05,5769.03,Awareness,New,Netherlands
2897,Launch Retention Sale 2023,6,Tammy Bell,2021-03-18,2021-04-29,4167.52,Retention,New,United States
2898,Launch Conversion Campaign 2021,12,Christine Harris,2022-07-06,2022-04-29,5495.71,Conversion,New,South Africa
2899,BlackFriday Conversion Push 2019,7,Angel Kent,2022-02-22,2022-03-17,2832.88,Conversion,VIP,Japan
2900,Summer Retention Promo 2021,14,Willie Bowers,2024-04-06,2024-06-22,3049.78,Retention,At-Risk,Nigeria
2901,Summer Awareness Sale 2023,2,Jessica Sanford,2020-07-30,2020-10-04,14299.21,Awareness,At-Risk,United States
2902,Spring Acquisition Promo 2023,4,Kevin Morris,2019-07-20,2019-08-02,10418.59,Acquisition,All,Japan
2903,Holiday Conversion Sale 2019,11,Kevin Morris,2023-07-28,2023-09-04,4782.68,Conversion,Returning,Japan
2904,Retarget Retention Campaign 2024,14,Jason Fletcher,2021-01-12,2021-03-27,1039.86,Retention,Churned,Indonesia
2905,Retarget Retention Promo 2022,14,Eric Dodson Jr.,2022-12-26,2023-01-09,977.18,Retention,Returning,Global
2906,BlackFriday Awareness Push 2020,13,Jessica Sanford,2022-06-12,2022-07-01,1574.5,Awareness,At-Risk,Netherlands
2907,Prospecting Brand Drive 2022,10,Mary Rodriguez,2024-01-13,2024-04-04,12302.86,Brand,Churned,France
2908,Loyalty Retention Push 2022,5,Samuel Smith,2023-02-18,2023-04-25,1491.38,Retention,New,Japan
2909,Winter Brand Sale 2019,14,Mary Rodriguez,2022-06-27,2022-07-28,5359.87,Brand,New,Canada
2910,BlackFriday Retention Push 2024,9,Debra Smith,2022-11-18,2022-12-26,10331.94,Retention,New,Mexico
2911,Prospecting Conversion Campaign 2019,15,Rebecca Prince,2024-07-08,2024-08-31,2731.84,Conversion,New,South Africa
2912,Spring Awareness Campaign 2021,13,Rachel Dickerson,2020-11-18,2021-02-09,4181.0,Awareness,New,Nigeria
2913,Holiday Awareness Promo 2024,1,Julie Clark,2021-05-08,2021-07-12,12658.67,Awareness,VIP,India
2914,NewYear Acquisition Campaign 2019,12,Miguel Johnston,2019-11-22,2020-01-28,27077.51,Acquisition,VIP,United States
2915,Holiday Conversion Campaign 2020,14,Debra Smith,2021-05-12,2021-06-28,6350.96,Conversion,New,Global
2916,Holiday Acquisition Sale 2023,11,Daniel Bridges,2020-12-28,2020-11-08,8810.76,Acquisition,VIP,Germany
2917,Winter Awareness Drive 2019,11,,2019-02-23,2019-03-05,36764.24,Awareness,All,France
2918,Summer Retention Campaign 2022,1,Yvette House,2021-04-07,2021-05-15,8915.08,Retention,All,Spain
2919,Holiday Brand Sale 2020,11,Carolyn Schultz,2020-02-09,2020-02-20,15863.91,Brand,VIP,France
2920,Retarget Awareness Promo 2021,3,Jon Thomas,2022-12-09,2023-01-05,8088.0,Awareness,All,Italy
2921,Retarget Retention Push 2024,13,Isaiah Hall Jr.,2019-05-16,2019-07-08,21137.82,Retention,Returning,Saudi Arabia
2922,NewYear Acquisition Campaign 2019,5,,2019-07-08,2019-07-30,3899.42,Acquisition,At-Risk,Germany
2923,Retarget Conversion Drive 2020,11,Willie Bowers,2023-09-26,2023-12-20,1629.95,Conversion,VIP,Mexico
2924,Flash Acquisition Sale 2023,12,Dominic Bennett,2024-08-18,2024-09-29,10791.12,Acquisition,VIP,United Arab Emirates
2925,newyear retention drive 2020,4,Mark Harris,2024-02-29,2024-04-27,3978.04,Retention,Churned,France
2926,NewYear Brand Sale 2020,12,Dominic Bennett,2021-08-23,2021-09-12,3818.39,Brand,VIP,Indonesia
2927,SUMMER CONVERSION PUSH 2024,10,Miguel Johnston,2024-08-19,2024-09-19,1530.59,Conversion,Returning,India
2928,NewYear Brand Drive 2021,6,,2019-06-13,2019-08-03,32064.97,Brand,Churned,United Kingdom
2929,Retarget Acquisition Promo 2021,12,Donna Nelson,2022-09-15,2022-06-18,16008.59,Acquisition,Returning,South Africa
2930,NewYear Awareness Sale 2024,9,Mary Rodriguez,2021-10-22,2021-12-31,4010.57,Awareness,VIP,United Kingdom
2931,Prospecting Retention Drive 2024,14,Derek Lowe,2022-01-30,2022-04-21,1026.62,Retention,All,Global
2932,Holiday Retention Promo 2022,14,Jon Thomas,2022-06-24,2022-08-07,10737.72,Retention,Returning,Egypt
2933,Prospecting Conversion Campaign 2021,3,Yolanda Wallace,2020-04-15,2020-06-23,4035.53,Conversion,At-Risk,Mexico
2934,Loyalty Conversion Campaign 2019,5,,2023-12-10,2024-03-01,10488.83,Conversion,Returning,United Kingdom
2935,BlackFriday Retention Sale 2021,5,Anthony Rasmussen,2020-01-09,2020-03-11,1607.47,Retention,New,Spain
2936,Launch Brand Push 2022,10,Felicia Henry,2023-10-01,2023-11-15,23101.22,Brand,Churned,Italy
2937,NEWYEAR RETENTION PROMO 2022,3,Miguel Johnston,2020-07-31,2020-09-02,3839.67,Retention,At-Risk,Netherlands
2938,Launch Acquisition Promo 2020,10,Tammy Bell,2024-02-20,2024-05-20,1032.32,Acquisition,VIP,Global
2939,Summer Retention Drive 2024,13,Yvette House,2023-10-11,2023-11-04,11292.09,Retention,New,United States
2940,Summer Conversion Campaign 2024,15,Robert Massey,2020-12-23,2021-02-14,10114.92,Conversion,VIP,Egypt
2941,Loyalty Acquisition Campaign 2021,12,,2022-10-28,2022-11-15,20937.4,Acquisition,At-Risk,United Kingdom
2942,Holiday Brand Push 2020,10,Caitlin Edwards,2022-12-16,2023-03-13,4388.88,Brand,All,Mexico
2943,Clearance Awareness Drive 2023,8,Mark Harris,2022-09-11,2022-11-07,43408.75,Awareness,Returning,Egypt
2944,Prospecting Awareness Campaign 2022,11,Samuel Smith,2021-11-30,2022-01-01,3325.49,Awareness,New,Spain
2945,Holiday Awareness Push 2022,13,Rachel Dickerson,2023-01-26,2023-02-09,19216.91,Awareness,All,Brazil
2946,blackfriday brand push 2021,12,Eric Smith MD,2019-08-31,2019-11-27,6647.06,Brand,Churned,South Africa
2947,BLACKFRIDAY BRAND PROMO 2019,15,Mark Harris,2024-07-19,2024-09-22,4598.54,Brand,Churned,Philippines
2948,Retarget Acquisition Push 2019,6,Angel Kent,2021-06-19,2021-07-07,3086.21,Acquisition,At-Risk,Philippines
2949,Loyalty Conversion Campaign 2023,15,Elizabeth Hill,2019-07-12,2019-08-21,19463.5,Conversion,VIP,Japan
2950,Prospecting Conversion Drive 2020,10,James Smith,2020-08-22,2020-10-26,6654.51,Conversion,All,South Africa
2951,Spring Awareness Campaign 2019,15,Elizabeth Hill,2021-03-25,2021-04-25,2945.79,Awareness,All,Germany
2952,Retarget Conversion Push 2020,8,Mark Morgan,2020-11-22,2020-12-12,23065.85,Conversion,Churned,Brazil
2953,Retarget Acquisition Promo 2024,3,Tammy Bell,2024-07-21,2024-07-31,2623.93,Acquisition,Returning,India
2954,Flash Acquisition Push 2024,10,Kimberly Jensen,2023-10-05,2023-11-30,12476.22,Acquisition,New,Netherlands
2955,Prospecting Conversion Sale 2024,7,Jason Fletcher,2021-07-21,2021-09-01,70587.93,Conversion,New,Mexico
2956,NewYear Retention Promo 2019,12,Yvette House,2020-12-25,2021-01-11,32029.88,Retention,Returning,Saudi Arabia
2957,Launch Acquisition Sale 2019,7,David Zuniga,2019-11-23,2019-12-02,26735.58,Acquisition,VIP,United States
2958,,3,Robert Massey,2019-11-01,2019-11-12,11575.98,Acquisition,At-Risk,Global
2959,Loyalty Conversion Promo 2019,5,Robert Massey,2024-01-05,2024-03-19,5525.01,Conversion,All,France
2960,Clearance Retention Campaign 2023,8,Carolyn Schultz,2023-09-06,2023-10-17,6271.85,Retention,Returning,India
2961,NewYear Acquisition Promo 2019,10,Sandra Ayala,2024-05-05,2024-06-10,2497.28,Acquisition,All,Netherlands
2962,,4,,2023-07-31,2023-09-03,4133.73,Acquisition,Churned,Italy
2963,,13,Rebecca Prince,2019-03-26,2019-05-16,6850.52,Brand,New,United Kingdom
2964,Flash Acquisition Sale 2020,1,Yolanda Wallace,2023-01-01,2023-03-05,3110.92,Acquisition,Returning,Canada
2965,Retarget Acquisition Promo 2022,5,Sandra Kim,2019-07-24,2019-10-05,4081.89,Acquisition,At-Risk,Philippines
2966,NewYear Retention Push 2021,11,Scott Taylor,2024-11-08,2025-01-17,1025.52,Retention,New,Egypt
2967,Clearance Conversion Push 2022,15,David Zuniga,2019-08-20,2019-08-30,3525.06,Conversion,VIP,Australia
2968,Loyalty Brand Drive 2020,1,Michael Lawrence,2022-02-15,2022-03-02,28725.2,Brand,Churned,Netherlands
2969,Retarget Awareness Drive 2022,4,Rachel Dickerson,2019-08-22,2019-09-04,1629.23,Awareness,At-Risk,Indonesia
2970,Clearance Acquisition Campaign 2024,4,Alexis Hale,2022-06-13,2022-07-19,6883.3,Acquisition,New,France
2971,Holiday Retention Promo 2024,10,Derek Lowe,2021-08-14,2021-09-29,546.91,Retention,Churned,United Arab Emirates
2972,Retarget Acquisition Campaign 2022,1,Hunter Woods,2022-08-22,2022-10-15,2768.39,Acquisition,Churned,Global
2973,launch awareness push 2023,14,Christine Harris,2022-03-02,2022-05-17,1842.78,Awareness,All,United States
2974,Summer Brand Campaign 2023,1,Mark Harris,2019-04-05,2019-05-04,12721.15,Brand,New,Saudi Arabia
2975,Winter Retention Push 2022,11,Nicholas Gordon,2023-12-21,2024-01-12,10736.76,Retention,Churned,Philippines
2976,NewYear Conversion Push 2020,14,Julie Clark,2022-07-22,2022-10-13,3212.51,Conversion,All,United Arab Emirates
2977,Summer Retention Push 2019,10,,2024-09-21,2024-10-24,3790.16,Retention,New,United Arab Emirates
2978,Loyalty Brand Drive 2021,13,Elizabeth Hill,2020-06-26,2020-08-31,5598.23,Brand,VIP,Germany
2979,Clearance Conversion Drive 2023,8,Lori Delgado,2021-08-24,2021-09-25,15823.0,Conversion,Returning,India
2980,Launch Brand Drive 2019,1,Anthony Rasmussen,2023-09-06,2023-11-07,4104.48,Brand,New,Indonesia
2981,Clearance Awareness Promo 2020,5,Jeffrey Herring,2020-10-14,2020-11-11,6345.87,Awareness,All,Mexico
2982,Summer Acquisition Sale 2020,2,,2022-12-10,2023-02-20,11582.97,Acquisition,All,Saudi Arabia
2983,Retarget Retention Promo 2019,7,Rebecca Simmons,2024-06-05,2024-08-13,1566.68,Retention,VIP,United Arab Emirates
2984,NewYear Brand Sale 2021,11,Angela Dillon,2022-11-01,2022-12-21,2257.64,Brand,Churned,Germany
2985,Summer Conversion Promo 2019,5,Angela Chandler,2023-11-05,2024-01-07,11638.31,Conversion,Returning,Brazil
2986,Loyalty Retention Promo 2019,7,,2024-05-16,2024-03-20,4396.14,Retention,Returning,Netherlands
2987,Flash Brand Promo 2024,3,Yvette House,2023-10-16,2023-12-31,349.39,Brand,New,Japan
2988,Summer Acquisition Promo 2020,13,Carolyn Schultz,2024-04-16,2024-05-21,7147.08,Acquisition,All,Saudi Arabia
2989,Summer Conversion Promo 2019,5,Robert Jones,2022-01-18,2022-03-17,4542.08,Conversion,Returning,Germany
2990,BlackFriday Retention Push 2022,8,Mary Rodriguez,2021-11-19,2022-01-02,5675.71,Retention,Churned,India
2991,BlackFriday Brand Sale 2020,14,Angel Kent,2024-06-23,2024-08-17,27500.63,Brand,At-Risk,Mexico
2992,Launch Retention Drive 2023,1,Eric Smith MD,2020-06-23,2020-08-22,20371.52,Retention,Churned,South Africa
2993,Launch Conversion Promo 2020,12,Mark Morgan,2023-04-22,2023-06-02,3724.61,Conversion,Churned,Canada
2994,Summer Awareness Campaign 2021,13,Judy Lopez,2022-01-31,2022-04-03,6198.58,Awareness,At-Risk,Global
2995,BlackFriday Retention Sale 2024,3,Jessica Sanford,2019-02-09,2019-04-14,2711.81,Retention,Churned,Brazil
2996,Clearance Brand Drive 2019,11,Angela Chandler,2022-01-17,2022-03-05,4147.75,Brand,Returning,Netherlands
2997,Winter Awareness Push 2023,8,,2023-10-09,2023-12-28,3197.51,Awareness,Returning,Germany
2998,NewYear Conversion Drive 2022,7,Rebecca Simmons,2022-08-06,2022-08-31,1635.57,Conversion,VIP,Brazil
2999,Launch Retention Sale 2022,15,John Lopez,2019-01-26,2019-03-30,5634.73,Retention,New,Japan
3000,Retarget Retention Drive 2024,1,Michael Lawrence,2024-01-17,2024-03-13,4656.58,Retention,VIP,Canada
3001,clearance brand promo 2019,13,Jennifer Obrien,2024-05-18,2024-08-07,4305.18,Brand,Returning,Italy
3002,Spring Brand Sale 2022,15,,2022-01-02,2022-02-06,5349.71,Brand,All,Australia
3003,NewYear Acquisition Campaign 2023,8,David Zuniga,2022-03-26,2022-04-20,4918.8,Acquisition,VIP,Spain
3004,SPRING RETENTION SALE 2023,15,,2020-08-01,2020-09-08,8606.48,Retention,New,United States
3005,Clearance Conversion Drive 2020,9,Scott Taylor,2020-02-21,2020-05-11,4172.51,Conversion,VIP,Philippines
3006,Holiday Conversion Push 2021,2,Chase Wolf,2020-09-02,2020-10-18,2178.83,Conversion,Returning,United Arab Emirates
3007,Flash Retention Sale 2024,13,,2023-12-19,2024-03-09,1292.94,Retention,Churned,United States
3008,Clearance Conversion Drive 2020,15,Sandra Ayala,2021-01-04,2021-03-04,1732.67,Conversion,All,Indonesia
3009,Summer Acquisition Push 2020,1,Tammy Bell,2019-03-14,2019-04-24,7784.44,Acquisition,New,Brazil
3010,NewYear Retention Push 2021,14,Debra Smith,2023-12-18,2024-03-09,1683.55,Retention,Churned,United Arab Emirates
3011,BlackFriday Brand Drive 2023,7,Donna Nelson,2019-08-31,2019-11-23,1789.47,Brand,At-Risk,Netherlands
3012,Prospecting Awareness Campaign 2021,14,Miguel Johnston,2023-04-09,2023-04-21,3935.2,Awareness,At-Risk,United Kingdom
3013,BlackFriday Retention Campaign 2019,1,Yvette House,2019-04-15,2019-05-27,1312.83,Retention,Returning,Brazil
3014,Summer Retention Sale 2024,14,Carolyn Schultz,2021-03-24,2021-05-05,1895.96,Retention,All,Philippines
3015,BlackFriday Retention Promo 2023,2,Michael Lawrence,2024-08-12,2024-10-07,3849.44,Retention,Churned,Netherlands
3016,Holiday Retention Drive 2023,2,Robert Jones,2020-04-23,2020-06-27,22210.85,Retention,At-Risk,Australia
3017,NewYear Awareness Campaign 2023,14,Chase Wolf,2024-08-30,2024-11-07,8407.04,Awareness,VIP,United States
3018,BlackFriday Conversion Promo 2020,12,Caitlin Edwards,2022-01-24,2022-04-05,25709.99,Conversion,At-Risk,Italy
3019,  Spring Brand Promo 2021  ,2,,2023-11-15,2024-01-30,5452.5,Brand,All,Nigeria
3020,BlackFriday Awareness Push 2019,5,Yolanda Wallace,2021-07-22,2021-10-01,7241.85,Awareness,VIP,Brazil
3021,BlackFriday Awareness Sale 2022,11,Elizabeth Hill,2023-09-30,2023-12-23,3658.13,Awareness,Churned,South Africa
3022,Flash Acquisition Push 2020,8,,2022-06-29,2022-08-08,2056.32,Acquisition,All,Philippines
3023,Retarget Awareness Push 2021,3,Debra Smith,2022-10-03,2022-11-05,3803.73,Awareness,All,Brazil
3024,Launch Brand Push 2023,10,David Zuniga,2024-09-08,2024-10-25,829.93,Brand,Churned,United States
3025,Prospecting Retention Sale 2023,1,Sandra Ayala,2023-08-09,2023-09-02,19774.39,Retention,All,United States
3026,Launch Conversion Promo 2021,5,,2024-11-30,2025-01-20,5412.25,Conversion,At-Risk,Netherlands
3027,Winter Retention Promo 2019,15,Caitlin Edwards,2019-07-30,2019-09-09,4827.77,Retention,New,Netherlands
3028,Flash Retention Sale 2020,11,Samuel Smith,2023-02-25,2023-04-13,1191.51,Retention,At-Risk,Saudi Arabia
3029,Loyalty Acquisition Sale 2022,10,Tammy Bell,2022-05-13,2022-06-01,1398.58,Acquisition,At-Risk,Japan
3030,Retarget Retention Campaign 2019,6,Yolanda Wallace,2021-06-22,2021-08-25,4647.32,Retention,At-Risk,Egypt
3031,Prospecting Retention Campaign 2019,14,Felicia Henry,2024-04-06,2024-06-03,595.91,Retention,VIP,Nigeria
3032,Launch Awareness Promo 2021,7,Debra Smith,2024-09-07,2024-09-15,3703.58,Awareness,Churned,United Arab Emirates
3033,Loyalty Acquisition Campaign 2020,14,,2019-06-12,2019-07-31,3607.14,Acquisition,VIP,Australia
3034,,2,,2024-05-26,2024-08-14,12107.97,Retention,Churned,Saudi Arabia
3035,Launch Retention Push 2020,9,Angela Dillon,2024-03-16,2024-06-02,3621.85,Retention,Churned,Nigeria
3036,NewYear Retention Promo 2023,3,Isaiah Hall Jr.,2024-05-11,2024-06-22,19799.89,Retention,Returning,Australia
3037,Winter Retention Drive 2023,1,Rachel Dickerson,2024-09-11,2024-09-23,1068.17,Retention,At-Risk,Indonesia
3038,Launch Brand Campaign 2019,3,,2023-11-28,2024-01-03,1071.47,Brand,All,South Africa
3039,Summer Conversion Sale 2019,7,,2023-08-04,2023-10-11,3061.24,Conversion,Returning,Japan
3040,Holiday Retention Drive 2022,7,Levi Stewart,2019-11-08,2019-12-16,1286.51,Retention,Returning,Canada
3041,Summer Acquisition Push 2019,5,Derek Lowe,2019-09-05,2019-11-20,14306.97,Acquisition,All,India
3042,Holiday Acquisition Sale 2021,10,Tammy Bell,2023-03-05,2023-03-22,4158.87,Acquisition,New,Germany
3043,BlackFriday Brand Sale 2023,13,Jennifer Obrien,2023-04-14,2023-06-05,4994.55,Brand,VIP,South Africa
3044,NewYear Conversion Drive 2020,9,Yolanda Wallace,2021-01-19,2021-03-07,3280.28,Conversion,VIP,France
3045,NewYear Conversion Push 2020,12,Willie Bowers,2022-02-05,2022-04-03,4397.36,Conversion,New,United Arab Emirates
3046,Holiday Conversion Campaign 2022,2,Eric Dodson Jr.,2020-02-15,2020-04-20,2597.77,Conversion,VIP,Egypt
3047,holiday brand promo 2023,8,Daniel Bridges,2023-08-07,2023-10-10,10468.1,Brand,Churned,Saudi Arabia
3048,Clearance Brand Sale 2023,4,Hunter Woods,2019-04-22,2019-05-29,65334.24,Brand,VIP,Egypt
3049,Loyalty Retention Campaign 2022,7,Donna Nelson,2023-11-04,2023-12-12,2467.87,Retention,All,India
3050,Prospecting Brand Drive 2024,13,James Smith,2020-08-01,2020-10-15,14544.94,Brand,At-Risk,Mexico
3051,Retarget Retention Drive 2022,2,Mary Rodriguez,2022-01-05,2022-01-30,11911.25,Retention,VIP,Spain
3052,  Prospecting Awareness Sale 2020  ,15,Eric Dodson Jr.,2022-04-25,2022-07-19,12551.93,Awareness,All,Philippines
3053,Spring Retention Promo 2023,2,,2023-12-19,2024-02-18,11493.33,Retention,Churned,Japan
3054,Flash Retention Push 2022,11,Angela Dillon,2022-06-17,2022-07-19,2065.79,Retention,At-Risk,Saudi Arabia
3055,Flash Acquisition Drive 2023,5,Scott Taylor,2023-01-31,2023-03-25,18240.67,Acquisition,New,Nigeria
3056,Holiday Retention Campaign 2023,10,Kimberly Jensen,2020-11-24,2021-02-11,4004.81,Retention,All,Indonesia
3057,Winter Awareness Sale 2024,15,Debra Smith,2019-06-11,2019-09-09,4051.29,Awareness,At-Risk,Canada
3058,  Retarget Awareness Drive 2020  ,10,Hannah Matthews,2020-01-08,2020-01-31,11898.88,Awareness,New,India
3059,Spring Retention Sale 2021,9,Robert Jones,2019-01-10,2019-02-02,2586.74,Retention,New,Egypt
3060,Loyalty Awareness Sale 2022,11,Stephanie Allen,2022-06-04,2022-07-16,8114.25,Awareness,VIP,Spain
3061,Prospecting Conversion Promo 2019,3,,2019-01-02,2019-02-01,7611.95,Conversion,Returning,United Kingdom
3062,NewYear Retention Campaign 2020,2,,2020-04-29,2020-06-02,3145.31,Retention,All,Brazil
3063,Retarget Acquisition Promo 2019,10,,2023-04-14,2023-06-26,692.53,Acquisition,Returning,Japan
3064,Flash Acquisition Push 2023,4,Hannah Matthews,2020-07-15,2020-08-21,9324.87,Acquisition,All,Saudi Arabia
3065,Summer Conversion Push 2024,2,Anthony Rasmussen,2021-07-24,2021-10-21,4292.5,Conversion,At-Risk,United Arab Emirates
3066,Launch Brand Promo 2024,6,Daniel Bridges,2021-06-20,2021-08-01,30572.99,Brand,Returning,United Kingdom
3067,Launch Conversion Promo 2021,3,Michael Lawrence,2023-01-24,2023-03-16,1040.58,Conversion,New,Nigeria
3068,Summer Conversion Drive 2023,5,,2021-12-06,2022-01-13,17457.73,Conversion,Returning,South Africa
3069,Retarget Brand Drive 2019,1,Eric Dodson Jr.,2024-05-02,2024-07-07,2115.05,Brand,New,France
3070,Summer Conversion Promo 2022,5,Mary Rodriguez,2019-09-17,2019-10-19,5799.24,Conversion,New,United States
3071,Summer Brand Campaign 2020,15,,2021-06-25,2021-07-14,2084.54,Brand,All,Saudi Arabia
3072,Retarget Acquisition Promo 2024,3,Sandra Kim,2021-02-04,2021-03-13,3820.86,Acquisition,Returning,Nigeria
3073,clearance acquisition campaign 2023,8,James Smith,2024-01-13,2024-03-03,6492.39,Acquisition,VIP,Netherlands
3074,Clearance Awareness Push 2024,7,Mark Morgan,2024-06-08,2024-07-30,14947.91,Awareness,At-Risk,Brazil
3075,BlackFriday Conversion Drive 2023,6,Mary Rodriguez,2022-09-27,2022-10-17,37491.95,Conversion,VIP,Netherlands
3076,Flash Acquisition Campaign 2019,2,Angel Kent,2020-04-01,2020-04-21,9658.52,Acquisition,VIP,Brazil
3077,Loyalty Acquisition Push 2022,10,Eric Dodson Jr.,2020-09-08,2020-10-19,1397.18,Acquisition,Returning,Netherlands
3078,Spring Awareness Sale 2023,12,James Smith,2022-05-26,2022-06-09,16093.69,Awareness,All,Germany
3079,Holiday Conversion Push 2021,4,Willie Bowers,2021-01-16,2021-01-29,6977.53,Conversion,At-Risk,Australia
3080,Prospecting Brand Drive 2022,8,Angela Chandler,2019-05-04,2019-08-01,9161.33,Brand,VIP,South Africa
3081,Clearance Conversion Campaign 2024,3,Michael Lawrence,2020-05-23,2020-06-26,2567.25,Conversion,All,Philippines
3082,Loyalty Acquisition Drive 2019,2,Scott Taylor,2021-12-19,2021-12-31,13778.05,Acquisition,Returning,Netherlands
3083,Prospecting Awareness Drive 2019,15,David Zuniga,2022-12-30,2023-01-24,5683.95,Awareness,At-Risk,Egypt
3084,Loyalty Acquisition Promo 2023,10,Hannah Matthews,2021-05-05,2021-07-10,4936.4,Acquisition,All,Canada
3085,Winter Acquisition Sale 2024,5,Christine Harris,2022-11-04,2022-12-04,3444.39,Acquisition,Returning,United Kingdom
3086,Retarget Retention Promo 2019,14,Eric Dodson Jr.,2021-05-09,2021-05-27,26966.3,Retention,New,United States
3087,BlackFriday Conversion Push 2020,12,Jennifer Obrien,2021-01-30,2021-03-10,6076.8,Conversion,Returning,Spain
3088,BlackFriday Conversion Push 2024,5,,2022-02-15,2022-03-14,14990.6,Conversion,All,Philippines
3089,Loyalty Retention Sale 2024,13,Jon Thomas,2019-11-08,2019-12-03,25407.91,Retention,Returning,United States
3090,Clearance Awareness Push 2020,11,Robert Massey,2023-04-14,2023-06-16,4540.45,Awareness,At-Risk,South Africa
3091,Spring Conversion Campaign 2023,4,Jessica Sanford,2024-07-07,2024-07-20,4401.83,Conversion,All,South Africa
3092,Launch Retention Promo 2021,15,Hunter Woods,2024-03-11,2024-05-18,4795.29,Retention,New,United Kingdom
3093,Holiday Acquisition Drive 2024,10,,2020-02-15,2020-04-09,6323.32,Acquisition,Returning,United Kingdom
3094,Loyalty Awareness Sale 2021,1,Tammy Bell,2024-04-02,2024-04-16,8582.83,Awareness,All,Italy
3095,NewYear Acquisition Drive 2021,4,Elizabeth Hill,2023-07-20,2023-09-19,11338.62,Acquisition,All,Nigeria
3096,NewYear Retention Promo 2020,15,Jennifer Obrien,2024-01-05,2024-02-28,13293.33,Retention,Churned,Italy
3097,Spring Retention Drive 2019,2,Hunter Woods,2019-02-19,2019-04-06,3056.96,Retention,At-Risk,Global
3098,BLACKFRIDAY ACQUISITION PROMO 2021,1,Miguel Johnston,2024-11-22,2025-01-21,10437.85,Acquisition,All,India
3099,Prospecting Acquisition Promo 2024,4,Rebecca Prince,2024-11-16,2025-01-10,28322.42,Acquisition,VIP,Global
3100,Launch Retention Promo 2022,13,Rebecca Prince,2024-04-14,2024-04-29,4515.76,Retention,VIP,Japan
3101,Prospecting Retention Push 2024,12,Charles Torres,2024-10-16,2024-11-07,13140.79,Retention,At-Risk,United Arab Emirates
3102,NewYear Acquisition Sale 2020,8,Rebecca Prince,2022-04-09,2022-06-20,3164.03,Acquisition,VIP,Germany
3103,Flash Retention Drive 2019,13,Eric Smith MD,2021-11-23,2022-01-18,5134.02,Retention,VIP,Philippines
3104,Flash Brand Promo 2023,6,Carolyn Schultz,2020-07-04,2020-09-01,5652.34,Brand,New,United Kingdom
3105,Prospecting Acquisition Push 2019,13,Mark Morgan,2024-06-04,2024-07-21,1992.95,Acquisition,Returning,Australia
3106,Prospecting Retention Promo 2023,10,,2021-06-11,2021-07-20,6676.72,Retention,All,France
3107,Loyalty Awareness Push 2019,2,Richard White,2024-04-12,2024-05-05,3002.93,Awareness,VIP,Canada
3108,NewYear Conversion Promo 2023,12,Kimberly Jensen,2022-12-17,2023-03-09,26475.42,Conversion,All,Egypt
3109,Clearance Acquisition Push 2021,14,Connie Costa,2022-05-13,2022-07-21,2901.31,Acquisition,At-Risk,Italy
3110,Winter Conversion Promo 2019,1,Mark Harris,2023-10-27,2023-12-27,3995.34,Conversion,VIP,India
3111,Loyalty Acquisition Campaign 2022,1,Levi Stewart,2024-07-07,2024-09-21,11671.24,Acquisition,New,Brazil
3112,  Spring Retention Push 2022  ,13,Angela Dillon,2021-02-23,2021-05-12,19781.09,Retention,Returning,Germany
3113,Holiday Brand Promo 2024,1,Stephanie Allen,2020-06-27,2020-07-23,3713.79,Brand,VIP,India
3114,Spring Acquisition Drive 2023,10,Stephanie Allen,2022-03-21,2022-05-14,2044.29,Acquisition,New,Canada
3115,Loyalty Conversion Campaign 2021,12,Tammy Bell,2019-09-14,2019-10-08,3558.5,Conversion,Churned,Mexico
3116,Flash Retention Drive 2019,1,Miguel Johnston,2023-05-31,2023-07-19,1460.96,Retention,Returning,Indonesia
3117,Clearance Brand Drive 2023,1,Mary Rodriguez,2023-01-26,2023-03-01,1234.54,Brand,All,Japan
3118,Flash Retention Campaign 2024,13,,2024-01-23,2024-04-18,980.72,Retention,New,United Kingdom
3119,Spring Brand Promo 2020,8,Gloria Keller,2020-03-08,2020-05-05,1403.88,Brand,At-Risk,Spain
3120,BlackFriday Brand Drive 2024,7,Connie Costa,2020-06-14,2020-08-15,11139.11,Brand,All,United States
3121,Retarget Brand Promo 2022,11,Sandra Ayala,2024-03-26,2024-06-07,4081.68,Brand,At-Risk,South Africa
3122,Prospecting Conversion Sale 2024,3,Rebecca Simmons,2019-03-20,2019-05-07,1615.24,Conversion,VIP,Philippines
3123,Retarget Conversion Campaign 2020,3,Robert Massey,2020-04-18,2020-07-07,3348.87,Conversion,At-Risk,Australia
3124,Loyalty Retention Push 2023,7,,2020-08-09,2020-09-03,6361.38,Retention,VIP,Netherlands
3125,Clearance Acquisition Push 2020,12,Stephanie Allen,2023-10-29,2023-12-13,3007.12,Acquisition,All,Italy
3126,Prospecting Brand Drive 2024,15,,2020-08-26,2020-09-23,6631.06,Brand,At-Risk,United Kingdom
3127,Clearance Conversion Push 2024,12,,2019-11-01,2019-12-08,12105.34,Conversion,VIP,Global
3128,FLASH RETENTION CAMPAIGN 2020,5,Yvette House,2022-10-13,2022-10-25,842.42,Retention,VIP,Germany
3129,loyalty conversion campaign 2023,15,Derek Lowe,2022-01-17,2022-04-03,5600.11,Conversion,New,Spain
3130,Flash Brand Push 2019,14,,2021-02-01,2021-04-19,6092.81,Brand,At-Risk,South Africa
3131,Clearance Brand Drive 2024,12,Robert Massey,2022-03-25,2022-05-05,50855.65,Brand,VIP,Indonesia
3132,Summer Conversion Push 2019,15,Eric Smith MD,2022-01-06,2022-04-06,2311.86,Conversion,All,Indonesia
3133,  Launch Awareness Campaign 2023  ,6,,2022-08-14,2022-06-27,2806.82,Awareness,At-Risk,Canada
3134,BlackFriday Conversion Sale 2023,4,Alexis Hale,2019-02-02,2019-04-21,5183.98,Conversion,Churned,Brazil
3135,WINTER ACQUISITION DRIVE 2023,12,Julie Clark,2022-08-15,2022-10-30,2813.8,Acquisition,New,Germany
3136,PROSPECTING BRAND PUSH 2021,7,John Lopez,2021-03-16,2021-05-22,3234.58,Brand,At-Risk,Philippines
3137,Retarget Acquisition Push 2023,2,Yolanda Wallace,2022-08-18,2022-10-27,506.67,Acquisition,Churned,Brazil
3138,Launch Brand Sale 2019,11,Derek Lowe,2020-01-20,2020-02-16,1003.26,Brand,Returning,United States
3139,Holiday Retention Sale 2021,2,Jessica Sanford,2022-12-06,2023-01-28,8558.87,Retention,Returning,United States
3140,Holiday Acquisition Drive 2019,1,Yvette House,2022-07-16,2022-09-07,1691.43,Acquisition,Returning,India
3141,Holiday Acquisition Campaign 2021,2,Stephanie Allen,2023-10-17,2023-11-20,2715.33,Acquisition,All,Canada
3142,Loyalty Awareness Drive 2019,5,Richard White,2024-08-18,2024-09-04,7242.87,Awareness,Returning,Nigeria
3143,Holiday Acquisition Sale 2023,1,Rachel Wright,2021-07-30,2021-10-21,1399.46,Acquisition,At-Risk,Nigeria
3144,Winter Awareness Push 2024,3,Angela Chandler,2019-12-19,2020-02-08,4700.65,Awareness,Churned,United States
3145,Winter Acquisition Campaign 2021,15,Yolanda Wallace,2020-06-02,2020-08-29,12337.75,Acquisition,VIP,Spain
3146,Prospecting Brand Sale 2020,15,Jeffrey Herring,2022-03-10,2022-03-17,3990.58,Brand,All,Germany
3147,Retarget Brand Sale 2020,11,Kevin Morris,2019-06-29,2019-08-23,5235.32,Brand,VIP,India
3148,BlackFriday Acquisition Promo 2024,14,Rebecca Simmons,2020-01-12,2020-02-18,6259.87,Acquisition,VIP,India
3149,Clearance Brand Sale 2021,13,Rachel Dickerson,2021-01-05,2021-01-21,5174.79,Brand,VIP,Japan
3150,BlackFriday Retention Campaign 2021,12,Angela Chandler,2024-05-11,2024-06-01,2661.94,Retention,New,Netherlands
3151,Prospecting Awareness Drive 2023,11,Mark Morgan,2019-09-23,2019-10-01,1734.66,Awareness,Returning,Nigeria
3152,Spring Brand Sale 2021,3,Alexis Hale,2020-03-20,2020-04-28,2180.98,Brand,New,United Kingdom
3153,Retarget Acquisition Drive 2023,10,Jeffrey Herring,2023-05-18,2023-08-02,2213.86,Acquisition,All,India
3154,Retarget Brand Sale 2019,5,Richard White,2023-03-01,2023-04-03,5437.93,Brand,Returning,Germany
3155,Summer Awareness Promo 2019,7,Scott Taylor,2024-11-29,2025-02-20,8850.0,Awareness,All,India
3156,Prospecting Conversion Sale 2024,3,Dominic Bennett,2024-09-16,2024-10-22,5443.67,Conversion,Returning,Egypt
3157,Flash Retention Push 2023,3,Rachel Dickerson,2022-10-03,2022-10-28,2918.06,Retention,All,United Kingdom
3158,Winter Acquisition Push 2021,15,David Zuniga,2021-10-13,2021-11-01,10931.64,Acquisition,At-Risk,Netherlands
3159,Prospecting Conversion Promo 2023,10,Robert Massey,2022-04-27,2022-07-10,1185.14,Conversion,All,India
3160,Clearance Retention Sale 2022,3,,2023-06-06,2023-06-23,3520.18,Retention,At-Risk,Netherlands
3161,Winter Awareness Campaign 2019,9,Mary Rodriguez,2024-08-17,2024-10-22,5037.26,Awareness,All,Saudi Arabia
3162,Loyalty Acquisition Sale 2023,7,Richard White,2019-12-14,2020-01-30,5785.4,Acquisition,New,United Arab Emirates
3163,Flash Brand Promo 2019,4,Nicholas Gordon,2024-09-09,2024-10-07,13011.68,Brand,At-Risk,Netherlands
3164,Spring Awareness Push 2024,4,Levi Stewart,2024-06-29,2024-09-22,8435.17,Awareness,Churned,Japan
3165,Retarget Retention Promo 2021,2,Sandra Ayala,2024-01-12,2024-04-10,675.78,Retention,New,Japan
3166,NewYear Awareness Push 2020,11,Daniel Bridges,2019-10-18,2020-01-10,3788.14,Awareness,Churned,Mexico
3167,Summer Awareness Promo 2019,13,Lori Delgado,2022-01-15,2022-03-20,1419.2,Awareness,VIP,United Arab Emirates
3168,BlackFriday Brand Drive 2019,1,Hannah Matthews,2019-07-10,2019-08-06,1523.43,Brand,Churned,Japan
3169,Clearance Retention Sale 2019,7,Connie Costa,2021-09-08,2021-11-17,6366.7,Retention,Churned,Mexico
3170,Loyalty Retention Campaign 2022,7,Anthony Rasmussen,2019-07-01,2019-06-24,12716.1,Retention,Churned,Global
3171,Summer Acquisition Campaign 2023,12,Jennifer Obrien,2024-10-03,2024-11-13,10185.72,Acquisition,All,Japan
3172,NewYear Awareness Drive 2022,14,Connie Costa,2021-06-27,2021-08-14,2104.71,Awareness,VIP,United States
3173,,2,Robert Massey,2022-05-03,2022-07-07,2559.84,Retention,All,Indonesia
3174,Prospecting Acquisition Push 2023,8,Rachel Wright,2021-02-23,2021-03-25,2887.38,Acquisition,Churned,United States
3175,Holiday Brand Push 2023,2,,2024-05-29,2024-07-21,2659.28,Brand,New,Canada
3176,Winter Acquisition Push 2020,13,Jon Thomas,2019-10-16,2019-10-26,941.12,Acquisition,At-Risk,India
3177,Launch Retention Sale 2024,14,Daniel Bridges,2021-04-15,2021-07-10,7469.94,Retention,Churned,United Kingdom
3178,Spring Awareness Promo 2022,6,Levi Stewart,2023-06-27,2023-08-24,8460.6,Awareness,VIP,Canada
3179,Retarget Retention Promo 2020,2,Alexis Hale,2020-09-10,2020-11-16,6123.38,Retention,New,Canada
3180,Retarget Awareness Campaign 2019,8,,2021-09-09,2021-11-24,4389.76,Awareness,VIP,Netherlands
3181,Launch Retention Drive 2022,10,Jennifer Obrien,2023-08-06,2023-09-06,3101.06,Retention,All,Canada
3182,Summer Conversion Campaign 2021,3,Isaiah Hall Jr.,2022-12-12,2023-03-06,2375.98,Conversion,New,Japan
3183,,11,Julie Clark,2020-08-22,2020-11-06,6035.26,Conversion,All,South Africa
3184,Summer Brand Sale 2021,2,Yvette House,2024-11-17,2024-12-29,8431.96,Brand,VIP,Italy
3185,Clearance Retention Campaign 2024,8,Christine Harris,2023-12-18,2024-01-03,5450.44,Retention,Churned,United Arab Emirates
3186,Loyalty Conversion Campaign 2023,3,Isaiah Hall Jr.,2020-09-01,2020-09-11,2845.07,Conversion,New,Nigeria
3187,Spring Brand Sale 2022,1,Mark Morgan,2020-06-17,2020-08-17,5225.02,Brand,VIP,United Arab Emirates
3188,  Clearance Retention Sale 2019  ,2,Debra Smith,2019-06-08,2019-07-04,5713.95,Retention,All,India
3189,BlackFriday Awareness Promo 2021,9,Connie Costa,2023-05-25,2023-07-10,1702.22,Awareness,At-Risk,South Africa
3190,Clearance Acquisition Campaign 2024,14,Hunter Woods,2020-02-07,2020-03-02,2360.6,Acquisition,VIP,India
3191,Summer Acquisition Drive 2021,12,,2020-05-30,2020-07-21,1812.1,Acquisition,All,Philippines
3192,LAUNCH ACQUISITION PROMO 2023,11,Rebecca Simmons,2023-02-22,2023-05-12,8664.78,Acquisition,Churned,Nigeria
3193,NewYear Acquisition Drive 2024,13,Yolanda Wallace,2023-11-23,2023-12-22,17752.72,Acquisition,At-Risk,Australia
3194,Holiday Brand Push 2020,10,Stephanie Allen,2021-07-20,2021-09-08,3102.09,Brand,All,Nigeria
3195,Spring Awareness Promo 2021,15,,2023-02-26,2022-12-03,8142.61,Awareness,Returning,Philippines
3196,Retarget Retention Campaign 2022,9,Michael Lawrence,2021-07-11,2021-10-03,5834.51,Retention,Churned,Japan
3197,BlackFriday Retention Drive 2024,13,Samuel Smith,2021-10-09,2021-11-19,1489.64,Retention,Returning,Netherlands
3198,Launch Brand Push 2024,4,,2022-05-23,2022-07-19,13303.51,Brand,All,Egypt
3199,Loyalty Acquisition Sale 2022,3,Rachel Wright,2019-04-18,2019-07-04,3060.37,Acquisition,At-Risk,Netherlands
3200,,7,,2021-07-06,2021-08-24,23204.35,Acquisition,Returning,Brazil
3201,Summer Conversion Campaign 2022,14,Stephanie Allen,2022-10-14,2022-11-10,2200.64,Conversion,New,Germany
3202,Holiday Retention Push 2024,7,John Lopez,2024-09-04,2024-09-18,23340.65,Retention,New,Mexico
3203,Winter Acquisition Promo 2020,12,Jennifer Obrien,2020-07-09,2020-08-10,2605.96,Acquisition,VIP,United Arab Emirates
3204,Holiday Retention Campaign 2019,3,Robert Massey,2021-11-07,2022-01-20,8120.61,Retention,Churned,Italy
3205,Holiday Acquisition Promo 2021,3,Kevin Morris,2022-10-03,2022-10-14,9955.12,Acquisition,VIP,Mexico
3206,newyear conversion sale 2023,5,Isaiah Hall Jr.,2023-06-12,2023-09-10,11212.74,Conversion,VIP,India
3207,Spring Conversion Sale 2021,5,Daniel Bridges,2023-03-20,2023-04-09,1840.9,Conversion,At-Risk,United Arab Emirates
3208,BlackFriday Brand Promo 2020,5,Willie Bowers,2019-07-30,2019-09-17,3693.92,Brand,At-Risk,Global
3209,Winter Acquisition Drive 2023,5,Dominic Bennett,2022-12-01,2023-01-15,7920.74,Acquisition,Returning,Global
3210,flash conversion push 2021,13,Jessica Sanford,2019-05-13,2019-06-03,1480.88,Conversion,VIP,Canada
3211,Winter Brand Sale 2024,3,Robert Jones,2019-01-04,2019-03-04,2241.15,Brand,VIP,Nigeria
3212,Spring Brand Promo 2022,11,Hunter Woods,2020-05-13,2020-07-08,10399.37,Brand,VIP,Australia
3213,Launch Brand Campaign 2021,10,Richard White,2020-06-24,2020-08-02,9152.28,Brand,At-Risk,India
3214,Retarget Acquisition Drive 2020,6,Angela Chandler,2023-05-22,2023-08-04,2030.37,Acquisition,At-Risk,Egypt
3215,Winter Brand Promo 2023,13,Julie Clark,2024-01-03,2024-01-10,3005.31,Brand,New,Netherlands
3216,BlackFriday Awareness Promo 2024,6,,2020-01-10,2020-01-26,3253.04,Awareness,Churned,Brazil
3217,Clearance Conversion Drive 2022,14,Richard White,2019-02-08,2019-03-17,5678.75,Conversion,New,United Arab Emirates
3218,  Spring Brand Promo 2024  ,8,Hannah Matthews,2019-07-03,2019-08-04,1950.96,Brand,New,United States
3219,Winter Brand Push 2021,12,Jon Thomas,2022-03-26,2022-05-23,9312.91,Brand,VIP,Brazil
3220,,12,Robert Massey,2021-10-10,2021-11-25,5575.85,Retention,Returning,United Kingdom
3221,BlackFriday Awareness Campaign 2020,14,Jeffrey Herring,2021-10-24,2021-12-24,21108.64,Awareness,At-Risk,Philippines
3222,Prospecting Awareness Sale 2022,7,Felicia Henry,2022-09-03,2022-11-25,9762.35,Awareness,All,Italy
3223,BlackFriday Retention Drive 2019,4,Yvette House,2021-01-17,2021-02-11,4897.8,Retention,New,South Africa
3224,Loyalty Retention Sale 2024,15,Felicia Henry,2020-04-24,2020-06-13,5026.62,Retention,New,Italy
3225,Clearance Conversion Sale 2024,2,,2024-02-16,2024-05-07,6268.28,Conversion,New,Germany
3226,NewYear Acquisition Sale 2019,2,Debra Smith,2023-06-03,2023-07-04,5555.11,Acquisition,New,Italy
3227,,1,Richard White,2020-09-02,2020-11-09,36124.77,Awareness,Returning,Saudi Arabia
3228,Launch Brand Campaign 2023,15,,2019-10-15,2019-12-26,2504.59,Brand,Returning,Global
3229,Spring Awareness Sale 2021,3,Rachel Wright,2020-04-02,2020-05-29,4849.25,Awareness,New,Mexico
3230,Launch Brand Promo 2019,12,Mark Harris,2020-05-03,2020-06-26,5372.54,Brand,New,Netherlands
3231,Flash Retention Drive 2024,10,Eric Dodson Jr.,2022-08-24,2022-11-20,5283.45,Retention,At-Risk,South Africa
3232,Spring Conversion Sale 2024,15,Mary Rodriguez,2019-10-17,2019-10-31,14423.39,Conversion,All,Canada
3233,  BlackFriday Awareness Promo 2022  ,5,Debra Smith,2019-10-04,2019-11-12,3635.81,Awareness,At-Risk,United States
3234,Holiday Retention Campaign 2024,11,Robert Massey,2024-03-27,2024-05-04,832.55,Retention,All,Saudi Arabia
3235,WINTER RETENTION PROMO 2022,15,Angela Dillon,2021-11-30,2022-01-23,6933.59,Retention,Returning,South Africa
3236,Prospecting Conversion Drive 2023,12,,2021-09-01,2021-11-23,9169.15,Conversion,VIP,Netherlands
3237,Prospecting Retention Campaign 2024,6,Sandra Ayala,2020-01-28,2020-04-06,1075.31,Retention,All,Indonesia
3238,Loyalty Acquisition Push 2022,9,Lori Delgado,2021-09-12,2021-11-01,3433.59,Acquisition,VIP,Nigeria
3239,Clearance Brand Drive 2021,8,Judy Lopez,2021-02-21,2021-05-07,1657.22,Brand,Returning,Spain
3240,Summer Retention Campaign 2022,8,Gloria Keller,2022-12-28,2023-03-25,695.83,Retention,New,United Kingdom
3241,Holiday Brand Drive 2023,6,John Lopez,2019-04-14,2019-06-28,1535.81,Brand,New,United Arab Emirates
3242,Holiday Conversion Drive 2020,1,Anthony Rasmussen,2024-11-20,2024-12-27,10144.99,Conversion,VIP,Italy
3243,Spring Awareness Drive 2022,12,James Smith,2022-11-23,2023-02-08,2581.77,Awareness,All,Italy
3244,Flash Retention Sale 2019,10,Alexis Hale,2022-01-31,2022-04-27,742.58,Retention,At-Risk,India
3245,Retarget Conversion Campaign 2024,6,,2024-03-10,2024-05-06,29318.32,Conversion,New,Nigeria
3246,Spring Awareness Sale 2021,6,Anthony Rasmussen,2020-02-08,2020-02-26,2296.84,Awareness,Churned,Japan
3247,Spring Retention Push 2024,3,Felicia Henry,2019-08-04,2019-09-19,6726.07,Retention,All,Japan
3248,,15,Donna Nelson,2024-06-23,2024-07-16,2504.84,Awareness,VIP,Egypt
3249,Summer Conversion Drive 2024,10,James Smith,2022-02-11,2022-05-06,1075.06,Conversion,All,Brazil
3250,NewYear Retention Push 2019,6,Charles Torres,2021-07-22,2021-08-18,4649.93,Retention,VIP,Global
3251,Clearance Retention Drive 2020,4,Charles Torres,2019-03-17,2019-03-28,2449.28,Retention,At-Risk,Italy
3252,NewYear Conversion Campaign 2020,15,Tammy Bell,2023-03-17,2023-04-21,2467.49,Conversion,At-Risk,Mexico
3253,Prospecting Conversion Push 2023,9,Charles Torres,2020-02-14,2020-03-01,3937.08,Conversion,Returning,Australia
3254,BlackFriday Brand Campaign 2023,6,Kevin Morris,2020-05-12,2020-08-02,3025.07,Brand,All,United Kingdom
3255,NewYear Retention Push 2019,2,Alexis Hale,2023-11-23,2023-12-20,3412.57,Retention,At-Risk,Philippines
3256,Loyalty Acquisition Promo 2022,13,,2023-03-18,2023-05-18,4890.58,Acquisition,VIP,Australia
3257,Flash Brand Campaign 2019,4,Jon Thomas,2022-02-28,2022-05-20,31466.3,Brand,Churned,Indonesia
3258,Summer Acquisition Push 2020,1,Hunter Woods,2022-03-17,2022-05-29,5076.75,Acquisition,VIP,Mexico
3259,summer retention sale 2024,1,Rachel Wright,2021-12-28,2022-02-06,4917.85,Retention,New,United Arab Emirates
3260,Spring Awareness Promo 2021,10,Mark Harris,2020-10-05,2020-12-04,4618.01,Awareness,Churned,United Arab Emirates
3261,Holiday Conversion Drive 2019,8,Charles Torres,2023-10-20,2023-11-04,1460.14,Conversion,All,India
3262,Clearance Brand Campaign 2021,11,Chase Wolf,2019-02-04,2019-03-14,11656.34,Brand,VIP,Australia
3263,Flash Conversion Sale 2023,10,,2023-06-05,2023-06-28,1421.44,Conversion,All,Italy
3264,Summer Acquisition Promo 2022,12,Anthony Rasmussen,2022-12-12,2023-02-22,7051.0,Acquisition,VIP,France
3265,Holiday Retention Push 2019,1,Jon Thomas,2021-09-25,2021-11-23,8041.23,Retention,New,Canada
3266,Clearance Brand Drive 2022,9,Yolanda Wallace,2024-04-29,2024-05-30,1709.79,Brand,At-Risk,France
3267,Retarget Acquisition Campaign 2021,9,Tammy Bell,2022-09-14,2022-11-04,21402.48,Acquisition,Churned,India
3268,PROSPECTING ACQUISITION DRIVE 2023,11,Levi Stewart,2024-03-26,2024-05-08,2690.56,Acquisition,New,Indonesia
3269,Winter Retention Campaign 2020,2,Anthony Rasmussen,2023-07-26,2023-09-02,4356.34,Retention,Returning,Brazil
3270,NewYear Brand Promo 2021,1,Samuel Smith,2020-06-16,2020-07-04,1772.51,Brand,Churned,Global
3271,flash acquisition campaign 2023,5,Anthony Rasmussen,2022-12-04,2023-01-03,22032.89,Acquisition,All,United States
3272,Holiday Brand Sale 2019,11,Connie Costa,2023-09-07,2023-11-13,113676.19,Brand,Churned,Saudi Arabia
3273,Retarget Acquisition Sale 2023,1,Levi Stewart,2020-11-03,2021-01-23,2309.91,Acquisition,Returning,Italy
3274,Clearance Retention Campaign 2024,8,Carolyn Schultz,2023-06-15,2023-08-20,32748.23,Retention,At-Risk,Brazil
3275,NewYear Retention Campaign 2019,14,Felicia Henry,2019-05-01,2019-06-16,27085.46,Retention,VIP,Egypt
3276,Loyalty Conversion Sale 2022,5,Sandra Ayala,2021-04-08,2021-05-17,289.29,Conversion,Churned,Germany
3277,Prospecting Conversion Promo 2021,10,,2023-02-25,2023-04-18,3327.67,Conversion,All,Germany
3278,Spring Awareness Campaign 2020,2,Angela Chandler,2023-04-10,2023-05-13,1781.64,Awareness,Churned,United Arab Emirates
3279,Holiday Acquisition Sale 2023,6,Dominic Bennett,2020-06-12,2020-09-06,2380.9,Acquisition,All,France
3280,Holiday Acquisition Sale 2021,4,Sandra Ayala,2022-06-28,2022-08-20,2224.99,Acquisition,All,Canada
3281,,5,Isaiah Hall Jr.,2022-02-11,2022-02-21,5601.94,Brand,At-Risk,United States
3282,BlackFriday Retention Sale 2024,3,Angel Kent,2020-06-05,2020-06-29,2287.13,Retention,At-Risk,United States
3283,,7,Hannah Matthews,2022-10-26,2023-01-21,11999.41,Retention,New,Japan
3284,Clearance Brand Campaign 2024,5,,2019-04-28,2019-05-18,11997.24,Brand,At-Risk,Japan
3285,Prospecting Acquisition Promo 2023,9,Hunter Woods,2024-11-11,2024-12-05,3759.95,Acquisition,At-Risk,Philippines
3286,Summer Acquisition Push 2022,8,Angela Dillon,2024-07-10,2024-08-22,382.36,Acquisition,New,Italy
3287,Clearance Conversion Push 2023,10,James Smith,2020-11-01,2020-11-29,12596.34,Conversion,All,United Kingdom
3288,Prospecting Acquisition Promo 2022,3,Jessica Sanford,2019-06-25,2019-09-19,1497.6,Acquisition,Returning,Netherlands
3289,Spring Awareness Promo 2019,8,Dominic Bennett,2021-06-25,2021-07-25,6813.3,Awareness,Churned,Mexico
3290,Loyalty Brand Sale 2019,9,Angela Dillon,2022-12-08,2023-02-28,3467.88,Brand,VIP,Indonesia
3291,Flash Awareness Promo 2020,6,Angela Chandler,2022-10-26,2023-01-15,1231.05,Awareness,New,Philippines
3292,Flash Conversion Promo 2024,5,Gloria Keller,2022-07-03,2022-09-03,3992.16,Conversion,VIP,United Arab Emirates
3293,Loyalty Acquisition Sale 2020,3,Lori Delgado,2020-09-18,2020-10-28,24092.64,Acquisition,New,Egypt
3294,Spring Conversion Drive 2019,3,Felicia Henry,2023-06-01,2023-08-10,4173.46,Conversion,Churned,Egypt
3295,Clearance Conversion Sale 2021,6,Carolyn Schultz,2021-08-19,2021-09-03,7094.3,Conversion,Churned,Philippines
3296,,8,Nicholas Gordon,2021-09-04,2021-09-16,6501.65,Retention,New,Japan
3297,Summer Retention Drive 2024,7,Eric Smith MD,2022-12-06,2023-01-11,10196.94,Retention,At-Risk,Nigeria
3298,Summer Conversion Push 2019,3,Robert Jones,2019-05-28,2019-08-07,4107.92,Conversion,All,United States
3299,Retarget Conversion Sale 2019,1,Kevin Morris,2024-11-17,2025-01-24,2739.42,Conversion,All,United Kingdom
3300,Holiday Retention Promo 2024,14,Sandra Kim,2022-05-15,2022-07-15,18736.89,Retention,New,Brazil
3301,Winter Retention Push 2020,2,Hunter Woods,2023-08-29,2023-10-13,1522.45,Retention,New,Nigeria
3302,Spring Brand Sale 2019,10,Felicia Henry,2020-04-10,2020-05-21,2938.11,Brand,VIP,Nigeria
3303,Clearance Acquisition Promo 2024,6,Samuel Smith,2021-06-14,2021-09-11,32297.38,Acquisition,Returning,South Africa
3304,Spring Acquisition Drive 2021,12,,2024-06-10,2024-08-07,5022.14,Acquisition,At-Risk,South Africa
3305,NewYear Awareness Sale 2024,6,Angel Kent,2024-03-01,2024-04-27,2173.25,Awareness,Churned,South Africa
3306,NEWYEAR CONVERSION CAMPAIGN 2024,2,David Zuniga,2024-02-23,2024-04-11,2102.45,Conversion,VIP,Italy
3307,Winter Retention Campaign 2019,11,Christine Harris,2020-12-04,2021-02-20,19684.56,Retention,Churned,Japan
3308,Holiday Brand Campaign 2024,1,Mary Rodriguez,2023-04-02,2023-05-09,842.0,Brand,At-Risk,Mexico
3309,NewYear Awareness Drive 2021,7,Donna Nelson,2023-08-14,2023-10-07,650.67,Awareness,VIP,Germany
3310,Winter Retention Sale 2020,12,,2020-12-09,2021-01-11,8470.31,Retention,Churned,United Arab Emirates
3311,Spring Acquisition Push 2024,7,Jon Thomas,2023-08-24,2023-10-17,2506.78,Acquisition,New,South Africa
3312,Flash Conversion Drive 2019,3,Jennifer Obrien,2019-10-19,2019-11-03,13694.25,Conversion,Churned,France
3313,Retarget Acquisition Campaign 2023,2,Tammy Bell,2024-10-02,2024-12-20,28646.6,Acquisition,At-Risk,Japan
3314,Loyalty Retention Campaign 2024,9,,2019-09-06,2019-10-21,6188.14,Retention,Churned,Nigeria
3315,Retarget Brand Drive 2022,10,Christine Harris,2022-04-25,2022-05-27,1410.1,Brand,New,Philippines
3316,Summer Acquisition Promo 2023,7,,2023-06-06,2023-08-15,6043.97,Acquisition,All,United Kingdom
3317,Flash Acquisition Drive 2020,5,Donna Nelson,2020-01-09,2020-02-08,3233.74,Acquisition,Returning,Egypt
3318,Prospecting Brand Sale 2020,14,Angel Kent,2024-08-21,2024-09-29,20305.23,Brand,Returning,Brazil
3319,Spring Awareness Campaign 2024,1,Samuel Smith,2021-02-14,2020-12-18,12689.3,Awareness,Churned,United States
3320,Flash Retention Push 2019,2,Yvette House,2022-09-24,2022-12-17,4032.5,Retention,New,Philippines
3321,Flash Brand Push 2022,14,Kevin Morris,2019-07-08,2019-10-06,943.55,Brand,New,South Africa
3322,,6,Jeffrey Herring,2020-08-29,2020-10-28,1840.71,Conversion,Returning,Australia
3323,Flash Awareness Push 2022,4,James Smith,2020-04-06,2020-06-05,7169.7,Awareness,At-Risk,India
3324,Clearance Conversion Campaign 2020,11,Rachel Dickerson,2021-11-19,2022-01-15,7659.3,Conversion,Churned,Japan
3325,Launch Brand Promo 2019,3,,2021-07-02,2021-07-17,19011.55,Brand,New,Japan
3326,Prospecting Awareness Sale 2022,15,Sandra Ayala,2021-05-16,2021-06-12,10496.94,Awareness,At-Risk,India
3327,Spring Acquisition Promo 2023,1,,2020-03-01,2020-05-14,5196.5,Acquisition,Returning,Netherlands
3328,Holiday Retention Promo 2021,5,Debra Smith,2024-05-31,2024-07-06,9554.46,Retention,VIP,Italy
3329,Launch Awareness Drive 2024,2,,2022-06-14,2022-07-10,5036.85,Awareness,New,Brazil
3330,Summer Brand Campaign 2023,14,,2024-03-23,2024-06-12,3756.54,Brand,VIP,South Africa
3331,Spring Retention Sale 2022,11,Rachel Wright,2021-02-02,2021-03-23,542.14,Retention,Returning,Global
3332,Prospecting Awareness Sale 2023,11,Yvette House,2023-07-13,2023-10-11,1670.43,Awareness,Returning,South Africa
3333,Clearance Awareness Campaign 2021,13,Carolyn Schultz,2022-05-01,2022-07-24,12836.39,Awareness,New,India
3334,Flash Retention Campaign 2024,11,Jennifer Obrien,2022-09-06,2022-10-12,3362.57,Retention,At-Risk,Global
3335,BlackFriday Brand Campaign 2023,12,Richard White,2021-12-02,2022-02-11,245.85,Brand,New,Global
3336,Flash Acquisition Promo 2022,4,,2021-10-01,2021-12-12,4778.47,Acquisition,VIP,United Arab Emirates
3337,holiday acquisition campaign 2021,1,Angela Chandler,2019-07-05,2019-07-18,1807.9,Acquisition,All,Australia
3338,BlackFriday Brand Sale 2020,11,Caitlin Edwards,2021-10-31,2021-12-05,16531.26,Brand,At-Risk,Egypt
3339,Retarget Conversion Push 2022,4,Hunter Woods,2022-09-17,2022-10-07,2654.08,Conversion,All,India
3340,Prospecting Conversion Promo 2024,3,Debra Smith,2019-11-29,2020-02-01,3318.69,Conversion,All,United Arab Emirates
3341,Winter Retention Drive 2020,7,,2024-02-13,2024-04-03,10654.58,Retention,New,Brazil
3342,Flash Conversion Drive 2024,1,Kevin Morris,2019-10-20,2020-01-06,1289.19,Conversion,New,Netherlands
3343,Spring Awareness Campaign 2019,13,Charles Torres,2019-04-06,2019-05-02,2222.05,Awareness,VIP,Indonesia
3344,Loyalty Brand Sale 2020,5,Jessica Sanford,2023-04-01,2023-05-23,9425.06,Brand,Returning,Indonesia
3345,Launch Acquisition Drive 2019,9,Tammy Bell,2019-09-24,2019-10-22,10467.73,Acquisition,New,Canada
3346,BlackFriday Awareness Drive 2024,6,Kevin Morris,2023-09-02,2023-11-04,7368.71,Awareness,At-Risk,Italy
3347,Winter Brand Push 2021,5,Jennifer Obrien,2019-07-30,2019-08-16,3899.58,Brand,At-Risk,Egypt
3348,NewYear Retention Push 2022,8,Jessica Sanford,2020-07-06,2020-08-03,4804.57,Retention,Returning,Spain
3349,Retarget Brand Promo 2021,2,Hunter Woods,2021-12-26,2022-02-05,5324.25,Brand,All,Philippines
3350,Spring Awareness Drive 2023,11,Gloria Keller,2021-05-31,2021-08-17,19961.85,Awareness,VIP,Philippines
3351,Holiday Conversion Promo 2019,13,Isaiah Hall Jr.,2021-06-18,2021-08-04,5347.27,Conversion,At-Risk,Nigeria
3352,Flash Retention Sale 2023,14,Elizabeth Hill,2019-05-05,2019-06-11,11492.57,Retention,Churned,Saudi Arabia
3353,NewYear Retention Promo 2021,14,Lori Delgado,2020-01-29,2020-02-09,13082.57,Retention,All,Philippines
3354,Prospecting Awareness Promo 2023,14,Eric Dodson Jr.,2019-07-05,2019-08-25,2583.36,Awareness,All,Spain
3355,Launch Retention Push 2022,12,Mark Harris,2021-11-21,2021-12-24,418.26,Retention,Churned,Global
3356,Loyalty Conversion Push 2023,12,Felicia Henry,2022-06-20,2022-06-28,732.24,Conversion,New,Philippines
3357,Winter Conversion Push 2023,13,Stephanie Allen,2019-08-21,2019-10-25,3243.96,Conversion,New,Italy
3358,Launch Awareness Promo 2021,7,Hunter Woods,2024-02-17,2024-03-24,5359.88,Awareness,At-Risk,United Kingdom
3359,,12,Levi Stewart,2023-07-16,2023-09-17,3582.74,Brand,Returning,United States
3360,Summer Acquisition Push 2023,11,Mary Rodriguez,2023-07-03,2023-09-29,5125.1,Acquisition,All,India
3361,Winter Brand Sale 2019,9,,2022-05-06,2022-05-14,14012.45,Brand,Churned,Indonesia
3362,Clearance Retention Campaign 2024,7,Connie Costa,2021-05-09,2021-07-11,7080.93,Retention,Returning,United States
3363,Holiday Retention Promo 2019,4,,2019-08-01,2019-09-09,11366.98,Retention,Churned,Brazil
3364,NewYear Retention Campaign 2024,15,Kimberly Jensen,2023-02-15,2023-02-22,10039.67,Retention,At-Risk,Global
3365,Retarget Brand Sale 2023,2,James Smith,2022-12-20,2023-02-16,7558.35,Brand,All,United Arab Emirates
3366,Holiday Conversion Drive 2019,8,Christine Harris,2023-10-05,2023-12-13,3205.35,Conversion,At-Risk,United Kingdom
3367,Flash Conversion Campaign 2023,6,Michael Lawrence,2022-12-05,2023-02-26,3112.58,Conversion,Returning,Canada
3368,Prospecting Conversion Drive 2019,7,Jeffrey Herring,2019-01-18,2019-04-10,3254.47,Conversion,All,United Arab Emirates
3369,Launch Retention Drive 2021,5,,2023-03-22,2023-04-28,986.61,Retention,All,United Kingdom
3370,Launch Conversion Drive 2020,13,Angel Kent,2022-09-25,2022-12-09,4702.29,Conversion,New,United Kingdom
3371,NewYear Acquisition Push 2023,14,Yvette House,2021-02-01,2021-02-25,5912.22,Acquisition,Churned,Australia
3372,Spring Retention Promo 2021,7,,2023-02-10,2023-04-21,19901.3,Retention,Churned,United Kingdom
3373,Loyalty Awareness Promo 2024,11,Rebecca Simmons,2024-04-29,2024-05-12,3400.16,Awareness,VIP,United States
3374,BlackFriday Awareness Campaign 2024,14,David Zuniga,2020-08-12,2020-09-28,1342.69,Awareness,Churned,Netherlands
3375,Summer Awareness Sale 2024,13,Daniel Bridges,2023-02-14,2022-11-25,10908.01,Awareness,All,United Kingdom
3376,Clearance Awareness Push 2023,15,,2021-11-11,2022-01-21,1054.63,Awareness,VIP,Mexico
3377,Prospecting Retention Push 2019,7,Stephanie Allen,2022-12-26,2023-02-10,9495.27,Retention,All,Nigeria
3378,Flash Acquisition Drive 2023,5,,2022-10-17,2023-01-05,16224.77,Acquisition,All,United Kingdom
3379,BlackFriday Brand Sale 2021,9,Sandra Ayala,2024-03-09,2024-03-29,1403.89,Brand,Churned,South Africa
3380,Flash Brand Campaign 2021,6,Daniel Bridges,2023-04-07,2023-06-20,4074.56,Brand,Returning,France
3381,Summer Acquisition Promo 2019,2,Samuel Smith,2022-06-27,2022-07-20,5435.64,Acquisition,All,Saudi Arabia
3382,Retarget Conversion Push 2022,11,James Smith,2021-05-01,2021-07-27,3613.11,Conversion,New,Germany
3383,Retarget Brand Sale 2021,2,Michael Lawrence,2021-01-25,2021-03-18,16874.36,Brand,Churned,Japan
3384,Loyalty Awareness Promo 2021,14,,2022-11-25,2023-02-13,6537.46,Awareness,VIP,Canada
3385,NewYear Acquisition Drive 2023,14,,2022-08-30,2022-11-24,36978.68,Acquisition,Churned,Philippines
3386,Spring Acquisition Push 2022,1,Rachel Wright,2023-10-30,2024-01-14,1498.77,Acquisition,All,Netherlands
3387,Clearance Retention Campaign 2022,11,Alexis Hale,2020-03-04,2020-05-05,14500.64,Retention,New,Global
3388,Prospecting Acquisition Drive 2023,7,Willie Bowers,2019-04-07,2019-05-24,12396.44,Acquisition,New,India
3389,Summer Conversion Push 2020,13,Willie Bowers,2024-11-18,2025-02-11,6506.62,Conversion,At-Risk,Saudi Arabia
3390,Clearance Brand Promo 2022,4,Samuel Smith,2019-09-06,2019-12-05,2743.72,Brand,Returning,United States
3391,  Launch Awareness Push 2024  ,9,,2019-09-26,2019-11-02,9505.82,Awareness,Returning,Philippines
3392,Retarget Acquisition Drive 2024,11,Scott Taylor,2021-10-01,2021-12-04,5719.1,Acquisition,All,United States
3393,Flash Retention Push 2021,3,Jessica Sanford,2023-06-22,2023-05-25,4821.61,Retention,New,Nigeria
3394,BlackFriday Conversion Drive 2021,2,Derek Lowe,2019-05-19,2019-08-04,9916.36,Conversion,VIP,Germany
3395,Winter Acquisition Sale 2023,4,Rebecca Prince,2022-11-11,2023-01-17,12609.81,Acquisition,Churned,Italy
3396,Clearance Conversion Campaign 2024,1,,2024-02-12,2024-04-16,13689.05,Conversion,At-Risk,Canada
3397,Prospecting Acquisition Drive 2020,10,Rachel Wright,2020-07-07,2020-09-29,7673.05,Acquisition,Returning,United Kingdom
3398,Summer Acquisition Push 2023,14,Rebecca Simmons,2023-06-28,2023-08-30,3647.47,Acquisition,VIP,Netherlands
3399,NewYear Awareness Drive 2020,5,Angela Chandler,2020-05-22,2020-06-21,8843.0,Awareness,Returning,United States
3400,Summer Retention Campaign 2019,4,Mark Morgan,2020-05-16,2020-07-24,5221.09,Retention,Churned,Nigeria
3401,Retarget Brand Push 2020,2,John Lopez,2021-07-22,2021-10-13,9811.95,Brand,At-Risk,Australia
3402,NewYear Conversion Campaign 2022,7,Daniel Bridges,2021-03-17,2021-04-17,2723.41,Conversion,At-Risk,Japan
3403,Clearance Retention Promo 2022,10,Sandra Kim,2021-08-25,2021-10-17,5646.69,Retention,New,Japan
3404,Clearance Acquisition Promo 2024,6,Nicholas Gordon,2021-11-12,2021-12-11,5963.28,Acquisition,VIP,Netherlands
3405,BlackFriday Conversion Drive 2023,12,Dominic Bennett,2021-08-18,2021-09-12,879.15,Conversion,VIP,France
3406,Retarget Retention Drive 2022,12,Willie Bowers,2020-06-25,2020-07-08,1840.12,Retention,All,Germany
3407,NewYear Brand Sale 2020,14,,2023-04-10,2023-04-30,26833.66,Brand,New,United Arab Emirates
3408,CLEARANCE RETENTION PUSH 2024,12,Carolyn Schultz,2023-11-09,2023-12-15,2153.86,Retention,Churned,Egypt
3409,Clearance Conversion Campaign 2019,2,Samuel Smith,2021-04-18,2021-06-17,25684.3,Conversion,At-Risk,United Kingdom
3410,Summer Conversion Campaign 2022,11,Nicholas Gordon,2023-12-06,2024-02-19,2879.15,Conversion,New,Indonesia
3411,Launch Acquisition Push 2023,9,Daniel Bridges,2020-12-24,2021-03-15,1696.15,Acquisition,Returning,Mexico
3412,Prospecting Conversion Sale 2022,7,Richard White,2024-01-20,2024-03-29,1523.39,Conversion,VIP,South Africa
3413,Holiday Awareness Promo 2023,7,Isaiah Hall Jr.,2020-11-28,2021-01-18,40755.38,Awareness,At-Risk,India
3414,Holiday Acquisition Drive 2020,12,Willie Bowers,2020-03-22,2020-04-17,4678.94,Acquisition,Returning,Japan
3415,Spring Conversion Promo 2020,10,Jason Fletcher,2019-05-31,2019-07-18,2953.23,Conversion,At-Risk,United Kingdom
3416,,6,Elizabeth Hill,2020-10-09,2020-12-15,5971.62,Awareness,Churned,Global
3417,Holiday Retention Drive 2023,3,Dominic Bennett,2022-10-30,2022-11-06,5767.47,Retention,All,India
3418,BlackFriday Acquisition Push 2022,13,Kevin Morris,2021-08-03,2021-08-21,8917.51,Acquisition,At-Risk,Germany
3419,Prospecting Brand Campaign 2021,11,Jason Fletcher,2019-07-19,2019-08-15,6584.57,Brand,All,South Africa
3420,Loyalty Retention Campaign 2023,15,Isaiah Hall Jr.,2019-01-03,2019-02-11,3420.69,Retention,At-Risk,Italy
3421,Holiday Acquisition Campaign 2022,12,Lori Delgado,2024-05-25,2024-06-27,10370.17,Acquisition,All,Saudi Arabia
3422,Clearance Conversion Drive 2019,6,Nicholas Gordon,2019-06-12,2019-08-14,3422.88,Conversion,All,Australia
3423,Winter Brand Drive 2020,7,Scott Taylor,2024-04-19,2024-05-20,7016.52,Brand,New,Indonesia
3424,Prospecting Acquisition Drive 2019,3,John Lopez,2022-09-18,2022-10-06,12828.31,Acquisition,All,Australia
3425,Spring Acquisition Drive 2024,15,Nicholas Gordon,2024-02-18,2024-02-25,12441.18,Acquisition,At-Risk,Australia
3426,Retarget Acquisition Drive 2023,6,Jon Thomas,2019-03-06,2019-03-25,3171.38,Acquisition,Churned,Egypt
3427,  NewYear Conversion Promo 2023  ,5,Daniel Bridges,2023-08-31,2023-11-15,40743.5,Conversion,Churned,Australia
3428,Launch Brand Push 2019,6,Derek Lowe,2019-07-04,2019-08-13,8171.15,Brand,New,United Kingdom
3429,NewYear Acquisition Campaign 2022,15,Connie Costa,2022-11-28,2022-12-08,1109.51,Acquisition,Returning,Australia
3430,Flash Acquisition Campaign 2023,9,Michael Lawrence,2022-05-30,2022-07-17,4319.22,Acquisition,All,Japan
3431,Summer Brand Promo 2024,14,Mark Morgan,2019-03-18,2019-06-07,2326.64,Brand,Churned,Spain
3432,Winter Retention Campaign 2021,6,Caitlin Edwards,2023-12-26,2024-03-06,13213.7,Retention,Churned,Italy
3433,Winter Acquisition Push 2023,11,Mark Harris,2024-11-23,2025-01-15,9343.94,Acquisition,New,South Africa
3434,Launch Acquisition Campaign 2020,7,Robert Jones,2021-04-29,2021-07-13,2450.81,Acquisition,VIP,Spain
3435,BlackFriday Acquisition Campaign 2024,5,Felicia Henry,2023-03-10,2023-03-23,10472.55,Acquisition,All,South Africa
3436,Spring Brand Push 2022,14,Lori Delgado,2021-06-09,2021-08-28,2771.49,Brand,Returning,Egypt
3437,Spring Retention Drive 2020,9,Eric Dodson Jr.,2023-07-07,2023-10-05,2768.43,Retention,All,Japan
3438,Retarget Retention Push 2019,7,Jennifer Obrien,2023-12-05,2024-01-07,6295.36,Retention,New,Spain
3439,Summer Acquisition Drive 2024,4,Samuel Smith,2020-08-12,2020-10-07,6723.16,Acquisition,New,Germany
3440,Prospecting Acquisition Campaign 2023,8,,2019-11-24,2019-12-20,4147.17,Acquisition,Churned,United States
3441,Prospecting Acquisition Campaign 2022,4,Gloria Keller,2023-12-31,2024-03-24,15053.87,Acquisition,New,South Africa
3442,Retarget Conversion Campaign 2020,14,Samuel Smith,2024-06-03,2024-08-22,3520.3,Conversion,New,Global
3443,Holiday Retention Promo 2022,2,Alexis Hale,2019-07-14,2019-10-12,3891.0,Retention,All,Brazil
3444,Holiday Awareness Sale 2023,14,Anthony Rasmussen,2019-09-16,2019-10-05,16130.08,Awareness,At-Risk,Italy
3445,Flash Retention Push 2021,4,Nicholas Gordon,2024-07-15,2024-08-09,8004.87,Retention,Churned,Mexico
3446,BlackFriday Conversion Sale 2024,6,,2020-09-18,2020-09-25,4335.16,Conversion,Churned,Global
3447,Loyalty Retention Campaign 2021,6,Mark Harris,2020-06-08,2020-05-12,4280.57,Retention,Churned,Egypt
3448,Retarget Awareness Sale 2023,2,Jessica Sanford,2021-04-22,2021-06-07,2650.47,Awareness,Churned,Italy
3449,Flash Awareness Campaign 2019,2,Isaiah Hall Jr.,2021-12-17,2021-12-29,7115.13,Awareness,All,United Kingdom
3450,Summer Retention Promo 2023,3,,2023-10-16,2024-01-06,2199.5,Retention,New,Global
3451,BlackFriday Retention Drive 2020,2,Hunter Woods,2023-08-19,2023-10-07,2999.04,Retention,Returning,South Africa
3452,Winter Brand Campaign 2023,14,Tammy Bell,2023-05-09,2023-06-02,10470.97,Brand,VIP,Mexico
3453,Flash Awareness Campaign 2024,2,Stephanie Allen,2020-04-16,2020-06-24,7280.49,Awareness,Churned,Saudi Arabia
3454,Clearance Conversion Push 2019,5,Alexis Hale,2021-01-22,2021-02-16,8602.25,Conversion,New,Italy
3455,Spring Awareness Promo 2021,6,Mark Harris,2020-03-02,2020-04-05,1438.53,Awareness,Churned,Philippines
3456,BlackFriday Conversion Promo 2022,4,Alexis Hale,2024-07-03,2024-07-11,31265.13,Conversion,At-Risk,Canada
3457,Retarget Awareness Sale 2024,13,Eric Smith MD,2024-01-06,2024-03-12,4436.55,Awareness,Returning,Indonesia
3458,Summer Conversion Push 2022,9,,2022-05-22,2022-06-01,8773.58,Conversion,VIP,Global
3459,Flash Awareness Campaign 2023,15,Mark Morgan,2023-03-26,2023-04-14,2176.72,Awareness,VIP,Saudi Arabia
3460,Holiday Acquisition Push 2023,6,Jason Fletcher,2024-03-24,2024-04-15,6946.46,Acquisition,At-Risk,Canada
3461,Loyalty Retention Promo 2023,5,James Smith,2020-12-05,2021-01-13,1054.46,Retention,All,Canada
3462,Launch Brand Push 2021,3,Samuel Smith,2021-08-20,2021-11-09,5503.57,Brand,Returning,Australia
3463,Launch Acquisition Drive 2019,1,Daniel Bridges,2023-05-10,2023-07-01,40184.68,Acquisition,All,Australia
3464,Loyalty Brand Promo 2023,1,Debra Smith,2021-03-31,2021-04-21,16067.05,Brand,At-Risk,Spain
3465,Winter Awareness Push 2020,9,,2020-03-23,2020-06-15,3412.89,Awareness,At-Risk,Australia
3466,NewYear Awareness Sale 2019,6,Kimberly Jensen,2023-04-26,2023-06-01,7629.38,Awareness,All,France
3467,Winter Brand Push 2021,5,Donna Nelson,2021-10-22,2022-01-13,17802.04,Brand,VIP,Brazil
3468,Prospecting Acquisition Push 2024,1,Rachel Dickerson,2022-04-25,2022-05-07,11335.08,Acquisition,All,Australia
3469,Loyalty Conversion Campaign 2021,8,Rebecca Prince,2019-07-22,2019-08-17,1985.23,Conversion,Returning,Saudi Arabia
3470,BlackFriday Brand Promo 2020,4,Anthony Rasmussen,2019-04-30,2019-06-05,2379.53,Brand,At-Risk,Global
3471,,7,,2021-12-14,2022-03-05,10772.74,Conversion,Churned,Mexico
3472,NewYear Brand Drive 2019,3,Lori Delgado,2022-02-03,2022-03-06,12931.43,Brand,Returning,United States
3473,Retarget Retention Promo 2023,9,Rebecca Prince,2020-04-29,2020-05-18,3337.12,Retention,VIP,Saudi Arabia
3474,Spring Acquisition Drive 2019,7,Judy Lopez,2022-07-10,2022-07-22,2978.93,Acquisition,Churned,United Arab Emirates
3475,NewYear Awareness Sale 2023,13,Nicholas Gordon,2023-10-21,2023-12-01,3728.9,Awareness,All,South Africa
3476,Retarget Retention Sale 2019,14,Charles Torres,2023-12-23,2024-03-13,1654.7,Retention,New,United Arab Emirates
3477,Spring Brand Push 2022,2,Kevin Morris,2020-08-02,2020-10-10,10790.23,Brand,Returning,Germany
3478,Summer Brand Campaign 2023,1,Jon Thomas,2023-04-18,2023-05-31,9733.79,Brand,VIP,Nigeria
3479,Loyalty Acquisition Sale 2023,10,Sandra Kim,2023-06-23,2023-06-07,9378.27,Acquisition,At-Risk,Germany
3480,Prospecting Conversion Sale 2019,8,Lori Delgado,2024-09-16,2024-10-18,1920.25,Conversion,All,Mexico
3481,Launch Retention Drive 2022,6,Sandra Kim,2019-06-05,2019-07-17,3847.23,Retention,Churned,Spain
3482,,6,Samuel Smith,2023-01-09,2023-02-20,653.34,Retention,Churned,Spain
3483,Summer Retention Campaign 2021,7,Debra Smith,2019-07-10,2019-08-14,2337.04,Retention,At-Risk,Spain
3484,BlackFriday Awareness Campaign 2021,12,Jon Thomas,2022-08-09,2022-08-29,3240.3,Awareness,Returning,United States
3485,Launch Awareness Sale 2020,9,,2022-10-12,2022-12-13,4414.02,Awareness,Churned,Indonesia
3486,Retarget Brand Push 2024,4,James Smith,2022-08-05,2022-08-28,13111.39,Brand,Churned,Philippines
3487,Summer Conversion Promo 2022,11,Sandra Ayala,2022-11-19,2023-02-08,2962.72,Conversion,Returning,Egypt
3488,Summer Retention Push 2020,2,Jennifer Obrien,2022-12-19,2023-03-13,1205.52,Retention,All,United Arab Emirates
3489,NewYear Retention Push 2023,8,Sandra Kim,2020-05-26,2020-07-27,5081.51,Retention,At-Risk,Saudi Arabia
3490,Summer Brand Push 2023,5,Hunter Woods,2023-07-24,2023-08-12,3042.75,Brand,At-Risk,India
3491,Launch Retention Sale 2024,7,,2021-05-03,2021-06-19,7464.13,Retention,Returning,Mexico
3492,Winter Brand Push 2024,14,Charles Torres,2024-02-03,2024-03-12,2080.19,Brand,At-Risk,Spain
3493,Spring Conversion Drive 2024,15,,2024-06-03,2024-08-14,20136.96,Conversion,Returning,Indonesia
3494,Holiday Awareness Drive 2024,4,Nicholas Gordon,2020-12-22,2021-02-12,2882.62,Awareness,Returning,Indonesia
3495,Prospecting Acquisition Campaign 2024,6,Levi Stewart,2023-02-17,2023-05-01,9026.5,Acquisition,All,Saudi Arabia
3496,Spring Acquisition Drive 2024,6,Miguel Johnston,2020-07-06,2020-09-22,6003.08,Acquisition,At-Risk,Brazil
3497,Winter Awareness Sale 2022,5,Jon Thomas,2022-06-07,2022-09-01,3185.78,Awareness,Churned,Nigeria
3498,Clearance Conversion Promo 2022,14,,2023-07-05,2023-09-12,763.92,Conversion,Returning,Global
3499,summer retention promo 2021,8,Nicholas Gordon,2022-06-14,2022-09-04,2172.9,Retention,Churned,United Kingdom
3500,Clearance Retention Drive 2024,10,Daniel Bridges,2019-05-18,2019-08-10,5722.34,Retention,VIP,Egypt
3501,NewYear Retention Drive 2020,14,Kimberly Jensen,2022-07-31,2022-10-03,15853.26,Retention,Returning,Indonesia
3502,Summer Awareness Push 2020,7,Jason Fletcher,2020-12-29,2021-02-06,3614.65,Awareness,New,United Arab Emirates
3503,Flash Acquisition Drive 2019,8,Tammy Bell,2024-04-04,2024-06-24,3185.98,Acquisition,New,United Kingdom
3504,BlackFriday Awareness Sale 2019,9,,2021-05-16,2021-07-25,5625.82,Awareness,VIP,Italy
3505,Holiday Conversion Sale 2024,10,Kimberly Jensen,2024-11-28,2024-12-25,28197.53,Conversion,New,South Africa
3506,clearance brand campaign 2023,11,,2019-05-14,2019-05-29,2782.04,Brand,All,Italy
3507,Loyalty Brand Sale 2024,15,,2021-05-01,2021-06-17,36225.25,Brand,Churned,Netherlands
3508,Flash Acquisition Push 2019,3,Gloria Keller,2021-04-22,2021-05-07,3069.29,Acquisition,New,United Kingdom
3509,NewYear Brand Campaign 2021,5,Rachel Wright,2023-03-17,2023-05-16,25496.17,Brand,At-Risk,Germany
3510,NewYear Retention Campaign 2021,3,Sandra Kim,2019-09-13,2019-10-10,1635.83,Retention,Churned,Canada
3511,Loyalty Acquisition Sale 2022,9,Robert Massey,2024-11-10,2025-01-18,9657.09,Acquisition,Churned,Indonesia
3512,,11,Robert Jones,2021-02-14,2021-05-15,11947.26,Brand,Returning,Mexico
3513,Winter Brand Drive 2019,10,Donna Nelson,2019-06-16,2019-08-13,3685.98,Brand,New,Global
3514,Winter Conversion Promo 2021,9,Eric Smith MD,2020-07-13,2020-09-29,3348.43,Conversion,VIP,Egypt
3515,Prospecting Retention Push 2023,4,Anthony Rasmussen,2021-08-20,2021-10-01,1724.87,Retention,Returning,Netherlands
3516,Holiday Retention Sale 2019,15,Rebecca Simmons,2021-09-26,2021-11-13,9491.69,Retention,VIP,Philippines
3517,Summer Retention Campaign 2024,7,Rebecca Prince,2023-05-21,2023-06-12,75535.81,Retention,At-Risk,Indonesia
3518,BlackFriday Conversion Drive 2023,14,Chase Wolf,2024-09-05,2024-09-24,1026.83,Conversion,VIP,Japan
3519,Summer Awareness Promo 2022,1,Levi Stewart,2023-03-20,2023-05-22,1646.03,Awareness,VIP,Italy
3520,Holiday Acquisition Sale 2019,1,Anthony Rasmussen,2022-11-01,2023-01-01,3042.62,Acquisition,VIP,United Kingdom
3521,Clearance Brand Push 2020,8,Angela Dillon,2024-02-26,2024-04-25,3744.34,Brand,Churned,Australia
3522,Launch Brand Promo 2023,3,Isaiah Hall Jr.,2023-12-19,2024-02-03,2638.42,Brand,Returning,Netherlands
3523,Prospecting Acquisition Promo 2022,15,Jon Thomas,2021-12-19,2022-03-11,3072.42,Acquisition,All,Nigeria
3524,Spring Brand Promo 2019,10,David Zuniga,2019-07-15,2019-10-12,4278.54,Brand,Churned,Nigeria
3525,Flash Acquisition Campaign 2024,12,Stephanie Allen,2023-05-21,2023-07-08,7261.42,Acquisition,VIP,Netherlands
3526,Launch Conversion Campaign 2020,12,Caitlin Edwards,2021-02-25,2021-05-14,5944.27,Conversion,All,Brazil
3527,Winter Retention Sale 2022,11,Caitlin Edwards,2024-02-10,2024-03-29,7257.91,Retention,Returning,Philippines
3528,NewYear Acquisition Drive 2022,12,,2023-06-17,2023-08-18,3417.79,Acquisition,All,Nigeria
3529,Launch Awareness Promo 2023,8,Michael Lawrence,2024-03-02,2024-04-29,3732.66,Awareness,New,Global
3530,BlackFriday Retention Push 2020,2,Sandra Kim,2023-01-26,2023-02-04,7777.13,Retention,VIP,United Kingdom
3531,NewYear Acquisition Campaign 2022,15,Carolyn Schultz,2021-10-26,2021-11-09,1735.86,Acquisition,New,Japan
3532,Winter Acquisition Campaign 2020,2,Eric Smith MD,2022-09-27,2022-11-23,4657.89,Acquisition,At-Risk,Netherlands
3533,Clearance Acquisition Sale 2023,6,Mark Morgan,2022-12-20,2023-01-10,2848.92,Acquisition,Returning,Netherlands
3534,Winter Retention Campaign 2024,10,Angel Kent,2020-06-16,2020-07-20,5556.03,Retention,All,United Arab Emirates
3535,BlackFriday Retention Push 2023,1,Sandra Kim,2021-06-17,2021-08-21,13893.51,Retention,Returning,Philippines
3536,Summer Brand Promo 2019,12,Sandra Ayala,2024-07-04,2024-09-14,2582.71,Brand,Churned,Global
3537,Prospecting Retention Campaign 2020,2,Kevin Morris,2021-11-09,2022-01-05,5038.5,Retention,Returning,Australia
3538,Summer Retention Push 2022,14,Isaiah Hall Jr.,2022-09-20,2022-11-10,16103.18,Retention,VIP,Brazil
3539,,2,,2019-12-19,2020-01-03,1760.87,Retention,VIP,South Africa
3540,BlackFriday Retention Campaign 2024,5,Debra Smith,2023-09-29,2023-11-17,2958.12,Retention,At-Risk,United Kingdom
3541,Flash Conversion Campaign 2023,14,Tammy Bell,2020-11-15,2021-01-26,13478.02,Conversion,Returning,Global
3542,Flash Acquisition Drive 2021,1,Lori Delgado,2023-06-08,2023-08-04,2651.68,Acquisition,All,Germany
3543,Summer Conversion Push 2020,6,Jennifer Obrien,2021-04-28,2021-05-13,11112.81,Conversion,Returning,Mexico
3544,Clearance Brand Push 2024,1,Derek Lowe,2021-09-22,2021-10-16,6329.19,Brand,Returning,United Kingdom
3545,Flash Retention Campaign 2022,14,Angel Kent,2023-02-15,2023-04-14,1279.47,Retention,VIP,Japan
3546,NewYear Awareness Push 2021,11,Isaiah Hall Jr.,2020-12-24,2021-03-22,3053.51,Awareness,Returning,Mexico
3547,prospecting awareness campaign 2023,3,Willie Bowers,2020-10-06,2020-11-17,4361.71,Awareness,Returning,United Arab Emirates
3548,Launch Acquisition Campaign 2020,4,Robert Jones,2022-07-04,2022-07-20,10776.24,Acquisition,At-Risk,Saudi Arabia
3549,NewYear Awareness Drive 2022,11,Donna Nelson,2023-03-24,2023-04-08,1073.37,Awareness,Returning,South Africa
3550,Clearance Conversion Push 2021,1,Richard White,2019-03-21,2019-04-11,28664.19,Conversion,Returning,Spain
3551,Launch Retention Drive 2023,13,Felicia Henry,2019-07-12,2019-08-25,14021.75,Retention,VIP,United Arab Emirates
3552,Spring Conversion Campaign 2021,14,David Zuniga,2020-01-29,2020-03-16,7009.68,Conversion,New,United States
3553,Prospecting Awareness Promo 2019,8,Hunter Woods,2022-06-24,2022-08-16,598.42,Awareness,At-Risk,United States
3554,LOYALTY ACQUISITION PROMO 2019,6,Levi Stewart,2022-07-31,2022-10-17,3483.29,Acquisition,At-Risk,Saudi Arabia
3555,BlackFriday Conversion Sale 2021,8,Debra Smith,2022-08-09,2022-09-09,1995.07,Conversion,VIP,Philippines
3556,Loyalty Brand Campaign 2019,10,Judy Lopez,2022-07-23,2022-08-21,2279.72,Brand,VIP,Saudi Arabia
3557,Spring Brand Campaign 2019,7,Julie Clark,2019-07-27,2019-09-12,2568.76,Brand,At-Risk,United States
3558,Retarget Retention Push 2019,1,,2020-09-23,2020-11-13,1464.86,Retention,New,Egypt
3559,Loyalty Retention Campaign 2020,2,Sandra Kim,2022-04-01,2022-05-24,2364.61,Retention,New,Philippines
3560,Launch Retention Promo 2020,4,Angela Dillon,2024-10-05,2024-11-23,5966.54,Retention,Returning,Canada
3561,CLEARANCE ACQUISITION PUSH 2019,14,John Lopez,2024-07-26,2024-09-03,10345.18,Acquisition,VIP,South Africa
3562,Retarget Awareness Sale 2020,11,Angela Chandler,2019-01-21,2019-04-01,4725.56,Awareness,At-Risk,Australia
3563,BlackFriday Acquisition Campaign 2024,2,Nicholas Gordon,2022-11-20,2022-12-08,12629.22,Acquisition,At-Risk,Mexico
3564,Winter Retention Promo 2020,11,Mark Harris,2022-05-25,2022-07-26,12389.17,Retention,VIP,Brazil
3565,Spring Acquisition Promo 2019,3,,2020-04-13,2020-06-16,4816.16,Acquisition,New,South Africa
3566,Winter Awareness Promo 2021,2,Rebecca Simmons,2023-02-11,2023-03-03,12417.68,Awareness,Returning,Philippines
3567,Winter Retention Drive 2020,12,Rachel Wright,2019-08-15,2019-10-29,2643.78,Retention,VIP,United Kingdom
3568,Loyalty Brand Promo 2024,13,Julie Clark,2024-10-20,2024-12-23,7285.13,Brand,VIP,Saudi Arabia
3569,Spring Awareness Campaign 2020,11,Jessica Sanford,2021-04-25,2021-05-16,10481.08,Awareness,At-Risk,Indonesia
3570,PROSPECTING AWARENESS SALE 2019,4,Rebecca Simmons,2022-05-20,2022-05-29,2587.05,Awareness,VIP,South Africa
3571,LOYALTY BRAND SALE 2023,9,Charles Torres,2021-10-14,2022-01-12,6469.47,Brand,Churned,United Kingdom
3572,BlackFriday Awareness Sale 2023,9,,2020-07-19,2020-08-22,1322.22,Awareness,VIP,United States
3573,Launch Awareness Sale 2020,6,Sandra Kim,2019-02-12,2019-02-25,1394.7,Awareness,VIP,Spain
3574,NewYear Acquisition Drive 2019,12,Elizabeth Hill,2019-05-20,2019-07-21,7024.74,Acquisition,Churned,Philippines
3575,Winter Acquisition Push 2021,1,Daniel Bridges,2021-07-28,2021-08-16,16046.75,Acquisition,At-Risk,Italy
3576,Flash Conversion Sale 2023,10,Donna Nelson,2022-03-23,2022-04-16,2963.23,Conversion,All,Canada
3577,Flash Conversion Campaign 2022,3,Caitlin Edwards,2022-03-03,2022-05-03,28433.15,Conversion,VIP,France
3578,Spring Awareness Promo 2019,9,Willie Bowers,2019-06-13,2019-08-26,3529.63,Awareness,Returning,Spain
3579,Summer Acquisition Campaign 2022,13,Rebecca Prince,2021-12-15,2022-01-25,1870.34,Acquisition,Churned,South Africa
3580,BlackFriday Brand Drive 2022,14,Tammy Bell,2019-06-30,2019-08-17,28166.92,Brand,Churned,Canada
3581,Flash Acquisition Sale 2023,14,Scott Taylor,2019-10-20,2020-01-09,5269.03,Acquisition,Returning,United States
3582,Winter Acquisition Promo 2024,4,Isaiah Hall Jr.,2022-08-05,2022-10-06,6010.2,Acquisition,VIP,Italy
3583,Clearance Conversion Sale 2019,11,Nicholas Gordon,2019-05-26,2019-07-25,4586.08,Conversion,At-Risk,Egypt
3584,Retarget Brand Sale 2020,8,Sandra Ayala,2020-07-28,2020-08-06,1304.49,Brand,VIP,Philippines
3585,Summer Conversion Promo 2023,10,Julie Clark,2023-02-22,2023-05-04,7931.42,Conversion,Churned,Spain
3586,Flash Awareness Promo 2023,5,James Smith,2022-10-28,2022-11-09,1325.29,Awareness,Churned,Spain
3587,,3,Carolyn Schultz,2019-05-17,2019-06-09,3490.29,Brand,Returning,Brazil
3588,Spring Retention Promo 2024,1,Tammy Bell,2022-06-29,2022-09-14,8296.96,Retention,At-Risk,Spain
3589,Spring Awareness Campaign 2023,5,Yvette House,2023-09-18,2023-10-22,7213.11,Awareness,All,Philippines
3590,clearance conversion promo 2024,6,Hannah Matthews,2023-06-15,2023-08-30,2042.36,Conversion,At-Risk,Germany
3591,Prospecting Awareness Promo 2019,9,Alexis Hale,2021-10-18,2021-12-28,4460.56,Awareness,Returning,Philippines
3592,SUMMER CONVERSION DRIVE 2020,4,Connie Costa,2022-12-11,2023-02-03,1825.96,Conversion,VIP,Global
3593,Spring Conversion Campaign 2021,14,Jessica Sanford,2024-05-14,2024-07-27,2909.6,Conversion,VIP,Philippines
3594,WINTER BRAND DRIVE 2024,9,Richard White,2020-12-27,2021-01-04,6879.64,Brand,At-Risk,Indonesia
3595,Flash Conversion Drive 2019,7,Michael Lawrence,2022-07-20,2022-08-18,8864.04,Conversion,VIP,Indonesia
3596,clearance acquisition campaign 2021,7,Sandra Kim,2019-12-02,2019-12-29,21965.4,Acquisition,Returning,Brazil
3597,Holiday Brand Sale 2022,7,Miguel Johnston,2023-02-05,2023-03-06,11366.36,Brand,At-Risk,United Arab Emirates
3598,Winter Conversion Drive 2024,4,Sandra Ayala,2021-02-20,2021-05-16,6083.79,Conversion,All,Indonesia
3599,NewYear Conversion Campaign 2020,12,,2019-10-08,2019-12-25,24371.81,Conversion,All,United Kingdom
3600,Launch Acquisition Sale 2022,3,Derek Lowe,2022-03-27,2022-05-31,46455.86,Acquisition,At-Risk,Canada
3601,Flash Awareness Push 2019,11,Willie Bowers,2022-04-17,2022-05-31,6749.21,Awareness,VIP,United States
3602,Retarget Retention Drive 2019,3,Samuel Smith,2022-12-14,2023-01-24,1772.81,Retention,At-Risk,Brazil
3603,Retarget Conversion Push 2019,13,John Lopez,2024-02-23,2024-03-13,6216.67,Conversion,All,Japan
3604,Loyalty Acquisition Sale 2024,12,Lori Delgado,2024-04-25,2024-05-29,5266.96,Acquisition,Returning,Brazil
3605,Launch Awareness Campaign 2021,12,Caitlin Edwards,2020-02-26,2020-04-27,6185.73,Awareness,At-Risk,Philippines
3606,Flash Awareness Campaign 2024,11,Stephanie Allen,2023-08-21,2023-10-29,1413.45,Awareness,All,Mexico
3607,Retarget Retention Push 2024,8,Nicholas Gordon,2019-11-24,2019-12-07,16674.34,Retention,All,Germany
3608,BlackFriday Awareness Sale 2020,2,Rachel Wright,2019-11-16,2019-12-22,11167.6,Awareness,Churned,Mexico
3609,Launch Retention Push 2022,4,Jennifer Obrien,2023-08-09,2023-08-18,7789.76,Retention,New,Global
3610,Clearance Retention Campaign 2021,9,,2023-03-22,2023-06-16,1010.56,Retention,VIP,Global
3611,Prospecting Acquisition Promo 2020,4,Mark Harris,2022-08-07,2022-08-31,6462.83,Acquisition,VIP,India
3612,Loyalty Acquisition Push 2020,10,Debra Smith,2020-04-26,2020-06-05,22627.79,Acquisition,Returning,Egypt
3613,Clearance Retention Campaign 2024,15,,2020-05-23,2020-06-22,13768.62,Retention,At-Risk,Netherlands
3614,Clearance Conversion Promo 2020,5,,2024-08-16,2024-09-13,982.57,Conversion,New,South Africa
3615,Spring Conversion Sale 2022,9,Yvette House,2022-03-19,2022-05-01,13496.85,Conversion,Churned,Japan
3616,Holiday Awareness Campaign 2023,7,Michael Lawrence,2021-08-06,2021-10-19,9362.19,Awareness,Returning,Philippines
3617,Prospecting Retention Drive 2020,14,Yolanda Wallace,2022-08-16,2022-10-31,6954.63,Retention,Churned,Japan
3618,Prospecting Awareness Promo 2021,3,Kevin Morris,2019-08-13,2019-10-01,11103.5,Awareness,All,Global
3619,Launch Brand Push 2019,12,Rachel Dickerson,2023-04-19,2023-06-29,31213.79,Brand,Churned,Japan
3620,Summer Retention Campaign 2019,8,Willie Bowers,2020-02-23,2020-04-01,4168.69,Retention,All,Philippines
3621,NewYear Brand Push 2023,3,Debra Smith,2023-10-01,2023-12-29,6046.7,Brand,All,United Kingdom
3622,BlackFriday Conversion Campaign 2024,3,,2022-07-17,2022-09-15,7983.59,Conversion,All,Global
3623,BlackFriday Brand Campaign 2020,8,Isaiah Hall Jr.,2021-06-04,2021-08-06,101754.48,Brand,All,Netherlands
3624,,9,Rebecca Simmons,2021-11-12,2022-01-13,2426.29,Awareness,Returning,Italy
3625,Holiday Awareness Drive 2021,12,,2019-12-05,2020-02-29,1393.41,Awareness,All,Japan
3626,Loyalty Conversion Push 2019,13,Chase Wolf,2022-02-11,2022-02-26,5783.2,Conversion,New,Saudi Arabia
3627,Spring Retention Push 2021,6,Stephanie Allen,2020-12-19,2020-10-31,6585.59,Retention,All,United Kingdom
3628,BlackFriday Brand Campaign 2022,2,Sandra Ayala,2023-05-13,2023-07-22,6411.78,Brand,At-Risk,Philippines
3629,Flash Acquisition Push 2019,7,Jessica Sanford,2020-07-29,2020-10-18,24481.92,Acquisition,At-Risk,Egypt
3630,Loyalty Brand Campaign 2019,5,Eric Smith MD,2020-08-21,2020-10-26,2048.12,Brand,Churned,Canada
3631,Launch Retention Push 2023,12,Miguel Johnston,2021-02-16,2021-03-12,8124.6,Retention,New,United Kingdom
3632,Summer Awareness Sale 2021,9,Yvette House,2019-03-15,2019-04-23,4968.83,Awareness,Returning,South Africa
3633,Retarget Retention Campaign 2021,14,Eric Dodson Jr.,2023-01-19,2023-02-02,16863.7,Retention,At-Risk,Australia
3634,NewYear Awareness Campaign 2024,6,Hannah Matthews,2024-04-22,2024-07-13,3509.6,Awareness,VIP,Germany
3635,,5,Sandra Kim,2020-06-14,2020-08-10,2486.81,Brand,At-Risk,Germany
3636,Retarget Awareness Drive 2021,11,Jeffrey Herring,2023-06-27,2023-07-04,5004.01,Awareness,All,Mexico
3637,Launch Conversion Campaign 2022,11,Tammy Bell,2024-06-18,2024-07-18,9635.02,Conversion,VIP,Australia
3638,Clearance Acquisition Promo 2019,11,Donna Nelson,2019-09-23,2019-12-14,9495.96,Acquisition,At-Risk,Italy
3639,Loyalty Acquisition Promo 2022,6,Rebecca Prince,2022-04-04,2022-06-16,2326.72,Acquisition,Returning,United Kingdom
3640,Clearance Awareness Sale 2022,6,Angela Dillon,2021-02-02,2021-04-09,1662.76,Awareness,Returning,United Arab Emirates
3641,Retarget Acquisition Push 2024,2,Scott Taylor,2023-01-18,2023-02-26,1807.95,Acquisition,Returning,Brazil
3642,Flash Acquisition Campaign 2023,6,Rachel Dickerson,2022-02-11,2022-04-16,7408.43,Acquisition,All,Nigeria
3643,Holiday Retention Promo 2019,8,Tammy Bell,2019-04-17,2019-05-10,570.13,Retention,At-Risk,United Arab Emirates
3644,NEWYEAR RETENTION SALE 2024,9,Sandra Ayala,2022-03-12,2022-03-27,4151.33,Retention,New,Japan
3645,Clearance Brand Drive 2019,12,Derek Lowe,2020-11-14,2020-12-23,1080.42,Brand,New,Nigeria
3646,Winter Retention Push 2021,15,Scott Taylor,2023-05-19,2023-07-30,7219.69,Retention,New,Italy
3647,Loyalty Brand Sale 2021,2,Kimberly Jensen,2023-11-05,2023-12-15,5206.29,Brand,At-Risk,Spain
3648,,15,Caitlin Edwards,2024-07-28,2024-09-07,3840.84,Retention,At-Risk,France
3649,Clearance Awareness Sale 2021,13,Nicholas Gordon,2023-06-10,2023-07-08,2236.97,Awareness,VIP,Brazil
3650,Flash Retention Drive 2019,6,Hunter Woods,2023-06-03,2023-07-11,7949.11,Retention,All,United Kingdom
3651,NewYear Acquisition Push 2023,4,Felicia Henry,2021-01-01,2021-03-22,5337.92,Acquisition,VIP,France
3652,NewYear Conversion Drive 2020,15,Mark Morgan,2019-08-29,2019-10-23,4316.34,Conversion,At-Risk,India
3653,Clearance Awareness Drive 2021,6,Nicholas Gordon,2019-01-26,2019-02-13,11002.75,Awareness,All,United Kingdom
3654,Spring Retention Drive 2020,11,Sandra Kim,2022-02-18,2022-03-25,5376.96,Retention,All,Indonesia
3655,Flash Retention Promo 2022,5,Elizabeth Hill,2019-08-24,2019-10-23,986.7,Retention,All,Canada
3656,winter retention promo 2021,3,Angela Chandler,2022-04-29,2022-07-26,4554.86,Retention,Churned,India
3657,Retarget Retention Push 2022,11,Yvette House,2022-10-18,2023-01-06,12127.24,Retention,At-Risk,Australia
3658,NewYear Retention Campaign 2020,14,Sandra Kim,2024-04-06,2024-05-21,1925.62,Retention,VIP,Brazil
3659,Loyalty Awareness Promo 2020,10,Daniel Bridges,2023-11-16,2024-02-11,2431.26,Awareness,Churned,United Arab Emirates
3660,Holiday Retention Sale 2019,7,Anthony Rasmussen,2021-11-17,2022-02-15,11914.01,Retention,At-Risk,India
3661,Prospecting Acquisition Sale 2021,7,,2021-11-28,2021-12-11,3772.27,Acquisition,VIP,Canada
3662,Summer Conversion Campaign 2020,7,Jessica Sanford,2024-09-18,2024-11-23,354.29,Conversion,All,Global
3663,Launch Conversion Sale 2020,1,Derek Lowe,2020-07-02,2020-08-04,4712.15,Conversion,All,Global
3664,Prospecting Acquisition Campaign 2023,6,Isaiah Hall Jr.,2021-07-29,2021-10-24,1458.32,Acquisition,All,Global
3665,Flash Brand Promo 2023,4,Mary Rodriguez,2022-07-22,2022-06-25,9956.11,Brand,At-Risk,Global
3666,Loyalty Acquisition Promo 2022,15,Angela Dillon,2021-08-22,2021-11-06,20341.01,Acquisition,At-Risk,Netherlands
3667,Prospecting Retention Sale 2021,8,,2023-10-20,2023-12-12,37797.89,Retention,VIP,South Africa
3668,Prospecting Brand Sale 2023,10,,2023-04-27,2023-05-15,2814.63,Brand,Returning,Philippines
3669,Flash Brand Drive 2019,15,Nicholas Gordon,2024-08-25,2024-11-16,4259.13,Brand,New,United Arab Emirates
3670,Spring Brand Campaign 2020,5,Jeffrey Herring,2021-03-25,2021-04-07,5327.95,Brand,All,France
3671,Holiday Acquisition Sale 2021,10,Sandra Ayala,2023-11-29,2023-12-22,10765.37,Acquisition,At-Risk,South Africa
3672,Clearance Acquisition Promo 2023,10,Christine Harris,2023-08-26,2023-09-04,7693.86,Acquisition,Returning,Canada
3673,Launch Retention Drive 2019,4,Samuel Smith,2020-09-30,2020-10-16,84711.75,Retention,VIP,Nigeria
3674,,8,Isaiah Hall Jr.,2023-07-07,2023-09-29,3079.09,Awareness,New,South Africa
3675,Prospecting Acquisition Promo 2019,5,Daniel Bridges,2020-06-07,2020-08-28,4665.57,Acquisition,VIP,Italy
3676,Clearance Awareness Campaign 2020,13,Hunter Woods,2020-06-10,2020-04-18,2623.68,Awareness,VIP,Saudi Arabia
3677,Spring Acquisition Push 2021,10,Sandra Kim,2020-10-11,2020-12-04,3055.12,Acquisition,VIP,France
3678,NewYear Brand Drive 2020,12,,2021-08-17,2021-08-27,9072.21,Brand,At-Risk,India
3679,Spring Acquisition Drive 2023,1,Jason Fletcher,2020-09-18,2020-08-20,13963.36,Acquisition,Churned,Brazil
3680,NewYear Acquisition Push 2020,13,Dominic Bennett,2022-05-25,2022-07-27,11936.44,Acquisition,Churned,Indonesia
3681,NewYear Awareness Push 2024,8,James Smith,2024-10-05,2024-12-27,841.35,Awareness,All,Italy
3682,Spring Retention Campaign 2024,5,Rebecca Simmons,2020-03-05,2020-04-20,2108.91,Retention,All,Nigeria
3683,BlackFriday Retention Promo 2023,5,Hannah Matthews,2021-11-02,2021-11-13,4429.7,Retention,At-Risk,France
3684,Holiday Brand Sale 2019,15,Nicholas Gordon,2024-04-16,2024-04-24,18744.44,Brand,New,Saudi Arabia
3685,Launch Awareness Drive 2021,6,Anthony Rasmussen,2019-11-16,2020-01-31,2904.36,Awareness,At-Risk,United Arab Emirates
3686,NewYear Conversion Sale 2021,7,Isaiah Hall Jr.,2023-09-11,2023-10-31,19175.0,Conversion,Churned,Germany
3687,NewYear Awareness Drive 2021,11,Jeffrey Herring,2024-07-05,2024-07-25,9196.85,Awareness,New,Saudi Arabia
3688,Retarget Brand Campaign 2023,15,Yolanda Wallace,2021-07-19,2021-10-10,17896.21,Brand,At-Risk,Mexico
3689,flash retention sale 2020,5,Angela Dillon,2024-04-12,2024-05-16,898.65,Retention,At-Risk,Saudi Arabia
3690,Flash Brand Campaign 2021,13,Michael Lawrence,2021-12-20,2022-02-14,3647.17,Brand,All,Japan
3691,Holiday Conversion Push 2022,7,,2022-08-24,2022-10-08,2541.58,Conversion,At-Risk,Netherlands
3692,Flash Brand Push 2021,5,,2019-06-10,2019-08-17,1477.94,Brand,Churned,France
3693,Spring Retention Drive 2024,3,David Zuniga,2019-01-02,2019-03-28,3818.88,Retention,New,Egypt
3694,Holiday Acquisition Campaign 2023,1,Samuel Smith,2020-04-17,2020-05-20,11625.92,Acquisition,Churned,Global
3695,BlackFriday Acquisition Promo 2024,8,Anthony Rasmussen,2020-09-19,2020-11-06,5559.57,Acquisition,Returning,Germany
3696,Summer Conversion Promo 2022,10,Robert Jones,2022-04-02,2022-06-29,1631.13,Conversion,New,Mexico
3697,Flash Acquisition Sale 2021,8,Angela Chandler,2022-10-12,2022-12-19,5425.97,Acquisition,All,Philippines
3698,Loyalty Acquisition Sale 2019,7,John Lopez,2020-06-13,2020-08-04,1639.34,Acquisition,Churned,Nigeria
3699,Flash Acquisition Campaign 2019,8,Lori Delgado,2024-11-02,2025-01-21,4325.3,Acquisition,Churned,United Arab Emirates
3700,Loyalty Awareness Drive 2021,10,,2019-04-19,2019-06-21,14458.09,Awareness,VIP,Nigeria
3701,Flash Acquisition Campaign 2024,12,Rachel Dickerson,2024-09-13,2024-10-16,4216.69,Acquisition,Churned,Netherlands
3702,,11,Rebecca Simmons,2019-09-07,2019-11-10,7178.28,Brand,VIP,South Africa
3703,Retarget Brand Promo 2024,12,,2020-09-18,2020-12-17,97308.32,Brand,VIP,Netherlands
3704,Winter Acquisition Drive 2024,2,Dominic Bennett,2020-11-21,2020-12-30,16647.46,Acquisition,VIP,Mexico
3705,Flash Brand Sale 2020,13,Robert Jones,2022-09-30,2022-12-01,27696.11,Brand,Returning,Philippines
3706,NewYear Acquisition Campaign 2019,6,Jon Thomas,2020-06-29,2020-09-05,23670.1,Acquisition,At-Risk,Nigeria
3707,,5,Derek Lowe,2019-10-10,2019-11-04,6406.11,Acquisition,Returning,South Africa
3708,Clearance Brand Campaign 2023,5,Rachel Dickerson,2021-06-19,2021-08-14,8269.99,Brand,New,Indonesia
3709,Loyalty Brand Drive 2022,2,,2022-09-11,2022-10-30,8223.78,Brand,VIP,Nigeria
3710,Holiday Brand Push 2024,10,Elizabeth Hill,2024-02-11,2024-03-12,2181.06,Brand,Churned,United Kingdom
3711,,11,Angela Dillon,2022-10-18,2022-10-26,6549.6,Awareness,VIP,Japan
3712,Clearance Awareness Push 2022,6,Felicia Henry,2021-07-11,2021-08-28,4717.73,Awareness,Churned,Egypt
3713,NewYear Awareness Drive 2020,5,Daniel Bridges,2022-07-10,2022-09-28,53404.21,Awareness,Returning,Mexico
3714,BlackFriday Acquisition Campaign 2022,5,Debra Smith,2020-08-05,2020-10-11,34041.83,Acquisition,New,France
3715,Holiday Brand Push 2022,4,Donna Nelson,2024-08-13,2024-08-27,8862.59,Brand,At-Risk,United Arab Emirates
3716,NewYear Acquisition Push 2024,4,Donna Nelson,2021-11-18,2022-01-11,9875.65,Acquisition,Churned,Nigeria
3717,Retarget Brand Drive 2020,6,Lori Delgado,2020-05-25,2020-08-13,8742.95,Brand,At-Risk,Australia
3718,Prospecting Acquisition Sale 2023,9,Eric Dodson Jr.,2024-09-27,2024-11-24,30057.67,Acquisition,New,South Africa
3719,Clearance Brand Promo 2024,8,Stephanie Allen,2021-03-27,2021-06-02,4326.4,Brand,Churned,Global
3720,Spring Brand Campaign 2019,14,Michael Lawrence,2022-05-21,2022-07-26,3152.89,Brand,At-Risk,Brazil
3721,Clearance Brand Campaign 2023,1,Connie Costa,2023-06-12,2023-09-01,5807.02,Brand,All,South Africa
3722,Flash Acquisition Campaign 2023,12,Christine Harris,2024-07-15,2024-07-25,6423.03,Acquisition,Churned,Nigeria
3723,Clearance Brand Drive 2024,11,Miguel Johnston,2022-06-08,2022-07-26,22246.84,Brand,VIP,United States
3724,Retarget Awareness Promo 2021,13,John Lopez,2022-08-03,2022-09-25,1354.49,Awareness,All,United Kingdom
3725,Loyalty Acquisition Campaign 2019,8,Robert Massey,2019-07-21,2019-10-14,8544.22,Acquisition,All,United States
3726,Summer Awareness Campaign 2020,11,Angela Chandler,2023-06-12,2023-07-18,41222.84,Awareness,All,Australia
3727,Flash Acquisition Promo 2019,12,Mark Harris,2021-11-13,2022-01-16,7303.91,Acquisition,Churned,Australia
3728,Flash Conversion Push 2020,6,Lori Delgado,2023-04-07,2023-05-26,5965.82,Conversion,Churned,Japan
3729,Prospecting Awareness Promo 2022,11,Angel Kent,2021-04-20,2021-06-29,5743.09,Awareness,New,Canada
3730,NewYear Retention Push 2019,8,Angela Dillon,2021-02-27,2021-05-15,4446.86,Retention,All,Netherlands
3731,Retarget Conversion Promo 2022,3,Rachel Wright,2022-08-19,2022-09-06,2272.59,Conversion,All,Philippines
3732,Clearance Brand Sale 2019,13,,2022-10-27,2023-01-06,2293.93,Brand,VIP,United States
3733,Prospecting Conversion Promo 2024,8,Nicholas Gordon,2022-02-13,2022-03-17,9083.45,Conversion,All,Saudi Arabia
3734,NewYear Awareness Push 2022,13,Isaiah Hall Jr.,2022-02-06,2022-04-04,4512.5,Awareness,VIP,Indonesia
3735,spring retention campaign 2021,11,Rebecca Simmons,2023-10-09,2023-11-12,1687.3,Retention,Churned,Egypt
3736,Prospecting Retention Sale 2022,1,,2021-12-29,2022-01-15,43917.78,Retention,Returning,United Kingdom
3737,Flash Brand Campaign 2020,7,Richard White,2022-07-11,2022-07-26,3347.44,Brand,Returning,Saudi Arabia
3738,Flash Conversion Drive 2024,2,Julie Clark,2023-01-09,2023-03-27,1447.04,Conversion,At-Risk,United States
3739,Clearance Acquisition Drive 2024,14,Mary Rodriguez,2024-05-05,2024-06-23,1915.98,Acquisition,Returning,Netherlands
3740,Spring Brand Sale 2019,10,Samuel Smith,2024-02-28,2024-05-18,1146.89,Brand,Returning,Japan
3741,Clearance Acquisition Sale 2021,2,Kimberly Jensen,2021-09-05,2021-10-12,2461.37,Acquisition,New,Italy
3742,,12,Caitlin Edwards,2020-06-12,2020-08-25,9538.59,Acquisition,VIP,South Africa
3743,Flash Awareness Drive 2019,4,Jon Thomas,2023-09-25,2023-12-05,2586.41,Awareness,Returning,Italy
3744,Winter Brand Campaign 2020,13,Mark Morgan,2022-08-15,2022-09-11,1909.03,Brand,Returning,Saudi Arabia
3745,NewYear Retention Campaign 2024,7,Levi Stewart,2020-07-01,2020-08-28,1187.66,Retention,At-Risk,Nigeria
3746,LOYALTY CONVERSION PROMO 2022,6,Mark Morgan,2020-07-21,2020-08-28,1206.06,Conversion,All,United Arab Emirates
3747,Summer Awareness Promo 2024,5,Isaiah Hall Jr.,2024-09-01,2024-11-28,8740.32,Awareness,All,Netherlands
3748,NewYear Acquisition Sale 2020,8,Samuel Smith,2023-04-11,2023-04-23,8812.43,Acquisition,Returning,United Arab Emirates
3749,Retarget Brand Drive 2023,12,Isaiah Hall Jr.,2024-07-08,2024-09-17,24034.02,Brand,Churned,Canada
3750,NewYear Brand Promo 2022,1,Rebecca Simmons,2019-05-20,2019-07-23,1866.59,Brand,Returning,India
3751,Launch Retention Promo 2023,6,Nicholas Gordon,2021-07-29,2021-09-20,8190.08,Retention,At-Risk,Global
3752,Launch Awareness Sale 2023,3,Mark Harris,2023-12-30,2024-02-11,983.1,Awareness,New,United States
3753,Winter Conversion Promo 2022,13,Anthony Rasmussen,2020-11-22,2021-01-27,9997.9,Conversion,All,Japan
3754,Winter Acquisition Campaign 2021,10,Felicia Henry,2021-01-02,2021-01-10,4554.87,Acquisition,Churned,Germany
3755,Winter Awareness Promo 2020,7,Stephanie Allen,2020-06-26,2020-08-18,2724.24,Awareness,All,Spain
3756,Holiday Awareness Promo 2019,7,Lori Delgado,2021-10-27,2021-12-08,1118.94,Awareness,At-Risk,Global
3757,Summer Awareness Sale 2019,6,,2020-08-23,2020-10-08,13723.75,Awareness,VIP,Saudi Arabia
3758,Retarget Awareness Drive 2023,5,,2021-08-05,2021-08-29,6636.93,Awareness,Returning,Global
3759,Flash Awareness Drive 2019,8,Angela Chandler,2019-12-08,2019-12-19,7682.24,Awareness,All,Spain
3760,BlackFriday Brand Drive 2024,5,Julie Clark,2019-11-03,2019-12-22,998.57,Brand,At-Risk,Global
3761,Summer Brand Push 2019,6,Carolyn Schultz,2022-01-01,2022-04-01,4917.58,Brand,At-Risk,India
3762,Flash Acquisition Promo 2024,9,Yolanda Wallace,2022-01-18,2022-02-11,5025.96,Acquisition,Returning,Japan
3763,Launch Conversion Sale 2023,6,Yolanda Wallace,2021-08-18,2021-08-29,1633.36,Conversion,Churned,Brazil
3764,Winter Conversion Promo 2021,4,Scott Taylor,2021-04-08,2021-07-06,3759.66,Conversion,All,Australia
3765,Retarget Conversion Drive 2024,5,Stephanie Allen,2023-10-27,2023-12-25,10404.28,Conversion,At-Risk,Brazil
3766,Summer Brand Sale 2022,11,,2023-08-25,2023-09-05,2617.69,Brand,VIP,Egypt
3767,Prospecting Brand Drive 2019,4,Lori Delgado,2024-06-05,2024-07-16,4694.7,Brand,All,Saudi Arabia
3768,Prospecting Brand Campaign 2019,14,Yolanda Wallace,2019-09-20,2019-06-25,4613.33,Brand,Returning,United Arab Emirates
3769,Summer Conversion Drive 2022,2,Felicia Henry,2022-03-30,2022-04-20,791.63,Conversion,All,Netherlands
3770,Loyalty Brand Drive 2024,1,,2022-05-01,2022-06-03,7069.78,Brand,New,Nigeria
3771,Loyalty Awareness Drive 2024,14,David Zuniga,2022-01-26,2022-03-24,9222.68,Awareness,At-Risk,Saudi Arabia
3772,Winter Brand Push 2021,15,Tammy Bell,2020-12-18,2020-12-27,4883.85,Brand,Returning,Global
3773,Flash Conversion Drive 2022,9,,2021-11-30,2021-12-30,2877.96,Conversion,Churned,Germany
3774,Winter Awareness Campaign 2021,6,Jon Thomas,2024-02-25,2024-04-13,26647.55,Awareness,VIP,Italy
3775,NewYear Acquisition Campaign 2021,7,Connie Costa,2022-03-08,2022-03-29,3695.93,Acquisition,Returning,Egypt
3776,Winter Retention Push 2024,4,Mark Morgan,2024-10-04,2024-12-01,666.07,Retention,Churned,South Africa
3777,Spring Retention Push 2023,8,Carolyn Schultz,2019-10-02,2019-12-22,4070.51,Retention,VIP,Nigeria
3778,BlackFriday Brand Campaign 2024,13,John Lopez,2020-02-09,2020-04-02,1177.48,Brand,New,Saudi Arabia
3779,Retarget Brand Drive 2019,1,,2022-07-09,2022-09-11,6725.12,Brand,New,Netherlands
3780,Retarget Acquisition Push 2024,15,Derek Lowe,2022-10-13,2022-12-02,3849.99,Acquisition,At-Risk,Germany
3781,Summer Retention Promo 2024,15,Richard White,2019-03-03,2019-04-27,4261.36,Retention,New,Mexico
3782,Clearance Conversion Sale 2019,14,Tammy Bell,2019-05-10,2019-07-09,9645.67,Conversion,VIP,United Kingdom
3783,BlackFriday Conversion Sale 2021,14,Rachel Dickerson,2022-06-27,2022-07-27,44864.67,Conversion,At-Risk,Mexico
3784,Retarget Conversion Drive 2024,5,Isaiah Hall Jr.,2020-11-21,2021-02-17,16919.55,Conversion,Returning,Indonesia
3785,Prospecting Retention Drive 2023,15,Samuel Smith,2021-01-27,2021-03-22,2788.39,Retention,VIP,Canada
3786,Winter Brand Push 2023,11,Mary Rodriguez,2019-09-02,2019-11-07,4397.87,Brand,Churned,United Kingdom
3787,Launch Brand Campaign 2019,5,Caitlin Edwards,2020-05-12,2020-07-12,5470.13,Brand,Returning,United States
3788,Launch Acquisition Push 2024,10,,2020-11-27,2021-01-04,8148.59,Acquisition,Churned,Spain
3789,Prospecting Conversion Push 2020,15,,2021-02-26,2021-03-27,5082.96,Conversion,At-Risk,Italy
3790,BlackFriday Retention Sale 2021,1,Gloria Keller,2019-03-12,2019-05-13,7200.61,Retention,VIP,Mexico
3791,Flash Acquisition Sale 2019,1,Michael Lawrence,2023-04-26,2023-06-17,3431.81,Acquisition,Returning,Japan
3792,NewYear Conversion Promo 2023,3,Felicia Henry,2019-05-26,2019-06-13,3608.08,Conversion,Churned,India
3793,Prospecting Retention Push 2023,3,Caitlin Edwards,2020-04-29,2020-05-17,4699.98,Retention,Returning,Saudi Arabia
3794,PROSPECTING AWARENESS PROMO 2023,5,James Smith,2020-10-16,2020-11-01,3331.76,Awareness,New,Philippines
3795,BlackFriday Conversion Push 2024,11,Scott Taylor,2020-02-04,2020-05-01,7622.62,Conversion,VIP,France
3796,NewYear Retention Sale 2021,14,,2021-06-02,2021-07-30,5623.61,Retention,Churned,South Africa
3797,Launch Awareness Promo 2020,11,Judy Lopez,2024-02-01,2024-04-15,2125.12,Awareness,Returning,United States
3798,Clearance Acquisition Sale 2024,8,Mark Harris,2023-05-17,2023-07-13,15393.55,Acquisition,Returning,India
3799,Prospecting Awareness Push 2021,5,Hunter Woods,2021-10-11,2022-01-05,49878.92,Awareness,Returning,Nigeria
3800,Prospecting Awareness Push 2021,9,Mark Harris,2024-10-20,2024-12-18,1658.87,Awareness,At-Risk,Australia
3801,Holiday Acquisition Push 2019,8,Donna Nelson,2020-02-12,2020-04-11,2962.28,Acquisition,Returning,Netherlands
3802,Clearance Retention Promo 2023,8,Angel Kent,2020-05-21,2020-08-14,9160.01,Retention,VIP,South Africa
3803,Winter Brand Drive 2019,13,Stephanie Allen,2024-07-19,2024-09-01,2411.95,Brand,At-Risk,Saudi Arabia
3804,BlackFriday Retention Drive 2021,8,Eric Smith MD,2024-05-21,2024-06-16,6684.47,Retention,Churned,Japan
3805,Loyalty Brand Push 2022,5,Carolyn Schultz,2023-08-02,2023-08-18,6171.15,Brand,Returning,Italy
3806,Retarget Conversion Campaign 2024,8,Robert Massey,2023-07-07,2023-09-03,7797.05,Conversion,At-Risk,South Africa
3807,Summer Brand Promo 2023,5,Connie Costa,2020-12-27,2021-02-23,11313.94,Brand,All,Italy
3808,Retarget Retention Drive 2024,15,Sandra Ayala,2020-03-12,2020-04-11,5773.78,Retention,New,India
3809,Winter Retention Push 2021,2,Scott Taylor,2024-03-10,2024-03-30,8521.63,Retention,At-Risk,Netherlands
3810,NewYear Awareness Push 2021,10,Gloria Keller,2020-02-25,2020-03-08,4450.64,Awareness,Returning,Saudi Arabia
3811,Holiday Brand Push 2020,11,Michael Lawrence,2023-03-23,2023-04-12,19252.53,Brand,All,United Arab Emirates
3812,Launch Awareness Sale 2022,13,,2022-08-16,2022-10-12,2482.72,Awareness,At-Risk,Mexico
3813,Spring Awareness Push 2023,9,Angel Kent,2021-10-17,2021-11-10,28620.37,Awareness,Churned,United Kingdom
3814,Loyalty Awareness Push 2024,14,Jessica Sanford,2024-07-08,2024-09-20,5532.51,Awareness,All,Indonesia
3815,Holiday Conversion Sale 2022,11,,2023-11-10,2024-01-01,916.71,Conversion,VIP,Brazil
3816,Launch Retention Sale 2023,10,,2022-12-20,2023-02-27,13031.27,Retention,Returning,Mexico
3817,NewYear Awareness Drive 2021,13,,2019-02-13,2019-03-02,2459.51,Awareness,New,Spain
3818,Summer Retention Drive 2020,13,Christine Harris,2021-05-05,2021-06-04,4727.15,Retention,Returning,Spain
3819,BlackFriday Awareness Campaign 2023,6,Levi Stewart,2023-10-18,2023-11-12,1480.31,Awareness,At-Risk,Global
3820,BlackFriday Acquisition Campaign 2023,3,Rachel Wright,2021-12-24,2022-03-22,2947.76,Acquisition,Churned,France
3821,Winter Conversion Drive 2023,3,Sandra Kim,2023-04-28,2023-05-23,84410.73,Conversion,At-Risk,Global
3822,NewYear Acquisition Sale 2019,2,Christine Harris,2019-09-17,2019-10-10,8555.62,Acquisition,New,United Kingdom
3823,Summer Conversion Sale 2022,9,Hannah Matthews,2021-05-21,2021-07-28,4635.37,Conversion,Churned,Philippines
3824,Flash Awareness Push 2024,8,Chase Wolf,2019-01-01,2019-03-27,11527.69,Awareness,Churned,Canada
3825,  Loyalty Brand Campaign 2023  ,1,Judy Lopez,2021-11-25,2022-01-16,12927.93,Brand,Returning,Italy
3826,Flash Retention Promo 2023,9,Anthony Rasmussen,2021-11-22,2022-02-05,17196.74,Retention,Returning,Italy
3827,Flash Awareness Drive 2019,9,Mary Rodriguez,2022-09-21,2022-10-18,930.65,Awareness,New,Japan
3828,  Holiday Retention Campaign 2021  ,1,Michael Lawrence,2022-09-29,2022-10-12,3232.04,Retention,Churned,Netherlands
3829,Holiday Conversion Drive 2023,2,Lori Delgado,2021-12-25,2022-01-25,5771.06,Conversion,Churned,United States
3830,,10,Charles Torres,2024-02-01,2024-03-29,4826.29,Acquisition,Returning,Spain
3831,Clearance Awareness Sale 2024,13,,2019-11-13,2019-12-12,31221.87,Awareness,All,Japan
3832,Launch Conversion Promo 2021,8,Tammy Bell,2023-02-25,2023-05-26,7937.6,Conversion,At-Risk,Indonesia
3833,Launch Brand Drive 2022,9,,2021-10-25,2021-11-09,2381.1,Brand,Returning,Australia
3834,Launch Acquisition Sale 2023,8,Donna Nelson,2020-02-16,2020-04-05,1781.7,Acquisition,Returning,France
3835,Spring Acquisition Push 2022,10,Willie Bowers,2024-01-16,2024-03-21,1658.37,Acquisition,All,Australia
3836,BlackFriday Conversion Sale 2021,13,David Zuniga,2021-07-07,2021-08-20,8034.96,Conversion,Churned,Brazil
3837,clearance conversion promo 2023,9,Samuel Smith,2019-04-13,2019-05-20,3538.34,Conversion,All,Canada
3838,Flash Brand Promo 2022,9,Rachel Dickerson,2024-07-06,2024-09-27,10261.17,Brand,VIP,Netherlands
3839,Summer Awareness Campaign 2023,9,Rebecca Prince,2021-09-11,2021-12-07,2423.93,Awareness,Churned,Australia
3840,Flash Conversion Push 2023,12,,2022-06-09,2022-08-07,4146.5,Conversion,Churned,South Africa
3841,NewYear Retention Promo 2021,4,Stephanie Allen,2023-10-23,2024-01-21,3612.31,Retention,VIP,Global
3842,NewYear Conversion Drive 2022,1,Julie Clark,2023-04-16,2023-07-01,9838.12,Conversion,At-Risk,Egypt
3843,Prospecting Awareness Campaign 2024,1,Isaiah Hall Jr.,2024-02-18,2024-04-24,9852.15,Awareness,New,Indonesia
3844,Prospecting Awareness Push 2021,10,David Zuniga,2024-01-02,2024-03-05,10506.37,Awareness,Returning,Germany
3845,Holiday Awareness Promo 2023,11,Angela Dillon,2021-06-09,2021-08-19,5643.56,Awareness,New,Japan
3846,Holiday Acquisition Sale 2021,4,Miguel Johnston,2022-05-15,2022-07-08,7076.52,Acquisition,All,Italy
3847,BlackFriday Retention Sale 2020,10,David Zuniga,2022-11-21,2022-12-04,41105.4,Retention,New,Japan
3848,Winter Awareness Drive 2024,7,Eric Smith MD,2024-11-21,2024-12-23,3667.22,Awareness,Returning,United Arab Emirates
3849,Flash Awareness Push 2021,3,,2021-12-23,2022-02-17,3842.96,Awareness,New,Philippines
3850,Flash Awareness Promo 2024,4,Debra Smith,2020-12-05,2021-01-30,8808.34,Awareness,At-Risk,Brazil
3851,Flash Awareness Sale 2024,4,Samuel Smith,2020-12-24,2021-01-06,1685.18,Awareness,Churned,France
3852,Summer Awareness Sale 2021,4,Kimberly Jensen,2019-01-25,2019-02-11,16224.17,Awareness,All,Netherlands
3853,Loyalty Brand Promo 2023,2,Hannah Matthews,2024-03-15,2024-05-20,4070.04,Brand,All,Mexico
3854,Winter Conversion Drive 2021,1,Hunter Woods,2019-04-30,2019-07-27,4541.78,Conversion,Churned,Egypt
3855,Winter Brand Drive 2020,1,Tammy Bell,2022-10-20,2022-10-28,11170.82,Brand,New,United Arab Emirates
3856,Holiday Retention Promo 2020,7,Robert Massey,2020-08-22,2020-10-21,5660.47,Retention,Returning,Egypt
3857,Winter Conversion Campaign 2024,10,Miguel Johnston,2021-02-25,2021-04-28,2285.46,Conversion,Returning,Egypt
3858,Winter Conversion Push 2020,3,Judy Lopez,2019-04-11,2019-04-21,2261.17,Conversion,Returning,Australia
3859,Flash Brand Campaign 2020,13,,2023-03-02,2023-03-15,2799.57,Brand,At-Risk,Italy
3860,SUMMER RETENTION PUSH 2024,6,Samuel Smith,2022-07-21,2022-10-10,3768.35,Retention,Returning,India
3861,Clearance Retention Campaign 2021,6,Samuel Smith,2019-12-06,2019-12-23,2721.54,Retention,All,Japan
3862,NewYear Awareness Campaign 2023,10,Derek Lowe,2022-08-10,2022-10-19,1717.86,Awareness,VIP,India
3863,Prospecting Acquisition Campaign 2023,3,Scott Taylor,2024-10-03,2024-12-28,1576.76,Acquisition,Churned,Nigeria
3864,spring conversion campaign 2021,12,David Zuniga,2024-11-08,2024-12-25,10375.33,Conversion,Churned,Netherlands
3865,Loyalty Brand Drive 2022,15,Eric Dodson Jr.,2023-07-30,2023-08-20,2710.35,Brand,At-Risk,Saudi Arabia
3866,Winter Acquisition Campaign 2021,14,Yvette House,2019-02-28,2019-04-16,627.99,Acquisition,New,Canada
3867,Spring Conversion Promo 2021,2,David Zuniga,2019-06-26,2019-07-23,1661.11,Conversion,VIP,South Africa
3868,BlackFriday Conversion Campaign 2020,5,Mark Morgan,2024-06-30,2024-08-03,10648.05,Conversion,New,India
3869,Prospecting Awareness Campaign 2020,8,Tammy Bell,2022-08-15,2022-09-24,1937.68,Awareness,New,Philippines
3870,retarget awareness campaign 2019,15,Jennifer Obrien,2023-03-16,2023-06-07,10684.3,Awareness,VIP,Japan
3871,Retarget Conversion Sale 2019,15,Dominic Bennett,2023-01-30,2023-03-23,2769.01,Conversion,At-Risk,United States
3872,Summer Conversion Sale 2023,4,Judy Lopez,2019-11-15,2019-12-03,35865.61,Conversion,At-Risk,Spain
3873,Clearance Awareness Sale 2024,15,Felicia Henry,2021-02-07,2021-02-27,1466.16,Awareness,Returning,Global
3874,Winter Awareness Sale 2021,15,Eric Smith MD,2021-08-27,2021-09-19,4140.36,Awareness,At-Risk,India
3875,Winter Acquisition Drive 2019,9,,2019-12-09,2020-03-08,2080.12,Acquisition,New,Netherlands
3876,  Holiday Awareness Promo 2024  ,3,Kimberly Jensen,2020-09-17,2020-12-08,9088.39,Awareness,At-Risk,Egypt
3877,BlackFriday Retention Sale 2022,14,Lori Delgado,2020-05-28,2020-06-12,2656.1,Retention,Churned,Canada
3878,BlackFriday Conversion Push 2020,11,Jason Fletcher,2020-12-19,2021-02-15,727.6,Conversion,All,United Kingdom
3879,Launch Retention Push 2021,12,Alexis Hale,2020-10-19,2020-12-02,4282.62,Retention,New,Germany
3880,Holiday Conversion Promo 2022,7,Nicholas Gordon,2019-07-18,2019-06-19,2246.62,Conversion,VIP,Canada
3881,BlackFriday Awareness Campaign 2024,14,Hannah Matthews,2021-01-29,2021-03-14,6068.67,Awareness,All,Spain
3882,BlackFriday Acquisition Drive 2023,7,Mark Harris,2021-12-16,2022-01-08,3801.41,Acquisition,Returning,United Kingdom
3883,BlackFriday Retention Push 2023,11,Isaiah Hall Jr.,2019-05-27,2019-06-12,2568.76,Retention,New,Italy
3884,BlackFriday Brand Campaign 2024,15,Anthony Rasmussen,2021-09-17,2021-08-13,4123.26,Brand,Churned,Indonesia
3885,Winter Conversion Promo 2022,13,Angela Chandler,2020-03-15,2020-04-10,2108.91,Conversion,Returning,Mexico
3886,Flash Retention Promo 2022,15,Mark Harris,2022-04-06,2022-04-21,16973.9,Retention,At-Risk,Japan
3887,NewYear Conversion Push 2019,7,Nicholas Gordon,2023-07-24,2023-08-29,11916.02,Conversion,New,Italy
3888,Loyalty Conversion Promo 2023,13,Jeffrey Herring,2023-04-16,2023-06-17,10844.17,Conversion,New,United Arab Emirates
3889,Winter Conversion Sale 2019,11,Sandra Kim,2023-08-31,2023-10-04,13248.59,Conversion,At-Risk,Global
3890,Retarget Acquisition Promo 2019,2,Judy Lopez,2019-12-22,2020-02-21,8964.73,Acquisition,All,Brazil
3891,Retarget Awareness Sale 2023,11,Yolanda Wallace,2023-09-29,2023-12-14,3862.54,Awareness,Churned,United Kingdom
3892,Launch Retention Campaign 2023,11,Willie Bowers,2020-11-13,2020-12-31,3716.3,Retention,At-Risk,Spain
3893,Launch Awareness Drive 2021,1,Connie Costa,2019-07-15,2019-07-23,5095.51,Awareness,VIP,Germany
3894,Retarget Conversion Promo 2021,12,,2024-03-15,2024-04-27,62669.19,Conversion,At-Risk,Japan
3895,Holiday Retention Push 2022,14,John Lopez,2023-08-27,2023-10-01,3262.75,Retention,VIP,Global
3896,Clearance Brand Push 2022,14,Angel Kent,2024-01-06,2024-03-30,2163.17,Brand,At-Risk,United Kingdom
3897,Launch Retention Promo 2020,2,Mark Harris,2021-09-21,2021-11-13,24327.89,Retention,Returning,Canada
3898,NewYear Retention Sale 2024,11,,2019-03-16,2019-03-23,8672.08,Retention,Churned,India
3899,Winter Awareness Sale 2023,8,,2021-12-29,2022-02-15,2075.79,Awareness,Churned,Spain
3900,Prospecting Brand Campaign 2021,9,,2021-12-18,2022-03-17,2344.1,Brand,New,Indonesia
3901,Loyalty Acquisition Sale 2021,6,Hannah Matthews,2019-01-16,2019-03-09,1667.44,Acquisition,New,Indonesia
3902,Loyalty Retention Push 2024,6,Jessica Sanford,2020-12-12,2020-12-27,880.77,Retention,Churned,Mexico
3903,Flash Acquisition Campaign 2024,8,Jessica Sanford,2020-11-12,2020-11-25,2188.25,Acquisition,At-Risk,India
3904,Loyalty Brand Push 2022,12,Samuel Smith,2020-03-09,2020-03-25,9159.72,Brand,At-Risk,Global
3905,Loyalty Awareness Promo 2023,2,Scott Taylor,2022-04-04,2022-05-15,954.96,Awareness,New,Global
3906,Spring Retention Campaign 2024,14,Jessica Sanford,2019-01-05,2019-04-04,10094.74,Retention,Churned,United States
3907,Prospecting Brand Sale 2019,9,,2020-05-09,2020-02-28,1434.34,Brand,Returning,Canada
3908,Spring Awareness Sale 2019,13,Kevin Morris,2021-04-26,2021-07-16,3306.56,Awareness,VIP,Indonesia
3909,Spring Brand Push 2020,3,,2022-08-29,2022-10-05,37581.55,Brand,New,Australia
3910,Clearance Retention Campaign 2020,6,Debra Smith,2021-10-28,2021-12-18,6408.83,Retention,New,India
3911,Flash Conversion Sale 2024,9,Angel Kent,2021-08-03,2021-09-01,10794.71,Conversion,All,Netherlands
3912,BlackFriday Awareness Sale 2021,12,Michael Lawrence,2020-04-13,2020-05-25,1552.62,Awareness,Returning,Nigeria
3913,Holiday Retention Push 2021,11,Michael Lawrence,2022-08-31,2022-10-17,2990.53,Retention,All,Nigeria
3914,BlackFriday Retention Push 2024,4,Robert Jones,2021-03-12,2021-03-31,15867.0,Retention,All,Japan
3915,Summer Acquisition Drive 2020,12,Jon Thomas,2023-07-21,2023-08-20,15172.57,Acquisition,New,Netherlands
3916,Clearance Acquisition Promo 2021,10,David Zuniga,2023-05-20,2023-07-13,7001.0,Acquisition,All,South Africa
3917,Loyalty Awareness Drive 2024,8,Samuel Smith,2024-10-05,2024-10-30,13481.9,Awareness,VIP,United Kingdom
3918,Loyalty Conversion Push 2021,14,Hunter Woods,2021-01-24,2021-03-14,3398.2,Conversion,Returning,Global
3919,Loyalty Awareness Promo 2023,13,,2023-09-20,2023-12-06,26887.59,Awareness,At-Risk,Nigeria
3920,Holiday Brand Campaign 2021,10,Samuel Smith,2024-01-16,2024-02-15,3186.91,Brand,At-Risk,India
3921,NewYear Brand Campaign 2024,8,Mark Harris,2021-06-02,2021-07-07,7548.95,Brand,Churned,Global
3922,Retarget Retention Sale 2019,2,Debra Smith,2021-06-16,2021-09-05,1382.83,Retention,Returning,Canada
3923,,4,Hunter Woods,2020-01-28,2020-04-25,11657.28,Conversion,New,Brazil
3924,Summer Acquisition Sale 2022,11,Lori Delgado,2023-08-12,2023-10-18,1626.9,Acquisition,VIP,India
3925,Spring Awareness Promo 2022,6,,2022-03-01,2022-05-20,930.02,Awareness,VIP,South Africa
3926,Prospecting Conversion Sale 2020,14,Robert Massey,2020-11-17,2020-12-21,18822.26,Conversion,Returning,France
3927,Spring Acquisition Sale 2019,3,Rachel Wright,2022-03-29,2022-06-05,3218.72,Acquisition,Returning,South Africa
3928,Prospecting Conversion Campaign 2021,13,Anthony Rasmussen,2022-04-09,2022-06-28,8045.87,Conversion,VIP,India
3929,HOLIDAY AWARENESS CAMPAIGN 2024,10,Jeffrey Herring,2023-08-16,2023-10-29,3662.2,Awareness,VIP,Saudi Arabia
3930,Launch Retention Push 2022,15,Kimberly Jensen,2023-11-25,2024-02-19,8530.83,Retention,Returning,Germany
3931,Flash Awareness Drive 2020,4,Richard White,2020-02-24,2020-01-31,14680.03,Awareness,At-Risk,Global
3932,summer brand drive 2021,1,Miguel Johnston,2024-02-13,2024-05-06,16296.63,Brand,Returning,Netherlands
3933,Winter Conversion Drive 2019,2,Connie Costa,2022-01-30,2022-02-15,1187.25,Conversion,At-Risk,Saudi Arabia
3934,Prospecting Conversion Drive 2022,5,Dominic Bennett,2020-12-21,2021-03-09,4357.57,Conversion,Returning,Saudi Arabia
3935,Clearance Acquisition Promo 2024,1,Judy Lopez,2021-08-30,2021-11-01,34916.61,Acquisition,All,Brazil
3936,Winter Awareness Push 2021,9,Carolyn Schultz,2024-03-11,2024-04-13,71122.34,Awareness,At-Risk,United Kingdom
3937,Loyalty Conversion Promo 2019,11,Jennifer Obrien,2022-04-18,2022-05-16,1450.24,Conversion,VIP,Egypt
3938,Summer Conversion Campaign 2019,6,Alexis Hale,2019-12-03,2020-02-10,2192.53,Conversion,New,United States
3939,NewYear Acquisition Promo 2024,6,,2020-09-16,2020-11-26,42241.74,Acquisition,Churned,France
3940,blackfriday acquisition drive 2019,14,,2024-09-06,2024-09-25,29920.0,Acquisition,All,Germany
3941,Summer Brand Drive 2024,13,Miguel Johnston,2022-05-24,2022-06-22,13440.1,Brand,Churned,Global
3942,launch acquisition promo 2019,12,Anthony Rasmussen,2020-11-01,2020-11-25,12273.8,Acquisition,All,Saudi Arabia
3943,Clearance Retention Drive 2023,5,,2020-04-26,2020-05-24,12004.73,Retention,VIP,South Africa
3944,HOLIDAY CONVERSION CAMPAIGN 2020,8,Daniel Bridges,2019-08-12,2019-10-05,3871.44,Conversion,At-Risk,Japan
3945,Holiday Conversion Push 2020,2,,2020-06-05,2020-06-16,1398.61,Conversion,At-Risk,United States
3946,Flash Retention Campaign 2021,7,,2024-02-25,2024-05-24,2258.79,Retention,All,Spain
3947,Winter Acquisition Sale 2019,4,Willie Bowers,2021-07-09,2021-07-24,3826.06,Acquisition,All,Italy
3948,Winter Awareness Drive 2019,12,Charles Torres,2020-02-20,2020-04-10,2985.96,Awareness,All,Brazil
3949,Holiday Brand Campaign 2024,1,Sandra Ayala,2019-03-18,2019-04-08,4749.26,Brand,Returning,Mexico
3950,Holiday Awareness Campaign 2023,11,Yolanda Wallace,2024-08-30,2024-11-24,4526.34,Awareness,New,Netherlands
3951,Clearance Acquisition Drive 2022,1,Stephanie Allen,2021-03-14,2021-06-12,2150.33,Acquisition,Returning,United States
3952,Launch Awareness Drive 2022,7,Debra Smith,2020-04-11,2020-04-24,1532.78,Awareness,New,Japan
3953,,15,,2021-05-31,2021-08-07,8233.42,Conversion,Returning,Germany
3954,BlackFriday Acquisition Campaign 2021,7,Sandra Kim,2020-07-17,2020-08-31,6590.64,Acquisition,Returning,Japan
3955,BlackFriday Brand Campaign 2024,7,,2024-06-13,2024-07-08,3379.46,Brand,VIP,United Arab Emirates
3956,NewYear Retention Push 2019,1,Willie Bowers,2020-03-17,2020-06-09,40407.83,Retention,New,United Arab Emirates
3957,Flash Acquisition Campaign 2023,12,Angela Chandler,2024-02-03,2024-05-01,4329.48,Acquisition,New,France
3958,Spring Retention Sale 2020,1,,2023-08-10,2023-09-30,21450.51,Retention,At-Risk,Saudi Arabia
3959,Summer Brand Push 2024,14,Hannah Matthews,2023-07-07,2023-08-24,15713.27,Brand,New,Saudi Arabia
3960,Loyalty Brand Campaign 2020,2,Dominic Bennett,2024-06-30,2024-08-09,253300.3,Brand,VIP,United Arab Emirates
3961,prospecting conversion campaign 2023,7,Isaiah Hall Jr.,2021-07-03,2021-09-16,2776.52,Conversion,New,Netherlands
3962,Spring Conversion Sale 2024,5,,2019-12-16,2020-01-25,38087.9,Conversion,New,Global
3963,NewYear Awareness Promo 2019,6,Christine Harris,2022-03-03,2022-05-10,3343.43,Awareness,VIP,United States
3964,Summer Acquisition Sale 2024,10,Elizabeth Hill,2021-07-08,2021-09-03,1065.19,Acquisition,All,Nigeria
3965,Loyalty Conversion Drive 2024,13,Eric Smith MD,2022-12-11,2023-01-18,18149.27,Conversion,New,United States
3966,BlackFriday Acquisition Sale 2022,2,Gloria Keller,2019-04-10,2019-04-21,3946.32,Acquisition,VIP,Global
3967,Flash Awareness Campaign 2020,9,Lori Delgado,2021-05-12,2021-07-31,763.7,Awareness,New,Mexico
3968,Flash Conversion Promo 2023,13,Gloria Keller,2021-11-04,2022-01-16,5683.68,Conversion,VIP,United States
3969,Summer Awareness Promo 2020,1,Levi Stewart,2024-11-21,2024-11-30,74049.27,Awareness,VIP,Italy
3970,BlackFriday Conversion Drive 2019,5,Kevin Morris,2021-01-26,2021-03-23,15531.46,Conversion,Churned,India
3971,Clearance Brand Promo 2020,5,Robert Massey,2021-02-07,2021-04-01,4475.78,Brand,At-Risk,United States
3972,Loyalty Brand Drive 2021,5,Mark Harris,2023-08-23,2023-10-05,2392.61,Brand,At-Risk,Italy
3973,Clearance Conversion Campaign 2020,3,Anthony Rasmussen,2023-05-08,2023-05-25,17611.32,Conversion,Returning,South Africa
3974,Loyalty Retention Promo 2024,1,Isaiah Hall Jr.,2023-06-17,2023-07-04,2174.89,Retention,New,South Africa
3975,Retarget Acquisition Sale 2024,2,,2020-12-07,2021-02-01,2861.85,Acquisition,VIP,Australia
3976,Summer Conversion Drive 2022,11,Eric Smith MD,2019-08-06,2019-08-28,4571.83,Conversion,VIP,Philippines
3977,Summer Brand Promo 2019,6,Julie Clark,2019-01-07,2019-01-27,11403.34,Brand,VIP,United States
3978,Clearance Awareness Promo 2022,8,Daniel Bridges,2024-07-31,2024-10-26,6177.79,Awareness,At-Risk,Mexico
3979,Prospecting Retention Campaign 2023,8,,2023-06-25,2023-07-26,1352.82,Retention,New,Global
3980,Spring Acquisition Push 2024,1,David Zuniga,2022-12-16,2023-03-07,3342.85,Acquisition,At-Risk,Spain
3981,spring awareness promo 2024,8,Gloria Keller,2021-08-12,2021-10-06,707.12,Awareness,New,Italy
3982,BlackFriday Conversion Promo 2023,9,Felicia Henry,2024-04-29,2024-07-20,1579.01,Conversion,At-Risk,Japan
3983,loyalty brand push 2020,6,Jon Thomas,2019-10-10,2019-11-25,10138.03,Brand,New,Saudi Arabia
3984,Launch Acquisition Sale 2022,4,,2024-10-12,2024-10-30,16575.18,Acquisition,Returning,Netherlands
3985,BlackFriday Acquisition Promo 2020,11,Jason Fletcher,2020-09-26,2020-12-05,5222.29,Acquisition,All,Indonesia
3986,Loyalty Acquisition Campaign 2020,14,Isaiah Hall Jr.,2020-01-22,2020-03-10,7396.86,Acquisition,Churned,Canada
3987,BlackFriday Conversion Drive 2021,12,,2023-01-27,2023-04-17,7606.23,Conversion,VIP,United States
3988,Loyalty Awareness Promo 2019,15,,2023-10-02,2023-11-21,647.54,Awareness,Churned,Mexico
3989,Holiday Retention Drive 2022,15,Mark Harris,2022-02-26,2022-05-26,18344.02,Retention,All,Japan
3990,Clearance Brand Drive 2022,9,,2022-08-21,2022-11-18,4098.05,Brand,At-Risk,Brazil
3991,Retarget Retention Campaign 2020,8,Christine Harris,2021-12-21,2022-01-29,13054.78,Retention,Churned,Nigeria
3992,Clearance Acquisition Drive 2022,15,Levi Stewart,2019-05-20,2019-07-07,6067.22,Acquisition,Returning,Mexico
3993,NewYear Acquisition Sale 2022,14,Willie Bowers,2022-09-19,2022-10-08,8543.65,Acquisition,Churned,Netherlands
3994,Spring Retention Drive 2019,2,Willie Bowers,2024-05-24,2024-07-27,2583.12,Retention,VIP,Netherlands
3995,Flash Retention Campaign 2021,7,Sandra Kim,2023-10-08,2023-12-05,3063.97,Retention,New,Indonesia
3996,Winter Brand Drive 2024,2,,2022-02-16,2022-04-10,1490.83,Brand,Returning,Spain
3997,Spring Conversion Promo 2020,14,Willie Bowers,2019-11-23,2020-02-21,12930.99,Conversion,Churned,India
3998,Flash Retention Drive 2021,2,Yolanda Wallace,2021-01-10,2021-01-18,14324.91,Retention,Churned,Egypt
3999,NewYear Retention Drive 2022,7,David Zuniga,2021-12-24,2022-01-03,1208.7,Retention,All,Egypt
4000,Prospecting Retention Push 2022,14,Carolyn Schultz,2023-06-22,2023-09-12,3631.37,Retention,All,Italy
4001,Retarget Awareness Promo 2022,8,Alexis Hale,2023-08-22,2023-10-03,3638.26,Awareness,At-Risk,Nigeria
4002,blackfriday awareness sale 2022,8,James Smith,2022-09-21,2022-11-24,3738.45,Awareness,At-Risk,United Kingdom
4003,Prospecting Conversion Sale 2020,3,Sandra Kim,2019-04-11,2019-04-28,5674.5,Conversion,VIP,Egypt
4004,Loyalty Conversion Promo 2020,5,Levi Stewart,2019-02-15,2019-05-14,3236.27,Conversion,Churned,Indonesia
4005,NewYear Brand Campaign 2019,15,Miguel Johnston,2020-09-14,2020-11-01,4800.73,Brand,Returning,Egypt
4006,Clearance Acquisition Promo 2019,7,Robert Jones,2019-09-04,2019-10-15,2439.44,Acquisition,All,Saudi Arabia
4007,NewYear Conversion Promo 2020,5,Chase Wolf,2023-09-10,2023-12-09,738.04,Conversion,At-Risk,Spain
4008,Holiday Retention Push 2024,14,Rebecca Prince,2019-07-05,2019-08-24,1868.54,Retention,All,Mexico
4009,PROSPECTING AWARENESS PROMO 2021,3,Lori Delgado,2019-05-09,2019-07-27,514.7,Awareness,VIP,India
4010,Retarget Awareness Campaign 2019,13,Robert Massey,2021-10-06,2021-12-12,8762.17,Awareness,All,Nigeria
4011,Retarget Brand Push 2019,3,,2024-08-14,2024-10-09,5199.12,Brand,Churned,United Arab Emirates
4012,Launch Brand Campaign 2024,11,Anthony Rasmussen,2023-07-07,2023-09-23,1207.53,Brand,Churned,Mexico
4013,Prospecting Acquisition Campaign 2020,14,Rebecca Prince,2022-06-07,2022-08-04,2344.35,Acquisition,New,Brazil
4014,Loyalty Retention Drive 2023,7,Lori Delgado,2019-09-10,2019-12-07,2981.52,Retention,Returning,Netherlands
4015,BlackFriday Conversion Drive 2021,7,Richard White,2021-03-29,2021-06-26,2431.5,Conversion,Churned,Japan
4016,Summer Conversion Sale 2023,4,Kimberly Jensen,2022-02-04,2022-04-29,4983.24,Conversion,At-Risk,Germany
4017,Holiday Conversion Campaign 2020,7,Yolanda Wallace,2019-09-14,2019-11-19,5229.43,Conversion,All,South Africa
4018,BlackFriday Acquisition Campaign 2019,5,Yvette House,2023-07-15,2023-09-13,9397.95,Acquisition,VIP,Philippines
4019,Winter Brand Campaign 2021,2,Michael Lawrence,2023-11-12,2024-01-12,3359.45,Brand,Churned,United Arab Emirates
4020,Spring Retention Promo 2019,1,Eric Dodson Jr.,2019-07-05,2019-08-03,5811.83,Retention,VIP,United Kingdom
4021,Loyalty Retention Sale 2019,2,James Smith,2022-10-04,2022-12-04,10493.76,Retention,Churned,Nigeria
4022,Clearance Awareness Drive 2023,9,Jessica Sanford,2022-09-22,2022-10-17,17240.39,Awareness,Returning,United Kingdom
4023,summer awareness drive 2021,8,,2024-09-25,2024-10-27,4613.97,Awareness,Returning,Japan
4024,Summer Brand Push 2024,14,Sandra Ayala,2019-07-13,2019-09-19,847.94,Brand,VIP,Brazil
4025,Loyalty Retention Push 2021,3,Nicholas Gordon,2022-11-01,2022-12-13,3852.98,Retention,Churned,Japan
4026,Summer Brand Sale 2023,2,Sandra Kim,2019-02-05,2019-04-01,4955.28,Brand,All,Philippines
4027,Loyalty Conversion Drive 2020,11,David Zuniga,2020-08-18,2020-09-09,2440.61,Conversion,All,Australia
4028,,10,Levi Stewart,2022-12-04,2023-01-11,23122.06,Conversion,New,Germany
4029,Launch Acquisition Campaign 2022,9,Eric Dodson Jr.,2021-02-08,2021-02-27,13276.71,Acquisition,VIP,Italy
4030,Loyalty Conversion Promo 2020,15,Yvette House,2019-04-01,2019-04-18,30407.51,Conversion,All,France
4031,,1,,2024-02-27,2024-03-12,11727.38,Acquisition,VIP,Indonesia
4032,Retarget Retention Campaign 2024,7,Judy Lopez,2020-11-04,2021-01-24,2114.98,Retention,VIP,France
4033,BLACKFRIDAY BRAND PUSH 2024,4,Rachel Wright,2022-04-07,2022-05-10,4461.55,Brand,All,Nigeria
4034,Spring Conversion Drive 2019,6,,2019-03-15,2019-04-29,3202.15,Conversion,At-Risk,Brazil
4035,Holiday Retention Promo 2019,8,,2022-10-16,2023-01-01,2168.95,Retention,All,United Arab Emirates
4036,Summer Acquisition Push 2024,1,Scott Taylor,2022-06-22,2022-08-25,14673.31,Acquisition,At-Risk,France
4037,Clearance Awareness Drive 2023,11,,2019-10-09,2019-10-25,4076.64,Awareness,At-Risk,Australia
4038,NewYear Awareness Promo 2022,6,Michael Lawrence,2021-10-29,2021-11-25,1206.21,Awareness,At-Risk,Netherlands
4039,spring brand promo 2023,10,Scott Taylor,2021-05-27,2021-08-25,3604.35,Brand,All,Japan
4040,Holiday Brand Campaign 2019,11,,2024-04-11,2024-06-07,1910.87,Brand,Churned,Netherlands
4041,Loyalty Retention Push 2023,13,Elizabeth Hill,2022-09-08,2022-11-19,4260.65,Retention,All,South Africa
4042,Loyalty Conversion Sale 2022,10,Miguel Johnston,2019-03-22,2019-04-19,6367.78,Conversion,Churned,Italy
4043,Launch Acquisition Campaign 2024,8,Kimberly Jensen,2022-11-07,2022-12-16,901.12,Acquisition,At-Risk,Saudi Arabia
4044,Winter Brand Sale 2024,7,Samuel Smith,2020-11-01,2020-11-10,14376.8,Brand,At-Risk,Spain
4045,Loyalty Acquisition Campaign 2021,12,,2023-09-03,2023-11-28,9106.31,Acquisition,At-Risk,United Arab Emirates
4046,Winter Conversion Promo 2021,3,Yolanda Wallace,2022-09-10,2022-10-15,754.8,Conversion,New,South Africa
4047,Summer Acquisition Promo 2020,1,Lori Delgado,2020-12-18,2021-01-27,4146.41,Acquisition,New,United States
4048,Loyalty Awareness Sale 2024,8,,2022-11-03,2023-01-25,1415.46,Awareness,VIP,Brazil
4049,Clearance Acquisition Sale 2021,13,Mary Rodriguez,2023-05-17,2023-06-16,3626.55,Acquisition,At-Risk,Egypt
4050,Winter Brand Promo 2023,8,Angela Chandler,2024-01-16,2024-03-13,9106.8,Brand,Returning,Egypt
4051,Winter Awareness Drive 2022,6,Sandra Ayala,2022-11-04,2022-12-28,2011.1,Awareness,Returning,Canada
4052,Summer Awareness Sale 2021,11,Elizabeth Hill,2021-12-29,2022-02-15,2051.78,Awareness,Churned,Japan
4053,Clearance Retention Push 2024,6,Donna Nelson,2019-03-29,2019-04-16,9125.14,Retention,Returning,Nigeria
4054,Prospecting Awareness Sale 2020,1,Hunter Woods,2023-01-04,2023-03-11,5328.87,Awareness,VIP,Philippines
4055,Clearance Awareness Promo 2019,4,Christine Harris,2023-08-31,2023-09-10,13163.72,Awareness,At-Risk,Brazil
4056,WINTER ACQUISITION CAMPAIGN 2020,1,Sandra Ayala,2021-04-30,2021-07-04,1213.96,Acquisition,Returning,Brazil
4057,CLEARANCE BRAND SALE 2021,14,Derek Lowe,2022-04-30,2022-05-07,1587.75,Brand,New,Japan
4058,Flash Acquisition Push 2021,10,Daniel Bridges,2021-05-21,2021-08-06,6778.9,Acquisition,Churned,Australia
4059,Prospecting Acquisition Promo 2023,15,Jeffrey Herring,2021-11-18,2021-11-25,3540.03,Acquisition,At-Risk,Canada
4060,Flash Brand Promo 2023,4,,2024-02-25,2024-05-17,4686.32,Brand,At-Risk,Spain
4061,Retarget Acquisition Promo 2020,1,Alexis Hale,2020-11-05,2020-10-19,4171.94,Acquisition,VIP,Brazil
4062,Prospecting Brand Sale 2024,6,Caitlin Edwards,2020-12-03,2021-01-14,6715.54,Brand,At-Risk,Canada
4063,PROSPECTING BRAND SALE 2021,2,Carolyn Schultz,2022-01-07,2022-01-18,1772.71,Brand,VIP,United Arab Emirates
4064,NewYear Awareness Push 2021,1,Mary Rodriguez,2023-05-27,2023-06-11,4006.57,Awareness,All,Germany
4065,Loyalty Conversion Campaign 2020,10,,2021-11-13,2021-12-09,3042.68,Conversion,At-Risk,Spain
4066,Prospecting Acquisition Promo 2019,10,Carolyn Schultz,2022-02-06,2022-04-17,6352.09,Acquisition,At-Risk,Indonesia
4067,Summer Retention Promo 2024,7,Jon Thomas,2020-04-22,2020-07-02,15879.24,Retention,VIP,Spain
4068,Clearance Conversion Promo 2023,3,Jeffrey Herring,2021-01-25,2021-03-07,4439.78,Conversion,Returning,Australia
4069,BlackFriday Retention Sale 2021,5,Felicia Henry,2023-08-18,2023-11-08,12758.89,Retention,VIP,South Africa
4070,Prospecting Awareness Campaign 2020,7,Charles Torres,2023-07-29,2023-09-07,4116.67,Awareness,New,South Africa
4071,Clearance Retention Sale 2020,3,Carolyn Schultz,2024-03-18,2024-02-26,15786.01,Retention,VIP,Saudi Arabia
4072,Flash Awareness Sale 2021,9,,2022-12-14,2023-03-02,5342.45,Awareness,New,Canada
4073,Retarget Retention Promo 2024,10,James Smith,2020-07-17,2020-09-24,1978.8,Retention,New,Saudi Arabia
4074,Clearance Retention Drive 2019,3,Felicia Henry,2022-10-29,2022-12-16,10462.05,Retention,New,Mexico
4075,Winter Conversion Promo 2019,5,Tammy Bell,2024-02-28,2024-04-10,4719.8,Conversion,All,France
4076,Spring Conversion Campaign 2020,10,,2022-08-16,2022-11-11,1022.03,Conversion,New,South Africa
4077,Prospecting Awareness Promo 2022,9,Alexis Hale,2023-11-29,2023-12-11,11693.82,Awareness,New,United Arab Emirates
4078,Holiday Awareness Campaign 2024,14,Hunter Woods,2021-05-29,2021-08-09,697.42,Awareness,All,Italy
4079,Flash Acquisition Drive 2023,13,Jon Thomas,2023-02-26,2023-05-23,7741.63,Acquisition,At-Risk,United Kingdom
4080,blackfriday acquisition sale 2023,5,,2022-12-21,2023-03-10,3605.01,Acquisition,All,South Africa
4081,Spring Conversion Sale 2023,2,Mark Morgan,2019-03-18,2019-05-12,5565.87,Conversion,All,Saudi Arabia
4082,Retarget Retention Sale 2021,2,Levi Stewart,2019-03-29,2019-05-29,4089.32,Retention,Churned,Canada
4083,Holiday Conversion Campaign 2019,15,Rachel Dickerson,2019-03-17,2019-06-05,3165.89,Conversion,At-Risk,France
4084,loyalty acquisition campaign 2019,11,Jennifer Obrien,2021-02-10,2021-04-10,26644.42,Acquisition,All,Germany
4085,NewYear Awareness Promo 2019,11,David Zuniga,2022-07-02,2022-09-05,2173.86,Awareness,New,United Arab Emirates
4086,Clearance Awareness Campaign 2021,1,Jeffrey Herring,2024-08-10,2024-08-27,2321.42,Awareness,All,Netherlands
4087,Prospecting Awareness Drive 2022,6,,2022-03-31,2022-04-07,1703.57,Awareness,New,Netherlands
4088,Launch Retention Promo 2021,15,Richard White,2020-08-13,2020-10-23,483.67,Retention,VIP,Egypt
4089,Flash Retention Sale 2019,6,Rebecca Simmons,2024-10-03,2024-12-29,7670.43,Retention,At-Risk,Nigeria
4090,Flash Awareness Campaign 2019,8,Yolanda Wallace,2024-05-03,2024-05-26,2990.21,Awareness,All,Canada
4091,Spring Acquisition Drive 2021,10,Nicholas Gordon,2022-04-03,2022-05-09,5423.18,Acquisition,VIP,Philippines
4092,BlackFriday Awareness Push 2022,14,,2023-07-02,2023-09-28,3920.67,Awareness,Churned,France
4093,spring conversion campaign 2023,2,Richard White,2023-09-23,2023-11-15,12039.34,Conversion,Churned,Nigeria
4094,Holiday Acquisition Campaign 2019,9,Caitlin Edwards,2021-06-20,2021-08-25,33203.94,Acquisition,VIP,United Kingdom
4095,Retarget Brand Drive 2020,15,Yvette House,2022-09-27,2022-10-25,2095.75,Brand,All,United Kingdom
4096,Loyalty Brand Promo 2023,6,Miguel Johnston,2023-12-25,2024-02-06,4241.29,Brand,All,Netherlands
4097,Loyalty Retention Drive 2020,11,Scott Taylor,2019-08-14,2019-10-29,7606.77,Retention,New,Canada
4098,NewYear Acquisition Campaign 2020,3,Miguel Johnston,2019-01-23,2019-02-15,1805.65,Acquisition,New,Saudi Arabia
4099,Winter Retention Sale 2024,4,Scott Taylor,2022-05-28,2022-08-14,1525.35,Retention,Churned,United Kingdom
4100,Clearance Conversion Sale 2023,3,Carolyn Schultz,2019-08-25,2019-09-09,4973.55,Conversion,At-Risk,Global
4101,Prospecting Awareness Campaign 2021,3,Chase Wolf,2021-08-03,2021-09-09,51777.52,Awareness,At-Risk,United Kingdom
4102,NewYear Conversion Drive 2022,4,James Smith,2022-05-05,2022-07-30,2737.48,Conversion,New,United Arab Emirates
4103,Clearance Retention Campaign 2024,2,Nicholas Gordon,2021-12-20,2022-01-05,2285.9,Retention,At-Risk,Italy
4104,Flash Brand Promo 2021,3,Dominic Bennett,2021-08-25,2021-10-21,5477.85,Brand,All,India
4105,Spring Awareness Promo 2022,7,Julie Clark,2019-06-08,2019-08-02,7176.2,Awareness,Churned,Nigeria
4106,Summer Acquisition Drive 2020,4,,2023-11-18,2023-12-17,9225.9,Acquisition,VIP,Mexico
4107,Launch Awareness Sale 2019,6,Felicia Henry,2024-08-20,2024-11-13,3270.14,Awareness,VIP,United States
4108,Launch Retention Campaign 2020,10,Rebecca Prince,2021-12-18,2022-01-20,4069.93,Retention,All,Saudi Arabia
4109,Launch Awareness Push 2021,8,Stephanie Allen,2019-09-08,2019-10-21,1279.56,Awareness,New,United Kingdom
4110,Flash Awareness Campaign 2022,1,Hannah Matthews,2021-05-10,2021-07-25,3980.46,Awareness,VIP,South Africa
4111,Prospecting Acquisition Drive 2023,5,Connie Costa,2021-05-27,2021-06-06,8521.88,Acquisition,New,Mexico
4112,Holiday Awareness Promo 2024,7,Caitlin Edwards,2022-02-26,2022-05-27,2839.03,Awareness,All,Italy
4113,,1,Donna Nelson,2022-04-27,2022-05-08,5824.21,Brand,At-Risk,Mexico
4114,Clearance Acquisition Promo 2019,10,Angela Chandler,2020-04-26,2020-05-03,14198.91,Acquisition,VIP,Japan
4115,Summer Brand Promo 2022,8,Isaiah Hall Jr.,2019-02-08,2019-04-26,836.09,Brand,Returning,United Kingdom
4116,Summer Retention Push 2020,5,Yolanda Wallace,2024-01-28,2024-04-27,1828.71,Retention,Churned,Philippines
4117,Clearance Acquisition Campaign 2020,1,Jon Thomas,2022-03-24,2022-05-17,1546.37,Acquisition,New,India
4118,NewYear Awareness Sale 2022,1,Tammy Bell,2021-03-31,2021-04-22,3468.2,Awareness,Churned,Saudi Arabia
4119,Clearance Conversion Promo 2020,15,Gloria Keller,2019-08-23,2019-10-30,2185.2,Conversion,Returning,Saudi Arabia
4120,LAUNCH AWARENESS PROMO 2020,9,,2020-01-26,2020-04-04,9116.95,Awareness,VIP,United States
4121,Launch Acquisition Push 2024,7,Jessica Sanford,2019-07-27,2019-09-13,17399.58,Acquisition,New,Netherlands
4122,NewYear Conversion Push 2024,3,Richard White,2019-04-29,2019-05-07,75062.71,Conversion,VIP,France
4123,Winter Conversion Promo 2021,9,Caitlin Edwards,2021-04-03,2021-05-27,5759.7,Conversion,New,Germany
4124,Spring Conversion Promo 2021,4,Kevin Morris,2020-12-04,2020-12-21,4505.04,Conversion,New,Netherlands
4125,Clearance Brand Promo 2024,9,Jeffrey Herring,2024-06-27,2024-08-19,24169.63,Brand,New,India
4126,Prospecting Brand Sale 2019,14,Donna Nelson,2021-04-12,2021-06-25,5828.8,Brand,All,Mexico
4127,,2,,2019-11-28,2019-12-16,3886.61,Brand,VIP,Germany
4128,Prospecting Awareness Sale 2020,3,Yolanda Wallace,2021-08-07,2021-09-16,12646.39,Awareness,All,United Kingdom
4129,Winter Conversion Promo 2022,5,Angel Kent,2019-08-30,2019-11-19,5016.48,Conversion,Churned,India
4130,Clearance Acquisition Campaign 2023,4,,2024-02-15,2024-05-11,1185.36,Acquisition,Returning,Spain
4131,Loyalty Brand Promo 2022,9,Mark Morgan,2020-04-18,2020-05-23,6537.55,Brand,Churned,Netherlands
4132,Holiday Brand Sale 2019,14,,2019-08-22,2019-09-17,10355.85,Brand,All,Egypt
4133,LOYALTY ACQUISITION SALE 2020,3,Felicia Henry,2021-08-11,2021-08-24,3863.78,Acquisition,VIP,Italy
4134,,4,,2022-07-06,2022-08-01,10918.46,Retention,VIP,Germany
4135,Holiday Retention Drive 2023,4,Alexis Hale,2021-09-04,2021-10-19,11421.38,Retention,Churned,Canada
4136,Launch Conversion Sale 2019,3,Willie Bowers,2020-01-08,2020-02-12,9649.54,Conversion,At-Risk,Spain
4137,Holiday Conversion Campaign 2023,10,Gloria Keller,2024-02-17,2024-03-21,9002.44,Conversion,At-Risk,Egypt
4138,Winter Acquisition Promo 2020,11,Tammy Bell,2023-08-27,2023-10-13,2062.81,Acquisition,All,Indonesia
4139,NewYear Conversion Campaign 2022,13,,2024-08-02,2024-08-24,1508.03,Conversion,VIP,United Kingdom
4140,Loyalty Brand Promo 2021,13,Yvette House,2022-06-16,2022-07-30,4600.77,Brand,At-Risk,Brazil
4141,Launch Awareness Campaign 2024,13,Angela Chandler,2024-06-28,2024-09-13,3758.6,Awareness,Churned,Nigeria
4142,Holiday Retention Push 2019,15,Eric Smith MD,2023-09-08,2023-09-20,25018.88,Retention,Returning,India
4143,Spring Conversion Push 2021,1,Julie Clark,2022-10-12,2022-11-16,5682.3,Conversion,All,South Africa
4144,Winter Acquisition Drive 2022,9,Felicia Henry,2024-07-28,2024-08-04,17109.87,Acquisition,Returning,United Arab Emirates
4145,PROSPECTING BRAND PUSH 2022,1,Yolanda Wallace,2021-11-21,2021-11-30,4258.11,Brand,VIP,United States
4146,Holiday Conversion Drive 2019,1,Robert Jones,2021-02-25,2021-04-28,2584.22,Conversion,At-Risk,Italy
4147,Clearance Conversion Sale 2020,9,,2022-04-15,2022-06-24,2322.63,Conversion,All,France
4148,Prospecting Awareness Push 2020,7,Kevin Morris,2022-09-25,2022-11-11,939.11,Awareness,At-Risk,South Africa
4149,Flash Retention Push 2020,10,Christine Harris,2022-10-31,2023-01-10,5499.09,Retention,New,Egypt
4150,,4,,2022-08-26,2022-11-12,53737.88,Retention,Churned,France
4151,Summer Acquisition Drive 2023,4,Kevin Morris,2021-09-02,2021-09-12,1484.67,Acquisition,New,Indonesia
4152,Launch Brand Push 2023,13,,2021-10-04,2021-12-09,73621.17,Brand,At-Risk,United Kingdom
4153,NewYear Retention Sale 2023,11,Rebecca Simmons,2020-05-15,2020-07-11,5296.77,Retention,Returning,Germany
4154,Launch Brand Campaign 2023,1,Caitlin Edwards,2020-04-21,2020-05-22,6460.88,Brand,At-Risk,Netherlands
4155,Launch Acquisition Sale 2023,9,,2023-06-27,2023-08-27,4925.94,Acquisition,Churned,Philippines
4156,Summer Awareness Campaign 2021,7,,2023-07-31,2023-09-27,4733.98,Awareness,Churned,South Africa
4157,Clearance Acquisition Drive 2020,2,Anthony Rasmussen,2019-07-23,2019-09-07,5277.62,Acquisition,All,Australia
4158,Launch Acquisition Promo 2020,6,Felicia Henry,2021-07-05,2021-08-22,1989.94,Acquisition,Churned,United States
4159,Winter Brand Campaign 2024,7,Eric Dodson Jr.,2024-04-15,2024-05-09,28053.3,Brand,Returning,Global
4160,Retarget Awareness Drive 2020,5,Angela Chandler,2020-01-08,2020-03-13,2001.58,Awareness,Churned,Netherlands
4161,Winter Acquisition Sale 2021,1,Rachel Wright,2024-07-19,2024-08-02,862.06,Acquisition,Churned,India
4162,Prospecting Brand Sale 2022,5,Angela Chandler,2024-02-07,2023-11-23,2915.71,Brand,VIP,Mexico
4163,Clearance Brand Drive 2023,5,Willie Bowers,2020-07-26,2020-08-07,18045.47,Brand,VIP,Saudi Arabia
4164,BlackFriday Acquisition Campaign 2020,4,Tammy Bell,2024-05-16,2024-07-02,1291.56,Acquisition,Churned,Spain
4165,Prospecting Retention Push 2021,15,Felicia Henry,2020-06-29,2020-07-13,6417.77,Retention,Returning,Germany
4166,,4,Sandra Kim,2019-07-09,2019-07-19,2491.67,Awareness,At-Risk,Italy
4167,BlackFriday Retention Sale 2020,12,Hannah Matthews,2021-06-20,2021-09-16,1556.33,Retention,Churned,Philippines
4168,Holiday Conversion Sale 2020,8,Rebecca Simmons,2019-03-21,2019-05-30,3901.29,Conversion,All,Saudi Arabia
4169,  Clearance Acquisition Drive 2019  ,1,Richard White,2020-07-26,2020-10-23,6470.0,Acquisition,VIP,Brazil
4170,Spring Awareness Campaign 2020,8,Isaiah Hall Jr.,2023-07-14,2023-09-26,6029.66,Awareness,Churned,Nigeria
4171,Winter Conversion Promo 2020,1,Carolyn Schultz,2021-03-10,2021-04-26,5846.48,Conversion,At-Risk,Saudi Arabia
4172,Holiday Awareness Campaign 2020,11,,2021-07-18,2021-08-03,3139.09,Awareness,VIP,Australia
4173,Retarget Retention Promo 2020,2,Felicia Henry,2020-09-05,2020-09-29,1813.72,Retention,VIP,Nigeria
4174,BlackFriday Brand Promo 2024,10,Julie Clark,2021-01-15,2021-02-16,2682.3,Brand,New,Nigeria
4175,clearance acquisition push 2022,9,Elizabeth Hill,2022-11-26,2022-12-07,16252.08,Acquisition,VIP,Global
4176,Clearance Brand Campaign 2022,14,,2023-05-18,2023-06-11,24080.73,Brand,New,South Africa
4177,Clearance Awareness Drive 2023,5,John Lopez,2019-11-06,2020-01-03,8868.49,Awareness,VIP,United States
4178,NewYear Awareness Campaign 2024,13,,2024-05-05,2024-06-18,21475.99,Awareness,At-Risk,Spain
4179,loyalty awareness drive 2021,3,Sandra Kim,2021-06-13,2021-08-21,3090.85,Awareness,Churned,United Arab Emirates
4180,  NewYear Retention Push 2020  ,14,Hannah Matthews,2022-07-12,2022-08-31,7368.94,Retention,All,Japan
4181,NEWYEAR CONVERSION DRIVE 2022,3,Carolyn Schultz,2023-04-24,2023-06-24,14567.28,Conversion,At-Risk,Netherlands
4182,Spring Brand Drive 2020,3,Eric Dodson Jr.,2021-03-08,2021-03-22,5550.37,Brand,At-Risk,Australia
4183,  Clearance Retention Drive 2020  ,3,John Lopez,2019-07-06,2019-07-18,3841.45,Retention,At-Risk,United States
4184,BlackFriday Conversion Sale 2022,2,Connie Costa,2022-12-25,2023-03-08,20091.29,Conversion,Returning,Netherlands
4185,,12,Hunter Woods,2022-05-24,2022-08-07,9468.84,Acquisition,Churned,India
4186,Spring Brand Push 2021,4,Caitlin Edwards,2024-03-24,2024-06-07,13154.79,Brand,All,Indonesia
4187,Spring Retention Push 2024,9,James Smith,2023-12-10,2024-03-08,5851.86,Retention,VIP,Italy
4188,Prospecting Brand Campaign 2023,11,Richard White,2024-07-07,2024-09-24,3455.41,Brand,At-Risk,Italy
4189,Holiday Awareness Promo 2021,2,Jennifer Obrien,2023-11-03,2023-12-27,15751.46,Awareness,At-Risk,Mexico
4190,Summer Brand Drive 2023,11,Robert Jones,2022-04-20,2022-06-05,6456.96,Brand,Returning,Nigeria
4191,Prospecting Awareness Promo 2019,11,Caitlin Edwards,2020-07-03,2020-09-22,5857.12,Awareness,Returning,Italy
4192,holiday retention promo 2022,3,Jeffrey Herring,2021-12-29,2022-03-28,6953.96,Retention,At-Risk,United Kingdom
4193,Spring Awareness Campaign 2019,1,Christine Harris,2023-11-26,2024-01-08,1743.0,Awareness,At-Risk,Global
4194,Loyalty Awareness Campaign 2019,14,Daniel Bridges,2019-10-19,2019-12-01,10407.42,Awareness,Churned,United Kingdom
4195,Summer Awareness Sale 2021,10,Eric Dodson Jr.,2022-07-26,2022-08-15,39538.48,Awareness,At-Risk,Spain
4196,NewYear Brand Promo 2019,6,Charles Torres,2023-10-18,2023-12-03,498.09,Brand,All,Brazil
4197,Winter Awareness Campaign 2021,1,Donna Nelson,2023-10-13,2023-12-25,9143.58,Awareness,VIP,Spain
4198,Prospecting Retention Promo 2020,3,Scott Taylor,2021-08-18,2021-11-16,16581.86,Retention,All,Australia
4199,Retarget Awareness Promo 2019,13,Richard White,2022-07-08,2022-07-31,9088.76,Awareness,VIP,Saudi Arabia
4200,Clearance Brand Push 2024,10,Anthony Rasmussen,2024-09-12,2024-07-04,7031.31,Brand,Returning,Australia
4201,Flash Retention Promo 2024,2,Rebecca Prince,2023-05-10,2023-07-07,37488.65,Retention,Churned,Germany
4202,Summer Retention Drive 2024,1,Eric Smith MD,2020-11-06,2021-01-03,1179.15,Retention,New,Germany
4203,Winter Retention Push 2021,14,,2020-01-11,2020-02-19,4518.03,Retention,New,Global
4204,Summer Conversion Sale 2021,3,Christine Harris,2021-10-23,2021-12-03,4257.33,Conversion,Returning,France
4205,BlackFriday Retention Push 2019,8,Gloria Keller,2021-06-19,2021-09-07,4603.5,Retention,All,Japan
4206,NewYear Retention Push 2019,13,Robert Jones,2023-03-04,2023-05-05,6951.9,Retention,All,Egypt
4207,Holiday Conversion Promo 2019,1,Yolanda Wallace,2021-11-15,2022-01-23,2210.78,Conversion,All,Mexico
4208,Flash Awareness Sale 2021,2,,2022-11-27,2023-02-07,13745.67,Awareness,VIP,Philippines
4209,Holiday Conversion Drive 2019,15,Dominic Bennett,2019-09-19,2019-11-28,20724.68,Conversion,VIP,Egypt
4210,Clearance Brand Promo 2021,10,Willie Bowers,2021-08-01,2021-08-31,5803.66,Brand,New,Mexico
4211,Retarget Awareness Promo 2020,12,Donna Nelson,2023-12-31,2024-02-17,84088.32,Awareness,Returning,South Africa
4212,Holiday Acquisition Sale 2021,12,,2024-04-14,2024-05-03,7016.59,Acquisition,At-Risk,Mexico
4213,Summer Acquisition Push 2020,12,Stephanie Allen,2019-01-08,2019-02-01,9183.79,Acquisition,Churned,Nigeria
4214,BlackFriday Conversion Promo 2020,8,Connie Costa,2020-01-04,2020-02-09,11220.21,Conversion,All,France
4215,NewYear Conversion Campaign 2020,10,Rebecca Simmons,2023-02-08,2023-04-10,1185.51,Conversion,At-Risk,Global
4216,Prospecting Conversion Sale 2022,12,Samuel Smith,2020-02-16,2020-04-23,8829.18,Conversion,At-Risk,France
4217,Prospecting Retention Promo 2019,5,Robert Jones,2020-05-14,2020-02-18,2280.8,Retention,At-Risk,France
4218,Holiday Brand Promo 2019,13,Yvette House,2019-12-01,2020-02-18,4346.34,Brand,New,Italy
4219,Summer Awareness Sale 2021,8,Eric Dodson Jr.,2021-02-02,2021-04-23,9499.7,Awareness,At-Risk,Saudi Arabia
4220,Spring Conversion Drive 2023,5,Jessica Sanford,2021-04-12,2021-05-10,6580.04,Conversion,Churned,Philippines
4221,Flash Awareness Promo 2022,4,Debra Smith,2022-04-18,2022-05-10,2882.41,Awareness,Returning,South Africa
4222,NEWYEAR RETENTION DRIVE 2024,3,James Smith,2019-11-06,2020-01-29,10611.43,Retention,At-Risk,United Kingdom
4223,BlackFriday Acquisition Drive 2021,15,Angela Dillon,2024-08-03,2024-08-19,10236.85,Acquisition,New,United Arab Emirates
4224,Clearance Conversion Drive 2024,11,Willie Bowers,2023-04-05,2023-06-23,6415.85,Conversion,New,Egypt
4225,,13,,2023-12-02,2024-01-11,3846.22,Brand,All,Egypt
4226,NewYear Retention Sale 2020,15,,2020-03-25,2020-04-19,2348.91,Retention,Returning,Japan
4227,BlackFriday Conversion Sale 2019,4,Chase Wolf,2020-07-06,2020-09-10,17333.04,Conversion,All,United States
4228,Flash Awareness Push 2022,9,Daniel Bridges,2019-09-23,2019-10-30,4056.92,Awareness,Churned,United Arab Emirates
4229,Holiday Conversion Promo 2019,10,Mary Rodriguez,2023-01-26,2023-03-31,23249.58,Conversion,Churned,Global
4230,NEWYEAR CONVERSION DRIVE 2019,15,Lori Delgado,2021-01-14,2021-03-22,2744.81,Conversion,Returning,Germany
4231,Spring Brand Sale 2019,3,Stephanie Allen,2023-12-26,2024-01-14,5828.35,Brand,New,Australia
4232,,7,Yvette House,2022-08-08,2022-05-28,11019.51,Conversion,New,United Arab Emirates
4233,Clearance Conversion Drive 2020,5,Jessica Sanford,2021-01-29,2021-04-20,6947.01,Conversion,Returning,Netherlands
4234,Summer Retention Campaign 2020,11,Anthony Rasmussen,2024-08-25,2024-07-02,5734.28,Retention,New,Netherlands
4235,NewYear Brand Sale 2019,1,Stephanie Allen,2024-02-25,2024-04-23,12661.45,Brand,Returning,Spain
4236,Spring Acquisition Campaign 2019,11,Jennifer Obrien,2022-09-20,2022-10-19,8920.04,Acquisition,VIP,India
4237,NewYear Retention Campaign 2022,3,Mark Harris,2023-07-28,2023-08-04,19501.17,Retention,At-Risk,Indonesia
4238,BlackFriday Awareness Campaign 2023,9,Levi Stewart,2024-04-24,2024-02-16,14090.94,Awareness,Churned,Indonesia
4239,Clearance Acquisition Drive 2019,13,Mary Rodriguez,2021-01-03,2021-03-17,26825.59,Acquisition,At-Risk,Nigeria
4240,Spring Conversion Push 2023,11,Angela Chandler,2021-03-05,2021-05-26,3138.58,Conversion,Churned,Italy
4241,Flash Acquisition Drive 2021,14,Miguel Johnston,2024-05-24,2024-05-04,41016.29,Acquisition,Churned,Japan
4242,BlackFriday Conversion Sale 2020,6,Scott Taylor,2021-12-23,2022-03-15,36788.6,Conversion,Churned,Brazil
4243,Clearance Conversion Drive 2021,9,Mark Harris,2019-05-14,2019-07-27,6699.81,Conversion,Returning,Spain
4244,Prospecting Acquisition Drive 2024,13,Lori Delgado,2024-05-09,2024-05-28,9692.62,Acquisition,At-Risk,Egypt
4245,Loyalty Conversion Drive 2019,2,Hannah Matthews,2022-10-30,2022-11-27,15566.41,Conversion,At-Risk,Japan
4246,prospecting brand campaign 2023,8,Yvette House,2022-02-09,2022-04-03,6496.74,Brand,All,United Arab Emirates
4247,Holiday Acquisition Push 2024,12,Daniel Bridges,2020-01-07,2020-04-05,8731.5,Acquisition,At-Risk,Philippines
4248,Winter Acquisition Push 2019,13,Judy Lopez,2019-01-29,2019-03-15,2512.63,Acquisition,At-Risk,United Arab Emirates
4249,Winter Retention Drive 2019,15,Caitlin Edwards,2019-12-04,2020-02-03,5351.08,Retention,All,Germany
4250,Flash Retention Promo 2022,14,,2019-06-05,2019-06-18,6588.99,Retention,Returning,Germany
4251,Summer Awareness Sale 2023,13,Robert Massey,2021-04-25,2021-07-04,6613.23,Awareness,Churned,Italy
4252,Loyalty Brand Promo 2020,5,Donna Nelson,2020-03-20,2020-06-01,3970.76,Brand,All,Netherlands
4253,,1,Stephanie Allen,2019-03-12,2019-04-04,6239.06,Awareness,VIP,Brazil
4254,Retarget Awareness Campaign 2021,9,Michael Lawrence,2022-12-05,2022-12-24,13944.85,Awareness,Churned,United States
4255,Clearance Acquisition Campaign 2022,6,Eric Dodson Jr.,2022-11-19,2022-12-22,1214.86,Acquisition,Returning,Saudi Arabia
4256,Retarget Brand Push 2022,8,Chase Wolf,2020-04-02,2020-06-11,15891.02,Brand,VIP,Spain
4257,Spring Acquisition Campaign 2022,13,Robert Jones,2022-02-18,2022-05-01,2880.96,Acquisition,All,Indonesia
4258,Holiday Conversion Sale 2019,8,Daniel Bridges,2019-08-16,2019-10-06,15160.64,Conversion,Returning,Mexico
4259,Launch Acquisition Campaign 2023,13,Debra Smith,2023-08-20,2023-08-30,1735.09,Acquisition,At-Risk,United Arab Emirates
4260,,8,Gloria Keller,2020-02-22,2019-11-24,9517.13,Brand,VIP,Mexico
4261,blackfriday brand sale 2022,11,Angela Dillon,2021-10-12,2021-12-30,7184.93,Brand,At-Risk,Mexico
4262,Retarget Brand Campaign 2024,6,Richard White,2021-09-02,2021-11-29,1432.85,Brand,VIP,India
4263,Summer Conversion Drive 2024,9,,2020-06-10,2020-07-05,13262.4,Conversion,At-Risk,Netherlands
4264,NewYear Awareness Campaign 2022,11,Alexis Hale,2024-03-13,2024-04-18,16263.76,Awareness,All,Global
4265,NewYear Brand Sale 2019,7,Judy Lopez,2019-09-28,2019-11-30,8246.01,Brand,New,United Arab Emirates
4266,Launch Awareness Push 2019,11,,2021-08-24,2021-09-11,2584.97,Awareness,All,Germany
4267,Holiday Awareness Sale 2023,13,,2023-04-08,2023-06-22,20465.67,Awareness,At-Risk,Netherlands
4268,Clearance Awareness Promo 2019,3,Angela Dillon,2021-08-06,2021-08-26,10687.13,Awareness,VIP,Mexico
4269,FLASH CONVERSION CAMPAIGN 2024,14,,2021-07-27,2021-08-12,12499.0,Conversion,Churned,Italy
4270,Prospecting Retention Campaign 2021,13,,2022-08-20,2022-10-14,320.34,Retention,New,Canada
4271,Summer Conversion Promo 2019,12,Julie Clark,2024-05-23,2024-07-03,27478.56,Conversion,New,Canada
4272,Flash Acquisition Promo 2021,1,Charles Torres,2023-09-11,2023-11-15,2226.67,Acquisition,At-Risk,Japan
4273,Flash Conversion Campaign 2022,8,Rachel Dickerson,2024-02-02,2024-04-07,7641.99,Conversion,Returning,France
4274,Clearance Retention Promo 2021,10,Derek Lowe,2022-06-08,2022-06-22,2776.16,Retention,VIP,United States
4275,NewYear Brand Drive 2022,7,,2023-12-31,2024-01-26,16318.35,Brand,Returning,Brazil
4276,BlackFriday Brand Campaign 2022,1,Nicholas Gordon,2023-07-06,2023-08-05,3747.17,Brand,New,Japan
4277,Retarget Retention Sale 2020,12,Scott Taylor,2022-03-07,2022-05-06,6995.59,Retention,New,Spain
4278,Holiday Conversion Campaign 2021,14,Connie Costa,2021-08-22,2021-08-30,3191.27,Conversion,VIP,India
4279,Spring Conversion Drive 2020,13,Eric Dodson Jr.,2023-03-07,2023-03-14,6619.93,Conversion,At-Risk,South Africa
4280,Spring Retention Drive 2023,2,Michael Lawrence,2023-06-15,2023-06-29,7790.82,Retention,Churned,Global
4281,NewYear Awareness Sale 2024,7,Kimberly Jensen,2022-07-06,2022-06-15,12074.31,Awareness,New,Italy
4282,Flash Awareness Drive 2023,7,Anthony Rasmussen,2019-11-23,2019-12-28,4009.82,Awareness,At-Risk,Netherlands
4283,Loyalty Conversion Sale 2021,1,John Lopez,2022-05-27,2022-06-18,2497.17,Conversion,New,Netherlands
4284,Retarget Brand Campaign 2022,11,Mark Morgan,2020-08-03,2020-10-26,1078.52,Brand,At-Risk,India
4285,Loyalty Brand Promo 2024,2,Christine Harris,2022-08-12,2022-10-14,11135.2,Brand,New,Philippines
4286,Flash Brand Sale 2023,15,,2023-08-29,2023-11-03,6268.06,Brand,VIP,Indonesia
4287,Spring Awareness Push 2022,7,,2020-03-10,2020-05-21,4940.5,Awareness,Returning,United States
4288,Launch Retention Drive 2023,9,Gloria Keller,2021-11-22,2022-01-28,2720.75,Retention,At-Risk,Philippines
4289,Launch Brand Push 2022,9,Jon Thomas,2022-10-09,2022-11-12,3810.6,Brand,At-Risk,Egypt
4290,Launch Retention Campaign 2023,10,Dominic Bennett,2021-12-05,2022-02-05,7262.99,Retention,Returning,Netherlands
4291,Spring Brand Push 2020,5,Jeffrey Herring,2024-11-05,2024-11-16,839.99,Brand,Churned,Netherlands
4292,BlackFriday Conversion Campaign 2022,2,Rebecca Prince,2023-11-28,2024-01-16,2391.48,Conversion,Churned,Egypt
4293,Holiday Awareness Push 2024,1,Felicia Henry,2023-06-10,2023-08-13,26487.98,Awareness,Returning,Canada
4294,Flash Conversion Campaign 2023,2,Nicholas Gordon,2021-05-21,2021-08-02,4978.9,Conversion,New,Mexico
4295,Spring Brand Drive 2021,1,Richard White,2021-12-26,2022-02-08,3593.34,Brand,At-Risk,Japan
4296,Retarget Awareness Push 2021,10,Mark Morgan,2023-03-13,2023-03-30,79477.97,Awareness,At-Risk,United Arab Emirates
4297,BlackFriday Brand Push 2019,1,Hunter Woods,2022-07-28,2022-08-31,634.13,Brand,All,Germany
4298,Flash Brand Push 2020,6,Kimberly Jensen,2024-03-09,2024-05-23,3028.79,Brand,New,Brazil
4299,,2,Yvette House,2024-05-20,2024-07-31,1201.71,Brand,All,Canada
4300,FLASH ACQUISITION DRIVE 2022,12,,2020-12-14,2020-12-23,3509.73,Acquisition,New,Mexico
4301,Loyalty Retention Sale 2021,15,,2021-05-23,2021-07-24,1012.4,Retention,All,Japan
4302,BlackFriday Brand Sale 2021,5,,2021-07-02,2021-08-22,4146.94,Brand,All,Saudi Arabia
4303,Winter Conversion Drive 2020,2,Nicholas Gordon,2021-08-06,2021-09-10,5882.51,Conversion,Churned,Mexico
4304,Clearance Acquisition Drive 2023,15,Willie Bowers,2021-12-19,2022-01-06,17072.5,Acquisition,All,Global
4305,Retarget Brand Push 2021,2,Angel Kent,2023-07-08,2023-09-21,12004.17,Brand,Churned,United Kingdom
4306,Launch Brand Campaign 2023,1,Eric Smith MD,2019-03-10,2019-03-23,5073.04,Brand,All,Italy
4307,Winter Brand Promo 2020,14,,2019-06-13,2019-06-30,2902.0,Brand,At-Risk,Global
4308,Winter Retention Sale 2024,7,Kimberly Jensen,2019-09-24,2019-11-29,14246.14,Retention,All,France
4309,BlackFriday Brand Push 2019,14,Jeffrey Herring,2023-03-22,2023-05-20,1243.68,Brand,At-Risk,United Kingdom
4310,NewYear Awareness Drive 2023,9,Isaiah Hall Jr.,2023-08-07,2023-09-27,4545.21,Awareness,Churned,France
4311,BlackFriday Awareness Drive 2021,5,,2024-03-04,2024-05-11,4792.4,Awareness,At-Risk,Philippines
4312,Prospecting Conversion Campaign 2021,12,,2021-11-11,2021-12-24,4267.15,Conversion,New,United Kingdom
4313,Holiday Awareness Sale 2023,4,Rachel Dickerson,2022-07-13,2022-07-28,2237.63,Awareness,All,South Africa
4314,,14,James Smith,2021-01-08,2021-03-31,3930.39,Retention,Churned,Indonesia
4315,,7,,2020-10-15,2020-11-29,1261.28,Acquisition,All,Netherlands
4316,Retarget Conversion Sale 2024,7,Angela Chandler,2024-05-31,2024-07-11,4872.71,Conversion,Churned,Egypt
4317,,14,Rachel Dickerson,2022-04-13,2022-04-29,9499.8,Brand,Churned,Philippines
4318,Summer Awareness Push 2024,1,,2022-02-27,2022-04-26,1031.69,Awareness,Returning,India
4319,Spring Brand Push 2024,5,,2020-02-14,2020-04-23,7980.06,Brand,All,Nigeria
4320,NewYear Brand Drive 2021,1,Gloria Keller,2019-08-09,2019-09-06,10610.83,Brand,At-Risk,South Africa
4321,Loyalty Acquisition Promo 2021,3,Isaiah Hall Jr.,2020-11-20,2021-01-13,3244.87,Acquisition,VIP,India
4322,BlackFriday Conversion Drive 2024,12,Carolyn Schultz,2024-10-03,2024-11-02,2217.94,Conversion,New,Brazil
4323,Winter Awareness Sale 2023,9,Hannah Matthews,2024-07-27,2024-10-24,4165.22,Awareness,VIP,Nigeria
4324,BlackFriday Brand Sale 2019,7,Eric Smith MD,2023-04-23,2023-06-16,6055.5,Brand,New,India
4325,NewYear Brand Promo 2019,10,Miguel Johnston,2022-01-11,2022-02-18,11270.89,Brand,Returning,India
4326,SUMMER CONVERSION DRIVE 2024,8,Nicholas Gordon,2019-08-16,2019-09-19,2635.24,Conversion,Churned,Nigeria
4327,Clearance Awareness Promo 2024,4,Tammy Bell,2021-05-20,2021-06-17,42603.61,Awareness,VIP,France
4328,Spring Acquisition Promo 2020,11,Julie Clark,2022-03-14,2022-04-22,6837.23,Acquisition,All,France
4329,Loyalty Acquisition Promo 2024,2,Miguel Johnston,2019-01-25,2019-04-03,4545.94,Acquisition,Churned,Italy
4330,Spring Retention Drive 2023,6,Jeffrey Herring,2020-06-23,2020-08-31,9200.64,Retention,Returning,Brazil
4331,Summer Awareness Campaign 2023,6,Chase Wolf,2019-10-20,2019-11-29,33790.98,Awareness,All,United Arab Emirates
4332,prospecting conversion drive 2024,13,Levi Stewart,2019-05-07,2019-06-22,4915.12,Conversion,Churned,Australia
4333,Summer Conversion Campaign 2024,10,Alexis Hale,2019-09-15,2019-11-30,9987.16,Conversion,Returning,South Africa
4334,NewYear Acquisition Promo 2019,7,Rebecca Simmons,2022-07-14,2022-09-15,5392.73,Acquisition,All,Australia
4335,Prospecting Acquisition Campaign 2023,10,Lori Delgado,2021-12-18,2022-02-17,1085.55,Acquisition,Returning,Global
4336,Launch Conversion Campaign 2023,11,Elizabeth Hill,2023-12-13,2024-01-16,10115.46,Conversion,At-Risk,United States
4337,NewYear Awareness Promo 2020,9,Dominic Bennett,2023-05-13,2023-06-06,35374.04,Awareness,All,France
4338,Holiday Acquisition Sale 2020,7,,2022-08-21,2022-10-25,4174.38,Acquisition,VIP,United States
4339,NewYear Awareness Push 2020,2,Alexis Hale,2024-03-02,2024-03-26,3793.83,Awareness,All,Netherlands
4340,holiday awareness promo 2019,12,Jason Fletcher,2024-08-25,2024-09-13,1225.26,Awareness,VIP,Netherlands
4341,Flash Conversion Drive 2024,8,Jessica Sanford,2019-06-05,2019-08-04,25206.73,Conversion,Returning,Nigeria
4342,Clearance Acquisition Drive 2023,2,Angela Dillon,2021-02-03,2021-04-19,512.61,Acquisition,At-Risk,United States
4343,Prospecting Awareness Promo 2021,9,Julie Clark,2023-08-02,2023-10-12,9755.79,Awareness,Returning,Saudi Arabia
4344,Launch Brand Sale 2019,15,Miguel Johnston,2022-12-14,2023-01-12,5734.46,Brand,All,France
4345,Retarget Acquisition Drive 2020,11,,2020-06-04,2020-07-23,29389.32,Acquisition,At-Risk,Egypt
4346,Retarget Acquisition Campaign 2023,14,Carolyn Schultz,2021-11-11,2022-01-06,777.95,Acquisition,VIP,Japan
4347,Spring Awareness Promo 2023,6,,2024-07-13,2024-05-18,6539.82,Awareness,Returning,Australia
4348,Launch Awareness Push 2021,3,Carolyn Schultz,2021-02-15,2021-03-29,4408.04,Awareness,At-Risk,Mexico
4349,Spring Conversion Drive 2024,11,,2020-06-15,2020-08-10,7674.39,Conversion,New,India
4350,Clearance Awareness Sale 2019,9,Rachel Wright,2023-10-15,2023-12-09,9147.68,Awareness,New,Italy
4351,Retarget Brand Push 2022,10,Eric Dodson Jr.,2024-02-03,2024-04-26,24511.38,Brand,VIP,United Arab Emirates
4352,Flash Awareness Drive 2020,2,Michael Lawrence,2022-06-06,2022-08-18,2848.97,Awareness,All,France
4353,Winter Acquisition Campaign 2021,10,Mark Harris,2019-07-02,2019-09-21,11233.74,Acquisition,Churned,Spain
4354,,1,Yolanda Wallace,2022-12-26,2023-03-07,9676.41,Conversion,VIP,Nigeria
4355,Summer Awareness Push 2024,13,Christine Harris,2023-08-02,2023-10-31,942.89,Awareness,Returning,Global
4356,Flash Conversion Drive 2019,1,Charles Torres,2019-01-27,2019-04-27,7443.32,Conversion,All,Italy
4357,NewYear Acquisition Sale 2019,15,Eric Smith MD,2021-06-27,2021-09-16,2332.01,Acquisition,At-Risk,Indonesia
4358,Spring Awareness Push 2023,5,Hannah Matthews,2020-02-01,2020-02-29,4573.79,Awareness,Churned,South Africa
4359,Loyalty Brand Sale 2020,9,Eric Smith MD,2023-03-27,2023-06-12,5320.6,Brand,Churned,South Africa
4360,Summer Retention Drive 2020,15,Daniel Bridges,2021-02-02,2021-02-20,6891.18,Retention,New,Netherlands
4361,Loyalty Conversion Push 2024,2,,2020-09-18,2020-10-21,11558.65,Conversion,All,Spain
4362,Flash Acquisition Drive 2022,1,Lori Delgado,2019-03-23,2019-06-02,7686.85,Acquisition,All,United Arab Emirates
4363,BlackFriday Brand Promo 2019,9,Carolyn Schultz,2019-11-02,2019-12-13,3298.28,Brand,Returning,Nigeria
4364,HOLIDAY AWARENESS PUSH 2024,3,Angel Kent,2024-05-26,2024-08-04,4495.58,Awareness,At-Risk,Italy
4365,,4,Chase Wolf,2022-11-12,2023-02-02,92071.46,Brand,New,South Africa
4366,Holiday Conversion Drive 2023,1,Tammy Bell,2023-10-16,2023-11-30,31126.08,Conversion,All,Brazil
4367,Clearance Brand Drive 2022,1,,2020-11-02,2020-12-21,1728.35,Brand,At-Risk,South Africa
4368,,12,Rachel Wright,2024-08-19,2024-09-10,7540.23,Conversion,Churned,United Kingdom
4369,Prospecting Brand Campaign 2023,2,John Lopez,2022-04-08,2022-06-13,3988.04,Brand,Returning,Indonesia
4370,Winter Acquisition Sale 2020,2,Robert Massey,2022-07-31,2022-09-25,21744.32,Acquisition,VIP,Indonesia
4371,BlackFriday Retention Campaign 2024,12,Jeffrey Herring,2019-11-09,2019-12-13,2351.98,Retention,New,France
4372,Winter Acquisition Push 2023,11,Daniel Bridges,2024-06-18,2024-08-26,503.9,Acquisition,Churned,Germany
4373,BlackFriday Awareness Push 2022,8,Chase Wolf,2020-12-29,2021-02-05,5492.56,Awareness,Returning,Nigeria
4374,Launch Conversion Drive 2024,14,Rachel Wright,2022-10-11,2022-10-29,4585.2,Conversion,New,Saudi Arabia
4375,Spring Brand Sale 2023,6,,2022-04-04,2022-05-08,17009.69,Brand,New,Mexico
4376,NewYear Retention Push 2022,2,Scott Taylor,2023-04-19,2023-02-13,1748.69,Retention,Returning,Spain
4377,,2,Jeffrey Herring,2024-02-21,2024-05-11,1950.11,Brand,VIP,Brazil
4378,Summer Awareness Sale 2021,2,Kevin Morris,2024-04-15,2024-07-08,9334.01,Awareness,All,Australia
4379,Winter Conversion Push 2019,13,Jennifer Obrien,2024-09-09,2024-12-06,2825.13,Conversion,Returning,France
4380,Retarget Brand Sale 2019,4,Daniel Bridges,2019-08-03,2019-09-06,1947.85,Brand,All,Netherlands
4381,Summer Acquisition Drive 2022,1,,2023-09-08,2023-11-25,16236.2,Acquisition,New,Indonesia
4382,Winter Awareness Promo 2021,5,Felicia Henry,2020-06-12,2020-09-05,7860.06,Awareness,At-Risk,Canada
4383,Flash Acquisition Sale 2024,14,Mary Rodriguez,2019-04-04,2019-06-09,8295.59,Acquisition,At-Risk,France
4384,  Spring Retention Sale 2022  ,15,,2021-06-17,2021-07-30,5107.74,Retention,VIP,United Kingdom
4385,Launch Brand Sale 2023,12,Angel Kent,2019-05-21,2019-06-23,11292.54,Brand,All,Egypt
4386,Holiday Acquisition Promo 2023,4,Lori Delgado,2022-02-17,2022-03-10,1816.99,Acquisition,At-Risk,Australia
4387,NewYear Acquisition Sale 2024,7,Levi Stewart,2019-03-13,2019-04-28,4951.78,Acquisition,Churned,Mexico
4388,Clearance Awareness Push 2020,7,Levi Stewart,2020-11-29,2021-01-21,3879.98,Awareness,All,Canada
4389,,13,Connie Costa,2021-11-03,2021-11-26,5240.14,Conversion,New,Philippines
4390,Holiday Retention Sale 2020,7,Scott Taylor,2022-08-18,2022-11-08,4241.75,Retention,Returning,Japan
4391,BlackFriday Retention Sale 2020,1,Stephanie Allen,2022-06-11,2022-07-13,35136.33,Retention,VIP,Philippines
4392,Flash Retention Promo 2024,11,Julie Clark,2024-06-18,2024-07-25,3174.7,Retention,Churned,United Kingdom
4393,Holiday Retention Drive 2023,4,,2019-02-08,2019-04-17,7201.14,Retention,VIP,India
4394,Winter Brand Drive 2019,4,Hannah Matthews,2019-10-21,2019-12-31,21549.22,Brand,New,United States
4395,  BlackFriday Brand Sale 2024  ,1,Jennifer Obrien,2022-08-22,2022-09-16,13359.46,Brand,All,Spain
4396,Summer Conversion Sale 2021,8,Chase Wolf,2022-02-05,2022-03-23,2901.83,Conversion,At-Risk,South Africa
4397,BlackFriday Awareness Campaign 2023,4,Rachel Dickerson,2019-03-22,2019-03-29,2986.55,Awareness,New,Brazil
4398,Retarget Conversion Promo 2023,10,Scott Taylor,2024-11-28,2025-01-20,2498.82,Conversion,Churned,Japan
4399,Retarget Conversion Push 2024,7,,2021-10-29,2021-11-17,3937.88,Conversion,Churned,Germany
4400,Summer Brand Push 2020,13,Sandra Ayala,2021-02-03,2021-03-03,27745.12,Brand,New,Germany
4401,Winter Conversion Drive 2023,7,,2024-02-18,2024-05-05,7135.18,Conversion,Churned,United States
4402,Loyalty Awareness Sale 2021,7,Alexis Hale,2021-07-02,2021-09-09,1852.79,Awareness,VIP,United Kingdom
4403,Winter Conversion Drive 2020,8,Mary Rodriguez,2021-05-05,2021-06-01,6377.5,Conversion,At-Risk,Netherlands
4404,Summer Conversion Promo 2019,8,Jennifer Obrien,2024-07-08,2024-07-27,3130.99,Conversion,At-Risk,Global
4405,Retarget Acquisition Drive 2024,3,Stephanie Allen,2019-04-18,2019-05-31,3193.14,Acquisition,Returning,Indonesia
4406,NewYear Retention Campaign 2021,11,Dominic Bennett,2022-02-26,2022-05-25,69486.66,Retention,Churned,Global
4407,Summer Acquisition Push 2024,8,Donna Nelson,2021-06-23,2021-06-30,2245.57,Acquisition,VIP,Saudi Arabia
4408,Summer Awareness Push 2019,8,Felicia Henry,2019-07-20,2019-09-08,1340.73,Awareness,Returning,Japan
4409,BlackFriday Retention Sale 2022,8,Jon Thomas,2021-04-25,2021-06-08,5576.16,Retention,Returning,Nigeria
4410,,2,Charles Torres,2024-08-05,2024-07-02,2662.82,Brand,New,Japan
4411,NewYear Brand Promo 2021,6,,2022-12-26,2023-03-14,1056.73,Brand,New,United Kingdom
4412,Summer Brand Campaign 2024,3,Elizabeth Hill,2019-12-21,2020-03-11,9595.45,Brand,VIP,Japan
4413,NewYear Acquisition Campaign 2022,8,Robert Jones,2020-09-20,2020-10-29,2285.52,Acquisition,Returning,Netherlands
4414,Loyalty Acquisition Promo 2021,12,Sandra Ayala,2021-08-14,2021-10-12,3706.49,Acquisition,All,Canada
4415,Summer Brand Drive 2019,1,Rebecca Simmons,2020-05-03,2020-05-30,13814.68,Brand,VIP,United Arab Emirates
4416,Winter Brand Promo 2019,1,Chase Wolf,2024-10-30,2024-12-31,1375.26,Brand,All,Japan
4417,Spring Awareness Push 2022,8,Christine Harris,2019-04-27,2019-05-04,2639.21,Awareness,At-Risk,Japan
4418,Summer Retention Campaign 2023,2,,2023-01-22,2023-02-19,4466.62,Retention,Returning,Egypt
4419,NewYear Conversion Push 2023,3,Hunter Woods,2021-09-06,2021-09-23,14344.98,Conversion,Returning,Mexico
4420,Clearance Awareness Campaign 2024,12,Richard White,2024-06-18,2024-07-18,3002.88,Awareness,Churned,United States
4421,NewYear Brand Promo 2019,15,,2023-06-19,2023-07-04,1530.81,Brand,At-Risk,Egypt
4422,Winter Awareness Campaign 2020,5,Julie Clark,2022-06-04,2022-08-07,2533.65,Awareness,Churned,United Kingdom
4423,BlackFriday Brand Drive 2020,6,Robert Massey,2020-02-26,2020-05-13,3983.49,Brand,New,Netherlands
4424,Holiday Brand Push 2020,4,Nicholas Gordon,2019-01-22,2019-04-17,2566.87,Brand,All,Spain
4425,Summer Awareness Drive 2020,10,,2024-04-15,2024-07-05,1927.25,Awareness,At-Risk,Global
4426,Flash Conversion Sale 2019,11,Debra Smith,2019-12-02,2019-12-16,2187.15,Conversion,At-Risk,Japan
4427,Prospecting Conversion Campaign 2022,7,Caitlin Edwards,2024-05-27,2024-08-03,12548.16,Conversion,At-Risk,Mexico
4428,NewYear Brand Campaign 2023,8,Robert Massey,2021-01-07,2021-02-25,3345.29,Brand,New,Saudi Arabia
4429,summer conversion sale 2022,5,Judy Lopez,2023-09-05,2023-10-21,79691.0,Conversion,Returning,Philippines
4430,Spring Brand Promo 2020,10,,2022-12-07,2022-12-15,13119.07,Brand,Churned,Philippines
4431,Launch Acquisition Campaign 2019,15,David Zuniga,2020-01-18,2020-01-26,47978.93,Acquisition,Returning,South Africa
4432,Winter Conversion Promo 2019,6,Julie Clark,2023-09-17,2023-11-30,3966.39,Conversion,All,France
4433,Spring Conversion Sale 2022,6,Julie Clark,2021-11-08,2021-12-08,67855.75,Conversion,All,Saudi Arabia
4434,NewYear Retention Drive 2021,13,,2022-09-28,2022-12-12,9546.83,Retention,New,Philippines
4435,Summer Brand Promo 2024,13,,2024-10-29,2025-01-11,2265.16,Brand,Returning,Indonesia
4436,NewYear Awareness Push 2024,13,Jeffrey Herring,2024-07-15,2024-09-15,1819.24,Awareness,At-Risk,Brazil
4437,Prospecting Awareness Drive 2020,15,Connie Costa,2021-11-30,2021-12-13,3583.59,Awareness,Returning,Saudi Arabia
4438,BlackFriday Brand Sale 2024,15,Yvette House,2022-01-15,2022-03-18,4261.83,Brand,All,Nigeria
4439,Loyalty Retention Push 2021,8,Sandra Kim,2020-12-06,2020-12-21,4314.79,Retention,Churned,Global
4440,NewYear Awareness Sale 2021,2,Alexis Hale,2022-11-12,2023-01-20,4996.24,Awareness,New,Philippines
4441,Loyalty Awareness Promo 2019,8,,2022-09-09,2022-10-23,3550.59,Awareness,VIP,Egypt
4442,Summer Conversion Campaign 2019,15,Angela Dillon,2023-03-28,2023-04-18,3767.67,Conversion,VIP,Brazil
4443,Flash Retention Campaign 2022,9,Sandra Ayala,2023-12-27,2024-03-13,3457.82,Retention,All,Japan
4444,Prospecting Awareness Promo 2019,4,Isaiah Hall Jr.,2022-08-24,2022-10-17,6262.02,Awareness,At-Risk,Nigeria
4445,NewYear Brand Drive 2019,7,Robert Jones,2019-05-17,2019-07-22,24037.63,Brand,Churned,Australia
4446,Spring Retention Campaign 2020,10,Connie Costa,2019-12-30,2020-01-27,9558.3,Retention,All,Nigeria
4447,BlackFriday Acquisition Push 2023,4,Yolanda Wallace,2020-05-08,2020-05-20,6538.65,Acquisition,Returning,Global
4448,Loyalty Awareness Sale 2023,10,Hannah Matthews,2019-09-11,2019-11-09,1686.82,Awareness,At-Risk,United Arab Emirates
4449,BlackFriday Awareness Sale 2021,11,Eric Smith MD,2020-12-14,2021-01-19,26818.68,Awareness,VIP,India
4450,Flash Retention Drive 2020,1,Judy Lopez,2020-01-12,2020-02-17,35860.83,Retention,Returning,Philippines
4451,Clearance Brand Campaign 2023,13,Miguel Johnston,2022-07-12,2022-09-27,3307.65,Brand,New,Global
4452,Summer Retention Promo 2022,11,Miguel Johnston,2023-11-21,2024-02-16,6087.19,Retention,New,Philippines
4453,Summer Retention Push 2022,2,Eric Smith MD,2020-01-09,2020-02-19,6316.64,Retention,Returning,Brazil
4454,Clearance Acquisition Promo 2019,7,Elizabeth Hill,2022-05-27,2022-06-30,7087.27,Acquisition,At-Risk,Brazil
4455,Winter Awareness Push 2019,9,Daniel Bridges,2022-12-20,2023-03-04,4521.81,Awareness,VIP,India
4456,Holiday Awareness Promo 2021,5,Scott Taylor,2020-01-13,2020-03-21,915.26,Awareness,All,Germany
4457,Prospecting Retention Drive 2020,13,Mark Harris,2023-07-24,2023-09-21,2036.21,Retention,New,Canada
4458,Clearance Conversion Campaign 2019,2,Mary Rodriguez,2020-07-07,2020-08-04,6511.7,Conversion,New,Netherlands
4459,Clearance Conversion Drive 2023,4,Kimberly Jensen,2019-08-31,2019-10-06,6036.13,Conversion,All,Egypt
4460,BlackFriday Awareness Promo 2023,5,,2022-07-04,2022-08-24,3119.72,Awareness,At-Risk,Japan
4461,Winter Acquisition Sale 2022,8,Jason Fletcher,2024-01-19,2024-03-16,12291.06,Acquisition,Churned,Saudi Arabia
4462,Spring Brand Campaign 2024,6,Jennifer Obrien,2020-06-21,2020-07-27,6532.28,Brand,At-Risk,Global
4463,Summer Awareness Drive 2022,12,Scott Taylor,2023-01-17,2023-04-16,1646.56,Awareness,Churned,Indonesia
4464,Launch Acquisition Push 2020,5,,2024-01-02,2024-01-24,1857.12,Acquisition,VIP,Saudi Arabia
4465,Clearance Conversion Drive 2020,11,Isaiah Hall Jr.,2020-10-01,2020-10-21,5449.45,Conversion,At-Risk,Egypt
4466,Summer Retention Drive 2021,15,Rebecca Simmons,2023-07-24,2023-08-06,14929.64,Retention,All,Mexico
4467,Launch Awareness Drive 2023,15,Levi Stewart,2021-03-05,2021-03-28,9322.08,Awareness,VIP,Japan
4468,Launch Acquisition Drive 2019,7,Carolyn Schultz,2020-05-22,2020-06-19,1406.64,Acquisition,At-Risk,Canada
4469,BlackFriday Acquisition Campaign 2020,8,Levi Stewart,2019-07-04,2019-09-18,4411.5,Acquisition,At-Risk,India
4470,Holiday Retention Sale 2024,13,Jon Thomas,2022-03-06,2022-05-24,16467.5,Retention,Returning,Canada
4471,HOLIDAY AWARENESS CAMPAIGN 2024,9,Robert Jones,2023-08-29,2023-09-22,9618.38,Awareness,Returning,Philippines
4472,Launch Acquisition Sale 2024,12,Gloria Keller,2021-02-19,2021-04-10,14804.91,Acquisition,New,Global
4473,Retarget Awareness Drive 2024,4,,2020-08-02,2020-09-07,9624.63,Awareness,VIP,Philippines
4474,Flash Awareness Promo 2022,2,Yolanda Wallace,2022-03-26,2022-05-24,3213.74,Awareness,VIP,Philippines
4475,Holiday Retention Drive 2023,3,Sandra Kim,2019-05-05,2019-07-03,6270.06,Retention,Churned,Germany
4476,Prospecting Acquisition Campaign 2022,4,Judy Lopez,2023-10-26,2023-11-18,19863.58,Acquisition,All,Australia
4477,Prospecting Retention Drive 2021,11,Yvette House,2023-12-02,2024-02-18,4498.93,Retention,New,Egypt
4478,Retarget Acquisition Drive 2024,6,Richard White,2022-05-25,2022-07-17,716.54,Acquisition,All,South Africa
4479,SUMMER ACQUISITION PUSH 2022,9,,2023-05-11,2023-06-12,22457.46,Acquisition,At-Risk,Nigeria
4480,Summer Retention Push 2021,2,Julie Clark,2020-08-05,2020-10-15,10199.36,Retention,VIP,Canada
4481,Launch Retention Campaign 2019,15,Jennifer Obrien,2021-07-14,2021-07-22,2263.64,Retention,Returning,South Africa
4482,Loyalty Conversion Sale 2021,8,Kimberly Jensen,2021-05-13,2021-06-09,42070.35,Conversion,At-Risk,Mexico
4483,Winter Brand Sale 2019,9,Charles Torres,2024-11-02,2024-11-12,23740.42,Brand,Returning,Philippines
4484,Clearance Retention Drive 2023,2,Daniel Bridges,2023-12-12,2024-01-10,1842.56,Retention,Churned,South Africa
4485,Clearance Acquisition Drive 2021,11,Stephanie Allen,2020-06-07,2020-07-12,2398.97,Acquisition,Churned,Global
4486,,9,Connie Costa,2023-12-26,2024-01-09,1220.3,Conversion,Churned,France
4487,Clearance Acquisition Drive 2019,13,Yvette House,2021-02-15,2021-03-29,5449.16,Acquisition,At-Risk,Philippines
4488,Loyalty Acquisition Promo 2021,6,Julie Clark,2022-10-11,2022-12-10,2411.01,Acquisition,Churned,South Africa
4489,Holiday Acquisition Push 2022,12,Levi Stewart,2021-02-28,2021-05-02,75786.52,Acquisition,Returning,Global
4490,Flash Brand Sale 2019,5,Scott Taylor,2019-02-06,2019-02-23,3562.25,Brand,VIP,Italy
4491,Holiday Acquisition Sale 2024,13,Rebecca Prince,2023-12-03,2024-01-28,599.41,Acquisition,At-Risk,Saudi Arabia
4492,Retarget Awareness Drive 2024,1,,2020-12-27,2021-02-21,5067.41,Awareness,At-Risk,United Kingdom
4493,Prospecting Conversion Sale 2023,2,,2020-06-11,2020-07-07,2435.57,Conversion,Churned,United States
4494,Clearance Conversion Sale 2022,5,,2021-12-01,2021-12-28,22086.63,Conversion,New,Saudi Arabia
4495,Spring Retention Promo 2020,4,,2019-03-25,2019-05-28,58400.8,Retention,VIP,South Africa
4496,Spring Retention Push 2019,6,Rebecca Prince,2024-03-04,2024-05-07,5296.14,Retention,Churned,Global
4497,Prospecting Retention Sale 2024,9,Kimberly Jensen,2021-12-16,2022-01-20,16211.37,Retention,Returning,Netherlands
4498,Summer Retention Campaign 2023,8,Nicholas Gordon,2021-10-01,2021-11-01,1983.99,Retention,Churned,Global
4499,Retarget Conversion Sale 2021,11,Chase Wolf,2019-03-09,2019-04-15,5696.19,Conversion,At-Risk,Saudi Arabia
4500,Summer Brand Campaign 2022,10,Rachel Dickerson,2022-06-09,2022-08-15,2638.48,Brand,VIP,Canada
4501,Loyalty Retention Drive 2022,12,Jon Thomas,2023-05-01,2023-07-29,2541.66,Retention,Returning,Italy
4502,Retarget Acquisition Push 2023,7,Kimberly Jensen,2019-09-07,2019-10-31,4934.47,Acquisition,At-Risk,Canada
4503,BlackFriday Brand Promo 2022,15,,2023-09-03,2023-10-23,2296.97,Brand,At-Risk,Netherlands
4504,Launch Retention Promo 2020,8,Willie Bowers,2019-07-25,2019-08-18,1484.39,Retention,All,Indonesia
4505,Launch Conversion Push 2019,5,Christine Harris,2024-03-14,2024-03-30,1336.61,Conversion,Churned,South Africa
4506,Clearance Acquisition Promo 2023,15,Gloria Keller,2023-09-11,2023-11-26,1794.01,Acquisition,Churned,Australia
4507,Flash Brand Sale 2022,4,,2023-07-14,2023-08-06,5530.47,Brand,VIP,Mexico
4508,Spring Awareness Promo 2024,6,Caitlin Edwards,2024-11-12,2025-01-07,2674.11,Awareness,At-Risk,Global
4509,Winter Acquisition Campaign 2023,1,Miguel Johnston,2023-03-07,2023-05-19,14049.15,Acquisition,Returning,Indonesia
4510,launch brand drive 2024,6,Robert Jones,2019-01-06,2019-01-22,5319.73,Brand,At-Risk,Germany
4511,Holiday Awareness Campaign 2020,12,,2020-02-21,2020-04-20,2789.58,Awareness,Returning,Australia
4512,Summer Conversion Push 2021,10,Caitlin Edwards,2020-05-26,2020-08-06,16512.96,Conversion,All,United States
4513,Clearance Acquisition Promo 2019,5,Derek Lowe,2023-10-09,2024-01-04,2569.95,Acquisition,Returning,Italy
4514,Summer Brand Drive 2023,10,Elizabeth Hill,2021-03-20,2021-05-14,927.24,Brand,VIP,United Arab Emirates
4515,,14,,2021-06-27,2021-07-17,6645.85,Awareness,Churned,Philippines
4516,Clearance Awareness Drive 2021,8,,2021-06-27,2021-09-21,837.68,Awareness,Returning,Canada
4517,Loyalty Acquisition Promo 2021,4,Levi Stewart,2019-02-09,2019-03-09,8516.42,Acquisition,All,Nigeria
4518,loyalty conversion promo 2021,13,Richard White,2019-04-16,2019-06-07,5782.64,Conversion,New,Canada
4519,NewYear Retention Campaign 2023,15,Rachel Dickerson,2020-11-06,2020-12-29,4602.9,Retention,VIP,Nigeria
4520,Flash Brand Push 2019,5,Stephanie Allen,2019-04-03,2019-03-08,9040.8,Brand,Churned,Canada
4521,Retarget Retention Sale 2024,1,,2024-03-31,2024-05-20,3392.27,Retention,At-Risk,United Kingdom
4522,NewYear Conversion Campaign 2024,14,Sandra Ayala,2023-01-03,2023-03-17,5017.53,Conversion,All,Global
4523,Winter Conversion Sale 2022,13,Willie Bowers,2024-11-07,2025-01-04,4308.3,Conversion,New,United States
4524,Flash Retention Sale 2022,12,Christine Harris,2024-06-08,2024-06-23,2720.34,Retention,All,United Arab Emirates
4525,Clearance Awareness Campaign 2022,4,Jennifer Obrien,2020-12-07,2020-12-16,10400.87,Awareness,All,Australia
4526,Prospecting Conversion Promo 2022,5,,2019-01-16,2019-04-09,3048.26,Conversion,At-Risk,Philippines
4527,Winter Brand Promo 2023,2,Sandra Ayala,2024-07-15,2024-08-20,5373.36,Brand,All,Spain
4528,Clearance Brand Promo 2023,14,,2019-12-26,2020-02-13,21609.4,Brand,VIP,Mexico
4529,Flash Awareness Drive 2019,7,Michael Lawrence,2020-01-12,2020-02-22,24112.4,Awareness,Returning,Italy
4530,Holiday Conversion Push 2022,1,Scott Taylor,2024-09-30,2024-12-13,3091.39,Conversion,Churned,Australia
4531,loyalty conversion drive 2024,14,Angel Kent,2019-04-28,2019-07-19,900.92,Conversion,At-Risk,Spain
4532,Launch Awareness Sale 2023,12,Jessica Sanford,2022-05-10,2022-07-15,7925.8,Awareness,VIP,South Africa
4533,BlackFriday Awareness Sale 2020,9,Samuel Smith,2019-06-16,2019-09-12,989.31,Awareness,New,India
4534,BlackFriday Acquisition Drive 2023,7,Mark Morgan,2021-04-17,2021-05-27,5421.02,Acquisition,VIP,Germany
4535,winter retention drive 2024,3,Donna Nelson,2020-08-20,2020-09-26,2994.45,Retention,At-Risk,Indonesia
4536,Spring Acquisition Drive 2023,1,Sandra Ayala,2023-07-02,2023-07-11,15761.5,Acquisition,Churned,Global
4537,BlackFriday Conversion Push 2023,12,Daniel Bridges,2021-05-11,2021-06-07,1167.76,Conversion,New,India
4538,NewYear Conversion Campaign 2022,5,,2024-07-17,2024-10-10,1371.82,Conversion,Churned,United States
4539,Clearance Awareness Push 2021,15,Charles Torres,2020-05-14,2020-07-11,13443.36,Awareness,At-Risk,Saudi Arabia
4540,Holiday Acquisition Sale 2019,8,Felicia Henry,2021-03-30,2021-06-27,11146.81,Acquisition,Returning,Italy
4541,Launch Retention Push 2020,6,Mark Morgan,2020-09-24,2020-10-10,13647.1,Retention,All,Egypt
4542,BlackFriday Awareness Sale 2021,2,Julie Clark,2024-05-07,2024-07-04,6191.93,Awareness,At-Risk,Netherlands
4543,Clearance Retention Drive 2021,8,Rachel Dickerson,2024-08-22,2024-11-11,2754.84,Retention,All,Global
4544,Prospecting Acquisition Push 2020,4,John Lopez,2020-02-16,2020-05-09,5518.92,Acquisition,At-Risk,Nigeria
4545,Winter Retention Drive 2023,4,,2019-01-17,2019-03-25,4799.37,Retention,VIP,United Arab Emirates
4546,Loyalty Retention Sale 2019,13,Miguel Johnston,2021-10-24,2021-11-16,28275.78,Retention,New,Indonesia
4547,BlackFriday Conversion Sale 2019,5,Mary Rodriguez,2023-02-02,2023-03-01,15210.01,Conversion,Churned,Indonesia
4548,BlackFriday Conversion Push 2022,15,Rachel Wright,2019-09-19,2019-12-02,8401.96,Conversion,Returning,Spain
4549,Clearance Brand Campaign 2022,14,Willie Bowers,2023-09-12,2023-10-24,7880.11,Brand,New,Brazil
4550,Flash Retention Campaign 2024,11,John Lopez,2020-09-29,2020-12-14,5648.94,Retention,Churned,Italy
4551,Loyalty Brand Drive 2020,14,,2021-10-02,2021-12-25,1816.97,Brand,New,South Africa
4552,Launch Retention Campaign 2021,13,Connie Costa,2023-05-15,2023-08-02,4806.9,Retention,New,Japan
4553,Prospecting Brand Push 2020,2,Hannah Matthews,2019-04-10,2019-06-30,38501.17,Brand,New,Indonesia
4554,Summer Brand Promo 2023,5,Carolyn Schultz,2023-07-06,2023-08-19,11818.92,Brand,VIP,Netherlands
4555,Clearance Acquisition Sale 2019,5,Mark Morgan,2022-07-28,2022-08-21,460.83,Acquisition,VIP,Japan
4556,Prospecting Conversion Push 2020,5,Kimberly Jensen,2022-10-08,2022-12-25,5303.87,Conversion,At-Risk,Canada
4557,NewYear Brand Promo 2023,1,Kevin Morris,2021-02-21,2021-05-22,5241.98,Brand,Returning,Saudi Arabia
4558,Summer Conversion Campaign 2022,8,Hannah Matthews,2022-04-12,2022-04-30,14383.57,Conversion,Churned,Brazil
4559,BlackFriday Awareness Campaign 2024,10,,2022-07-16,2022-07-23,4175.29,Awareness,Returning,Netherlands
4560,Launch Acquisition Sale 2020,9,Connie Costa,2023-03-14,2023-04-30,10468.39,Acquisition,At-Risk,South Africa
4561,Prospecting Brand Sale 2020,10,Eric Smith MD,2019-01-13,2019-01-22,4682.21,Brand,Churned,Global
4562,Launch Conversion Campaign 2024,11,Kimberly Jensen,2023-11-29,2024-02-02,1936.43,Conversion,New,Nigeria
4563,Winter Awareness Push 2022,6,Willie Bowers,2023-10-25,2024-01-23,5408.88,Awareness,All,Indonesia
4564,Retarget Brand Push 2024,4,Hannah Matthews,2021-06-11,2021-08-07,3159.16,Brand,At-Risk,Indonesia
4565,Prospecting Retention Promo 2021,15,Jason Fletcher,2021-08-10,2021-10-06,9217.08,Retention,Returning,Canada
4566,Clearance Retention Sale 2023,13,Rebecca Simmons,2023-10-14,2023-12-11,4677.39,Retention,Returning,Italy
4567,prospecting retention drive 2020,7,Christine Harris,2022-10-10,2022-10-25,20206.16,Retention,At-Risk,Brazil
4568,Launch Acquisition Campaign 2024,13,Sandra Ayala,2019-12-06,2020-02-19,25444.22,Acquisition,New,Brazil
4569,Spring Acquisition Campaign 2021,1,Debra Smith,2021-06-20,2021-08-04,16328.47,Acquisition,All,Indonesia
4570,BlackFriday Retention Sale 2021,9,Angela Chandler,2020-05-03,2020-06-11,5446.99,Retention,At-Risk,Spain
4571,Loyalty Conversion Campaign 2020,6,Mark Morgan,2022-07-16,2022-07-26,6888.66,Conversion,VIP,Brazil
4572,BlackFriday Conversion Push 2024,7,Rebecca Prince,2019-07-08,2019-08-16,38074.97,Conversion,Churned,Global
4573,Winter Conversion Push 2021,6,Yvette House,2023-09-25,2023-12-24,5193.92,Conversion,At-Risk,Spain
4574,Launch Awareness Sale 2023,3,Alexis Hale,2020-05-30,2020-06-15,9351.65,Awareness,All,Australia
4575,Loyalty Brand Push 2019,14,Tammy Bell,2020-01-29,2020-03-08,1908.24,Brand,Churned,Australia
4576,Summer Awareness Drive 2021,9,,2019-08-25,2019-09-03,12145.93,Awareness,VIP,Brazil
4577,,14,Samuel Smith,2022-11-10,2023-02-06,1993.33,Retention,VIP,Spain
4578,Loyalty Retention Campaign 2020,9,Eric Dodson Jr.,2019-03-02,2019-03-14,28538.86,Retention,New,Canada
4579,Holiday Acquisition Push 2019,10,Derek Lowe,2023-03-03,2023-04-19,1950.22,Acquisition,Returning,Japan
4580,Winter Conversion Promo 2023,1,Stephanie Allen,2023-10-09,2023-12-13,3879.94,Conversion,VIP,South Africa
4581,Prospecting Conversion Push 2024,12,Kevin Morris,2024-10-02,2024-12-02,6545.24,Conversion,Churned,Italy
4582,Retarget Awareness Push 2021,14,Kimberly Jensen,2023-08-20,2023-10-23,7662.64,Awareness,All,Philippines
4583,Holiday Acquisition Push 2021,12,Julie Clark,2021-03-24,2021-05-12,5596.4,Acquisition,At-Risk,Indonesia
4584,summer acquisition sale 2024,5,Rachel Wright,2024-11-18,2024-12-29,10299.62,Acquisition,VIP,United Arab Emirates
4585,Flash Retention Sale 2021,8,,2019-04-28,2019-05-27,3952.61,Retention,Churned,Egypt
4586,BlackFriday Retention Sale 2021,1,Jeffrey Herring,2021-06-14,2021-07-18,4058.61,Retention,New,Saudi Arabia
4587,Retarget Awareness Campaign 2021,5,Donna Nelson,2023-05-24,2023-07-01,16922.3,Awareness,All,Australia
4588,NewYear Retention Push 2022,11,Sandra Ayala,2019-02-16,2019-03-27,2975.25,Retention,All,Italy
4589,BlackFriday Conversion Campaign 2022,6,Isaiah Hall Jr.,2020-09-29,2020-10-14,446.73,Conversion,Returning,United Kingdom
4590,BlackFriday Brand Campaign 2022,4,Kevin Morris,2019-12-29,2020-01-27,3406.68,Brand,At-Risk,Mexico
4591,Winter Awareness Drive 2024,5,Rebecca Prince,2020-02-22,2020-05-04,2145.05,Awareness,Churned,Australia
4592,Loyalty Brand Sale 2019,12,Tammy Bell,2024-03-24,2024-05-08,3474.69,Brand,All,India
4593,Holiday Conversion Promo 2019,14,Donna Nelson,2021-08-09,2021-11-05,4810.42,Conversion,VIP,Australia
4594,spring retention drive 2019,6,,2020-09-13,2020-11-13,1688.6,Retention,All,Global
4595,prospecting retention drive 2024,1,,2022-12-06,2023-01-13,4584.96,Retention,Churned,Japan
4596,NewYear Retention Sale 2022,12,Julie Clark,2022-06-07,2022-07-16,5699.01,Retention,New,Netherlands
4597,Loyalty Conversion Sale 2022,11,,2021-04-20,2021-03-04,6124.91,Conversion,New,Egypt
4598,Spring Brand Promo 2021,12,,2019-07-04,2019-08-24,1170.82,Brand,All,United Arab Emirates
4599,Flash Conversion Promo 2019,13,Daniel Bridges,2020-12-29,2021-01-21,11436.7,Conversion,New,Spain
4600,Retarget Awareness Campaign 2020,10,,2019-11-23,2019-12-12,12615.62,Awareness,Churned,Egypt
4601,Clearance Brand Push 2023,13,,2023-03-22,2023-05-24,3681.62,Brand,Returning,United Arab Emirates
4602,Holiday Awareness Sale 2024,4,Hannah Matthews,2024-02-10,2024-04-25,4990.98,Awareness,VIP,Spain
4603,Loyalty Acquisition Promo 2019,5,John Lopez,2022-09-10,2022-10-03,8672.07,Acquisition,Churned,United States
4604,BlackFriday Conversion Sale 2024,12,Anthony Rasmussen,2022-08-28,2022-11-17,24871.0,Conversion,Returning,India
4605,NewYear Brand Sale 2022,2,Kimberly Jensen,2023-12-12,2024-02-28,1429.96,Brand,At-Risk,Brazil
4606,Retarget Conversion Push 2022,1,Angela Dillon,2023-02-08,2023-02-18,13476.98,Conversion,New,Brazil
4607,Retarget Conversion Push 2019,13,Richard White,2023-01-04,2023-03-31,4371.28,Conversion,Returning,Spain
4608,NewYear Awareness Promo 2023,3,Jason Fletcher,2021-01-21,2021-03-16,648.7,Awareness,All,Egypt
4609,Spring Retention Drive 2024,15,Gloria Keller,2021-04-30,2021-07-23,4286.42,Retention,At-Risk,Egypt
4610,Prospecting Conversion Campaign 2022,7,Dominic Bennett,2019-09-21,2019-10-26,6745.37,Conversion,Returning,Indonesia
4611,Loyalty Brand Promo 2024,4,Sandra Ayala,2022-02-12,2022-02-28,1851.2,Brand,New,Philippines
4612,Winter Conversion Drive 2020,11,Jessica Sanford,2024-08-01,2024-10-12,956.27,Conversion,VIP,Netherlands
4613,Launch Retention Push 2024,9,Carolyn Schultz,2022-02-03,2022-04-18,1653.09,Retention,New,Philippines
4614,Spring Retention Drive 2023,6,Julie Clark,2023-02-28,2023-05-23,16644.15,Retention,At-Risk,South Africa
4615,Retarget Awareness Sale 2023,4,Rachel Wright,2023-12-29,2024-03-22,8903.46,Awareness,Churned,Italy
4616,Retarget Conversion Drive 2022,14,Alexis Hale,2022-02-06,2022-04-20,7954.82,Conversion,VIP,Spain
4617,Clearance Awareness Promo 2021,13,Charles Torres,2023-10-11,2023-12-10,1147.76,Awareness,Returning,United Arab Emirates
4618,Retarget Retention Campaign 2022,11,Jeffrey Herring,2019-09-07,2019-10-10,10968.45,Retention,Returning,Netherlands
4619,Retarget Brand Drive 2023,2,Mark Morgan,2023-10-29,2023-12-20,9075.02,Brand,Churned,Netherlands
4620,Summer Conversion Drive 2022,14,Rachel Wright,2022-04-11,2022-04-22,9438.1,Conversion,All,France
4621,NewYear Retention Push 2020,1,Levi Stewart,2020-06-22,2020-07-31,11094.12,Retention,At-Risk,Philippines
4622,Clearance Awareness Promo 2023,15,,2021-10-28,2022-01-17,11957.03,Awareness,New,Global
4623,Launch Conversion Promo 2019,7,Kimberly Jensen,2019-08-17,2019-10-26,2259.23,Conversion,Returning,Indonesia
4624,Spring Awareness Promo 2024,3,Stephanie Allen,2024-02-14,2024-03-24,4063.32,Awareness,VIP,United States
4625,Holiday Retention Sale 2020,11,Willie Bowers,2019-09-02,2019-11-09,13404.76,Retention,New,Saudi Arabia
4626,Prospecting Brand Sale 2023,11,David Zuniga,2019-05-25,2019-06-09,5923.4,Brand,Returning,United Kingdom
4627,flash acquisition campaign 2023,13,,2019-12-18,2020-01-17,1655.97,Acquisition,Churned,Global
4628,Loyalty Retention Promo 2022,2,Mary Rodriguez,2020-07-22,2020-08-14,7334.56,Retention,At-Risk,Canada
4629,Flash Retention Campaign 2022,11,John Lopez,2019-12-06,2020-02-12,967.08,Retention,New,United States
4630,holiday brand promo 2022,8,Richard White,2023-02-25,2023-04-29,6633.61,Brand,VIP,Italy
4631,Prospecting Acquisition Sale 2022,6,Dominic Bennett,2021-12-18,2022-01-25,3214.8,Acquisition,New,India
4632,Winter Awareness Campaign 2022,1,Derek Lowe,2024-11-18,2025-02-14,1818.02,Awareness,Churned,Brazil
4633,NewYear Awareness Push 2024,3,Willie Bowers,2024-03-31,2024-04-12,8855.9,Awareness,New,Nigeria
4634,Prospecting Awareness Campaign 2019,5,Donna Nelson,2024-09-18,2024-11-12,1888.04,Awareness,All,Mexico
4635,Launch Awareness Campaign 2023,4,,2021-08-07,2021-09-20,2768.15,Awareness,Returning,Saudi Arabia
4636,Winter Acquisition Campaign 2022,14,,2019-06-10,2019-07-04,783.3,Acquisition,Returning,France
4637,Flash Conversion Promo 2019,14,John Lopez,2022-12-24,2023-03-01,3191.43,Conversion,New,United Kingdom
4638,Flash Awareness Sale 2024,7,Angel Kent,2020-03-16,2020-05-20,41918.58,Awareness,All,Brazil
4639,Launch Retention Drive 2024,8,Donna Nelson,2019-06-10,2019-09-04,2043.69,Retention,Returning,Canada
4640,Launch Awareness Sale 2024,5,Levi Stewart,2023-05-21,2023-06-04,11716.21,Awareness,At-Risk,Australia
4641,,13,Hunter Woods,2024-04-19,2024-05-28,707.31,Brand,At-Risk,Indonesia
4642,Prospecting Brand Sale 2024,13,Elizabeth Hill,2024-03-27,2024-04-16,8922.52,Brand,All,Germany
4643,Prospecting Awareness Promo 2023,8,Jason Fletcher,2020-07-23,2020-09-18,9834.9,Awareness,VIP,Netherlands
4644,Prospecting Retention Promo 2023,11,Dominic Bennett,2022-05-24,2022-08-19,1833.63,Retention,VIP,Netherlands
4645,Clearance Conversion Drive 2022,13,,2024-06-15,2024-07-20,2528.58,Conversion,All,Brazil
4646,Prospecting Retention Promo 2020,7,Stephanie Allen,2023-01-14,2023-04-06,1003.75,Retention,All,Mexico
4647,Loyalty Retention Sale 2022,13,Caitlin Edwards,2021-05-19,2021-05-28,8180.39,Retention,Churned,Indonesia
4648,Loyalty Brand Push 2022,12,Isaiah Hall Jr.,2020-11-25,2021-02-01,18812.12,Brand,Churned,Japan
4649,NewYear Retention Push 2019,9,Sandra Ayala,2024-05-09,2024-05-21,10449.93,Retention,Churned,United States
4650,Holiday Conversion Push 2022,5,,2020-11-17,2020-12-21,2758.48,Conversion,New,Mexico
4651,Spring Brand Sale 2020,10,Carolyn Schultz,2019-04-26,2019-07-01,16789.65,Brand,New,United States
4652,Flash Acquisition Campaign 2022,1,James Smith,2021-01-30,2021-03-21,1422.82,Acquisition,VIP,Netherlands
4653,Prospecting Acquisition Drive 2019,6,Angel Kent,2023-05-19,2023-07-02,3476.8,Acquisition,All,Canada
4654,Launch Acquisition Push 2021,7,,2019-01-11,2019-01-28,2944.18,Acquisition,New,Nigeria
4655,Retarget Acquisition Push 2023,14,Anthony Rasmussen,2020-07-03,2020-08-03,7721.62,Acquisition,VIP,South Africa
4656,Clearance Awareness Push 2023,3,Felicia Henry,2024-04-13,2024-05-18,1551.6,Awareness,All,Brazil
4657,Launch Awareness Sale 2022,14,Carolyn Schultz,2022-11-04,2022-12-14,3778.63,Awareness,Churned,Global
4658,Launch Awareness Drive 2021,11,Chase Wolf,2023-09-15,2023-11-15,6194.43,Awareness,All,Canada
4659,NewYear Acquisition Drive 2020,2,Lori Delgado,2024-07-09,2024-08-23,18522.5,Acquisition,VIP,Brazil
4660,NewYear Retention Campaign 2021,1,Mary Rodriguez,2021-05-21,2021-07-28,2284.37,Retention,Returning,Canada
4661,Clearance Acquisition Sale 2021,2,Sandra Kim,2024-05-12,2024-07-09,3071.05,Acquisition,Churned,Germany
4662,Launch Brand Sale 2020,1,Alexis Hale,2021-09-24,2021-11-28,3696.16,Brand,At-Risk,Italy
4663,Spring Conversion Sale 2021,4,,2021-04-16,2021-05-12,3303.44,Conversion,At-Risk,Nigeria
4664,Winter Retention Sale 2022,4,Jeffrey Herring,2020-03-21,2020-05-24,4114.98,Retention,New,Spain
4665,Launch Retention Campaign 2019,9,John Lopez,2024-05-08,2024-03-09,5302.03,Retention,All,Japan
4666,Clearance Conversion Push 2022,2,James Smith,2019-09-02,2019-11-25,2115.57,Conversion,VIP,Italy
4667,NewYear Brand Push 2019,9,Stephanie Allen,2022-12-23,2023-02-27,9597.98,Brand,VIP,Australia
4668,NewYear Acquisition Campaign 2024,6,Mark Morgan,2021-09-03,2021-10-28,4492.71,Acquisition,Churned,Philippines
4669,Retarget Brand Campaign 2023,14,Chase Wolf,2022-02-24,2022-05-03,1497.15,Brand,Returning,Philippines
4670,,6,Levi Stewart,2024-01-27,2024-03-02,11386.8,Awareness,All,Australia
4671,Retarget Acquisition Campaign 2021,11,Isaiah Hall Jr.,2022-12-07,2022-12-17,48709.0,Acquisition,New,Mexico
4672,Loyalty Awareness Promo 2023,11,Chase Wolf,2022-02-02,2022-05-02,11157.88,Awareness,New,Netherlands
4673,NewYear Awareness Sale 2021,13,Angela Chandler,2023-11-25,2024-02-18,1695.11,Awareness,At-Risk,Global
4674,Spring Acquisition Push 2021,12,Anthony Rasmussen,2019-07-09,2019-10-07,9500.2,Acquisition,VIP,Nigeria
4675,Spring Retention Promo 2024,15,Chase Wolf,2019-12-17,2020-03-08,14471.45,Retention,At-Risk,Canada
4676,NewYear Awareness Drive 2024,12,Chase Wolf,2024-07-18,2024-09-07,1517.25,Awareness,All,Global
4677,Holiday Acquisition Drive 2022,14,Jason Fletcher,2024-09-15,2024-10-29,12869.2,Acquisition,New,Spain
4678,Retarget Brand Sale 2021,3,Angel Kent,2021-10-12,2021-11-11,8205.82,Brand,Churned,South Africa
4679,Prospecting Conversion Campaign 2023,2,Jennifer Obrien,2021-04-02,2021-04-15,5569.9,Conversion,All,India
4680,launch brand sale 2022,1,,2024-08-25,2024-09-11,1960.28,Brand,All,South Africa
4681,Holiday Conversion Promo 2024,4,Rebecca Prince,2021-06-30,2021-09-17,3165.63,Conversion,Returning,Italy
4682,Flash Conversion Drive 2023,4,Anthony Rasmussen,2019-01-27,2019-04-10,28592.84,Conversion,At-Risk,Netherlands
4683,BlackFriday Acquisition Campaign 2019,10,Mark Harris,2019-05-18,2019-07-01,11954.21,Acquisition,All,Mexico
4684,Clearance Retention Campaign 2021,2,Mark Harris,2019-05-18,2019-06-06,12118.54,Retention,Churned,Nigeria
4685,Holiday Conversion Sale 2022,12,,2023-08-01,2023-09-29,12822.6,Conversion,VIP,Nigeria
4686,Loyalty Acquisition Push 2024,5,,2022-11-05,2023-01-01,1265.44,Acquisition,Churned,Brazil
4687,Launch Conversion Campaign 2021,12,Lori Delgado,2023-05-10,2023-08-02,3078.32,Conversion,All,Global
4688,NewYear Brand Sale 2022,3,Christine Harris,2020-11-16,2020-12-14,12491.61,Brand,Churned,Philippines
4689,BlackFriday Brand Promo 2024,1,Jon Thomas,2024-01-24,2024-04-07,6962.45,Brand,Returning,Spain
4690,clearance retention push 2023,3,Connie Costa,2023-08-16,2023-09-05,6524.53,Retention,Returning,United Arab Emirates
4691,Spring Awareness Drive 2024,9,Robert Jones,2023-04-11,2023-06-16,1107.56,Awareness,At-Risk,Spain
4692,Summer Conversion Promo 2022,4,Miguel Johnston,2023-03-14,2023-04-03,2555.02,Conversion,Churned,Netherlands
4693,BlackFriday Conversion Campaign 2020,14,Angel Kent,2024-03-01,2024-04-20,30840.15,Conversion,All,Australia
4694,BlackFriday Acquisition Campaign 2022,14,,2022-04-09,2022-07-03,1885.85,Acquisition,At-Risk,South Africa
4695,Winter Conversion Campaign 2021,13,Angela Dillon,2024-09-03,2024-10-02,10970.33,Conversion,New,Nigeria
4696,Clearance Awareness Sale 2020,6,Julie Clark,2024-01-15,2024-03-09,7693.25,Awareness,All,France
4697,BlackFriday Brand Promo 2021,11,,2019-06-12,2019-09-09,2443.99,Brand,At-Risk,United States
4698,Summer Conversion Sale 2020,12,James Smith,2021-06-29,2021-08-31,745.52,Conversion,VIP,United Arab Emirates
4699,Summer Brand Campaign 2023,12,Christine Harris,2020-08-28,2020-10-27,8744.63,Brand,VIP,Saudi Arabia
4700,  BlackFriday Brand Sale 2020  ,8,Connie Costa,2020-08-09,2020-10-24,5388.17,Brand,All,Brazil
4701,Clearance Acquisition Campaign 2024,2,Levi Stewart,2023-01-27,2023-04-07,7222.63,Acquisition,Churned,Brazil
4702,Loyalty Conversion Promo 2022,4,Dominic Bennett,2020-10-16,2020-11-14,5525.11,Conversion,All,France
4703,NewYear Conversion Push 2024,15,,2022-11-28,2023-02-12,5704.11,Conversion,Churned,Germany
4704,Retarget Awareness Push 2022,7,Donna Nelson,2024-11-02,2024-12-25,3511.08,Awareness,Returning,Japan
4705,Flash Retention Promo 2020,2,Gloria Keller,2019-05-31,2019-07-29,6833.64,Retention,New,Mexico
4706,Retarget Awareness Drive 2022,2,,2019-09-21,2019-10-11,530.94,Awareness,New,Global
4707,Retarget Conversion Campaign 2021,2,Scott Taylor,2024-03-13,2024-04-17,3823.02,Conversion,Churned,Global
4708,Retarget Awareness Push 2020,11,,2021-10-19,2022-01-07,5338.7,Awareness,Churned,Global
4709,Launch Conversion Promo 2020,4,Samuel Smith,2024-03-11,2024-05-28,2789.01,Conversion,All,United States
4710,Spring Awareness Campaign 2023,11,Kimberly Jensen,2022-11-24,2022-12-10,8716.34,Awareness,Returning,Netherlands
4711,NewYear Awareness Campaign 2022,8,Judy Lopez,2024-07-30,2024-10-09,2142.6,Awareness,VIP,India
4712,Summer Brand Drive 2020,14,,2019-11-09,2020-01-12,10905.04,Brand,VIP,Mexico
4713,BlackFriday Brand Sale 2023,8,Robert Jones,2024-05-19,2024-08-01,1449.03,Brand,New,India
4714,Loyalty Brand Push 2024,1,Robert Massey,2022-02-15,2022-05-05,12912.52,Brand,All,United Kingdom
4715,BlackFriday Retention Sale 2024,14,,2019-10-02,2019-12-27,13881.1,Retention,At-Risk,United Arab Emirates
4716,Summer Conversion Push 2020,9,,2024-08-19,2024-11-06,24970.59,Conversion,Returning,Netherlands
4717,NewYear Conversion Push 2023,7,Rebecca Prince,2019-05-15,2019-07-14,16599.53,Conversion,All,United Arab Emirates
4718,Spring Retention Drive 2024,9,Jeffrey Herring,2021-07-08,2021-08-05,1072.55,Retention,Returning,Saudi Arabia
4719,NewYear Retention Campaign 2020,15,Richard White,2024-11-15,2025-01-13,5277.91,Retention,New,United States
4720,NewYear Awareness Drive 2023,9,Dominic Bennett,2020-09-27,2020-10-07,3382.61,Awareness,All,Germany
4721,Launch Brand Drive 2019,14,,2023-05-24,2023-05-31,4121.77,Brand,All,Brazil
4722,NewYear Awareness Push 2022,1,Kevin Morris,2023-09-18,2023-12-02,10708.85,Awareness,Returning,Saudi Arabia
4723,Prospecting Brand Campaign 2023,7,Stephanie Allen,2021-07-02,2021-07-29,4356.52,Brand,All,Global
4724,Summer Acquisition Push 2020,14,Jeffrey Herring,2022-01-09,2022-03-15,6072.3,Acquisition,New,United Kingdom
4725,Winter Brand Campaign 2021,14,Willie Bowers,2021-05-15,2021-06-12,5123.08,Brand,Returning,India
4726,Clearance Brand Campaign 2021,14,Judy Lopez,2020-04-29,2020-06-25,6661.14,Brand,Returning,Germany
4727,Winter Conversion Promo 2022,6,Alexis Hale,2023-10-10,2023-10-25,34011.45,Conversion,Churned,Saudi Arabia
4728,Summer Retention Push 2020,1,Kevin Morris,2024-07-27,2024-08-20,4935.92,Retention,Churned,Australia
4729,BlackFriday Brand Push 2022,14,Hunter Woods,2023-10-15,2024-01-01,1651.21,Brand,At-Risk,India
4730,Holiday Brand Promo 2023,6,Angela Dillon,2019-07-31,2019-08-28,3151.31,Brand,All,Spain
4731,Loyalty Brand Drive 2021,4,Yolanda Wallace,2023-02-25,2023-05-25,5130.22,Brand,All,Mexico
4732,NewYear Conversion Drive 2024,10,Derek Lowe,2022-08-18,2022-08-31,3390.11,Conversion,Churned,France
4733,Holiday Acquisition Promo 2021,13,Rachel Dickerson,2020-05-29,2020-08-11,4828.29,Acquisition,Churned,Egypt
4734,Launch Acquisition Push 2020,8,Jon Thomas,2024-06-09,2024-08-06,12003.13,Acquisition,All,India
4735,Loyalty Brand Sale 2023,11,Donna Nelson,2021-07-02,2021-09-02,9261.05,Brand,New,Indonesia
4736,NewYear Conversion Drive 2020,1,Yolanda Wallace,2020-11-19,2021-01-11,8004.71,Conversion,Returning,United States
4737,Loyalty Acquisition Campaign 2024,12,Derek Lowe,2019-05-20,2019-06-30,22697.23,Acquisition,All,Philippines
4738,Retarget Awareness Drive 2019,10,Gloria Keller,2023-06-17,2023-07-02,7101.59,Awareness,At-Risk,Netherlands
4739,Retarget Conversion Push 2019,10,Judy Lopez,2020-09-11,2020-09-23,5352.42,Conversion,Returning,Netherlands
4740,Loyalty Brand Sale 2023,10,John Lopez,2020-07-09,2020-08-27,1514.26,Brand,VIP,Saudi Arabia
4741,Launch Awareness Drive 2020,2,David Zuniga,2020-02-11,2020-04-18,2350.58,Awareness,All,Australia
4742,NewYear Conversion Drive 2022,9,Gloria Keller,2024-06-22,2024-09-05,822.58,Conversion,All,Nigeria
4743,BLACKFRIDAY BRAND SALE 2019,5,Caitlin Edwards,2019-08-01,2019-08-13,7531.0,Brand,Churned,Australia
4744,Launch Acquisition Drive 2022,7,Jennifer Obrien,2021-07-25,2021-09-14,1364.64,Acquisition,All,Saudi Arabia
4745,Clearance Awareness Push 2023,14,Lori Delgado,2024-02-15,2024-02-29,3746.63,Awareness,Churned,Global
4746,NewYear Awareness Campaign 2022,11,Miguel Johnston,2022-06-08,2022-06-17,1255.67,Awareness,New,Philippines
4747,BlackFriday Retention Push 2020,15,,2020-11-10,2020-12-28,1789.45,Retention,At-Risk,United Arab Emirates
4748,Retarget Acquisition Drive 2021,11,Debra Smith,2021-07-18,2021-09-05,9712.43,Acquisition,VIP,Egypt
4749,Launch Retention Sale 2024,14,Sandra Kim,2023-08-11,2023-10-27,272.0,Retention,VIP,Italy
4750,Prospecting Brand Sale 2021,14,Jeffrey Herring,2022-10-27,2022-11-16,16200.04,Brand,VIP,Global
4751,Spring Awareness Push 2019,9,Felicia Henry,2020-09-14,2020-10-10,835.15,Awareness,VIP,Australia
4752,Retarget Brand Promo 2023,5,Carolyn Schultz,2019-07-27,2019-10-03,660.02,Brand,All,United Kingdom
4753,NewYear Acquisition Sale 2022,1,,2024-03-20,2024-04-01,2036.21,Acquisition,At-Risk,Global
4754,,8,Jason Fletcher,2021-10-25,2021-12-25,819.05,Acquisition,New,Indonesia
4755,Prospecting Retention Campaign 2022,6,Tammy Bell,2024-11-29,2024-12-26,1315.0,Retention,VIP,Saudi Arabia
4756,BlackFriday Retention Campaign 2021,8,Felicia Henry,2022-11-12,2022-12-20,11680.01,Retention,New,Saudi Arabia
4757,Clearance Conversion Push 2022,4,Hunter Woods,2024-07-05,2024-09-18,15978.3,Conversion,Churned,United States
4758,Retarget Awareness Sale 2024,10,Levi Stewart,2022-10-19,2022-12-18,18608.89,Awareness,Returning,Mexico
4759,BlackFriday Retention Sale 2023,11,,2020-09-19,2020-09-27,859.46,Retention,VIP,France
4760,Spring Acquisition Push 2021,1,,2021-07-08,2021-08-24,9992.61,Acquisition,Churned,Nigeria
4761,Clearance Conversion Push 2022,15,,2024-03-27,2024-05-28,3388.15,Conversion,Churned,Global
4762,Launch Acquisition Campaign 2024,13,Felicia Henry,2020-06-07,2020-07-28,5686.15,Acquisition,At-Risk,Egypt
4763,NewYear Conversion Push 2020,12,Charles Torres,2019-08-16,2019-10-27,1905.83,Conversion,At-Risk,Saudi Arabia
4764,launch retention promo 2019,6,Lori Delgado,2023-01-17,2023-03-19,9321.82,Retention,At-Risk,Mexico
4765,Launch Retention Push 2019,9,Hunter Woods,2024-08-07,2024-10-04,2301.84,Retention,VIP,South Africa
4766,Holiday Awareness Sale 2020,8,Anthony Rasmussen,2022-03-20,2022-04-02,281.5,Awareness,Returning,United Arab Emirates
4767,Flash Conversion Promo 2024,6,Charles Torres,2024-01-07,2024-02-14,1111.07,Conversion,Returning,Japan
4768,Launch Brand Promo 2024,8,Debra Smith,2019-06-29,2019-04-09,2179.96,Brand,VIP,Global
4769,BlackFriday Brand Promo 2019,11,Kevin Morris,2021-11-10,2021-11-17,15670.9,Brand,VIP,Germany
4770,NewYear Conversion Sale 2019,12,Charles Torres,2021-07-14,2021-09-08,15560.47,Conversion,Returning,India
4771,Flash Awareness Drive 2019,8,Robert Jones,2023-12-11,2024-01-29,3520.44,Awareness,All,Germany
4772,Launch Awareness Sale 2023,14,Angela Dillon,2023-06-08,2023-08-04,8517.6,Awareness,All,Germany
4773,Retarget Brand Campaign 2021,4,,2021-09-05,2021-10-28,999.87,Brand,All,Indonesia
4774,Loyalty Conversion Promo 2022,6,Robert Massey,2021-03-22,2021-04-20,20788.06,Conversion,Churned,South Africa
4775,Holiday Acquisition Push 2022,2,Samuel Smith,2019-09-14,2019-08-29,8044.75,Acquisition,Churned,Indonesia
4776,Prospecting Retention Sale 2023,8,Derek Lowe,2023-09-27,2023-12-09,1622.0,Retention,New,Germany
4777,Clearance Retention Campaign 2019,12,Samuel Smith,2022-02-12,2022-03-15,5436.76,Retention,At-Risk,United Kingdom
4778,Launch Conversion Drive 2019,14,Jeffrey Herring,2024-10-27,2025-01-17,2884.67,Conversion,Churned,United Arab Emirates
4779,Clearance Acquisition Sale 2023,10,,2020-08-15,2020-09-19,1271.92,Acquisition,All,Italy
4780,Clearance Conversion Promo 2024,10,Eric Dodson Jr.,2023-02-11,2023-03-16,2253.82,Conversion,All,Japan
4781,Flash Retention Drive 2021,13,,2020-11-28,2021-02-17,3231.45,Retention,Returning,South Africa
4782,Flash Awareness Sale 2019,7,Sandra Kim,2024-01-30,2024-04-13,2984.88,Awareness,All,Nigeria
4783,Flash Retention Promo 2023,13,Elizabeth Hill,2020-08-24,2020-10-10,5550.3,Retention,Churned,United Kingdom
4784,,9,Carolyn Schultz,2020-09-04,2020-11-29,5983.38,Conversion,At-Risk,Global
4785,Prospecting Acquisition Sale 2023,6,Tammy Bell,2020-10-24,2020-12-27,3046.82,Acquisition,Churned,United Kingdom
4786,NewYear Awareness Push 2023,11,Hunter Woods,2021-12-12,2021-12-27,3623.95,Awareness,Returning,Italy
4787,NewYear Conversion Campaign 2020,1,Gloria Keller,2020-05-29,2020-06-12,536.39,Conversion,Returning,Global
4788,BlackFriday Brand Promo 2024,13,Angela Chandler,2023-02-26,2023-04-21,5429.0,Brand,Churned,Netherlands
4789,NewYear Brand Promo 2021,7,Willie Bowers,2021-03-12,2021-03-31,15720.34,Brand,All,Australia
4790,Winter Brand Push 2022,7,Levi Stewart,2022-11-15,2023-01-24,2088.06,Brand,Churned,Brazil
4791,Winter Acquisition Drive 2019,8,Sandra Kim,2022-11-12,2022-12-19,1549.03,Acquisition,VIP,Philippines
4792,Winter Conversion Push 2024,15,Isaiah Hall Jr.,2022-08-08,2022-09-14,1541.82,Conversion,All,Mexico
4793,prospecting brand push 2024,6,Michael Lawrence,2020-06-21,2020-07-20,3149.6,Brand,VIP,South Africa
4794,BlackFriday Acquisition Promo 2019,1,Hannah Matthews,2023-06-29,2023-09-07,866.06,Acquisition,New,Germany
4795,Spring Retention Campaign 2024,13,John Lopez,2021-10-29,2021-12-01,9479.15,Retention,VIP,Germany
4796,Loyalty Conversion Push 2019,15,Jessica Sanford,2019-07-22,2019-09-19,21878.61,Conversion,Returning,France
4797,Spring Awareness Push 2021,8,Yvette House,2021-07-10,2021-09-14,2575.2,Awareness,VIP,Global
4798,Spring Awareness Drive 2020,15,Isaiah Hall Jr.,2023-07-26,2023-08-11,1682.51,Awareness,New,Spain
4799,Flash Retention Push 2022,1,Caitlin Edwards,2019-12-04,2020-01-17,983.48,Retention,VIP,India
4800,Retarget Conversion Campaign 2020,4,Jeffrey Herring,2024-08-17,2024-09-16,25639.66,Conversion,All,Spain
4801,Prospecting Acquisition Promo 2023,4,Jennifer Obrien,2023-12-14,2024-01-25,6992.59,Acquisition,New,Spain
4802,Loyalty Acquisition Drive 2023,11,Hunter Woods,2019-06-15,2019-08-24,23373.67,Acquisition,New,Australia
4803,Winter Acquisition Promo 2019,6,Elizabeth Hill,2023-10-14,2023-11-01,3496.8,Acquisition,VIP,Global
4804,NewYear Acquisition Sale 2024,12,Kimberly Jensen,2023-02-26,2023-03-21,2411.39,Acquisition,All,India
4805,Launch Retention Promo 2024,11,,2023-09-19,2023-10-29,5210.54,Retention,All,Japan
4806,Spring Conversion Campaign 2021,9,Anthony Rasmussen,2020-11-22,2021-02-18,5353.14,Conversion,Returning,Brazil
4807,Retarget Conversion Campaign 2021,6,Mark Harris,2020-07-03,2020-07-31,3152.86,Conversion,VIP,United Kingdom
4808,PROSPECTING CONVERSION PROMO 2023,15,Miguel Johnston,2019-01-09,2019-02-15,5792.99,Conversion,New,Spain
4809,Winter Awareness Push 2024,15,,2022-05-02,2022-05-11,2959.32,Awareness,New,Mexico
4810,Loyalty Brand Push 2019,6,Kimberly Jensen,2021-10-20,2021-12-12,10690.8,Brand,All,Australia
4811,Summer Conversion Drive 2021,4,Yolanda Wallace,2019-06-28,2019-07-09,6511.51,Conversion,VIP,Italy
4812,Holiday Acquisition Promo 2020,9,Rachel Dickerson,2023-06-04,2023-07-26,4344.79,Acquisition,At-Risk,Brazil
4813,Loyalty Conversion Drive 2021,9,Daniel Bridges,2022-01-25,2022-04-09,4550.19,Conversion,Returning,Saudi Arabia
4814,Loyalty Acquisition Drive 2020,5,Jason Fletcher,2022-09-04,2022-11-06,7952.66,Acquisition,VIP,South Africa
4815,Loyalty Retention Drive 2021,13,Levi Stewart,2022-04-18,2022-04-30,12640.97,Retention,VIP,Egypt
4816,Holiday Acquisition Drive 2020,8,Jeffrey Herring,2023-02-14,2023-04-20,2192.13,Acquisition,Churned,France
4817,Summer Retention Drive 2024,7,,2020-08-03,2020-09-15,2515.47,Retention,New,Japan
4818,NewYear Retention Sale 2024,5,Yvette House,2019-02-08,2019-04-14,10029.94,Retention,VIP,United States
4819,Retarget Retention Campaign 2024,6,James Smith,2022-09-02,2022-10-20,19174.63,Retention,Churned,Indonesia
4820,Retarget Brand Sale 2023,13,,2020-01-01,2020-02-27,4482.59,Brand,VIP,Saudi Arabia
4821,Loyalty Retention Campaign 2022,15,Scott Taylor,2019-02-15,2019-03-11,5176.21,Retention,Returning,India
4822,Spring Conversion Sale 2019,3,Jon Thomas,2023-04-15,2023-05-22,3108.72,Conversion,New,United Kingdom
4823,Prospecting Acquisition Sale 2019,7,Willie Bowers,2022-11-21,2022-12-11,2669.25,Acquisition,New,Italy
4824,Clearance Brand Sale 2024,14,Isaiah Hall Jr.,2021-02-04,2021-03-14,21985.8,Brand,At-Risk,Brazil
4825,Winter Brand Sale 2022,6,Alexis Hale,2022-07-18,2022-09-01,614.19,Brand,All,France
4826,Spring Awareness Drive 2021,14,Jennifer Obrien,2021-11-09,2021-11-29,1064.85,Awareness,Returning,France
4827,Launch Acquisition Campaign 2022,4,Eric Smith MD,2022-05-17,2022-06-08,711.87,Acquisition,VIP,United States
4828,  Retarget Acquisition Promo 2022  ,12,Mary Rodriguez,2021-12-21,2022-02-08,3711.32,Acquisition,VIP,France
4829,Prospecting Conversion Drive 2019,3,,2022-02-20,2022-03-20,704.09,Conversion,VIP,Brazil
4830,Holiday Acquisition Push 2022,1,Jason Fletcher,2021-08-23,2021-09-06,5586.96,Acquisition,New,United States
4831,Spring Acquisition Campaign 2023,2,Rebecca Simmons,2019-11-28,2020-02-20,2213.91,Acquisition,Returning,Saudi Arabia
4832,BlackFriday Acquisition Push 2022,11,Charles Torres,2021-05-10,2021-05-24,3037.22,Acquisition,All,Philippines
4833,Loyalty Retention Sale 2021,14,Chase Wolf,2019-04-18,2019-05-24,4624.21,Retention,VIP,Brazil
4834,Loyalty Acquisition Promo 2020,13,Felicia Henry,2024-08-07,2024-08-28,15940.81,Acquisition,All,Nigeria
4835,Loyalty Acquisition Promo 2021,7,Tammy Bell,2023-05-21,2023-08-02,4302.63,Acquisition,VIP,Italy
4836,Flash Retention Promo 2021,12,Anthony Rasmussen,2022-08-03,2022-10-17,5394.62,Retention,Churned,Netherlands
4837,NewYear Brand Push 2023,8,Felicia Henry,2022-10-04,2022-10-19,10929.3,Brand,VIP,United States
4838,Summer Acquisition Campaign 2024,9,Levi Stewart,2020-01-07,2020-03-30,7071.95,Acquisition,New,Spain
4839,Flash Acquisition Sale 2019,4,,2019-06-16,2019-08-24,1986.9,Acquisition,Returning,Germany
4840,Flash Conversion Campaign 2024,12,Caitlin Edwards,2024-07-24,2024-08-20,5115.8,Conversion,At-Risk,Canada
4841,Flash Acquisition Push 2024,8,Angela Dillon,2019-07-24,2019-08-18,2055.23,Acquisition,VIP,United Arab Emirates
4842,Retarget Brand Drive 2019,13,Willie Bowers,2022-07-13,2022-09-18,8441.1,Brand,All,Netherlands
4843,Holiday Retention Drive 2019,14,Elizabeth Hill,2024-02-06,2024-03-07,2384.07,Retention,All,Japan
4844,Spring Brand Sale 2022,4,John Lopez,2019-03-18,2019-05-19,200.48,Brand,Returning,Indonesia
4845,Spring Acquisition Push 2023,3,Rebecca Simmons,2023-01-31,2023-03-07,21351.22,Acquisition,Returning,South Africa
4846,Holiday Awareness Drive 2022,12,Mary Rodriguez,2023-04-13,2023-05-31,4607.04,Awareness,Returning,Australia
4847,LOYALTY CONVERSION SALE 2022,4,Felicia Henry,2024-04-25,2024-05-20,10834.42,Conversion,At-Risk,United States
4848,Prospecting Brand Promo 2021,13,Robert Jones,2023-11-27,2023-12-09,3123.84,Brand,All,Germany
4849,Winter Conversion Push 2023,5,Gloria Keller,2023-09-02,2023-10-22,27311.85,Conversion,Returning,Australia
4850,BlackFriday Acquisition Promo 2020,10,Felicia Henry,2020-01-19,2020-03-22,3750.26,Acquisition,All,United States
4851,Holiday Brand Drive 2021,9,Chase Wolf,2021-11-20,2021-12-26,1372.17,Brand,All,Global
4852,BlackFriday Awareness Campaign 2020,6,Robert Jones,2022-10-28,2022-11-24,11779.23,Awareness,All,Indonesia
4853,Holiday Acquisition Campaign 2020,12,,2024-04-12,2024-05-03,13340.97,Acquisition,VIP,India
4854,Launch Conversion Push 2019,14,Sandra Ayala,2019-02-26,2019-05-10,3443.25,Conversion,At-Risk,South Africa
4855,NewYear Brand Drive 2021,11,Derek Lowe,2024-10-12,2025-01-05,4935.51,Brand,New,United Arab Emirates
4856,Loyalty Awareness Promo 2024,4,Charles Torres,2024-11-24,2025-02-10,8436.93,Awareness,At-Risk,Egypt
4857,summer conversion drive 2021,10,,2023-05-30,2023-06-29,9006.71,Conversion,VIP,Nigeria
4858,Spring Acquisition Push 2021,3,,2019-04-27,2019-05-04,1891.3,Acquisition,At-Risk,United States
4859,Winter Retention Drive 2024,9,Angel Kent,2021-12-21,2022-03-15,11169.81,Retention,VIP,South Africa
4860,Flash Conversion Campaign 2023,14,Samuel Smith,2020-03-11,2020-05-16,12421.35,Conversion,All,Global
4861,Spring Conversion Drive 2021,13,Yvette House,2023-07-05,2023-08-15,9743.87,Conversion,Churned,Brazil
4862,Retarget Conversion Campaign 2020,12,Scott Taylor,2019-11-21,2020-01-13,29655.95,Conversion,New,Saudi Arabia
4863,Loyalty Retention Push 2021,11,Hunter Woods,2022-12-13,2023-01-06,4772.94,Retention,At-Risk,United States
4864,NewYear Acquisition Push 2021,12,Eric Smith MD,2019-09-12,2019-11-05,5147.65,Acquisition,All,Mexico
4865,Winter Awareness Sale 2023,15,Tammy Bell,2024-07-16,2024-09-08,2736.9,Awareness,VIP,Italy
4866,,3,,2020-12-18,2021-02-15,32511.99,Conversion,At-Risk,Italy
4867,SUMMER BRAND DRIVE 2021,15,Rebecca Prince,2019-10-29,2019-12-08,2385.4,Brand,New,United Arab Emirates
4868,BlackFriday Retention Campaign 2021,10,Levi Stewart,2022-04-13,2022-05-21,4363.25,Retention,Returning,Italy
4869,Spring Conversion Promo 2023,14,,2023-08-10,2023-09-27,10134.51,Conversion,Returning,France
4870,NewYear Retention Promo 2024,1,Alexis Hale,2024-03-18,2024-04-22,9506.6,Retention,Returning,Italy
4871,BlackFriday Awareness Push 2022,11,Gloria Keller,2020-03-29,2020-04-12,1657.34,Awareness,All,India
4872,NewYear Awareness Push 2023,8,,2024-08-26,2024-10-06,6082.01,Awareness,Returning,Germany
4873,Winter Brand Promo 2023,1,Eric Smith MD,2020-02-05,2020-04-04,4814.5,Brand,Churned,Brazil
4874,Loyalty Awareness Promo 2021,11,Julie Clark,2021-04-23,2021-05-09,20791.44,Awareness,All,Australia
4875,Spring Conversion Campaign 2019,3,John Lopez,2021-12-12,2022-03-04,3833.5,Conversion,At-Risk,Japan
4876,Clearance Brand Sale 2021,8,Angel Kent,2021-01-18,2021-03-22,22950.5,Brand,All,Global
4877,BlackFriday Retention Promo 2022,11,Robert Massey,2023-11-17,2024-01-27,18382.18,Retention,At-Risk,Global
4878,Summer Acquisition Campaign 2023,15,Hunter Woods,2023-03-11,2023-03-21,8186.58,Acquisition,At-Risk,South Africa
4879,Prospecting Awareness Sale 2021,2,Elizabeth Hill,2020-04-07,2020-04-18,3918.07,Awareness,New,France
4880,Launch Conversion Sale 2022,5,Rachel Dickerson,2024-01-14,2024-03-11,2615.33,Conversion,Churned,Global
4881,Winter Acquisition Sale 2021,5,Isaiah Hall Jr.,2024-07-30,2024-10-10,2013.29,Acquisition,At-Risk,Japan
4882,Retarget Brand Sale 2021,12,Lori Delgado,2024-04-11,2024-05-23,5604.81,Brand,VIP,Philippines
4883,Retarget Awareness Sale 2022,2,Mark Morgan,2019-09-24,2019-10-22,5625.45,Awareness,All,India
4884,Prospecting Awareness Promo 2024,12,,2020-01-13,2020-04-01,12573.71,Awareness,Returning,United States
4885,Loyalty Brand Push 2020,5,Lori Delgado,2021-09-22,2021-11-21,8063.8,Brand,VIP,United Kingdom
4886,Winter Conversion Push 2020,15,Daniel Bridges,2019-09-08,2019-09-22,2837.8,Conversion,At-Risk,United Kingdom
4887,Retarget Conversion Push 2020,11,Daniel Bridges,2024-09-16,2024-09-26,8836.66,Conversion,VIP,Egypt
4888,Holiday Awareness Sale 2024,13,Rachel Dickerson,2019-07-18,2019-09-29,4714.33,Awareness,Churned,Netherlands
4889,Summer Conversion Campaign 2021,9,Christine Harris,2020-08-26,2020-09-03,1643.9,Conversion,At-Risk,Netherlands
4890,Retarget Conversion Sale 2021,13,John Lopez,2020-01-13,2020-02-03,1474.48,Conversion,VIP,South Africa
4891,Winter Conversion Promo 2022,4,Jennifer Obrien,2022-11-11,2022-11-20,17402.24,Conversion,Churned,Egypt
4892,Prospecting Conversion Push 2024,2,Mary Rodriguez,2021-12-04,2022-02-07,3954.21,Conversion,At-Risk,United Kingdom
4893,Winter Acquisition Promo 2024,11,Jason Fletcher,2019-11-08,2019-12-14,24296.15,Acquisition,Churned,Spain
4894,NewYear Awareness Sale 2019,2,David Zuniga,2020-11-12,2020-11-29,2565.27,Awareness,All,Italy
4895,Winter Retention Promo 2020,3,Sandra Ayala,2021-11-28,2022-01-21,3858.2,Retention,Churned,India
4896,Summer Awareness Campaign 2020,5,Yvette House,2023-02-20,2023-05-20,1194.68,Awareness,At-Risk,United Arab Emirates
4897,Prospecting Conversion Campaign 2022,1,,2024-02-08,2024-03-26,11688.71,Conversion,VIP,India
4898,,2,Yolanda Wallace,2020-01-24,2020-02-09,6707.49,Awareness,Returning,France
4899,Spring Retention Promo 2019,1,Elizabeth Hill,2023-08-22,2023-09-02,3551.13,Retention,Churned,Global
4900,PROSPECTING CONVERSION PUSH 2023,5,,2023-01-01,2023-01-10,16239.23,Conversion,Churned,South Africa
4901,Prospecting Awareness Drive 2022,7,Angel Kent,2020-10-30,2021-01-20,21197.44,Awareness,Returning,United Arab Emirates
4902,Holiday Acquisition Campaign 2019,13,Levi Stewart,2019-11-23,2019-12-12,1893.39,Acquisition,All,United States
4903,Prospecting Brand Drive 2019,15,Willie Bowers,2022-08-09,2022-09-15,3384.77,Brand,New,Philippines
4904,Summer Conversion Sale 2023,2,Miguel Johnston,2020-02-05,2020-04-28,1564.14,Conversion,Churned,South Africa
4905,Prospecting Acquisition Drive 2024,2,Mark Morgan,2021-08-07,2021-08-28,7277.3,Acquisition,Churned,France
4906,Launch Acquisition Drive 2021,11,Mark Morgan,2020-05-30,2020-07-15,3584.51,Acquisition,All,Canada
4907,BlackFriday Brand Drive 2021,6,Mark Harris,2021-11-05,2021-12-27,3269.42,Brand,VIP,Global
4908,Prospecting Conversion Promo 2024,4,Rebecca Prince,2019-08-30,2019-09-11,10689.58,Conversion,Returning,Spain
4909,retarget conversion push 2024,7,Kimberly Jensen,2022-11-04,2022-12-12,1826.77,Conversion,Churned,Italy
4910,Flash Brand Campaign 2022,11,Tammy Bell,2021-09-10,2021-10-22,2620.24,Brand,Churned,Canada
4911,Summer Awareness Promo 2024,15,Daniel Bridges,2022-08-27,2022-09-24,4860.5,Awareness,Churned,Global
4912,Prospecting Acquisition Campaign 2024,12,Mark Harris,2022-08-25,2022-10-05,20016.37,Acquisition,Returning,United States
4913,Clearance Retention Campaign 2021,12,Yolanda Wallace,2019-11-07,2020-02-01,5384.98,Retention,Churned,Brazil
4914,Clearance Retention Campaign 2019,11,,2019-04-19,2019-05-04,33919.08,Retention,New,Nigeria
4915,Prospecting Brand Push 2022,1,Jon Thomas,2024-02-01,2024-02-14,12515.81,Brand,Churned,Indonesia
4916,Retarget Acquisition Promo 2021,13,Derek Lowe,2020-12-12,2021-01-16,6152.61,Acquisition,Returning,Germany
4917,Loyalty Retention Push 2019,6,Anthony Rasmussen,2022-05-09,2022-07-26,14501.59,Retention,Returning,Brazil
4918,Flash Retention Sale 2023,13,,2022-12-03,2023-01-28,1519.05,Retention,All,Australia
4919,Clearance Awareness Push 2021,1,Angela Dillon,2024-01-05,2024-02-22,4928.49,Awareness,All,Germany
4920,Flash Acquisition Campaign 2020,11,Anthony Rasmussen,2020-12-14,2021-03-02,4276.46,Acquisition,At-Risk,Philippines
4921,Winter Awareness Sale 2021,7,Rachel Wright,2024-08-19,2024-09-29,4166.89,Awareness,New,Brazil
4922,Prospecting Awareness Drive 2024,10,Richard White,2024-05-07,2024-08-05,4963.38,Awareness,All,Nigeria
4923,Holiday Retention Campaign 2024,7,,2023-10-10,2023-12-23,1103.87,Retention,At-Risk,Brazil
4924,Holiday Acquisition Drive 2024,15,Eric Dodson Jr.,2019-01-05,2019-04-04,6136.8,Acquisition,VIP,United Kingdom
4925,Prospecting Retention Campaign 2020,7,Judy Lopez,2023-07-14,2023-09-22,1665.79,Retention,At-Risk,United States
4926,NewYear Conversion Sale 2021,13,Rebecca Simmons,2021-02-25,2021-05-25,1895.11,Conversion,New,Global
4927,Summer Conversion Drive 2022,1,Anthony Rasmussen,2023-01-29,2023-04-16,10511.17,Conversion,Returning,United Kingdom
4928,,7,Anthony Rasmussen,2023-05-17,2023-08-07,43065.45,Brand,Churned,United Kingdom
4929,Flash Conversion Promo 2019,6,Gloria Keller,2022-03-28,2022-04-13,10962.9,Conversion,Churned,Philippines
4930,Winter Conversion Push 2019,12,Jon Thomas,2021-12-04,2022-01-07,3969.57,Conversion,At-Risk,Canada
4931,NewYear Awareness Sale 2020,7,Sandra Kim,2023-09-27,2023-10-27,1782.06,Awareness,Churned,Global
4932,Loyalty Brand Sale 2020,13,,2023-03-06,2023-05-03,16004.79,Brand,New,Philippines
4933,Winter Brand Promo 2021,2,Angela Chandler,2020-04-28,2020-07-12,9709.15,Brand,Returning,Italy
4934,BlackFriday Brand Drive 2024,8,,2020-09-30,2020-11-06,5184.62,Brand,Returning,Canada
4935,BlackFriday Retention Drive 2022,8,,2023-08-21,2023-09-08,8334.38,Retention,New,Nigeria
4936,NewYear Retention Promo 2023,7,,2021-11-21,2021-12-03,20032.75,Retention,VIP,India
4937,NewYear Retention Push 2023,14,Isaiah Hall Jr.,2021-09-21,2021-10-11,4470.38,Retention,VIP,Netherlands
4938,Spring Acquisition Drive 2019,6,Hannah Matthews,2021-01-22,2021-02-04,937.33,Acquisition,All,Saudi Arabia
4939,Flash Brand Sale 2020,4,,2019-11-18,2019-12-20,7800.07,Brand,Churned,United Kingdom
4940,Clearance Retention Promo 2022,4,,2022-01-29,2022-03-31,7885.86,Retention,At-Risk,Egypt
4941,Clearance Retention Promo 2022,15,Alexis Hale,2022-09-16,2022-10-19,650.32,Retention,VIP,Canada
4942,Holiday Conversion Promo 2021,15,Hunter Woods,2021-07-01,2021-09-09,3899.52,Conversion,VIP,India
4943,Clearance Acquisition Sale 2023,10,,2023-01-11,2023-01-31,3469.7,Acquisition,Returning,United Kingdom
4944,Summer Brand Sale 2019,8,Sandra Ayala,2024-05-08,2024-07-17,2945.55,Brand,Churned,Canada
4945,Winter Awareness Sale 2021,14,Julie Clark,2019-10-03,2019-12-30,5608.09,Awareness,Returning,United States
4946,Holiday Acquisition Promo 2022,9,Robert Jones,2019-11-18,2019-12-07,14179.0,Acquisition,At-Risk,United States
4947,Summer Brand Drive 2019,10,Kevin Morris,2020-06-01,2020-07-22,7540.85,Brand,At-Risk,South Africa
4948,Winter Conversion Campaign 2022,9,Jennifer Obrien,2019-08-13,2019-08-30,3191.96,Conversion,Churned,United States
4949,BlackFriday Retention Promo 2020,8,John Lopez,2022-11-26,2023-02-17,6805.83,Retention,New,Mexico
4950,BlackFriday Brand Campaign 2022,4,Chase Wolf,2022-10-07,2022-10-23,8321.18,Brand,At-Risk,Global
4951,,3,Kevin Morris,2020-06-01,2020-08-03,36802.5,Acquisition,Returning,Italy
4952,NewYear Awareness Promo 2024,2,Jason Fletcher,2020-03-24,2020-06-21,2911.57,Awareness,New,Australia
4953,Summer Retention Push 2019,12,Rebecca Simmons,2019-08-20,2019-11-18,3953.95,Retention,VIP,Italy
4954,Loyalty Conversion Push 2019,6,Tammy Bell,2021-10-24,2021-11-11,1801.78,Conversion,All,South Africa
4955,Flash Conversion Drive 2022,10,,2020-02-10,2020-04-08,26213.23,Conversion,VIP,Indonesia
4956,Holiday Acquisition Drive 2022,10,,2024-08-05,2024-09-16,6101.91,Acquisition,VIP,India
4957,Winter Brand Drive 2020,15,Levi Stewart,2023-01-01,2023-01-30,3891.32,Brand,Returning,Saudi Arabia
4958,Clearance Brand Campaign 2020,5,Derek Lowe,2020-01-20,2020-04-17,11205.54,Brand,VIP,Japan
4959,Prospecting Acquisition Push 2019,5,Hunter Woods,2020-07-16,2020-09-17,1571.53,Acquisition,Returning,Spain
4960,Loyalty Awareness Sale 2023,13,Jessica Sanford,2024-10-06,2024-11-24,1326.91,Awareness,At-Risk,United Arab Emirates
4961,Loyalty Retention Promo 2021,4,Mark Morgan,2020-08-25,2020-10-21,5910.52,Retention,Returning,Germany
4962,Retarget Acquisition Promo 2024,9,,2022-02-09,2022-04-30,3982.07,Acquisition,New,United States
4963,Loyalty Conversion Push 2024,3,Judy Lopez,2023-08-05,2023-10-13,1282.83,Conversion,Churned,United Arab Emirates
4964,BlackFriday Acquisition Campaign 2023,3,Elizabeth Hill,2020-09-15,2020-10-02,4488.05,Acquisition,VIP,Canada
4965,Winter Acquisition Campaign 2022,13,Yolanda Wallace,2023-05-01,2023-06-28,21354.95,Acquisition,All,United States
4966,Loyalty Brand Campaign 2022,14,Levi Stewart,2019-08-12,2019-08-30,2061.0,Brand,New,Spain
4967,NewYear Retention Drive 2023,15,Donna Nelson,2020-04-01,2020-06-26,6102.0,Retention,At-Risk,South Africa
4968,Prospecting Acquisition Promo 2024,11,Debra Smith,2023-11-14,2024-01-07,12195.02,Acquisition,At-Risk,Egypt
4969,Loyalty Acquisition Push 2019,9,Rachel Wright,2019-09-30,2019-11-18,11325.77,Acquisition,VIP,Global
4970,Retarget Awareness Promo 2021,15,,2020-05-08,2020-06-21,4176.24,Awareness,All,United Arab Emirates
4971,Loyalty Acquisition Drive 2024,1,Jennifer Obrien,2020-01-03,2020-02-03,4511.48,Acquisition,Churned,India
4972,Flash Conversion Campaign 2020,12,Eric Dodson Jr.,2019-03-14,2019-03-23,5177.94,Conversion,Churned,Germany
4973,Loyalty Conversion Drive 2023,5,Jennifer Obrien,2021-11-12,2021-11-24,1677.49,Conversion,Returning,Indonesia
4974,NewYear Retention Push 2022,12,Richard White,2020-06-22,2020-09-08,2998.98,Retention,All,Brazil
4975,NewYear Awareness Push 2022,14,,2023-06-15,2023-08-22,6566.55,Awareness,New,Netherlands
4976,Winter Brand Drive 2023,15,Levi Stewart,2024-03-30,2024-05-13,1825.89,Brand,All,South Africa
4977,Launch Retention Campaign 2023,12,Lori Delgado,2024-02-02,2024-02-18,955.24,Retention,VIP,United Kingdom
4978,Holiday Acquisition Promo 2020,9,Miguel Johnston,2021-10-22,2021-12-08,4378.63,Acquisition,New,Australia
4979,Spring Brand Drive 2021,10,Judy Lopez,2024-07-26,2024-09-03,1373.54,Brand,VIP,Mexico
4980,Launch Awareness Push 2022,13,Michael Lawrence,2023-06-24,2023-09-02,5720.54,Awareness,Churned,South Africa
4981,Retarget Conversion Campaign 2022,2,,2023-04-04,2023-05-20,16941.15,Conversion,Returning,Egypt
4982,BlackFriday Retention Push 2021,1,Rebecca Simmons,2020-10-19,2020-11-12,3364.2,Retention,New,India
4983,Retarget Conversion Sale 2023,10,Judy Lopez,2022-06-17,2022-07-01,7712.51,Conversion,At-Risk,South Africa
4984,,7,Charles Torres,2023-12-07,2023-12-14,6393.49,Retention,New,United Arab Emirates
4985,Clearance Conversion Campaign 2019,4,Chase Wolf,2020-06-21,2020-07-05,32703.53,Conversion,All,Brazil
4986,Holiday Retention Push 2023,7,Felicia Henry,2019-01-26,2019-02-10,1247.39,Retention,VIP,Australia
4987,BlackFriday Retention Sale 2021,5,James Smith,2022-02-12,2022-03-02,1025.02,Retention,At-Risk,Brazil
4988,NewYear Brand Campaign 2019,3,Christine Harris,2021-02-02,2021-02-17,7944.08,Brand,All,Mexico
4989,Prospecting Acquisition Promo 2022,9,,2024-03-12,2024-04-18,6018.53,Acquisition,At-Risk,Japan
4990,Winter Conversion Campaign 2021,9,,2024-09-02,2024-09-29,578.46,Conversion,All,Netherlands
4991,Prospecting Conversion Campaign 2022,11,Kimberly Jensen,2020-03-19,2020-04-20,2796.98,Conversion,New,Spain
4992,Flash Conversion Sale 2023,2,,2022-08-28,2022-11-06,5468.79,Conversion,All,Mexico
4993,Loyalty Awareness Campaign 2024,13,Gloria Keller,2019-09-25,2019-10-05,1604.85,Awareness,All,United Kingdom
4994,Spring Brand Promo 2020,1,Christine Harris,2024-08-14,2024-10-25,21142.7,Brand,Returning,United Arab Emirates
4995,Retarget Brand Campaign 2020,15,Caitlin Edwards,2019-08-30,2019-09-22,10716.76,Brand,At-Risk,South Africa
4996,Clearance Brand Campaign 2022,4,Kimberly Jensen,2023-10-29,2023-12-23,5522.38,Brand,VIP,Mexico
4997,Holiday Acquisition Promo 2024,1,,2023-05-20,2023-06-11,806.16,Acquisition,VIP,Egypt
4998,Clearance Acquisition Promo 2019,2,Hunter Woods,2020-02-06,2020-02-13,17827.35,Acquisition,Returning,Saudi Arabia
4999,Flash Acquisition Promo 2023,11,Miguel Johnston,2021-03-23,2021-06-20,4935.08,Acquisition,At-Risk,United Arab Emirates
5000,Holiday Brand Campaign 2022,3,Kimberly Jensen,2019-04-27,2019-06-19,5524.24,Brand,At-Risk,Australia
5001,Flash Brand Sale 2022,4,,2023-07-14,2023-08-06,5530.47,Brand,VIP,Mexico
5002,BlackFriday Awareness Drive 2021,9,Judy Lopez,2021-06-15,2021-07-19,1768.52,Awareness,At-Risk,Japan
5003,NewYear Awareness Drive 2022,9,Sandra Kim,2022-03-24,2022-04-20,5540.64,Awareness,At-Risk,Indonesia
5004,Holiday Brand Drive 2024,9,Hannah Matthews,2021-07-23,2021-08-26,7197.95,Brand,New,Philippines
5005,NewYear Awareness Push 2023,6,,2021-08-21,2021-09-28,7064.29,Awareness,Churned,Brazil
5006,Summer Awareness Promo 2019,7,Scott Taylor,2024-11-29,2025-02-20,8850.0,Awareness,All,India
5007,Summer Acquisition Push 2019,9,,2019-01-24,2019-02-15,1215.39,Acquisition,At-Risk,United Kingdom
5008,Launch Conversion Sale 2023,6,Yolanda Wallace,2021-08-18,2021-08-29,1633.36,Conversion,Churned,Brazil
5009,Flash Conversion Drive 2024,1,Kevin Morris,2019-10-20,2020-01-06,1289.19,Conversion,New,Netherlands
5010,Loyalty Conversion Sale 2021,1,John Lopez,2022-05-27,2022-06-18,2497.17,Conversion,New,Netherlands
5011,BlackFriday Retention Push 2021,1,Rebecca Simmons,2020-10-19,2020-11-12,3364.2,Retention,New,India
5012,BlackFriday Acquisition Sale 2022,5,Yolanda Wallace,2024-04-14,2024-05-17,4677.11,Acquisition,New,Netherlands
5013,Launch Acquisition Promo 2020,10,Samuel Smith,2024-05-24,2024-07-27,3657.74,Acquisition,Churned,Germany
5014,Spring Retention Drive 2020,3,David Zuniga,2019-05-25,2019-07-02,4233.09,Retention,All,Spain
5015,NewYear Awareness Drive 2020,5,Daniel Bridges,2022-07-10,2022-09-28,53404.21,Awareness,Returning,Mexico
5016,Holiday Acquisition Sale 2021,10,Sandra Ayala,2023-11-29,2023-12-22,10765.37,Acquisition,At-Risk,South Africa
5017,Summer Retention Drive 2020,15,Daniel Bridges,2021-02-02,2021-02-20,6891.18,Retention,New,Netherlands
5018,Clearance Brand Campaign 2019,2,Rebecca Prince,2022-02-18,2022-04-04,5891.35,Brand,VIP,Indonesia
5019,Clearance Retention Campaign 2021,6,Samuel Smith,2019-12-06,2019-12-23,2721.54,Retention,All,Japan
5020,Clearance Awareness Drive 2019,3,Donna Nelson,2024-05-01,2024-07-29,7728.57,Awareness,VIP,Italy
5021,Summer Conversion Push 2019,12,,2019-05-17,2019-05-29,4227.71,Conversion,Churned,Philippines
5022,NewYear Acquisition Promo 2019,10,Donna Nelson,2021-09-26,2021-10-18,1837.7,Acquisition,Returning,India
5023,NewYear Acquisition Sale 2019,6,Daniel Bridges,2023-08-15,2023-10-20,8569.7,Acquisition,Churned,Saudi Arabia
5024,Summer Brand Drive 2023,10,Elizabeth Hill,2021-03-20,2021-05-14,927.24,Brand,VIP,United Arab Emirates
5025,Holiday Conversion Drive 2020,9,Jennifer Obrien,2024-03-22,2024-04-22,2271.3,Conversion,New,United States
5026,Holiday Retention Sale 2023,6,,2021-09-24,2021-11-01,3266.02,Retention,New,Nigeria
5027,Retarget Brand Push 2019,2,Levi Stewart,2022-03-18,2022-04-12,3468.83,Brand,All,United Arab Emirates
5028,Summer Acquisition Push 2020,1,Hunter Woods,2022-03-17,2022-05-29,5076.75,Acquisition,VIP,Mexico
5029,Loyalty Acquisition Sale 2024,12,Lori Delgado,2024-04-25,2024-05-29,5266.96,Acquisition,Returning,Brazil
5030,Winter Acquisition Drive 2023,11,Mark Harris,2024-04-05,2024-06-06,1774.29,Acquisition,Returning,Australia
5031,Summer Acquisition Push 2023,11,Carolyn Schultz,2024-04-19,2024-05-05,1105.73,Acquisition,At-Risk,Saudi Arabia
5032,NewYear Conversion Push 2024,15,,2022-11-28,2023-02-12,5704.11,Conversion,Churned,Germany
5033,SUMMER RETENTION PUSH 2024,6,Samuel Smith,2022-07-21,2022-10-10,3768.35,Retention,Returning,India
5034,Summer Awareness Campaign 2023,6,Mary Rodriguez,2020-05-11,2020-05-31,11239.9,Awareness,Churned,Japan
5035,Flash Brand Sale 2019,11,Charles Torres,2019-01-17,2019-03-14,4659.98,Brand,All,Spain
5036,NewYear Conversion Push 2023,7,Rebecca Prince,2019-05-15,2019-07-14,16599.53,Conversion,All,United Arab Emirates
5037,Prospecting Acquisition Drive 2022,9,Robert Massey,2019-07-10,2019-08-27,13515.18,Acquisition,All,Italy
5038,Clearance Brand Drive 2021,8,Judy Lopez,2021-02-21,2021-05-07,1657.22,Brand,Returning,Spain
5039,Flash Acquisition Drive 2019,13,Mary Rodriguez,2022-02-01,2022-02-16,885.14,Acquisition,VIP,Japan
5040,Holiday Conversion Drive 2019,8,Christine Harris,2023-10-05,2023-12-13,3205.35,Conversion,At-Risk,United Kingdom
5041,Summer Brand Campaign 2024,3,Elizabeth Hill,2019-12-21,2020-03-11,9595.45,Brand,VIP,Japan
5042,Prospecting Conversion Push 2022,1,Christine Harris,2019-11-07,2019-12-16,1867.42,Conversion,At-Risk,Egypt
5043,Flash Retention Sale 2024,13,,2023-12-19,2024-03-09,1292.94,Retention,Churned,United States
5044,Spring Brand Sale 2019,5,Connie Costa,2020-09-30,2020-11-28,1095.16,Brand,Churned,Brazil
5045,Loyalty Brand Promo 2024,4,Sandra Ayala,2022-02-12,2022-02-28,1851.2,Brand,New,Philippines
5046,NewYear Brand Push 2023,10,Mary Rodriguez,2024-08-16,2024-08-29,4730.19,Brand,New,Italy
5047,Retarget Acquisition Promo 2020,1,Alexis Hale,2020-11-05,2020-10-19,4171.94,Acquisition,VIP,Brazil
5048,,11,Rebecca Simmons,2019-09-07,2019-11-10,7178.28,Brand,VIP,South Africa
5049,BlackFriday Awareness Promo 2024,14,Eric Smith MD,2021-09-22,2021-11-02,2206.28,Awareness,At-Risk,Germany
5050,Loyalty Acquisition Campaign 2020,14,,2019-06-12,2019-07-31,3607.14,Acquisition,VIP,Australia
5051,BlackFriday Acquisition Push 2024,9,Rachel Wright,2020-12-09,2021-02-19,9810.26,Acquisition,All,Mexico
5052,Summer Retention Campaign 2020,11,Anthony Rasmussen,2024-08-25,2024-07-02,5734.28,Retention,New,Netherlands
5053,Winter Awareness Sale 2019,14,Isaiah Hall Jr.,2024-05-07,2024-05-18,7786.9,Awareness,Churned,United Kingdom
5054,Spring Acquisition Sale 2023,6,Scott Taylor,2019-10-20,2019-12-24,1365.92,Acquisition,At-Risk,Egypt
5055,Holiday Acquisition Push 2020,13,Samuel Smith,2019-01-21,2019-02-28,2579.95,Acquisition,At-Risk,Australia
5056,NewYear Conversion Sale 2023,9,,2019-08-27,2019-11-15,4510.99,Conversion,VIP,Brazil
5057,Holiday Retention Drive 2023,2,Robert Jones,2020-04-23,2020-06-27,22210.85,Retention,At-Risk,Australia
5058,NewYear Brand Campaign 2019,11,Rebecca Simmons,2022-07-13,2022-08-02,2177.76,Brand,At-Risk,Spain
5059,Summer Awareness Promo 2019,5,Connie Costa,2020-07-03,2020-09-23,19168.76,Awareness,Returning,Australia
5060,,13,Hunter Woods,2024-04-19,2024-05-28,707.31,Brand,At-Risk,Indonesia
5061,Summer Acquisition Campaign 2023,12,Jennifer Obrien,2024-10-03,2024-11-13,10185.72,Acquisition,All,Japan
5062,NewYear Awareness Drive 2023,11,Samuel Smith,2021-07-05,2021-09-21,2286.65,Awareness,VIP,Brazil
5063,Retarget Retention Push 2024,13,Isaiah Hall Jr.,2019-05-16,2019-07-08,21137.82,Retention,Returning,Saudi Arabia
5064,Retarget Conversion Promo 2022,3,Rachel Wright,2022-08-19,2022-09-06,2272.59,Conversion,All,Philippines
5065,Spring Awareness Campaign 2023,11,Kimberly Jensen,2022-11-24,2022-12-10,8716.34,Awareness,Returning,Netherlands
5066,Flash Brand Sale 2024,4,Lori Delgado,2022-09-29,2022-10-15,9608.52,Brand,At-Risk,Egypt
5067,NewYear Brand Push 2023,6,John Lopez,2023-05-01,2023-06-30,4987.39,Brand,VIP,Saudi Arabia
5068,Summer Brand Promo 2024,1,Angela Chandler,2022-10-20,2022-11-14,3223.89,Brand,Churned,India
5069,Spring Awareness Promo 2019,3,Gloria Keller,2020-08-01,2020-09-02,8922.56,Awareness,All,Mexico
5070,Spring Acquisition Sale 2023,13,,2019-07-02,2019-09-17,5504.37,Acquisition,All,India
5071,Clearance Brand Drive 2024,11,Connie Costa,2024-09-24,2024-10-29,8173.81,Brand,At-Risk,Saudi Arabia
5072,Prospecting Brand Sale 2019,3,Derek Lowe,2020-08-25,2020-09-22,1509.99,Brand,At-Risk,Philippines
5073,Loyalty Conversion Promo 2019,11,Jennifer Obrien,2022-04-18,2022-05-16,1450.24,Conversion,VIP,Egypt
5074,Winter Retention Sale 2020,5,Isaiah Hall Jr.,2024-08-13,2024-09-20,5175.64,Retention,All,Philippines
5075,Flash Retention Sale 2021,10,Sandra Kim,2021-03-31,2021-06-22,7385.37,Retention,Returning,France
5076,BlackFriday Retention Push 2024,4,Robert Jones,2021-03-12,2021-03-31,15867.0,Retention,All,Japan
5077,Winter Retention Push 2021,2,Scott Taylor,2024-03-10,2024-03-30,8521.63,Retention,At-Risk,Netherlands
5078,Launch Retention Push 2021,12,Alexis Hale,2020-10-19,2020-12-02,4282.62,Retention,New,Germany
5079,Holiday Awareness Sale 2024,13,Rachel Dickerson,2019-07-18,2019-09-29,4714.33,Awareness,Churned,Netherlands
5080,Summer Brand Push 2021,10,James Smith,2021-12-17,2022-01-21,59112.68,Brand,All,United States
5081,NewYear Retention Sale 2021,14,,2021-06-02,2021-07-30,5623.61,Retention,Churned,South Africa
5082,Prospecting Retention Promo 2019,5,Robert Jones,2020-05-14,2020-02-18,2280.8,Retention,At-Risk,France
5083,Flash Retention Campaign 2022,14,Angel Kent,2023-02-15,2023-04-14,1279.47,Retention,VIP,Japan
5084,WINTER BRAND PUSH 2019,8,Robert Jones,2022-11-26,2023-02-10,515.16,Brand,At-Risk,United Kingdom
5085,Launch Brand Campaign 2020,14,Eric Smith MD,2021-10-20,2021-11-17,7181.12,Brand,New,Nigeria
5086,NewYear Retention Sale 2020,8,Rebecca Prince,2023-08-19,2023-10-28,12057.99,Retention,At-Risk,Egypt
5087,Loyalty Acquisition Sale 2022,9,Isaiah Hall Jr.,2023-04-03,2023-05-30,2745.54,Acquisition,VIP,Mexico
5088,Spring Retention Sale 2020,1,,2023-08-10,2023-09-30,21450.51,Retention,At-Risk,Saudi Arabia
5089,Flash Awareness Campaign 2024,11,Stephanie Allen,2023-08-21,2023-10-29,1413.45,Awareness,All,Mexico
5090,Retarget Awareness Promo 2021,13,John Lopez,2022-08-03,2022-09-25,1354.49,Awareness,All,United Kingdom
5091,Summer Acquisition Campaign 2022,13,Rebecca Prince,2021-12-15,2022-01-25,1870.34,Acquisition,Churned,South Africa
5092,Flash Conversion Campaign 2020,14,Mary Rodriguez,2020-01-06,2020-03-29,5085.27,Conversion,Churned,Spain
5093,Winter Awareness Promo 2024,12,,2020-11-13,2021-01-23,807.89,Awareness,VIP,Saudi Arabia
5094,Summer Brand Sale 2019,12,Rebecca Simmons,2020-03-23,2020-04-26,2431.32,Brand,Returning,Brazil
5095,Retarget Acquisition Drive 2022,6,Jon Thomas,2023-03-04,2023-04-22,9002.92,Acquisition,New,Brazil
5096,Spring Acquisition Sale 2024,14,Jessica Sanford,2023-06-18,2023-09-02,2419.37,Acquisition,Returning,Mexico
5097,,7,Hannah Matthews,2022-10-26,2023-01-21,11999.41,Retention,New,Japan
5098,Winter Brand Promo 2020,15,Charles Torres,2024-06-13,2024-08-07,13306.83,Brand,VIP,Netherlands
5099,Launch Retention Push 2019,9,Hunter Woods,2024-08-07,2024-10-04,2301.84,Retention,VIP,South Africa
5100,Loyalty Acquisition Campaign 2020,14,Isaiah Hall Jr.,2020-01-22,2020-03-10,7396.86,Acquisition,Churned,Canada
