date_id,full_date,day,month,month_name,quarter,year,day_of_week,is_weekend
1,2019-01-01,1,1,January,1,2019,Tuesday,False
2,2019-01-02,2,1,January,1,2019,Wednesday,False
3,2019-01-03,3,1,January,1,2019,Thursday,False
4,2019-01-04,4,1,January,1,2019,Friday,False
5,2019-01-05,5,1,January,1,2019,Saturday,True
6,2019-01-06,6,1,January,1,2019,Sunday,True
7,2019-01-07,7,1,January,1,2019,Monday,False
8,2019-01-08,8,1,January,1,2019,Tuesday,False
9,2019-01-09,9,1,January,1,2019,Wednesday,False
10,2019-01-10,10,1,January,1,2019,Thursday,False
11,2019-01-11,11,1,January,1,2019,Friday,False
12,2019-01-12,12,1,January,1,2019,Saturday,True
13,2019-01-13,13,1,January,1,2019,Sunday,True
14,2019-01-14,14,1,January,1,2019,Monday,False
15,2019-01-15,15,1,January,1,2019,Tuesday,False
16,2019-01-16,16,1,January,1,2019,Wednesday,False
17,2019-01-17,17,1,January,1,2019,Thursday,False
18,2019-01-18,18,1,January,1,2019,Friday,False
19,2019-01-19,19,1,January,1,2019,Saturday,True
20,2019-01-20,20,1,January,1,2019,Sunday,True
21,2019-01-21,21,1,January,1,2019,Monday,False
22,2019-01-22,22,1,January,1,2019,Tuesday,False
23,2019-01-23,23,1,January,1,2019,Wednesday,False
24,2019-01-24,24,1,January,1,2019,Thursday,False
25,2019-01-25,25,1,January,1,2019,Friday,False
26,2019-01-26,26,1,January,1,2019,Saturday,True
27,2019-01-27,27,1,January,1,2019,Sunday,True
28,2019-01-28,28,1,January,1,2019,Monday,False
29,2019-01-29,29,1,January,1,2019,Tuesday,False
30,2019-01-30,30,1,January,1,2019,Wednesday,False
31,2019-01-31,31,1,January,1,2019,Thursday,False
32,2019-02-01,1,2,February,1,2019,Friday,False
33,2019-02-02,2,2,February,1,2019,Saturday,True
34,2019-02-03,3,2,February,1,2019,Sunday,True
35,2019-02-04,4,2,February,1,2019,Monday,False
36,2019-02-05,5,2,February,1,2019,Tuesday,False
37,2019-02-06,6,2,February,1,2019,Wednesday,False
38,2019-02-07,7,2,February,1,2019,Thursday,False
39,2019-02-08,8,2,February,1,2019,Friday,False
40,2019-02-09,9,2,February,1,2019,Saturday,True
41,2019-02-10,10,2,February,1,2019,Sunday,True
42,2019-02-11,11,2,February,1,2019,Monday,False
43,2019-02-12,12,2,February,1,2019,Tuesday,False
44,2019-02-13,13,2,February,1,2019,Wednesday,False
45,2019-02-14,14,2,February,1,2019,Thursday,False
46,2019-02-15,15,2,February,1,2019,Friday,False
47,2019-02-16,16,2,February,1,2019,Saturday,True
48,2019-02-17,17,2,February,1,2019,Sunday,True
49,2019-02-18,18,2,February,1,2019,Monday,False
50,2019-02-19,19,2,February,1,2019,Tuesday,False
51,2019-02-20,20,2,February,1,2019,Wednesday,False
52,2019-02-21,21,2,February,1,2019,Thursday,False
53,2019-02-22,22,2,February,1,2019,Friday,False
54,2019-02-23,23,2,February,1,2019,Saturday,True
55,2019-02-24,24,2,February,1,2019,Sunday,True
56,2019-02-25,25,2,February,1,2019,Monday,False
57,2019-02-26,26,2,February,1,2019,Tuesday,False
58,2019-02-27,27,2,February,1,2019,Wednesday,False
59,2019-02-28,28,2,February,1,2019,Thursday,False
60,2019-03-01,1,3,March,1,2019,Friday,False
61,2019-03-02,2,3,March,1,2019,Saturday,True
62,2019-03-03,3,3,March,1,2019,Sunday,True
63,2019-03-04,4,3,March,1,2019,Monday,False
64,2019-03-05,5,3,March,1,2019,Tuesday,False
65,2019-03-06,6,3,March,1,2019,Wednesday,False
66,2019-03-07,7,3,March,1,2019,Thursday,False
67,2019-03-08,8,3,March,1,2019,Friday,False
68,2019-03-09,9,3,March,1,2019,Saturday,True
69,2019-03-10,10,3,March,1,2019,Sunday,True
70,2019-03-11,11,3,March,1,2019,Monday,False
71,2019-03-12,12,3,March,1,2019,Tuesday,False
72,2019-03-13,13,3,March,1,2019,Wednesday,False
73,2019-03-14,14,3,March,1,2019,Thursday,False
74,2019-03-15,15,3,March,1,2019,Friday,False
75,2019-03-16,16,3,March,1,2019,Saturday,True
76,2019-03-17,17,3,March,1,2019,Sunday,True
77,2019-03-18,18,3,March,1,2019,Monday,False
78,2019-03-19,19,3,March,1,2019,Tuesday,False
79,2019-03-20,20,3,March,1,2019,Wednesday,False
80,2019-03-21,21,3,March,1,2019,Thursday,False
81,2019-03-22,22,3,March,1,2019,Friday,False
82,2019-03-23,23,3,March,1,2019,Saturday,True
83,2019-03-24,24,3,March,1,2019,Sunday,True
84,2019-03-25,25,3,March,1,2019,Monday,False
85,2019-03-26,26,3,March,1,2019,Tuesday,False
86,2019-03-27,27,3,March,1,2019,Wednesday,False
87,2019-03-28,28,3,March,1,2019,Thursday,False
88,2019-03-29,29,3,March,1,2019,Friday,False
89,2019-03-30,30,3,March,1,2019,Saturday,True
90,2019-03-31,31,3,March,1,2019,Sunday,True
91,2019-04-01,1,4,April,2,2019,Monday,False
92,2019-04-02,2,4,April,2,2019,Tuesday,False
93,2019-04-03,3,4,April,2,2019,Wednesday,False
94,2019-04-04,4,4,April,2,2019,Thursday,False
95,2019-04-05,5,4,April,2,2019,Friday,False
96,2019-04-06,6,4,April,2,2019,Saturday,True
97,2019-04-07,7,4,April,2,2019,Sunday,True
98,2019-04-08,8,4,April,2,2019,Monday,False
99,2019-04-09,9,4,April,2,2019,Tuesday,False
100,2019-04-10,10,4,April,2,2019,Wednesday,False
101,2019-04-11,11,4,April,2,2019,Thursday,False
102,2019-04-12,12,4,April,2,2019,Friday,False
103,2019-04-13,13,4,April,2,2019,Saturday,True
104,2019-04-14,14,4,April,2,2019,Sunday,True
105,2019-04-15,15,4,April,2,2019,Monday,False
106,2019-04-16,16,4,April,2,2019,Tuesday,False
107,2019-04-17,17,4,April,2,2019,Wednesday,False
108,2019-04-18,18,4,April,2,2019,Thursday,False
109,2019-04-19,19,4,April,2,2019,Friday,False
110,2019-04-20,20,4,April,2,2019,Saturday,True
111,2019-04-21,21,4,April,2,2019,Sunday,True
112,2019-04-22,22,4,April,2,2019,Monday,False
113,2019-04-23,23,4,April,2,2019,Tuesday,False
114,2019-04-24,24,4,April,2,2019,Wednesday,False
115,2019-04-25,25,4,April,2,2019,Thursday,False
116,2019-04-26,26,4,April,2,2019,Friday,False
117,2019-04-27,27,4,April,2,2019,Saturday,True
118,2019-04-28,28,4,April,2,2019,Sunday,True
119,2019-04-29,29,4,April,2,2019,Monday,False
120,2019-04-30,30,4,April,2,2019,Tuesday,False
121,2019-05-01,1,5,May,2,2019,Wednesday,False
122,2019-05-02,2,5,May,2,2019,Thursday,False
123,2019-05-03,3,5,May,2,2019,Friday,False
124,2019-05-04,4,5,May,2,2019,Saturday,True
125,2019-05-05,5,5,May,2,2019,Sunday,True
126,2019-05-06,6,5,May,2,2019,Monday,False
127,2019-05-07,7,5,May,2,2019,Tuesday,False
128,2019-05-08,8,5,May,2,2019,Wednesday,False
129,2019-05-09,9,5,May,2,2019,Thursday,False
130,2019-05-10,10,5,May,2,2019,Friday,False
131,2019-05-11,11,5,May,2,2019,Saturday,True
132,2019-05-12,12,5,May,2,2019,Sunday,True
133,2019-05-13,13,5,May,2,2019,Monday,False
134,2019-05-14,14,5,May,2,2019,Tuesday,False
135,2019-05-15,15,5,May,2,2019,Wednesday,False
136,2019-05-16,16,5,May,2,2019,Thursday,False
137,2019-05-17,17,5,May,2,2019,Friday,False
138,2019-05-18,18,5,May,2,2019,Saturday,True
139,2019-05-19,19,5,May,2,2019,Sunday,True
140,2019-05-20,20,5,May,2,2019,Monday,False
141,2019-05-21,21,5,May,2,2019,Tuesday,False
142,2019-05-22,22,5,May,2,2019,Wednesday,False
143,2019-05-23,23,5,May,2,2019,Thursday,False
144,2019-05-24,24,5,May,2,2019,Friday,False
145,2019-05-25,25,5,May,2,2019,Saturday,True
146,2019-05-26,26,5,May,2,2019,Sunday,True
147,2019-05-27,27,5,May,2,2019,Monday,False
148,2019-05-28,28,5,May,2,2019,Tuesday,False
149,2019-05-29,29,5,May,2,2019,Wednesday,False
150,2019-05-30,30,5,May,2,2019,Thursday,False
151,2019-05-31,31,5,May,2,2019,Friday,False
152,2019-06-01,1,6,June,2,2019,Saturday,True
153,2019-06-02,2,6,June,2,2019,Sunday,True
154,2019-06-03,3,6,June,2,2019,Monday,False
155,2019-06-04,4,6,June,2,2019,Tuesday,False
156,2019-06-05,5,6,June,2,2019,Wednesday,False
157,2019-06-06,6,6,June,2,2019,Thursday,False
158,2019-06-07,7,6,June,2,2019,Friday,False
159,2019-06-08,8,6,June,2,2019,Saturday,True
160,2019-06-09,9,6,June,2,2019,Sunday,True
161,2019-06-10,10,6,June,2,2019,Monday,False
162,2019-06-11,11,6,June,2,2019,Tuesday,False
163,2019-06-12,12,6,June,2,2019,Wednesday,False
164,2019-06-13,13,6,June,2,2019,Thursday,False
165,2019-06-14,14,6,June,2,2019,Friday,False
166,2019-06-15,15,6,June,2,2019,Saturday,True
167,2019-06-16,16,6,June,2,2019,Sunday,True
168,2019-06-17,17,6,June,2,2019,Monday,False
169,2019-06-18,18,6,June,2,2019,Tuesday,False
170,2019-06-19,19,6,June,2,2019,Wednesday,False
171,2019-06-20,20,6,June,2,2019,Thursday,False
172,2019-06-21,21,6,June,2,2019,Friday,False
173,2019-06-22,22,6,June,2,2019,Saturday,True
174,2019-06-23,23,6,June,2,2019,Sunday,True
175,2019-06-24,24,6,June,2,2019,Monday,False
176,2019-06-25,25,6,June,2,2019,Tuesday,False
177,2019-06-26,26,6,June,2,2019,Wednesday,False
178,2019-06-27,27,6,June,2,2019,Thursday,False
179,2019-06-28,28,6,June,2,2019,Friday,False
180,2019-06-29,29,6,June,2,2019,Saturday,True
181,2019-06-30,30,6,June,2,2019,Sunday,True
182,2019-07-01,1,7,July,3,2019,Monday,False
183,2019-07-02,2,7,July,3,2019,Tuesday,False
184,2019-07-03,3,7,July,3,2019,Wednesday,False
185,2019-07-04,4,7,July,3,2019,Thursday,False
186,2019-07-05,5,7,July,3,2019,Friday,False
187,2019-07-06,6,7,July,3,2019,Saturday,True
188,2019-07-07,7,7,July,3,2019,Sunday,True
189,2019-07-08,8,7,July,3,2019,Monday,False
190,2019-07-09,9,7,July,3,2019,Tuesday,False
191,2019-07-10,10,7,July,3,2019,Wednesday,False
192,2019-07-11,11,7,July,3,2019,Thursday,False
193,2019-07-12,12,7,July,3,2019,Friday,False
194,2019-07-13,13,7,July,3,2019,Saturday,True
195,2019-07-14,14,7,July,3,2019,Sunday,True
196,2019-07-15,15,7,July,3,2019,Monday,False
197,2019-07-16,16,7,July,3,2019,Tuesday,False
198,2019-07-17,17,7,July,3,2019,Wednesday,False
199,2019-07-18,18,7,July,3,2019,Thursday,False
200,2019-07-19,19,7,July,3,2019,Friday,False
201,2019-07-20,20,7,July,3,2019,Saturday,True
202,2019-07-21,21,7,July,3,2019,Sunday,True
203,2019-07-22,22,7,July,3,2019,Monday,False
204,2019-07-23,23,7,July,3,2019,Tuesday,False
205,2019-07-24,24,7,July,3,2019,Wednesday,False
206,2019-07-25,25,7,July,3,2019,Thursday,False
207,2019-07-26,26,7,July,3,2019,Friday,False
208,2019-07-27,27,7,July,3,2019,Saturday,True
209,2019-07-28,28,7,July,3,2019,Sunday,True
210,2019-07-29,29,7,July,3,2019,Monday,False
211,2019-07-30,30,7,July,3,2019,Tuesday,False
212,2019-07-31,31,7,July,3,2019,Wednesday,False
213,2019-08-01,1,8,August,3,2019,Thursday,False
214,2019-08-02,2,8,August,3,2019,Friday,False
215,2019-08-03,3,8,August,3,2019,Saturday,True
216,2019-08-04,4,8,August,3,2019,Sunday,True
217,2019-08-05,5,8,August,3,2019,Monday,False
218,2019-08-06,6,8,August,3,2019,Tuesday,False
219,2019-08-07,7,8,August,3,2019,Wednesday,False
220,2019-08-08,8,8,August,3,2019,Thursday,False
221,2019-08-09,9,8,August,3,2019,Friday,False
222,2019-08-10,10,8,August,3,2019,Saturday,True
223,2019-08-11,11,8,August,3,2019,Sunday,True
224,2019-08-12,12,8,August,3,2019,Monday,False
225,2019-08-13,13,8,August,3,2019,Tuesday,False
226,2019-08-14,14,8,August,3,2019,Wednesday,False
227,2019-08-15,15,8,August,3,2019,Thursday,False
228,2019-08-16,16,8,August,3,2019,Friday,False
229,2019-08-17,17,8,August,3,2019,Saturday,True
230,2019-08-18,18,8,August,3,2019,Sunday,True
231,2019-08-19,19,8,August,3,2019,Monday,False
232,2019-08-20,20,8,August,3,2019,Tuesday,False
233,2019-08-21,21,8,August,3,2019,Wednesday,False
234,2019-08-22,22,8,August,3,2019,Thursday,False
235,2019-08-23,23,8,August,3,2019,Friday,False
236,2019-08-24,24,8,August,3,2019,Saturday,True
237,2019-08-25,25,8,August,3,2019,Sunday,True
238,2019-08-26,26,8,August,3,2019,Monday,False
239,2019-08-27,27,8,August,3,2019,Tuesday,False
240,2019-08-28,28,8,August,3,2019,Wednesday,False
241,2019-08-29,29,8,August,3,2019,Thursday,False
242,2019-08-30,30,8,August,3,2019,Friday,False
243,2019-08-31,31,8,August,3,2019,Saturday,True
244,2019-09-01,1,9,September,3,2019,Sunday,True
245,2019-09-02,2,9,September,3,2019,Monday,False
246,2019-09-03,3,9,September,3,2019,Tuesday,False
247,2019-09-04,4,9,September,3,2019,Wednesday,False
248,2019-09-05,5,9,September,3,2019,Thursday,False
249,2019-09-06,6,9,September,3,2019,Friday,False
250,2019-09-07,7,9,September,3,2019,Saturday,True
251,2019-09-08,8,9,September,3,2019,Sunday,True
252,2019-09-09,9,9,September,3,2019,Monday,False
253,2019-09-10,10,9,September,3,2019,Tuesday,False
254,2019-09-11,11,9,September,3,2019,Wednesday,False
255,2019-09-12,12,9,September,3,2019,Thursday,False
256,2019-09-13,13,9,September,3,2019,Friday,False
257,2019-09-14,14,9,September,3,2019,Saturday,True
258,2019-09-15,15,9,September,3,2019,Sunday,True
259,2019-09-16,16,9,September,3,2019,Monday,False
260,2019-09-17,17,9,September,3,2019,Tuesday,False
261,2019-09-18,18,9,September,3,2019,Wednesday,False
262,2019-09-19,19,9,September,3,2019,Thursday,False
263,2019-09-20,20,9,September,3,2019,Friday,False
264,2019-09-21,21,9,September,3,2019,Saturday,True
265,2019-09-22,22,9,September,3,2019,Sunday,True
266,2019-09-23,23,9,September,3,2019,Monday,False
267,2019-09-24,24,9,September,3,2019,Tuesday,False
268,2019-09-25,25,9,September,3,2019,Wednesday,False
269,2019-09-26,26,9,September,3,2019,Thursday,False
270,2019-09-27,27,9,September,3,2019,Friday,False
271,2019-09-28,28,9,September,3,2019,Saturday,True
272,2019-09-29,29,9,September,3,2019,Sunday,True
273,2019-09-30,30,9,September,3,2019,Monday,False
274,2019-10-01,1,10,October,4,2019,Tuesday,False
275,2019-10-02,2,10,October,4,2019,Wednesday,False
276,2019-10-03,3,10,October,4,2019,Thursday,False
277,2019-10-04,4,10,October,4,2019,Friday,False
278,2019-10-05,5,10,October,4,2019,Saturday,True
279,2019-10-06,6,10,October,4,2019,Sunday,True
280,2019-10-07,7,10,October,4,2019,Monday,False
281,2019-10-08,8,10,October,4,2019,Tuesday,False
282,2019-10-09,9,10,October,4,2019,Wednesday,False
283,2019-10-10,10,10,October,4,2019,Thursday,False
284,2019-10-11,11,10,October,4,2019,Friday,False
285,2019-10-12,12,10,October,4,2019,Saturday,True
286,2019-10-13,13,10,October,4,2019,Sunday,True
287,2019-10-14,14,10,October,4,2019,Monday,False
288,2019-10-15,15,10,October,4,2019,Tuesday,False
289,2019-10-16,16,10,October,4,2019,Wednesday,False
290,2019-10-17,17,10,October,4,2019,Thursday,False
291,2019-10-18,18,10,October,4,2019,Friday,False
292,2019-10-19,19,10,October,4,2019,Saturday,True
293,2019-10-20,20,10,October,4,2019,Sunday,True
294,2019-10-21,21,10,October,4,2019,Monday,False
295,2019-10-22,22,10,October,4,2019,Tuesday,False
296,2019-10-23,23,10,October,4,2019,Wednesday,False
297,2019-10-24,24,10,October,4,2019,Thursday,False
298,2019-10-25,25,10,October,4,2019,Friday,False
299,2019-10-26,26,10,October,4,2019,Saturday,True
300,2019-10-27,27,10,October,4,2019,Sunday,True
301,2019-10-28,28,10,October,4,2019,Monday,False
302,2019-10-29,29,10,October,4,2019,Tuesday,False
303,2019-10-30,30,10,October,4,2019,Wednesday,False
304,2019-10-31,31,10,October,4,2019,Thursday,False
305,2019-11-01,1,11,November,4,2019,Friday,False
306,2019-11-02,2,11,November,4,2019,Saturday,True
307,2019-11-03,3,11,November,4,2019,Sunday,True
308,2019-11-04,4,11,November,4,2019,Monday,False
309,2019-11-05,5,11,November,4,2019,Tuesday,False
310,2019-11-06,6,11,November,4,2019,Wednesday,False
311,2019-11-07,7,11,November,4,2019,Thursday,False
312,2019-11-08,8,11,November,4,2019,Friday,False
313,2019-11-09,9,11,November,4,2019,Saturday,True
314,2019-11-10,10,11,November,4,2019,Sunday,True
315,2019-11-11,11,11,November,4,2019,Monday,False
316,2019-11-12,12,11,November,4,2019,Tuesday,False
317,2019-11-13,13,11,November,4,2019,Wednesday,False
318,2019-11-14,14,11,November,4,2019,Thursday,False
319,2019-11-15,15,11,November,4,2019,Friday,False
320,2019-11-16,16,11,November,4,2019,Saturday,True
321,2019-11-17,17,11,November,4,2019,Sunday,True
322,2019-11-18,18,11,November,4,2019,Monday,False
323,2019-11-19,19,11,November,4,2019,Tuesday,False
324,2019-11-20,20,11,November,4,2019,Wednesday,False
325,2019-11-21,21,11,November,4,2019,Thursday,False
326,2019-11-22,22,11,November,4,2019,Friday,False
327,2019-11-23,23,11,November,4,2019,Saturday,True
328,2019-11-24,24,11,November,4,2019,Sunday,True
329,2019-11-25,25,11,November,4,2019,Monday,False
330,2019-11-26,26,11,November,4,2019,Tuesday,False
331,2019-11-27,27,11,November,4,2019,Wednesday,False
332,2019-11-28,28,11,November,4,2019,Thursday,False
333,2019-11-29,29,11,November,4,2019,Friday,False
334,2019-11-30,30,11,November,4,2019,Saturday,True
335,2019-12-01,1,12,December,4,2019,Sunday,True
336,2019-12-02,2,12,December,4,2019,Monday,False
337,2019-12-03,3,12,December,4,2019,Tuesday,False
338,2019-12-04,4,12,December,4,2019,Wednesday,False
339,2019-12-05,5,12,December,4,2019,Thursday,False
340,2019-12-06,6,12,December,4,2019,Friday,False
341,2019-12-07,7,12,December,4,2019,Saturday,True
342,2019-12-08,8,12,December,4,2019,Sunday,True
343,2019-12-09,9,12,December,4,2019,Monday,False
344,2019-12-10,10,12,December,4,2019,Tuesday,False
345,2019-12-11,11,12,December,4,2019,Wednesday,False
346,2019-12-12,12,12,December,4,2019,Thursday,False
347,2019-12-13,13,12,December,4,2019,Friday,False
348,2019-12-14,14,12,December,4,2019,Saturday,True
349,2019-12-15,15,12,December,4,2019,Sunday,True
350,2019-12-16,16,12,December,4,2019,Monday,False
351,2019-12-17,17,12,December,4,2019,Tuesday,False
352,2019-12-18,18,12,December,4,2019,Wednesday,False
353,2019-12-19,19,12,December,4,2019,Thursday,False
354,2019-12-20,20,12,December,4,2019,Friday,False
355,2019-12-21,21,12,December,4,2019,Saturday,True
356,2019-12-22,22,12,December,4,2019,Sunday,True
357,2019-12-23,23,12,December,4,2019,Monday,False
358,2019-12-24,24,12,December,4,2019,Tuesday,False
359,2019-12-25,25,12,December,4,2019,Wednesday,False
360,2019-12-26,26,12,December,4,2019,Thursday,False
361,2019-12-27,27,12,December,4,2019,Friday,False
362,2019-12-28,28,12,December,4,2019,Saturday,True
363,2019-12-29,29,12,December,4,2019,Sunday,True
364,2019-12-30,30,12,December,4,2019,Monday,False
365,2019-12-31,31,12,December,4,2019,Tuesday,False
366,2020-01-01,1,1,January,1,2020,Wednesday,False
367,2020-01-02,2,1,January,1,2020,Thursday,False
368,2020-01-03,3,1,January,1,2020,Friday,False
369,2020-01-04,4,1,January,1,2020,Saturday,True
370,2020-01-05,5,1,January,1,2020,Sunday,True
371,2020-01-06,6,1,January,1,2020,Monday,False
372,2020-01-07,7,1,January,1,2020,Tuesday,False
373,2020-01-08,8,1,January,1,2020,Wednesday,False
374,2020-01-09,9,1,January,1,2020,Thursday,False
375,2020-01-10,10,1,January,1,2020,Friday,False
376,2020-01-11,11,1,January,1,2020,Saturday,True
377,2020-01-12,12,1,January,1,2020,Sunday,True
378,2020-01-13,13,1,January,1,2020,Monday,False
379,2020-01-14,14,1,January,1,2020,Tuesday,False
380,2020-01-15,15,1,January,1,2020,Wednesday,False
381,2020-01-16,16,1,January,1,2020,Thursday,False
382,2020-01-17,17,1,January,1,2020,Friday,False
383,2020-01-18,18,1,January,1,2020,Saturday,True
384,2020-01-19,19,1,January,1,2020,Sunday,True
385,2020-01-20,20,1,January,1,2020,Monday,False
386,2020-01-21,21,1,January,1,2020,Tuesday,False
387,2020-01-22,22,1,January,1,2020,Wednesday,False
388,2020-01-23,23,1,January,1,2020,Thursday,False
389,2020-01-24,24,1,January,1,2020,Friday,False
390,2020-01-25,25,1,January,1,2020,Saturday,True
391,2020-01-26,26,1,January,1,2020,Sunday,True
392,2020-01-27,27,1,January,1,2020,Monday,False
393,2020-01-28,28,1,January,1,2020,Tuesday,False
394,2020-01-29,29,1,January,1,2020,Wednesday,False
395,2020-01-30,30,1,January,1,2020,Thursday,False
396,2020-01-31,31,1,January,1,2020,Friday,False
397,2020-02-01,1,2,February,1,2020,Saturday,True
398,2020-02-02,2,2,February,1,2020,Sunday,True
399,2020-02-03,3,2,February,1,2020,Monday,False
400,2020-02-04,4,2,February,1,2020,Tuesday,False
401,2020-02-05,5,2,February,1,2020,Wednesday,False
402,2020-02-06,6,2,February,1,2020,Thursday,False
403,2020-02-07,7,2,February,1,2020,Friday,False
404,2020-02-08,8,2,February,1,2020,Saturday,True
405,2020-02-09,9,2,February,1,2020,Sunday,True
406,2020-02-10,10,2,February,1,2020,Monday,False
407,2020-02-11,11,2,February,1,2020,Tuesday,False
408,2020-02-12,12,2,February,1,2020,Wednesday,False
409,2020-02-13,13,2,February,1,2020,Thursday,False
410,2020-02-14,14,2,February,1,2020,Friday,False
411,2020-02-15,15,2,February,1,2020,Saturday,True
412,2020-02-16,16,2,February,1,2020,Sunday,True
413,2020-02-17,17,2,February,1,2020,Monday,False
414,2020-02-18,18,2,February,1,2020,Tuesday,False
415,2020-02-19,19,2,February,1,2020,Wednesday,False
416,2020-02-20,20,2,February,1,2020,Thursday,False
417,2020-02-21,21,2,February,1,2020,Friday,False
418,2020-02-22,22,2,February,1,2020,Saturday,True
419,2020-02-23,23,2,February,1,2020,Sunday,True
420,2020-02-24,24,2,February,1,2020,Monday,False
421,2020-02-25,25,2,February,1,2020,Tuesday,False
422,2020-02-26,26,2,February,1,2020,Wednesday,False
423,2020-02-27,27,2,February,1,2020,Thursday,False
424,2020-02-28,28,2,February,1,2020,Friday,False
425,2020-02-29,29,2,February,1,2020,Saturday,True
426,2020-03-01,1,3,March,1,2020,Sunday,True
427,2020-03-02,2,3,March,1,2020,Monday,False
428,2020-03-03,3,3,March,1,2020,Tuesday,False
429,2020-03-04,4,3,March,1,2020,Wednesday,False
430,2020-03-05,5,3,March,1,2020,Thursday,False
431,2020-03-06,6,3,March,1,2020,Friday,False
432,2020-03-07,7,3,March,1,2020,Saturday,True
433,2020-03-08,8,3,March,1,2020,Sunday,True
434,2020-03-09,9,3,March,1,2020,Monday,False
435,2020-03-10,10,3,March,1,2020,Tuesday,False
436,2020-03-11,11,3,March,1,2020,Wednesday,False
437,2020-03-12,12,3,March,1,2020,Thursday,False
438,2020-03-13,13,3,March,1,2020,Friday,False
439,2020-03-14,14,3,March,1,2020,Saturday,True
440,2020-03-15,15,3,March,1,2020,Sunday,True
441,2020-03-16,16,3,March,1,2020,Monday,False
442,2020-03-17,17,3,March,1,2020,Tuesday,False
443,2020-03-18,18,3,March,1,2020,Wednesday,False
444,2020-03-19,19,3,March,1,2020,Thursday,False
445,2020-03-20,20,3,March,1,2020,Friday,False
446,2020-03-21,21,3,March,1,2020,Saturday,True
447,2020-03-22,22,3,March,1,2020,Sunday,True
448,2020-03-23,23,3,March,1,2020,Monday,False
449,2020-03-24,24,3,March,1,2020,Tuesday,False
450,2020-03-25,25,3,March,1,2020,Wednesday,False
451,2020-03-26,26,3,March,1,2020,Thursday,False
452,2020-03-27,27,3,March,1,2020,Friday,False
453,2020-03-28,28,3,March,1,2020,Saturday,True
454,2020-03-29,29,3,March,1,2020,Sunday,True
455,2020-03-30,30,3,March,1,2020,Monday,False
456,2020-03-31,31,3,March,1,2020,Tuesday,False
457,2020-04-01,1,4,April,2,2020,Wednesday,False
458,2020-04-02,2,4,April,2,2020,Thursday,False
459,2020-04-03,3,4,April,2,2020,Friday,False
460,2020-04-04,4,4,April,2,2020,Saturday,True
461,2020-04-05,5,4,April,2,2020,Sunday,True
462,2020-04-06,6,4,April,2,2020,Monday,False
463,2020-04-07,7,4,April,2,2020,Tuesday,False
464,2020-04-08,8,4,April,2,2020,Wednesday,False
465,2020-04-09,9,4,April,2,2020,Thursday,False
466,2020-04-10,10,4,April,2,2020,Friday,False
467,2020-04-11,11,4,April,2,2020,Saturday,True
468,2020-04-12,12,4,April,2,2020,Sunday,True
469,2020-04-13,13,4,April,2,2020,Monday,False
470,2020-04-14,14,4,April,2,2020,Tuesday,False
471,2020-04-15,15,4,April,2,2020,Wednesday,False
472,2020-04-16,16,4,April,2,2020,Thursday,False
473,2020-04-17,17,4,April,2,2020,Friday,False
474,2020-04-18,18,4,April,2,2020,Saturday,True
475,2020-04-19,19,4,April,2,2020,Sunday,True
476,2020-04-20,20,4,April,2,2020,Monday,False
477,2020-04-21,21,4,April,2,2020,Tuesday,False
478,2020-04-22,22,4,April,2,2020,Wednesday,False
479,2020-04-23,23,4,April,2,2020,Thursday,False
480,2020-04-24,24,4,April,2,2020,Friday,False
481,2020-04-25,25,4,April,2,2020,Saturday,True
482,2020-04-26,26,4,April,2,2020,Sunday,True
483,2020-04-27,27,4,April,2,2020,Monday,False
484,2020-04-28,28,4,April,2,2020,Tuesday,False
485,2020-04-29,29,4,April,2,2020,Wednesday,False
486,2020-04-30,30,4,April,2,2020,Thursday,False
487,2020-05-01,1,5,May,2,2020,Friday,False
488,2020-05-02,2,5,May,2,2020,Saturday,True
489,2020-05-03,3,5,May,2,2020,Sunday,True
490,2020-05-04,4,5,May,2,2020,Monday,False
491,2020-05-05,5,5,May,2,2020,Tuesday,False
492,2020-05-06,6,5,May,2,2020,Wednesday,False
493,2020-05-07,7,5,May,2,2020,Thursday,False
494,2020-05-08,8,5,May,2,2020,Friday,False
495,2020-05-09,9,5,May,2,2020,Saturday,True
496,2020-05-10,10,5,May,2,2020,Sunday,True
497,2020-05-11,11,5,May,2,2020,Monday,False
498,2020-05-12,12,5,May,2,2020,Tuesday,False
499,2020-05-13,13,5,May,2,2020,Wednesday,False
500,2020-05-14,14,5,May,2,2020,Thursday,False
501,2020-05-15,15,5,May,2,2020,Friday,False
502,2020-05-16,16,5,May,2,2020,Saturday,True
503,2020-05-17,17,5,May,2,2020,Sunday,True
504,2020-05-18,18,5,May,2,2020,Monday,False
505,2020-05-19,19,5,May,2,2020,Tuesday,False
506,2020-05-20,20,5,May,2,2020,Wednesday,False
507,2020-05-21,21,5,May,2,2020,Thursday,False
508,2020-05-22,22,5,May,2,2020,Friday,False
509,2020-05-23,23,5,May,2,2020,Saturday,True
510,2020-05-24,24,5,May,2,2020,Sunday,True
511,2020-05-25,25,5,May,2,2020,Monday,False
512,2020-05-26,26,5,May,2,2020,Tuesday,False
513,2020-05-27,27,5,May,2,2020,Wednesday,False
514,2020-05-28,28,5,May,2,2020,Thursday,False
515,2020-05-29,29,5,May,2,2020,Friday,False
516,2020-05-30,30,5,May,2,2020,Saturday,True
517,2020-05-31,31,5,May,2,2020,Sunday,True
518,2020-06-01,1,6,June,2,2020,Monday,False
519,2020-06-02,2,6,June,2,2020,Tuesday,False
520,2020-06-03,3,6,June,2,2020,Wednesday,False
521,2020-06-04,4,6,June,2,2020,Thursday,False
522,2020-06-05,5,6,June,2,2020,Friday,False
523,2020-06-06,6,6,June,2,2020,Saturday,True
524,2020-06-07,7,6,June,2,2020,Sunday,True
525,2020-06-08,8,6,June,2,2020,Monday,False
526,2020-06-09,9,6,June,2,2020,Tuesday,False
527,2020-06-10,10,6,June,2,2020,Wednesday,False
528,2020-06-11,11,6,June,2,2020,Thursday,False
529,2020-06-12,12,6,June,2,2020,Friday,False
530,2020-06-13,13,6,June,2,2020,Saturday,True
531,2020-06-14,14,6,June,2,2020,Sunday,True
532,2020-06-15,15,6,June,2,2020,Monday,False
533,2020-06-16,16,6,June,2,2020,Tuesday,False
534,2020-06-17,17,6,June,2,2020,Wednesday,False
535,2020-06-18,18,6,June,2,2020,Thursday,False
536,2020-06-19,19,6,June,2,2020,Friday,False
537,2020-06-20,20,6,June,2,2020,Saturday,True
538,2020-06-21,21,6,June,2,2020,Sunday,True
539,2020-06-22,22,6,June,2,2020,Monday,False
540,2020-06-23,23,6,June,2,2020,Tuesday,False
541,2020-06-24,24,6,June,2,2020,Wednesday,False
542,2020-06-25,25,6,June,2,2020,Thursday,False
543,2020-06-26,26,6,June,2,2020,Friday,False
544,2020-06-27,27,6,June,2,2020,Saturday,True
545,2020-06-28,28,6,June,2,2020,Sunday,True
546,2020-06-29,29,6,June,2,2020,Monday,False
547,2020-06-30,30,6,June,2,2020,Tuesday,False
548,2020-07-01,1,7,July,3,2020,Wednesday,False
549,2020-07-02,2,7,July,3,2020,Thursday,False
550,2020-07-03,3,7,July,3,2020,Friday,False
551,2020-07-04,4,7,July,3,2020,Saturday,True
552,2020-07-05,5,7,July,3,2020,Sunday,True
553,2020-07-06,6,7,July,3,2020,Monday,False
554,2020-07-07,7,7,July,3,2020,Tuesday,False
555,2020-07-08,8,7,July,3,2020,Wednesday,False
556,2020-07-09,9,7,July,3,2020,Thursday,False
557,2020-07-10,10,7,July,3,2020,Friday,False
558,2020-07-11,11,7,July,3,2020,Saturday,True
559,2020-07-12,12,7,July,3,2020,Sunday,True
560,2020-07-13,13,7,July,3,2020,Monday,False
561,2020-07-14,14,7,July,3,2020,Tuesday,False
562,2020-07-15,15,7,July,3,2020,Wednesday,False
563,2020-07-16,16,7,July,3,2020,Thursday,False
564,2020-07-17,17,7,July,3,2020,Friday,False
565,2020-07-18,18,7,July,3,2020,Saturday,True
566,2020-07-19,19,7,July,3,2020,Sunday,True
567,2020-07-20,20,7,July,3,2020,Monday,False
568,2020-07-21,21,7,July,3,2020,Tuesday,False
569,2020-07-22,22,7,July,3,2020,Wednesday,False
570,2020-07-23,23,7,July,3,2020,Thursday,False
571,2020-07-24,24,7,July,3,2020,Friday,False
572,2020-07-25,25,7,July,3,2020,Saturday,True
573,2020-07-26,26,7,July,3,2020,Sunday,True
574,2020-07-27,27,7,July,3,2020,Monday,False
575,2020-07-28,28,7,July,3,2020,Tuesday,False
576,2020-07-29,29,7,July,3,2020,Wednesday,False
577,2020-07-30,30,7,July,3,2020,Thursday,False
578,2020-07-31,31,7,July,3,2020,Friday,False
579,2020-08-01,1,8,August,3,2020,Saturday,True
580,2020-08-02,2,8,August,3,2020,Sunday,True
581,2020-08-03,3,8,August,3,2020,Monday,False
582,2020-08-04,4,8,August,3,2020,Tuesday,False
583,2020-08-05,5,8,August,3,2020,Wednesday,False
584,2020-08-06,6,8,August,3,2020,Thursday,False
585,2020-08-07,7,8,August,3,2020,Friday,False
586,2020-08-08,8,8,August,3,2020,Saturday,True
587,2020-08-09,9,8,August,3,2020,Sunday,True
588,2020-08-10,10,8,August,3,2020,Monday,False
589,2020-08-11,11,8,August,3,2020,Tuesday,False
590,2020-08-12,12,8,August,3,2020,Wednesday,False
591,2020-08-13,13,8,August,3,2020,Thursday,False
592,2020-08-14,14,8,August,3,2020,Friday,False
593,2020-08-15,15,8,August,3,2020,Saturday,True
594,2020-08-16,16,8,August,3,2020,Sunday,True
595,2020-08-17,17,8,August,3,2020,Monday,False
596,2020-08-18,18,8,August,3,2020,Tuesday,False
597,2020-08-19,19,8,August,3,2020,Wednesday,False
598,2020-08-20,20,8,August,3,2020,Thursday,False
599,2020-08-21,21,8,August,3,2020,Friday,False
600,2020-08-22,22,8,August,3,2020,Saturday,True
601,2020-08-23,23,8,August,3,2020,Sunday,True
602,2020-08-24,24,8,August,3,2020,Monday,False
603,2020-08-25,25,8,August,3,2020,Tuesday,False
604,2020-08-26,26,8,August,3,2020,Wednesday,False
605,2020-08-27,27,8,August,3,2020,Thursday,False
606,2020-08-28,28,8,August,3,2020,Friday,False
607,2020-08-29,29,8,August,3,2020,Saturday,True
608,2020-08-30,30,8,August,3,2020,Sunday,True
609,2020-08-31,31,8,August,3,2020,Monday,False
610,2020-09-01,1,9,September,3,2020,Tuesday,False
611,2020-09-02,2,9,September,3,2020,Wednesday,False
612,2020-09-03,3,9,September,3,2020,Thursday,False
613,2020-09-04,4,9,September,3,2020,Friday,False
614,2020-09-05,5,9,September,3,2020,Saturday,True
615,2020-09-06,6,9,September,3,2020,Sunday,True
616,2020-09-07,7,9,September,3,2020,Monday,False
617,2020-09-08,8,9,September,3,2020,Tuesday,False
618,2020-09-09,9,9,September,3,2020,Wednesday,False
619,2020-09-10,10,9,September,3,2020,Thursday,False
620,2020-09-11,11,9,September,3,2020,Friday,False
621,2020-09-12,12,9,September,3,2020,Saturday,True
622,2020-09-13,13,9,September,3,2020,Sunday,True
623,2020-09-14,14,9,September,3,2020,Monday,False
624,2020-09-15,15,9,September,3,2020,Tuesday,False
625,2020-09-16,16,9,September,3,2020,Wednesday,False
626,2020-09-17,17,9,September,3,2020,Thursday,False
627,2020-09-18,18,9,September,3,2020,Friday,False
628,2020-09-19,19,9,September,3,2020,Saturday,True
629,2020-09-20,20,9,September,3,2020,Sunday,True
630,2020-09-21,21,9,September,3,2020,Monday,False
631,2020-09-22,22,9,September,3,2020,Tuesday,False
632,2020-09-23,23,9,September,3,2020,Wednesday,False
633,2020-09-24,24,9,September,3,2020,Thursday,False
634,2020-09-25,25,9,September,3,2020,Friday,False
635,2020-09-26,26,9,September,3,2020,Saturday,True
636,2020-09-27,27,9,September,3,2020,Sunday,True
637,2020-09-28,28,9,September,3,2020,Monday,False
638,2020-09-29,29,9,September,3,2020,Tuesday,False
639,2020-09-30,30,9,September,3,2020,Wednesday,False
640,2020-10-01,1,10,October,4,2020,Thursday,False
641,2020-10-02,2,10,October,4,2020,Friday,False
642,2020-10-03,3,10,October,4,2020,Saturday,True
643,2020-10-04,4,10,October,4,2020,Sunday,True
644,2020-10-05,5,10,October,4,2020,Monday,False
645,2020-10-06,6,10,October,4,2020,Tuesday,False
646,2020-10-07,7,10,October,4,2020,Wednesday,False
647,2020-10-08,8,10,October,4,2020,Thursday,False
648,2020-10-09,9,10,October,4,2020,Friday,False
649,2020-10-10,10,10,October,4,2020,Saturday,True
650,2020-10-11,11,10,October,4,2020,Sunday,True
651,2020-10-12,12,10,October,4,2020,Monday,False
652,2020-10-13,13,10,October,4,2020,Tuesday,False
653,2020-10-14,14,10,October,4,2020,Wednesday,False
654,2020-10-15,15,10,October,4,2020,Thursday,False
655,2020-10-16,16,10,October,4,2020,Friday,False
656,2020-10-17,17,10,October,4,2020,Saturday,True
657,2020-10-18,18,10,October,4,2020,Sunday,True
658,2020-10-19,19,10,October,4,2020,Monday,False
659,2020-10-20,20,10,October,4,2020,Tuesday,False
660,2020-10-21,21,10,October,4,2020,Wednesday,False
661,2020-10-22,22,10,October,4,2020,Thursday,False
662,2020-10-23,23,10,October,4,2020,Friday,False
663,2020-10-24,24,10,October,4,2020,Saturday,True
664,2020-10-25,25,10,October,4,2020,Sunday,True
665,2020-10-26,26,10,October,4,2020,Monday,False
666,2020-10-27,27,10,October,4,2020,Tuesday,False
667,2020-10-28,28,10,October,4,2020,Wednesday,False
668,2020-10-29,29,10,October,4,2020,Thursday,False
669,2020-10-30,30,10,October,4,2020,Friday,False
670,2020-10-31,31,10,October,4,2020,Saturday,True
671,2020-11-01,1,11,November,4,2020,Sunday,True
672,2020-11-02,2,11,November,4,2020,Monday,False
673,2020-11-03,3,11,November,4,2020,Tuesday,False
674,2020-11-04,4,11,November,4,2020,Wednesday,False
675,2020-11-05,5,11,November,4,2020,Thursday,False
676,2020-11-06,6,11,November,4,2020,Friday,False
677,2020-11-07,7,11,November,4,2020,Saturday,True
678,2020-11-08,8,11,November,4,2020,Sunday,True
679,2020-11-09,9,11,November,4,2020,Monday,False
680,2020-11-10,10,11,November,4,2020,Tuesday,False
681,2020-11-11,11,11,November,4,2020,Wednesday,False
682,2020-11-12,12,11,November,4,2020,Thursday,False
683,2020-11-13,13,11,November,4,2020,Friday,False
684,2020-11-14,14,11,November,4,2020,Saturday,True
685,2020-11-15,15,11,November,4,2020,Sunday,True
686,2020-11-16,16,11,November,4,2020,Monday,False
687,2020-11-17,17,11,November,4,2020,Tuesday,False
688,2020-11-18,18,11,November,4,2020,Wednesday,False
689,2020-11-19,19,11,November,4,2020,Thursday,False
690,2020-11-20,20,11,November,4,2020,Friday,False
691,2020-11-21,21,11,November,4,2020,Saturday,True
692,2020-11-22,22,11,November,4,2020,Sunday,True
693,2020-11-23,23,11,November,4,2020,Monday,False
694,2020-11-24,24,11,November,4,2020,Tuesday,False
695,2020-11-25,25,11,November,4,2020,Wednesday,False
696,2020-11-26,26,11,November,4,2020,Thursday,False
697,2020-11-27,27,11,November,4,2020,Friday,False
698,2020-11-28,28,11,November,4,2020,Saturday,True
699,2020-11-29,29,11,November,4,2020,Sunday,True
700,2020-11-30,30,11,November,4,2020,Monday,False
701,2020-12-01,1,12,December,4,2020,Tuesday,False
702,2020-12-02,2,12,December,4,2020,Wednesday,False
703,2020-12-03,3,12,December,4,2020,Thursday,False
704,2020-12-04,4,12,December,4,2020,Friday,False
705,2020-12-05,5,12,December,4,2020,Saturday,True
706,2020-12-06,6,12,December,4,2020,Sunday,True
707,2020-12-07,7,12,December,4,2020,Monday,False
708,2020-12-08,8,12,December,4,2020,Tuesday,False
709,2020-12-09,9,12,December,4,2020,Wednesday,False
710,2020-12-10,10,12,December,4,2020,Thursday,False
711,2020-12-11,11,12,December,4,2020,Friday,False
712,2020-12-12,12,12,December,4,2020,Saturday,True
713,2020-12-13,13,12,December,4,2020,Sunday,True
714,2020-12-14,14,12,December,4,2020,Monday,False
715,2020-12-15,15,12,December,4,2020,Tuesday,False
716,2020-12-16,16,12,December,4,2020,Wednesday,False
717,2020-12-17,17,12,December,4,2020,Thursday,False
718,2020-12-18,18,12,December,4,2020,Friday,False
719,2020-12-19,19,12,December,4,2020,Saturday,True
720,2020-12-20,20,12,December,4,2020,Sunday,True
721,2020-12-21,21,12,December,4,2020,Monday,False
722,2020-12-22,22,12,December,4,2020,Tuesday,False
723,2020-12-23,23,12,December,4,2020,Wednesday,False
724,2020-12-24,24,12,December,4,2020,Thursday,False
725,2020-12-25,25,12,December,4,2020,Friday,False
726,2020-12-26,26,12,December,4,2020,Saturday,True
727,2020-12-27,27,12,December,4,2020,Sunday,True
728,2020-12-28,28,12,December,4,2020,Monday,False
729,2020-12-29,29,12,December,4,2020,Tuesday,False
730,2020-12-30,30,12,December,4,2020,Wednesday,False
731,2020-12-31,31,12,December,4,2020,Thursday,False
732,2021-01-01,1,1,January,1,2021,Friday,False
733,2021-01-02,2,1,January,1,2021,Saturday,True
734,2021-01-03,3,1,January,1,2021,Sunday,True
735,2021-01-04,4,1,January,1,2021,Monday,False
736,2021-01-05,5,1,January,1,2021,Tuesday,False
737,2021-01-06,6,1,January,1,2021,Wednesday,False
738,2021-01-07,7,1,January,1,2021,Thursday,False
739,2021-01-08,8,1,January,1,2021,Friday,False
740,2021-01-09,9,1,January,1,2021,Saturday,True
741,2021-01-10,10,1,January,1,2021,Sunday,True
742,2021-01-11,11,1,January,1,2021,Monday,False
743,2021-01-12,12,1,January,1,2021,Tuesday,False
744,2021-01-13,13,1,January,1,2021,Wednesday,False
745,2021-01-14,14,1,January,1,2021,Thursday,False
746,2021-01-15,15,1,January,1,2021,Friday,False
747,2021-01-16,16,1,January,1,2021,Saturday,True
748,2021-01-17,17,1,January,1,2021,Sunday,True
749,2021-01-18,18,1,January,1,2021,Monday,False
750,2021-01-19,19,1,January,1,2021,Tuesday,False
751,2021-01-20,20,1,January,1,2021,Wednesday,False
752,2021-01-21,21,1,January,1,2021,Thursday,False
753,2021-01-22,22,1,January,1,2021,Friday,False
754,2021-01-23,23,1,January,1,2021,Saturday,True
755,2021-01-24,24,1,January,1,2021,Sunday,True
756,2021-01-25,25,1,January,1,2021,Monday,False
757,2021-01-26,26,1,January,1,2021,Tuesday,False
758,2021-01-27,27,1,January,1,2021,Wednesday,False
759,2021-01-28,28,1,January,1,2021,Thursday,False
760,2021-01-29,29,1,January,1,2021,Friday,False
761,2021-01-30,30,1,January,1,2021,Saturday,True
762,2021-01-31,31,1,January,1,2021,Sunday,True
763,2021-02-01,1,2,February,1,2021,Monday,False
764,2021-02-02,2,2,February,1,2021,Tuesday,False
765,2021-02-03,3,2,February,1,2021,Wednesday,False
766,2021-02-04,4,2,February,1,2021,Thursday,False
767,2021-02-05,5,2,February,1,2021,Friday,False
768,2021-02-06,6,2,February,1,2021,Saturday,True
769,2021-02-07,7,2,February,1,2021,Sunday,True
770,2021-02-08,8,2,February,1,2021,Monday,False
771,2021-02-09,9,2,February,1,2021,Tuesday,False
772,2021-02-10,10,2,February,1,2021,Wednesday,False
773,2021-02-11,11,2,February,1,2021,Thursday,False
774,2021-02-12,12,2,February,1,2021,Friday,False
775,2021-02-13,13,2,February,1,2021,Saturday,True
776,2021-02-14,14,2,February,1,2021,Sunday,True
777,2021-02-15,15,2,February,1,2021,Monday,False
778,2021-02-16,16,2,February,1,2021,Tuesday,False
779,2021-02-17,17,2,February,1,2021,Wednesday,False
780,2021-02-18,18,2,February,1,2021,Thursday,False
781,2021-02-19,19,2,February,1,2021,Friday,False
782,2021-02-20,20,2,February,1,2021,Saturday,True
783,2021-02-21,21,2,February,1,2021,Sunday,True
784,2021-02-22,22,2,February,1,2021,Monday,False
785,2021-02-23,23,2,February,1,2021,Tuesday,False
786,2021-02-24,24,2,February,1,2021,Wednesday,False
787,2021-02-25,25,2,February,1,2021,Thursday,False
788,2021-02-26,26,2,February,1,2021,Friday,False
789,2021-02-27,27,2,February,1,2021,Saturday,True
790,2021-02-28,28,2,February,1,2021,Sunday,True
791,2021-03-01,1,3,March,1,2021,Monday,False
792,2021-03-02,2,3,March,1,2021,Tuesday,False
793,2021-03-03,3,3,March,1,2021,Wednesday,False
794,2021-03-04,4,3,March,1,2021,Thursday,False
795,2021-03-05,5,3,March,1,2021,Friday,False
796,2021-03-06,6,3,March,1,2021,Saturday,True
797,2021-03-07,7,3,March,1,2021,Sunday,True
798,2021-03-08,8,3,March,1,2021,Monday,False
799,2021-03-09,9,3,March,1,2021,Tuesday,False
800,2021-03-10,10,3,March,1,2021,Wednesday,False
801,2021-03-11,11,3,March,1,2021,Thursday,False
802,2021-03-12,12,3,March,1,2021,Friday,False
803,2021-03-13,13,3,March,1,2021,Saturday,True
804,2021-03-14,14,3,March,1,2021,Sunday,True
805,2021-03-15,15,3,March,1,2021,Monday,False
806,2021-03-16,16,3,March,1,2021,Tuesday,False
807,2021-03-17,17,3,March,1,2021,Wednesday,False
808,2021-03-18,18,3,March,1,2021,Thursday,False
809,2021-03-19,19,3,March,1,2021,Friday,False
810,2021-03-20,20,3,March,1,2021,Saturday,True
811,2021-03-21,21,3,March,1,2021,Sunday,True
812,2021-03-22,22,3,March,1,2021,Monday,False
813,2021-03-23,23,3,March,1,2021,Tuesday,False
814,2021-03-24,24,3,March,1,2021,Wednesday,False
815,2021-03-25,25,3,March,1,2021,Thursday,False
816,2021-03-26,26,3,March,1,2021,Friday,False
817,2021-03-27,27,3,March,1,2021,Saturday,True
818,2021-03-28,28,3,March,1,2021,Sunday,True
819,2021-03-29,29,3,March,1,2021,Monday,False
820,2021-03-30,30,3,March,1,2021,Tuesday,False
821,2021-03-31,31,3,March,1,2021,Wednesday,False
822,2021-04-01,1,4,April,2,2021,Thursday,False
823,2021-04-02,2,4,April,2,2021,Friday,False
824,2021-04-03,3,4,April,2,2021,Saturday,True
825,2021-04-04,4,4,April,2,2021,Sunday,True
826,2021-04-05,5,4,April,2,2021,Monday,False
827,2021-04-06,6,4,April,2,2021,Tuesday,False
828,2021-04-07,7,4,April,2,2021,Wednesday,False
829,2021-04-08,8,4,April,2,2021,Thursday,False
830,2021-04-09,9,4,April,2,2021,Friday,False
831,2021-04-10,10,4,April,2,2021,Saturday,True
832,2021-04-11,11,4,April,2,2021,Sunday,True
833,2021-04-12,12,4,April,2,2021,Monday,False
834,2021-04-13,13,4,April,2,2021,Tuesday,False
835,2021-04-14,14,4,April,2,2021,Wednesday,False
836,2021-04-15,15,4,April,2,2021,Thursday,False
837,2021-04-16,16,4,April,2,2021,Friday,False
838,2021-04-17,17,4,April,2,2021,Saturday,True
839,2021-04-18,18,4,April,2,2021,Sunday,True
840,2021-04-19,19,4,April,2,2021,Monday,False
841,2021-04-20,20,4,April,2,2021,Tuesday,False
842,2021-04-21,21,4,April,2,2021,Wednesday,False
843,2021-04-22,22,4,April,2,2021,Thursday,False
844,2021-04-23,23,4,April,2,2021,Friday,False
845,2021-04-24,24,4,April,2,2021,Saturday,True
846,2021-04-25,25,4,April,2,2021,Sunday,True
847,2021-04-26,26,4,April,2,2021,Monday,False
848,2021-04-27,27,4,April,2,2021,Tuesday,False
849,2021-04-28,28,4,April,2,2021,Wednesday,False
850,2021-04-29,29,4,April,2,2021,Thursday,False
851,2021-04-30,30,4,April,2,2021,Friday,False
852,2021-05-01,1,5,May,2,2021,Saturday,True
853,2021-05-02,2,5,May,2,2021,Sunday,True
854,2021-05-03,3,5,May,2,2021,Monday,False
855,2021-05-04,4,5,May,2,2021,Tuesday,False
856,2021-05-05,5,5,May,2,2021,Wednesday,False
857,2021-05-06,6,5,May,2,2021,Thursday,False
858,2021-05-07,7,5,May,2,2021,Friday,False
859,2021-05-08,8,5,May,2,2021,Saturday,True
860,2021-05-09,9,5,May,2,2021,Sunday,True
861,2021-05-10,10,5,May,2,2021,Monday,False
862,2021-05-11,11,5,May,2,2021,Tuesday,False
863,2021-05-12,12,5,May,2,2021,Wednesday,False
864,2021-05-13,13,5,May,2,2021,Thursday,False
865,2021-05-14,14,5,May,2,2021,Friday,False
866,2021-05-15,15,5,May,2,2021,Saturday,True
867,2021-05-16,16,5,May,2,2021,Sunday,True
868,2021-05-17,17,5,May,2,2021,Monday,False
869,2021-05-18,18,5,May,2,2021,Tuesday,False
870,2021-05-19,19,5,May,2,2021,Wednesday,False
871,2021-05-20,20,5,May,2,2021,Thursday,False
872,2021-05-21,21,5,May,2,2021,Friday,False
873,2021-05-22,22,5,May,2,2021,Saturday,True
874,2021-05-23,23,5,May,2,2021,Sunday,True
875,2021-05-24,24,5,May,2,2021,Monday,False
876,2021-05-25,25,5,May,2,2021,Tuesday,False
877,2021-05-26,26,5,May,2,2021,Wednesday,False
878,2021-05-27,27,5,May,2,2021,Thursday,False
879,2021-05-28,28,5,May,2,2021,Friday,False
880,2021-05-29,29,5,May,2,2021,Saturday,True
881,2021-05-30,30,5,May,2,2021,Sunday,True
882,2021-05-31,31,5,May,2,2021,Monday,False
883,2021-06-01,1,6,June,2,2021,Tuesday,False
884,2021-06-02,2,6,June,2,2021,Wednesday,False
885,2021-06-03,3,6,June,2,2021,Thursday,False
886,2021-06-04,4,6,June,2,2021,Friday,False
887,2021-06-05,5,6,June,2,2021,Saturday,True
888,2021-06-06,6,6,June,2,2021,Sunday,True
889,2021-06-07,7,6,June,2,2021,Monday,False
890,2021-06-08,8,6,June,2,2021,Tuesday,False
891,2021-06-09,9,6,June,2,2021,Wednesday,False
892,2021-06-10,10,6,June,2,2021,Thursday,False
893,2021-06-11,11,6,June,2,2021,Friday,False
894,2021-06-12,12,6,June,2,2021,Saturday,True
895,2021-06-13,13,6,June,2,2021,Sunday,True
896,2021-06-14,14,6,June,2,2021,Monday,False
897,2021-06-15,15,6,June,2,2021,Tuesday,False
898,2021-06-16,16,6,June,2,2021,Wednesday,False
899,2021-06-17,17,6,June,2,2021,Thursday,False
900,2021-06-18,18,6,June,2,2021,Friday,False
901,2021-06-19,19,6,June,2,2021,Saturday,True
902,2021-06-20,20,6,June,2,2021,Sunday,True
903,2021-06-21,21,6,June,2,2021,Monday,False
904,2021-06-22,22,6,June,2,2021,Tuesday,False
905,2021-06-23,23,6,June,2,2021,Wednesday,False
906,2021-06-24,24,6,June,2,2021,Thursday,False
907,2021-06-25,25,6,June,2,2021,Friday,False
908,2021-06-26,26,6,June,2,2021,Saturday,True
909,2021-06-27,27,6,June,2,2021,Sunday,True
910,2021-06-28,28,6,June,2,2021,Monday,False
911,2021-06-29,29,6,June,2,2021,Tuesday,False
912,2021-06-30,30,6,June,2,2021,Wednesday,False
913,2021-07-01,1,7,July,3,2021,Thursday,False
914,2021-07-02,2,7,July,3,2021,Friday,False
915,2021-07-03,3,7,July,3,2021,Saturday,True
916,2021-07-04,4,7,July,3,2021,Sunday,True
917,2021-07-05,5,7,July,3,2021,Monday,False
918,2021-07-06,6,7,July,3,2021,Tuesday,False
919,2021-07-07,7,7,July,3,2021,Wednesday,False
920,2021-07-08,8,7,July,3,2021,Thursday,False
921,2021-07-09,9,7,July,3,2021,Friday,False
922,2021-07-10,10,7,July,3,2021,Saturday,True
923,2021-07-11,11,7,July,3,2021,Sunday,True
924,2021-07-12,12,7,July,3,2021,Monday,False
925,2021-07-13,13,7,July,3,2021,Tuesday,False
926,2021-07-14,14,7,July,3,2021,Wednesday,False
927,2021-07-15,15,7,July,3,2021,Thursday,False
928,2021-07-16,16,7,July,3,2021,Friday,False
929,2021-07-17,17,7,July,3,2021,Saturday,True
930,2021-07-18,18,7,July,3,2021,Sunday,True
931,2021-07-19,19,7,July,3,2021,Monday,False
932,2021-07-20,20,7,July,3,2021,Tuesday,False
933,2021-07-21,21,7,July,3,2021,Wednesday,False
934,2021-07-22,22,7,July,3,2021,Thursday,False
935,2021-07-23,23,7,July,3,2021,Friday,False
936,2021-07-24,24,7,July,3,2021,Saturday,True
937,2021-07-25,25,7,July,3,2021,Sunday,True
938,2021-07-26,26,7,July,3,2021,Monday,False
939,2021-07-27,27,7,July,3,2021,Tuesday,False
940,2021-07-28,28,7,July,3,2021,Wednesday,False
941,2021-07-29,29,7,July,3,2021,Thursday,False
942,2021-07-30,30,7,July,3,2021,Friday,False
943,2021-07-31,31,7,July,3,2021,Saturday,True
944,2021-08-01,1,8,August,3,2021,Sunday,True
945,2021-08-02,2,8,August,3,2021,Monday,False
946,2021-08-03,3,8,August,3,2021,Tuesday,False
947,2021-08-04,4,8,August,3,2021,Wednesday,False
948,2021-08-05,5,8,August,3,2021,Thursday,False
949,2021-08-06,6,8,August,3,2021,Friday,False
950,2021-08-07,7,8,August,3,2021,Saturday,True
951,2021-08-08,8,8,August,3,2021,Sunday,True
952,2021-08-09,9,8,August,3,2021,Monday,False
953,2021-08-10,10,8,August,3,2021,Tuesday,False
954,2021-08-11,11,8,August,3,2021,Wednesday,False
955,2021-08-12,12,8,August,3,2021,Thursday,False
956,2021-08-13,13,8,August,3,2021,Friday,False
957,2021-08-14,14,8,August,3,2021,Saturday,True
958,2021-08-15,15,8,August,3,2021,Sunday,True
959,2021-08-16,16,8,August,3,2021,Monday,False
960,2021-08-17,17,8,August,3,2021,Tuesday,False
961,2021-08-18,18,8,August,3,2021,Wednesday,False
962,2021-08-19,19,8,August,3,2021,Thursday,False
963,2021-08-20,20,8,August,3,2021,Friday,False
964,2021-08-21,21,8,August,3,2021,Saturday,True
965,2021-08-22,22,8,August,3,2021,Sunday,True
966,2021-08-23,23,8,August,3,2021,Monday,False
967,2021-08-24,24,8,August,3,2021,Tuesday,False
968,2021-08-25,25,8,August,3,2021,Wednesday,False
969,2021-08-26,26,8,August,3,2021,Thursday,False
970,2021-08-27,27,8,August,3,2021,Friday,False
971,2021-08-28,28,8,August,3,2021,Saturday,True
972,2021-08-29,29,8,August,3,2021,Sunday,True
973,2021-08-30,30,8,August,3,2021,Monday,False
974,2021-08-31,31,8,August,3,2021,Tuesday,False
975,2021-09-01,1,9,September,3,2021,Wednesday,False
976,2021-09-02,2,9,September,3,2021,Thursday,False
977,2021-09-03,3,9,September,3,2021,Friday,False
978,2021-09-04,4,9,September,3,2021,Saturday,True
979,2021-09-05,5,9,September,3,2021,Sunday,True
980,2021-09-06,6,9,September,3,2021,Monday,False
981,2021-09-07,7,9,September,3,2021,Tuesday,False
982,2021-09-08,8,9,September,3,2021,Wednesday,False
983,2021-09-09,9,9,September,3,2021,Thursday,False
984,2021-09-10,10,9,September,3,2021,Friday,False
985,2021-09-11,11,9,September,3,2021,Saturday,True
986,2021-09-12,12,9,September,3,2021,Sunday,True
987,2021-09-13,13,9,September,3,2021,Monday,False
988,2021-09-14,14,9,September,3,2021,Tuesday,False
989,2021-09-15,15,9,September,3,2021,Wednesday,False
990,2021-09-16,16,9,September,3,2021,Thursday,False
991,2021-09-17,17,9,September,3,2021,Friday,False
992,2021-09-18,18,9,September,3,2021,Saturday,True
993,2021-09-19,19,9,September,3,2021,Sunday,True
994,2021-09-20,20,9,September,3,2021,Monday,False
995,2021-09-21,21,9,September,3,2021,Tuesday,False
996,2021-09-22,22,9,September,3,2021,Wednesday,False
997,2021-09-23,23,9,September,3,2021,Thursday,False
998,2021-09-24,24,9,September,3,2021,Friday,False
999,2021-09-25,25,9,September,3,2021,Saturday,True
1000,2021-09-26,26,9,September,3,2021,Sunday,True
1001,2021-09-27,27,9,September,3,2021,Monday,False
1002,2021-09-28,28,9,September,3,2021,Tuesday,False
1003,2021-09-29,29,9,September,3,2021,Wednesday,False
1004,2021-09-30,30,9,September,3,2021,Thursday,False
1005,2021-10-01,1,10,October,4,2021,Friday,False
1006,2021-10-02,2,10,October,4,2021,Saturday,True
1007,2021-10-03,3,10,October,4,2021,Sunday,True
1008,2021-10-04,4,10,October,4,2021,Monday,False
1009,2021-10-05,5,10,October,4,2021,Tuesday,False
1010,2021-10-06,6,10,October,4,2021,Wednesday,False
1011,2021-10-07,7,10,October,4,2021,Thursday,False
1012,2021-10-08,8,10,October,4,2021,Friday,False
1013,2021-10-09,9,10,October,4,2021,Saturday,True
1014,2021-10-10,10,10,October,4,2021,Sunday,True
1015,2021-10-11,11,10,October,4,2021,Monday,False
1016,2021-10-12,12,10,October,4,2021,Tuesday,False
1017,2021-10-13,13,10,October,4,2021,Wednesday,False
1018,2021-10-14,14,10,October,4,2021,Thursday,False
1019,2021-10-15,15,10,October,4,2021,Friday,False
1020,2021-10-16,16,10,October,4,2021,Saturday,True
1021,2021-10-17,17,10,October,4,2021,Sunday,True
1022,2021-10-18,18,10,October,4,2021,Monday,False
1023,2021-10-19,19,10,October,4,2021,Tuesday,False
1024,2021-10-20,20,10,October,4,2021,Wednesday,False
1025,2021-10-21,21,10,October,4,2021,Thursday,False
1026,2021-10-22,22,10,October,4,2021,Friday,False
1027,2021-10-23,23,10,October,4,2021,Saturday,True
1028,2021-10-24,24,10,October,4,2021,Sunday,True
1029,2021-10-25,25,10,October,4,2021,Monday,False
1030,2021-10-26,26,10,October,4,2021,Tuesday,False
1031,2021-10-27,27,10,October,4,2021,Wednesday,False
1032,2021-10-28,28,10,October,4,2021,Thursday,False
1033,2021-10-29,29,10,October,4,2021,Friday,False
1034,2021-10-30,30,10,October,4,2021,Saturday,True
1035,2021-10-31,31,10,October,4,2021,Sunday,True
1036,2021-11-01,1,11,November,4,2021,Monday,False
1037,2021-11-02,2,11,November,4,2021,Tuesday,False
1038,2021-11-03,3,11,November,4,2021,Wednesday,False
1039,2021-11-04,4,11,November,4,2021,Thursday,False
1040,2021-11-05,5,11,November,4,2021,Friday,False
1041,2021-11-06,6,11,November,4,2021,Saturday,True
1042,2021-11-07,7,11,November,4,2021,Sunday,True
1043,2021-11-08,8,11,November,4,2021,Monday,False
1044,2021-11-09,9,11,November,4,2021,Tuesday,False
1045,2021-11-10,10,11,November,4,2021,Wednesday,False
1046,2021-11-11,11,11,November,4,2021,Thursday,False
1047,2021-11-12,12,11,November,4,2021,Friday,False
1048,2021-11-13,13,11,November,4,2021,Saturday,True
1049,2021-11-14,14,11,November,4,2021,Sunday,True
1050,2021-11-15,15,11,November,4,2021,Monday,False
1051,2021-11-16,16,11,November,4,2021,Tuesday,False
1052,2021-11-17,17,11,November,4,2021,Wednesday,False
1053,2021-11-18,18,11,November,4,2021,Thursday,False
1054,2021-11-19,19,11,November,4,2021,Friday,False
1055,2021-11-20,20,11,November,4,2021,Saturday,True
1056,2021-11-21,21,11,November,4,2021,Sunday,True
1057,2021-11-22,22,11,November,4,2021,Monday,False
1058,2021-11-23,23,11,November,4,2021,Tuesday,False
1059,2021-11-24,24,11,November,4,2021,Wednesday,False
1060,2021-11-25,25,11,November,4,2021,Thursday,False
1061,2021-11-26,26,11,November,4,2021,Friday,False
1062,2021-11-27,27,11,November,4,2021,Saturday,True
1063,2021-11-28,28,11,November,4,2021,Sunday,True
1064,2021-11-29,29,11,November,4,2021,Monday,False
1065,2021-11-30,30,11,November,4,2021,Tuesday,False
1066,2021-12-01,1,12,December,4,2021,Wednesday,False
1067,2021-12-02,2,12,December,4,2021,Thursday,False
1068,2021-12-03,3,12,December,4,2021,Friday,False
1069,2021-12-04,4,12,December,4,2021,Saturday,True
1070,2021-12-05,5,12,December,4,2021,Sunday,True
1071,2021-12-06,6,12,December,4,2021,Monday,False
1072,2021-12-07,7,12,December,4,2021,Tuesday,False
1073,2021-12-08,8,12,December,4,2021,Wednesday,False
1074,2021-12-09,9,12,December,4,2021,Thursday,False
1075,2021-12-10,10,12,December,4,2021,Friday,False
1076,2021-12-11,11,12,December,4,2021,Saturday,True
1077,2021-12-12,12,12,December,4,2021,Sunday,True
1078,2021-12-13,13,12,December,4,2021,Monday,False
1079,2021-12-14,14,12,December,4,2021,Tuesday,False
1080,2021-12-15,15,12,December,4,2021,Wednesday,False
1081,2021-12-16,16,12,December,4,2021,Thursday,False
1082,2021-12-17,17,12,December,4,2021,Friday,False
1083,2021-12-18,18,12,December,4,2021,Saturday,True
1084,2021-12-19,19,12,December,4,2021,Sunday,True
1085,2021-12-20,20,12,December,4,2021,Monday,False
1086,2021-12-21,21,12,December,4,2021,Tuesday,False
1087,2021-12-22,22,12,December,4,2021,Wednesday,False
1088,2021-12-23,23,12,December,4,2021,Thursday,False
1089,2021-12-24,24,12,December,4,2021,Friday,False
1090,2021-12-25,25,12,December,4,2021,Saturday,True
1091,2021-12-26,26,12,December,4,2021,Sunday,True
1092,2021-12-27,27,12,December,4,2021,Monday,False
1093,2021-12-28,28,12,December,4,2021,Tuesday,False
1094,2021-12-29,29,12,December,4,2021,Wednesday,False
1095,2021-12-30,30,12,December,4,2021,Thursday,False
1096,2021-12-31,31,12,December,4,2021,Friday,False
1097,2022-01-01,1,1,January,1,2022,Saturday,True
1098,2022-01-02,2,1,January,1,2022,Sunday,True
1099,2022-01-03,3,1,January,1,2022,Monday,False
1100,2022-01-04,4,1,January,1,2022,Tuesday,False
1101,2022-01-05,5,1,January,1,2022,Wednesday,False
1102,2022-01-06,6,1,January,1,2022,Thursday,False
1103,2022-01-07,7,1,January,1,2022,Friday,False
1104,2022-01-08,8,1,January,1,2022,Saturday,True
1105,2022-01-09,9,1,January,1,2022,Sunday,True
1106,2022-01-10,10,1,January,1,2022,Monday,False
1107,2022-01-11,11,1,January,1,2022,Tuesday,False
1108,2022-01-12,12,1,January,1,2022,Wednesday,False
1109,2022-01-13,13,1,January,1,2022,Thursday,False
1110,2022-01-14,14,1,January,1,2022,Friday,False
1111,2022-01-15,15,1,January,1,2022,Saturday,True
1112,2022-01-16,16,1,January,1,2022,Sunday,True
1113,2022-01-17,17,1,January,1,2022,Monday,False
1114,2022-01-18,18,1,January,1,2022,Tuesday,False
1115,2022-01-19,19,1,January,1,2022,Wednesday,False
1116,2022-01-20,20,1,January,1,2022,Thursday,False
1117,2022-01-21,21,1,January,1,2022,Friday,False
1118,2022-01-22,22,1,January,1,2022,Saturday,True
1119,2022-01-23,23,1,January,1,2022,Sunday,True
1120,2022-01-24,24,1,January,1,2022,Monday,False
1121,2022-01-25,25,1,January,1,2022,Tuesday,False
1122,2022-01-26,26,1,January,1,2022,Wednesday,False
1123,2022-01-27,27,1,January,1,2022,Thursday,False
1124,2022-01-28,28,1,January,1,2022,Friday,False
1125,2022-01-29,29,1,January,1,2022,Saturday,True
1126,2022-01-30,30,1,January,1,2022,Sunday,True
1127,2022-01-31,31,1,January,1,2022,Monday,False
1128,2022-02-01,1,2,February,1,2022,Tuesday,False
1129,2022-02-02,2,2,February,1,2022,Wednesday,False
1130,2022-02-03,3,2,February,1,2022,Thursday,False
1131,2022-02-04,4,2,February,1,2022,Friday,False
1132,2022-02-05,5,2,February,1,2022,Saturday,True
1133,2022-02-06,6,2,February,1,2022,Sunday,True
1134,2022-02-07,7,2,February,1,2022,Monday,False
1135,2022-02-08,8,2,February,1,2022,Tuesday,False
1136,2022-02-09,9,2,February,1,2022,Wednesday,False
1137,2022-02-10,10,2,February,1,2022,Thursday,False
1138,2022-02-11,11,2,February,1,2022,Friday,False
1139,2022-02-12,12,2,February,1,2022,Saturday,True
1140,2022-02-13,13,2,February,1,2022,Sunday,True
1141,2022-02-14,14,2,February,1,2022,Monday,False
1142,2022-02-15,15,2,February,1,2022,Tuesday,False
1143,2022-02-16,16,2,February,1,2022,Wednesday,False
1144,2022-02-17,17,2,February,1,2022,Thursday,False
1145,2022-02-18,18,2,February,1,2022,Friday,False
1146,2022-02-19,19,2,February,1,2022,Saturday,True
1147,2022-02-20,20,2,February,1,2022,Sunday,True
1148,2022-02-21,21,2,February,1,2022,Monday,False
1149,2022-02-22,22,2,February,1,2022,Tuesday,False
1150,2022-02-23,23,2,February,1,2022,Wednesday,False
1151,2022-02-24,24,2,February,1,2022,Thursday,False
1152,2022-02-25,25,2,February,1,2022,Friday,False
1153,2022-02-26,26,2,February,1,2022,Saturday,True
1154,2022-02-27,27,2,February,1,2022,Sunday,True
1155,2022-02-28,28,2,February,1,2022,Monday,False
1156,2022-03-01,1,3,March,1,2022,Tuesday,False
1157,2022-03-02,2,3,March,1,2022,Wednesday,False
1158,2022-03-03,3,3,March,1,2022,Thursday,False
1159,2022-03-04,4,3,March,1,2022,Friday,False
1160,2022-03-05,5,3,March,1,2022,Saturday,True
1161,2022-03-06,6,3,March,1,2022,Sunday,True
1162,2022-03-07,7,3,March,1,2022,Monday,False
1163,2022-03-08,8,3,March,1,2022,Tuesday,False
1164,2022-03-09,9,3,March,1,2022,Wednesday,False
1165,2022-03-10,10,3,March,1,2022,Thursday,False
1166,2022-03-11,11,3,March,1,2022,Friday,False
1167,2022-03-12,12,3,March,1,2022,Saturday,True
1168,2022-03-13,13,3,March,1,2022,Sunday,True
1169,2022-03-14,14,3,March,1,2022,Monday,False
1170,2022-03-15,15,3,March,1,2022,Tuesday,False
1171,2022-03-16,16,3,March,1,2022,Wednesday,False
1172,2022-03-17,17,3,March,1,2022,Thursday,False
1173,2022-03-18,18,3,March,1,2022,Friday,False
1174,2022-03-19,19,3,March,1,2022,Saturday,True
1175,2022-03-20,20,3,March,1,2022,Sunday,True
1176,2022-03-21,21,3,March,1,2022,Monday,False
1177,2022-03-22,22,3,March,1,2022,Tuesday,False
1178,2022-03-23,23,3,March,1,2022,Wednesday,False
1179,2022-03-24,24,3,March,1,2022,Thursday,False
1180,2022-03-25,25,3,March,1,2022,Friday,False
1181,2022-03-26,26,3,March,1,2022,Saturday,True
1182,2022-03-27,27,3,March,1,2022,Sunday,True
1183,2022-03-28,28,3,March,1,2022,Monday,False
1184,2022-03-29,29,3,March,1,2022,Tuesday,False
1185,2022-03-30,30,3,March,1,2022,Wednesday,False
1186,2022-03-31,31,3,March,1,2022,Thursday,False
1187,2022-04-01,1,4,April,2,2022,Friday,False
1188,2022-04-02,2,4,April,2,2022,Saturday,True
1189,2022-04-03,3,4,April,2,2022,Sunday,True
1190,2022-04-04,4,4,April,2,2022,Monday,False
1191,2022-04-05,5,4,April,2,2022,Tuesday,False
1192,2022-04-06,6,4,April,2,2022,Wednesday,False
1193,2022-04-07,7,4,April,2,2022,Thursday,False
1194,2022-04-08,8,4,April,2,2022,Friday,False
1195,2022-04-09,9,4,April,2,2022,Saturday,True
1196,2022-04-10,10,4,April,2,2022,Sunday,True
1197,2022-04-11,11,4,April,2,2022,Monday,False
1198,2022-04-12,12,4,April,2,2022,Tuesday,False
1199,2022-04-13,13,4,April,2,2022,Wednesday,False
1200,2022-04-14,14,4,April,2,2022,Thursday,False
1201,2022-04-15,15,4,April,2,2022,Friday,False
1202,2022-04-16,16,4,April,2,2022,Saturday,True
1203,2022-04-17,17,4,April,2,2022,Sunday,True
1204,2022-04-18,18,4,April,2,2022,Monday,False
1205,2022-04-19,19,4,April,2,2022,Tuesday,False
1206,2022-04-20,20,4,April,2,2022,Wednesday,False
1207,2022-04-21,21,4,April,2,2022,Thursday,False
1208,2022-04-22,22,4,April,2,2022,Friday,False
1209,2022-04-23,23,4,April,2,2022,Saturday,True
1210,2022-04-24,24,4,April,2,2022,Sunday,True
1211,2022-04-25,25,4,April,2,2022,Monday,False
1212,2022-04-26,26,4,April,2,2022,Tuesday,False
1213,2022-04-27,27,4,April,2,2022,Wednesday,False
1214,2022-04-28,28,4,April,2,2022,Thursday,False
1215,2022-04-29,29,4,April,2,2022,Friday,False
1216,2022-04-30,30,4,April,2,2022,Saturday,True
1217,2022-05-01,1,5,May,2,2022,Sunday,True
1218,2022-05-02,2,5,May,2,2022,Monday,False
1219,2022-05-03,3,5,May,2,2022,Tuesday,False
1220,2022-05-04,4,5,May,2,2022,Wednesday,False
1221,2022-05-05,5,5,May,2,2022,Thursday,False
1222,2022-05-06,6,5,May,2,2022,Friday,False
1223,2022-05-07,7,5,May,2,2022,Saturday,True
1224,2022-05-08,8,5,May,2,2022,Sunday,True
1225,2022-05-09,9,5,May,2,2022,Monday,False
1226,2022-05-10,10,5,May,2,2022,Tuesday,False
1227,2022-05-11,11,5,May,2,2022,Wednesday,False
1228,2022-05-12,12,5,May,2,2022,Thursday,False
1229,2022-05-13,13,5,May,2,2022,Friday,False
1230,2022-05-14,14,5,May,2,2022,Saturday,True
1231,2022-05-15,15,5,May,2,2022,Sunday,True
1232,2022-05-16,16,5,May,2,2022,Monday,False
1233,2022-05-17,17,5,May,2,2022,Tuesday,False
1234,2022-05-18,18,5,May,2,2022,Wednesday,False
1235,2022-05-19,19,5,May,2,2022,Thursday,False
1236,2022-05-20,20,5,May,2,2022,Friday,False
1237,2022-05-21,21,5,May,2,2022,Saturday,True
1238,2022-05-22,22,5,May,2,2022,Sunday,True
1239,2022-05-23,23,5,May,2,2022,Monday,False
1240,2022-05-24,24,5,May,2,2022,Tuesday,False
1241,2022-05-25,25,5,May,2,2022,Wednesday,False
1242,2022-05-26,26,5,May,2,2022,Thursday,False
1243,2022-05-27,27,5,May,2,2022,Friday,False
1244,2022-05-28,28,5,May,2,2022,Saturday,True
1245,2022-05-29,29,5,May,2,2022,Sunday,True
1246,2022-05-30,30,5,May,2,2022,Monday,False
1247,2022-05-31,31,5,May,2,2022,Tuesday,False
1248,2022-06-01,1,6,June,2,2022,Wednesday,False
1249,2022-06-02,2,6,June,2,2022,Thursday,False
1250,2022-06-03,3,6,June,2,2022,Friday,False
1251,2022-06-04,4,6,June,2,2022,Saturday,True
1252,2022-06-05,5,6,June,2,2022,Sunday,True
1253,2022-06-06,6,6,June,2,2022,Monday,False
1254,2022-06-07,7,6,June,2,2022,Tuesday,False
1255,2022-06-08,8,6,June,2,2022,Wednesday,False
1256,2022-06-09,9,6,June,2,2022,Thursday,False
1257,2022-06-10,10,6,June,2,2022,Friday,False
1258,2022-06-11,11,6,June,2,2022,Saturday,True
1259,2022-06-12,12,6,June,2,2022,Sunday,True
1260,2022-06-13,13,6,June,2,2022,Monday,False
1261,2022-06-14,14,6,June,2,2022,Tuesday,False
1262,2022-06-15,15,6,June,2,2022,Wednesday,False
1263,2022-06-16,16,6,June,2,2022,Thursday,False
1264,2022-06-17,17,6,June,2,2022,Friday,False
1265,2022-06-18,18,6,June,2,2022,Saturday,True
1266,2022-06-19,19,6,June,2,2022,Sunday,True
1267,2022-06-20,20,6,June,2,2022,Monday,False
1268,2022-06-21,21,6,June,2,2022,Tuesday,False
1269,2022-06-22,22,6,June,2,2022,Wednesday,False
1270,2022-06-23,23,6,June,2,2022,Thursday,False
1271,2022-06-24,24,6,June,2,2022,Friday,False
1272,2022-06-25,25,6,June,2,2022,Saturday,True
1273,2022-06-26,26,6,June,2,2022,Sunday,True
1274,2022-06-27,27,6,June,2,2022,Monday,False
1275,2022-06-28,28,6,June,2,2022,Tuesday,False
1276,2022-06-29,29,6,June,2,2022,Wednesday,False
1277,2022-06-30,30,6,June,2,2022,Thursday,False
1278,2022-07-01,1,7,July,3,2022,Friday,False
1279,2022-07-02,2,7,July,3,2022,Saturday,True
1280,2022-07-03,3,7,July,3,2022,Sunday,True
1281,2022-07-04,4,7,July,3,2022,Monday,False
1282,2022-07-05,5,7,July,3,2022,Tuesday,False
1283,2022-07-06,6,7,July,3,2022,Wednesday,False
1284,2022-07-07,7,7,July,3,2022,Thursday,False
1285,2022-07-08,8,7,July,3,2022,Friday,False
1286,2022-07-09,9,7,July,3,2022,Saturday,True
1287,2022-07-10,10,7,July,3,2022,Sunday,True
1288,2022-07-11,11,7,July,3,2022,Monday,False
1289,2022-07-12,12,7,July,3,2022,Tuesday,False
1290,2022-07-13,13,7,July,3,2022,Wednesday,False
1291,2022-07-14,14,7,July,3,2022,Thursday,False
1292,2022-07-15,15,7,July,3,2022,Friday,False
1293,2022-07-16,16,7,July,3,2022,Saturday,True
1294,2022-07-17,17,7,July,3,2022,Sunday,True
1295,2022-07-18,18,7,July,3,2022,Monday,False
1296,2022-07-19,19,7,July,3,2022,Tuesday,False
1297,2022-07-20,20,7,July,3,2022,Wednesday,False
1298,2022-07-21,21,7,July,3,2022,Thursday,False
1299,2022-07-22,22,7,July,3,2022,Friday,False
1300,2022-07-23,23,7,July,3,2022,Saturday,True
1301,2022-07-24,24,7,July,3,2022,Sunday,True
1302,2022-07-25,25,7,July,3,2022,Monday,False
1303,2022-07-26,26,7,July,3,2022,Tuesday,False
1304,2022-07-27,27,7,July,3,2022,Wednesday,False
1305,2022-07-28,28,7,July,3,2022,Thursday,False
1306,2022-07-29,29,7,July,3,2022,Friday,False
1307,2022-07-30,30,7,July,3,2022,Saturday,True
1308,2022-07-31,31,7,July,3,2022,Sunday,True
1309,2022-08-01,1,8,August,3,2022,Monday,False
1310,2022-08-02,2,8,August,3,2022,Tuesday,False
1311,2022-08-03,3,8,August,3,2022,Wednesday,False
1312,2022-08-04,4,8,August,3,2022,Thursday,False
1313,2022-08-05,5,8,August,3,2022,Friday,False
1314,2022-08-06,6,8,August,3,2022,Saturday,True
1315,2022-08-07,7,8,August,3,2022,Sunday,True
1316,2022-08-08,8,8,August,3,2022,Monday,False
1317,2022-08-09,9,8,August,3,2022,Tuesday,False
1318,2022-08-10,10,8,August,3,2022,Wednesday,False
1319,2022-08-11,11,8,August,3,2022,Thursday,False
1320,2022-08-12,12,8,August,3,2022,Friday,False
1321,2022-08-13,13,8,August,3,2022,Saturday,True
1322,2022-08-14,14,8,August,3,2022,Sunday,True
1323,2022-08-15,15,8,August,3,2022,Monday,False
1324,2022-08-16,16,8,August,3,2022,Tuesday,False
1325,2022-08-17,17,8,August,3,2022,Wednesday,False
1326,2022-08-18,18,8,August,3,2022,Thursday,False
1327,2022-08-19,19,8,August,3,2022,Friday,False
1328,2022-08-20,20,8,August,3,2022,Saturday,True
1329,2022-08-21,21,8,August,3,2022,Sunday,True
1330,2022-08-22,22,8,August,3,2022,Monday,False
1331,2022-08-23,23,8,August,3,2022,Tuesday,False
1332,2022-08-24,24,8,August,3,2022,Wednesday,False
1333,2022-08-25,25,8,August,3,2022,Thursday,False
1334,2022-08-26,26,8,August,3,2022,Friday,False
1335,2022-08-27,27,8,August,3,2022,Saturday,True
1336,2022-08-28,28,8,August,3,2022,Sunday,True
1337,2022-08-29,29,8,August,3,2022,Monday,False
1338,2022-08-30,30,8,August,3,2022,Tuesday,False
1339,2022-08-31,31,8,August,3,2022,Wednesday,False
1340,2022-09-01,1,9,September,3,2022,Thursday,False
1341,2022-09-02,2,9,September,3,2022,Friday,False
1342,2022-09-03,3,9,September,3,2022,Saturday,True
1343,2022-09-04,4,9,September,3,2022,Sunday,True
1344,2022-09-05,5,9,September,3,2022,Monday,False
1345,2022-09-06,6,9,September,3,2022,Tuesday,False
1346,2022-09-07,7,9,September,3,2022,Wednesday,False
1347,2022-09-08,8,9,September,3,2022,Thursday,False
1348,2022-09-09,9,9,September,3,2022,Friday,False
1349,2022-09-10,10,9,September,3,2022,Saturday,True
1350,2022-09-11,11,9,September,3,2022,Sunday,True
1351,2022-09-12,12,9,September,3,2022,Monday,False
1352,2022-09-13,13,9,September,3,2022,Tuesday,False
1353,2022-09-14,14,9,September,3,2022,Wednesday,False
1354,2022-09-15,15,9,September,3,2022,Thursday,False
1355,2022-09-16,16,9,September,3,2022,Friday,False
1356,2022-09-17,17,9,September,3,2022,Saturday,True
1357,2022-09-18,18,9,September,3,2022,Sunday,True
1358,2022-09-19,19,9,September,3,2022,Monday,False
1359,2022-09-20,20,9,September,3,2022,Tuesday,False
1360,2022-09-21,21,9,September,3,2022,Wednesday,False
1361,2022-09-22,22,9,September,3,2022,Thursday,False
1362,2022-09-23,23,9,September,3,2022,Friday,False
1363,2022-09-24,24,9,September,3,2022,Saturday,True
1364,2022-09-25,25,9,September,3,2022,Sunday,True
1365,2022-09-26,26,9,September,3,2022,Monday,False
1366,2022-09-27,27,9,September,3,2022,Tuesday,False
1367,2022-09-28,28,9,September,3,2022,Wednesday,False
1368,2022-09-29,29,9,September,3,2022,Thursday,False
1369,2022-09-30,30,9,September,3,2022,Friday,False
1370,2022-10-01,1,10,October,4,2022,Saturday,True
1371,2022-10-02,2,10,October,4,2022,Sunday,True
1372,2022-10-03,3,10,October,4,2022,Monday,False
1373,2022-10-04,4,10,October,4,2022,Tuesday,False
1374,2022-10-05,5,10,October,4,2022,Wednesday,False
1375,2022-10-06,6,10,October,4,2022,Thursday,False
1376,2022-10-07,7,10,October,4,2022,Friday,False
1377,2022-10-08,8,10,October,4,2022,Saturday,True
1378,2022-10-09,9,10,October,4,2022,Sunday,True
1379,2022-10-10,10,10,October,4,2022,Monday,False
1380,2022-10-11,11,10,October,4,2022,Tuesday,False
1381,2022-10-12,12,10,October,4,2022,Wednesday,False
1382,2022-10-13,13,10,October,4,2022,Thursday,False
1383,2022-10-14,14,10,October,4,2022,Friday,False
1384,2022-10-15,15,10,October,4,2022,Saturday,True
1385,2022-10-16,16,10,October,4,2022,Sunday,True
1386,2022-10-17,17,10,October,4,2022,Monday,False
1387,2022-10-18,18,10,October,4,2022,Tuesday,False
1388,2022-10-19,19,10,October,4,2022,Wednesday,False
1389,2022-10-20,20,10,October,4,2022,Thursday,False
1390,2022-10-21,21,10,October,4,2022,Friday,False
1391,2022-10-22,22,10,October,4,2022,Saturday,True
1392,2022-10-23,23,10,October,4,2022,Sunday,True
1393,2022-10-24,24,10,October,4,2022,Monday,False
1394,2022-10-25,25,10,October,4,2022,Tuesday,False
1395,2022-10-26,26,10,October,4,2022,Wednesday,False
1396,2022-10-27,27,10,October,4,2022,Thursday,False
1397,2022-10-28,28,10,October,4,2022,Friday,False
1398,2022-10-29,29,10,October,4,2022,Saturday,True
1399,2022-10-30,30,10,October,4,2022,Sunday,True
1400,2022-10-31,31,10,October,4,2022,Monday,False
1401,2022-11-01,1,11,November,4,2022,Tuesday,False
1402,2022-11-02,2,11,November,4,2022,Wednesday,False
1403,2022-11-03,3,11,November,4,2022,Thursday,False
1404,2022-11-04,4,11,November,4,2022,Friday,False
1405,2022-11-05,5,11,November,4,2022,Saturday,True
1406,2022-11-06,6,11,November,4,2022,Sunday,True
1407,2022-11-07,7,11,November,4,2022,Monday,False
1408,2022-11-08,8,11,November,4,2022,Tuesday,False
1409,2022-11-09,9,11,November,4,2022,Wednesday,False
1410,2022-11-10,10,11,November,4,2022,Thursday,False
1411,2022-11-11,11,11,November,4,2022,Friday,False
1412,2022-11-12,12,11,November,4,2022,Saturday,True
1413,2022-11-13,13,11,November,4,2022,Sunday,True
1414,2022-11-14,14,11,November,4,2022,Monday,False
1415,2022-11-15,15,11,November,4,2022,Tuesday,False
1416,2022-11-16,16,11,November,4,2022,Wednesday,False
1417,2022-11-17,17,11,November,4,2022,Thursday,False
1418,2022-11-18,18,11,November,4,2022,Friday,False
1419,2022-11-19,19,11,November,4,2022,Saturday,True
1420,2022-11-20,20,11,November,4,2022,Sunday,True
1421,2022-11-21,21,11,November,4,2022,Monday,False
1422,2022-11-22,22,11,November,4,2022,Tuesday,False
1423,2022-11-23,23,11,November,4,2022,Wednesday,False
1424,2022-11-24,24,11,November,4,2022,Thursday,False
1425,2022-11-25,25,11,November,4,2022,Friday,False
1426,2022-11-26,26,11,November,4,2022,Saturday,True
1427,2022-11-27,27,11,November,4,2022,Sunday,True
1428,2022-11-28,28,11,November,4,2022,Monday,False
1429,2022-11-29,29,11,November,4,2022,Tuesday,False
1430,2022-11-30,30,11,November,4,2022,Wednesday,False
1431,2022-12-01,1,12,December,4,2022,Thursday,False
1432,2022-12-02,2,12,December,4,2022,Friday,False
1433,2022-12-03,3,12,December,4,2022,Saturday,True
1434,2022-12-04,4,12,December,4,2022,Sunday,True
1435,2022-12-05,5,12,December,4,2022,Monday,False
1436,2022-12-06,6,12,December,4,2022,Tuesday,False
1437,2022-12-07,7,12,December,4,2022,Wednesday,False
1438,2022-12-08,8,12,December,4,2022,Thursday,False
1439,2022-12-09,9,12,December,4,2022,Friday,False
1440,2022-12-10,10,12,December,4,2022,Saturday,True
1441,2022-12-11,11,12,December,4,2022,Sunday,True
1442,2022-12-12,12,12,December,4,2022,Monday,False
1443,2022-12-13,13,12,December,4,2022,Tuesday,False
1444,2022-12-14,14,12,December,4,2022,Wednesday,False
1445,2022-12-15,15,12,December,4,2022,Thursday,False
1446,2022-12-16,16,12,December,4,2022,Friday,False
1447,2022-12-17,17,12,December,4,2022,Saturday,True
1448,2022-12-18,18,12,December,4,2022,Sunday,True
1449,2022-12-19,19,12,December,4,2022,Monday,False
1450,2022-12-20,20,12,December,4,2022,Tuesday,False
1451,2022-12-21,21,12,December,4,2022,Wednesday,False
1452,2022-12-22,22,12,December,4,2022,Thursday,False
1453,2022-12-23,23,12,December,4,2022,Friday,False
1454,2022-12-24,24,12,December,4,2022,Saturday,True
1455,2022-12-25,25,12,December,4,2022,Sunday,True
1456,2022-12-26,26,12,December,4,2022,Monday,False
1457,2022-12-27,27,12,December,4,2022,Tuesday,False
1458,2022-12-28,28,12,December,4,2022,Wednesday,False
1459,2022-12-29,29,12,December,4,2022,Thursday,False
1460,2022-12-30,30,12,December,4,2022,Friday,False
1461,2022-12-31,31,12,December,4,2022,Saturday,True
1462,2023-01-01,1,1,January,1,2023,Sunday,True
1463,2023-01-02,2,1,January,1,2023,Monday,False
1464,2023-01-03,3,1,January,1,2023,Tuesday,False
1465,2023-01-04,4,1,January,1,2023,Wednesday,False
1466,2023-01-05,5,1,January,1,2023,Thursday,False
1467,2023-01-06,6,1,January,1,2023,Friday,False
1468,2023-01-07,7,1,January,1,2023,Saturday,True
1469,2023-01-08,8,1,January,1,2023,Sunday,True
1470,2023-01-09,9,1,January,1,2023,Monday,False
1471,2023-01-10,10,1,January,1,2023,Tuesday,False
1472,2023-01-11,11,1,January,1,2023,Wednesday,False
1473,2023-01-12,12,1,January,1,2023,Thursday,False
1474,2023-01-13,13,1,January,1,2023,Friday,False
1475,2023-01-14,14,1,January,1,2023,Saturday,True
1476,2023-01-15,15,1,January,1,2023,Sunday,True
1477,2023-01-16,16,1,January,1,2023,Monday,False
1478,2023-01-17,17,1,January,1,2023,Tuesday,False
1479,2023-01-18,18,1,January,1,2023,Wednesday,False
1480,2023-01-19,19,1,January,1,2023,Thursday,False
1481,2023-01-20,20,1,January,1,2023,Friday,False
1482,2023-01-21,21,1,January,1,2023,Saturday,True
1483,2023-01-22,22,1,January,1,2023,Sunday,True
1484,2023-01-23,23,1,January,1,2023,Monday,False
1485,2023-01-24,24,1,January,1,2023,Tuesday,False
1486,2023-01-25,25,1,January,1,2023,Wednesday,False
1487,2023-01-26,26,1,January,1,2023,Thursday,False
1488,2023-01-27,27,1,January,1,2023,Friday,False
1489,2023-01-28,28,1,January,1,2023,Saturday,True
1490,2023-01-29,29,1,January,1,2023,Sunday,True
1491,2023-01-30,30,1,January,1,2023,Monday,False
1492,2023-01-31,31,1,January,1,2023,Tuesday,False
1493,2023-02-01,1,2,February,1,2023,Wednesday,False
1494,2023-02-02,2,2,February,1,2023,Thursday,False
1495,2023-02-03,3,2,February,1,2023,Friday,False
1496,2023-02-04,4,2,February,1,2023,Saturday,True
1497,2023-02-05,5,2,February,1,2023,Sunday,True
1498,2023-02-06,6,2,February,1,2023,Monday,False
1499,2023-02-07,7,2,February,1,2023,Tuesday,False
1500,2023-02-08,8,2,February,1,2023,Wednesday,False
1501,2023-02-09,9,2,February,1,2023,Thursday,False
1502,2023-02-10,10,2,February,1,2023,Friday,False
1503,2023-02-11,11,2,February,1,2023,Saturday,True
1504,2023-02-12,12,2,February,1,2023,Sunday,True
1505,2023-02-13,13,2,February,1,2023,Monday,False
1506,2023-02-14,14,2,February,1,2023,Tuesday,False
1507,2023-02-15,15,2,February,1,2023,Wednesday,False
1508,2023-02-16,16,2,February,1,2023,Thursday,False
1509,2023-02-17,17,2,February,1,2023,Friday,False
1510,2023-02-18,18,2,February,1,2023,Saturday,True
1511,2023-02-19,19,2,February,1,2023,Sunday,True
1512,2023-02-20,20,2,February,1,2023,Monday,False
1513,2023-02-21,21,2,February,1,2023,Tuesday,False
1514,2023-02-22,22,2,February,1,2023,Wednesday,False
1515,2023-02-23,23,2,February,1,2023,Thursday,False
1516,2023-02-24,24,2,February,1,2023,Friday,False
1517,2023-02-25,25,2,February,1,2023,Saturday,True
1518,2023-02-26,26,2,February,1,2023,Sunday,True
1519,2023-02-27,27,2,February,1,2023,Monday,False
1520,2023-02-28,28,2,February,1,2023,Tuesday,False
1521,2023-03-01,1,3,March,1,2023,Wednesday,False
1522,2023-03-02,2,3,March,1,2023,Thursday,False
1523,2023-03-03,3,3,March,1,2023,Friday,False
1524,2023-03-04,4,3,March,1,2023,Saturday,True
1525,2023-03-05,5,3,March,1,2023,Sunday,True
1526,2023-03-06,6,3,March,1,2023,Monday,False
1527,2023-03-07,7,3,March,1,2023,Tuesday,False
1528,2023-03-08,8,3,March,1,2023,Wednesday,False
1529,2023-03-09,9,3,March,1,2023,Thursday,False
1530,2023-03-10,10,3,March,1,2023,Friday,False
1531,2023-03-11,11,3,March,1,2023,Saturday,True
1532,2023-03-12,12,3,March,1,2023,Sunday,True
1533,2023-03-13,13,3,March,1,2023,Monday,False
1534,2023-03-14,14,3,March,1,2023,Tuesday,False
1535,2023-03-15,15,3,March,1,2023,Wednesday,False
1536,2023-03-16,16,3,March,1,2023,Thursday,False
1537,2023-03-17,17,3,March,1,2023,Friday,False
1538,2023-03-18,18,3,March,1,2023,Saturday,True
1539,2023-03-19,19,3,March,1,2023,Sunday,True
1540,2023-03-20,20,3,March,1,2023,Monday,False
1541,2023-03-21,21,3,March,1,2023,Tuesday,False
1542,2023-03-22,22,3,March,1,2023,Wednesday,False
1543,2023-03-23,23,3,March,1,2023,Thursday,False
1544,2023-03-24,24,3,March,1,2023,Friday,False
1545,2023-03-25,25,3,March,1,2023,Saturday,True
1546,2023-03-26,26,3,March,1,2023,Sunday,True
1547,2023-03-27,27,3,March,1,2023,Monday,False
1548,2023-03-28,28,3,March,1,2023,Tuesday,False
1549,2023-03-29,29,3,March,1,2023,Wednesday,False
1550,2023-03-30,30,3,March,1,2023,Thursday,False
1551,2023-03-31,31,3,March,1,2023,Friday,False
1552,2023-04-01,1,4,April,2,2023,Saturday,True
1553,2023-04-02,2,4,April,2,2023,Sunday,True
1554,2023-04-03,3,4,April,2,2023,Monday,False
1555,2023-04-04,4,4,April,2,2023,Tuesday,False
1556,2023-04-05,5,4,April,2,2023,Wednesday,False
1557,2023-04-06,6,4,April,2,2023,Thursday,False
1558,2023-04-07,7,4,April,2,2023,Friday,False
1559,2023-04-08,8,4,April,2,2023,Saturday,True
1560,2023-04-09,9,4,April,2,2023,Sunday,True
1561,2023-04-10,10,4,April,2,2023,Monday,False
1562,2023-04-11,11,4,April,2,2023,Tuesday,False
1563,2023-04-12,12,4,April,2,2023,Wednesday,False
1564,2023-04-13,13,4,April,2,2023,Thursday,False
1565,2023-04-14,14,4,April,2,2023,Friday,False
1566,2023-04-15,15,4,April,2,2023,Saturday,True
1567,2023-04-16,16,4,April,2,2023,Sunday,True
1568,2023-04-17,17,4,April,2,2023,Monday,False
1569,2023-04-18,18,4,April,2,2023,Tuesday,False
1570,2023-04-19,19,4,April,2,2023,Wednesday,False
1571,2023-04-20,20,4,April,2,2023,Thursday,False
1572,2023-04-21,21,4,April,2,2023,Friday,False
1573,2023-04-22,22,4,April,2,2023,Saturday,True
1574,2023-04-23,23,4,April,2,2023,Sunday,True
1575,2023-04-24,24,4,April,2,2023,Monday,False
1576,2023-04-25,25,4,April,2,2023,Tuesday,False
1577,2023-04-26,26,4,April,2,2023,Wednesday,False
1578,2023-04-27,27,4,April,2,2023,Thursday,False
1579,2023-04-28,28,4,April,2,2023,Friday,False
1580,2023-04-29,29,4,April,2,2023,Saturday,True
1581,2023-04-30,30,4,April,2,2023,Sunday,True
1582,2023-05-01,1,5,May,2,2023,Monday,False
1583,2023-05-02,2,5,May,2,2023,Tuesday,False
1584,2023-05-03,3,5,May,2,2023,Wednesday,False
1585,2023-05-04,4,5,May,2,2023,Thursday,False
1586,2023-05-05,5,5,May,2,2023,Friday,False
1587,2023-05-06,6,5,May,2,2023,Saturday,True
1588,2023-05-07,7,5,May,2,2023,Sunday,True
1589,2023-05-08,8,5,May,2,2023,Monday,False
1590,2023-05-09,9,5,May,2,2023,Tuesday,False
1591,2023-05-10,10,5,May,2,2023,Wednesday,False
1592,2023-05-11,11,5,May,2,2023,Thursday,False
1593,2023-05-12,12,5,May,2,2023,Friday,False
1594,2023-05-13,13,5,May,2,2023,Saturday,True
1595,2023-05-14,14,5,May,2,2023,Sunday,True
1596,2023-05-15,15,5,May,2,2023,Monday,False
1597,2023-05-16,16,5,May,2,2023,Tuesday,False
1598,2023-05-17,17,5,May,2,2023,Wednesday,False
1599,2023-05-18,18,5,May,2,2023,Thursday,False
1600,2023-05-19,19,5,May,2,2023,Friday,False
1601,2023-05-20,20,5,May,2,2023,Saturday,True
1602,2023-05-21,21,5,May,2,2023,Sunday,True
1603,2023-05-22,22,5,May,2,2023,Monday,False
1604,2023-05-23,23,5,May,2,2023,Tuesday,False
1605,2023-05-24,24,5,May,2,2023,Wednesday,False
1606,2023-05-25,25,5,May,2,2023,Thursday,False
1607,2023-05-26,26,5,May,2,2023,Friday,False
1608,2023-05-27,27,5,May,2,2023,Saturday,True
1609,2023-05-28,28,5,May,2,2023,Sunday,True
1610,2023-05-29,29,5,May,2,2023,Monday,False
1611,2023-05-30,30,5,May,2,2023,Tuesday,False
1612,2023-05-31,31,5,May,2,2023,Wednesday,False
1613,2023-06-01,1,6,June,2,2023,Thursday,False
1614,2023-06-02,2,6,June,2,2023,Friday,False
1615,2023-06-03,3,6,June,2,2023,Saturday,True
1616,2023-06-04,4,6,June,2,2023,Sunday,True
1617,2023-06-05,5,6,June,2,2023,Monday,False
1618,2023-06-06,6,6,June,2,2023,Tuesday,False
1619,2023-06-07,7,6,June,2,2023,Wednesday,False
1620,2023-06-08,8,6,June,2,2023,Thursday,False
1621,2023-06-09,9,6,June,2,2023,Friday,False
1622,2023-06-10,10,6,June,2,2023,Saturday,True
1623,2023-06-11,11,6,June,2,2023,Sunday,True
1624,2023-06-12,12,6,June,2,2023,Monday,False
1625,2023-06-13,13,6,June,2,2023,Tuesday,False
1626,2023-06-14,14,6,June,2,2023,Wednesday,False
1627,2023-06-15,15,6,June,2,2023,Thursday,False
1628,2023-06-16,16,6,June,2,2023,Friday,False
1629,2023-06-17,17,6,June,2,2023,Saturday,True
1630,2023-06-18,18,6,June,2,2023,Sunday,True
1631,2023-06-19,19,6,June,2,2023,Monday,False
1632,2023-06-20,20,6,June,2,2023,Tuesday,False
1633,2023-06-21,21,6,June,2,2023,Wednesday,False
1634,2023-06-22,22,6,June,2,2023,Thursday,False
1635,2023-06-23,23,6,June,2,2023,Friday,False
1636,2023-06-24,24,6,June,2,2023,Saturday,True
1637,2023-06-25,25,6,June,2,2023,Sunday,True
1638,2023-06-26,26,6,June,2,2023,Monday,False
1639,2023-06-27,27,6,June,2,2023,Tuesday,False
1640,2023-06-28,28,6,June,2,2023,Wednesday,False
1641,2023-06-29,29,6,June,2,2023,Thursday,False
1642,2023-06-30,30,6,June,2,2023,Friday,False
1643,2023-07-01,1,7,July,3,2023,Saturday,True
1644,2023-07-02,2,7,July,3,2023,Sunday,True
1645,2023-07-03,3,7,July,3,2023,Monday,False
1646,2023-07-04,4,7,July,3,2023,Tuesday,False
1647,2023-07-05,5,7,July,3,2023,Wednesday,False
1648,2023-07-06,6,7,July,3,2023,Thursday,False
1649,2023-07-07,7,7,July,3,2023,Friday,False
1650,2023-07-08,8,7,July,3,2023,Saturday,True
1651,2023-07-09,9,7,July,3,2023,Sunday,True
1652,2023-07-10,10,7,July,3,2023,Monday,False
1653,2023-07-11,11,7,July,3,2023,Tuesday,False
1654,2023-07-12,12,7,July,3,2023,Wednesday,False
1655,2023-07-13,13,7,July,3,2023,Thursday,False
1656,2023-07-14,14,7,July,3,2023,Friday,False
1657,2023-07-15,15,7,July,3,2023,Saturday,True
1658,2023-07-16,16,7,July,3,2023,Sunday,True
1659,2023-07-17,17,7,July,3,2023,Monday,False
1660,2023-07-18,18,7,July,3,2023,Tuesday,False
1661,2023-07-19,19,7,July,3,2023,Wednesday,False
1662,2023-07-20,20,7,July,3,2023,Thursday,False
1663,2023-07-21,21,7,July,3,2023,Friday,False
1664,2023-07-22,22,7,July,3,2023,Saturday,True
1665,2023-07-23,23,7,July,3,2023,Sunday,True
1666,2023-07-24,24,7,July,3,2023,Monday,False
1667,2023-07-25,25,7,July,3,2023,Tuesday,False
1668,2023-07-26,26,7,July,3,2023,Wednesday,False
1669,2023-07-27,27,7,July,3,2023,Thursday,False
1670,2023-07-28,28,7,July,3,2023,Friday,False
1671,2023-07-29,29,7,July,3,2023,Saturday,True
1672,2023-07-30,30,7,July,3,2023,Sunday,True
1673,2023-07-31,31,7,July,3,2023,Monday,False
1674,2023-08-01,1,8,August,3,2023,Tuesday,False
1675,2023-08-02,2,8,August,3,2023,Wednesday,False
1676,2023-08-03,3,8,August,3,2023,Thursday,False
1677,2023-08-04,4,8,August,3,2023,Friday,False
1678,2023-08-05,5,8,August,3,2023,Saturday,True
1679,2023-08-06,6,8,August,3,2023,Sunday,True
1680,2023-08-07,7,8,August,3,2023,Monday,False
1681,2023-08-08,8,8,August,3,2023,Tuesday,False
1682,2023-08-09,9,8,August,3,2023,Wednesday,False
1683,2023-08-10,10,8,August,3,2023,Thursday,False
1684,2023-08-11,11,8,August,3,2023,Friday,False
1685,2023-08-12,12,8,August,3,2023,Saturday,True
1686,2023-08-13,13,8,August,3,2023,Sunday,True
1687,2023-08-14,14,8,August,3,2023,Monday,False
1688,2023-08-15,15,8,August,3,2023,Tuesday,False
1689,2023-08-16,16,8,August,3,2023,Wednesday,False
1690,2023-08-17,17,8,August,3,2023,Thursday,False
1691,2023-08-18,18,8,August,3,2023,Friday,False
1692,2023-08-19,19,8,August,3,2023,Saturday,True
1693,2023-08-20,20,8,August,3,2023,Sunday,True
1694,2023-08-21,21,8,August,3,2023,Monday,False
1695,2023-08-22,22,8,August,3,2023,Tuesday,False
1696,2023-08-23,23,8,August,3,2023,Wednesday,False
1697,2023-08-24,24,8,August,3,2023,Thursday,False
1698,2023-08-25,25,8,August,3,2023,Friday,False
1699,2023-08-26,26,8,August,3,2023,Saturday,True
1700,2023-08-27,27,8,August,3,2023,Sunday,True
1701,2023-08-28,28,8,August,3,2023,Monday,False
1702,2023-08-29,29,8,August,3,2023,Tuesday,False
1703,2023-08-30,30,8,August,3,2023,Wednesday,False
1704,2023-08-31,31,8,August,3,2023,Thursday,False
1705,2023-09-01,1,9,September,3,2023,Friday,False
1706,2023-09-02,2,9,September,3,2023,Saturday,True
1707,2023-09-03,3,9,September,3,2023,Sunday,True
1708,2023-09-04,4,9,September,3,2023,Monday,False
1709,2023-09-05,5,9,September,3,2023,Tuesday,False
1710,2023-09-06,6,9,September,3,2023,Wednesday,False
1711,2023-09-07,7,9,September,3,2023,Thursday,False
1712,2023-09-08,8,9,September,3,2023,Friday,False
1713,2023-09-09,9,9,September,3,2023,Saturday,True
1714,2023-09-10,10,9,September,3,2023,Sunday,True
1715,2023-09-11,11,9,September,3,2023,Monday,False
1716,2023-09-12,12,9,September,3,2023,Tuesday,False
1717,2023-09-13,13,9,September,3,2023,Wednesday,False
1718,2023-09-14,14,9,September,3,2023,Thursday,False
1719,2023-09-15,15,9,September,3,2023,Friday,False
1720,2023-09-16,16,9,September,3,2023,Saturday,True
1721,2023-09-17,17,9,September,3,2023,Sunday,True
1722,2023-09-18,18,9,September,3,2023,Monday,False
1723,2023-09-19,19,9,September,3,2023,Tuesday,False
1724,2023-09-20,20,9,September,3,2023,Wednesday,False
1725,2023-09-21,21,9,September,3,2023,Thursday,False
1726,2023-09-22,22,9,September,3,2023,Friday,False
1727,2023-09-23,23,9,September,3,2023,Saturday,True
1728,2023-09-24,24,9,September,3,2023,Sunday,True
1729,2023-09-25,25,9,September,3,2023,Monday,False
1730,2023-09-26,26,9,September,3,2023,Tuesday,False
1731,2023-09-27,27,9,September,3,2023,Wednesday,False
1732,2023-09-28,28,9,September,3,2023,Thursday,False
1733,2023-09-29,29,9,September,3,2023,Friday,False
1734,2023-09-30,30,9,September,3,2023,Saturday,True
1735,2023-10-01,1,10,October,4,2023,Sunday,True
1736,2023-10-02,2,10,October,4,2023,Monday,False
1737,2023-10-03,3,10,October,4,2023,Tuesday,False
1738,2023-10-04,4,10,October,4,2023,Wednesday,False
1739,2023-10-05,5,10,October,4,2023,Thursday,False
1740,2023-10-06,6,10,October,4,2023,Friday,False
1741,2023-10-07,7,10,October,4,2023,Saturday,True
1742,2023-10-08,8,10,October,4,2023,Sunday,True
1743,2023-10-09,9,10,October,4,2023,Monday,False
1744,2023-10-10,10,10,October,4,2023,Tuesday,False
1745,2023-10-11,11,10,October,4,2023,Wednesday,False
1746,2023-10-12,12,10,October,4,2023,Thursday,False
1747,2023-10-13,13,10,October,4,2023,Friday,False
1748,2023-10-14,14,10,October,4,2023,Saturday,True
1749,2023-10-15,15,10,October,4,2023,Sunday,True
1750,2023-10-16,16,10,October,4,2023,Monday,False
1751,2023-10-17,17,10,October,4,2023,Tuesday,False
1752,2023-10-18,18,10,October,4,2023,Wednesday,False
1753,2023-10-19,19,10,October,4,2023,Thursday,False
1754,2023-10-20,20,10,October,4,2023,Friday,False
1755,2023-10-21,21,10,October,4,2023,Saturday,True
1756,2023-10-22,22,10,October,4,2023,Sunday,True
1757,2023-10-23,23,10,October,4,2023,Monday,False
1758,2023-10-24,24,10,October,4,2023,Tuesday,False
1759,2023-10-25,25,10,October,4,2023,Wednesday,False
1760,2023-10-26,26,10,October,4,2023,Thursday,False
1761,2023-10-27,27,10,October,4,2023,Friday,False
1762,2023-10-28,28,10,October,4,2023,Saturday,True
1763,2023-10-29,29,10,October,4,2023,Sunday,True
1764,2023-10-30,30,10,October,4,2023,Monday,False
1765,2023-10-31,31,10,October,4,2023,Tuesday,False
1766,2023-11-01,1,11,November,4,2023,Wednesday,False
1767,2023-11-02,2,11,November,4,2023,Thursday,False
1768,2023-11-03,3,11,November,4,2023,Friday,False
1769,2023-11-04,4,11,November,4,2023,Saturday,True
1770,2023-11-05,5,11,November,4,2023,Sunday,True
1771,2023-11-06,6,11,November,4,2023,Monday,False
1772,2023-11-07,7,11,November,4,2023,Tuesday,False
1773,2023-11-08,8,11,November,4,2023,Wednesday,False
1774,2023-11-09,9,11,November,4,2023,Thursday,False
1775,2023-11-10,10,11,November,4,2023,Friday,False
1776,2023-11-11,11,11,November,4,2023,Saturday,True
1777,2023-11-12,12,11,November,4,2023,Sunday,True
1778,2023-11-13,13,11,November,4,2023,Monday,False
1779,2023-11-14,14,11,November,4,2023,Tuesday,False
1780,2023-11-15,15,11,November,4,2023,Wednesday,False
1781,2023-11-16,16,11,November,4,2023,Thursday,False
1782,2023-11-17,17,11,November,4,2023,Friday,False
1783,2023-11-18,18,11,November,4,2023,Saturday,True
1784,2023-11-19,19,11,November,4,2023,Sunday,True
1785,2023-11-20,20,11,November,4,2023,Monday,False
1786,2023-11-21,21,11,November,4,2023,Tuesday,False
1787,2023-11-22,22,11,November,4,2023,Wednesday,False
1788,2023-11-23,23,11,November,4,2023,Thursday,False
1789,2023-11-24,24,11,November,4,2023,Friday,False
1790,2023-11-25,25,11,November,4,2023,Saturday,True
1791,2023-11-26,26,11,November,4,2023,Sunday,True
1792,2023-11-27,27,11,November,4,2023,Monday,False
1793,2023-11-28,28,11,November,4,2023,Tuesday,False
1794,2023-11-29,29,11,November,4,2023,Wednesday,False
1795,2023-11-30,30,11,November,4,2023,Thursday,False
1796,2023-12-01,1,12,December,4,2023,Friday,False
1797,2023-12-02,2,12,December,4,2023,Saturday,True
1798,2023-12-03,3,12,December,4,2023,Sunday,True
1799,2023-12-04,4,12,December,4,2023,Monday,False
1800,2023-12-05,5,12,December,4,2023,Tuesday,False
1801,2023-12-06,6,12,December,4,2023,Wednesday,False
1802,2023-12-07,7,12,December,4,2023,Thursday,False
1803,2023-12-08,8,12,December,4,2023,Friday,False
1804,2023-12-09,9,12,December,4,2023,Saturday,True
1805,2023-12-10,10,12,December,4,2023,Sunday,True
1806,2023-12-11,11,12,December,4,2023,Monday,False
1807,2023-12-12,12,12,December,4,2023,Tuesday,False
1808,2023-12-13,13,12,December,4,2023,Wednesday,False
1809,2023-12-14,14,12,December,4,2023,Thursday,False
1810,2023-12-15,15,12,December,4,2023,Friday,False
1811,2023-12-16,16,12,December,4,2023,Saturday,True
1812,2023-12-17,17,12,December,4,2023,Sunday,True
1813,2023-12-18,18,12,December,4,2023,Monday,False
1814,2023-12-19,19,12,December,4,2023,Tuesday,False
1815,2023-12-20,20,12,December,4,2023,Wednesday,False
1816,2023-12-21,21,12,December,4,2023,Thursday,False
1817,2023-12-22,22,12,December,4,2023,Friday,False
1818,2023-12-23,23,12,December,4,2023,Saturday,True
1819,2023-12-24,24,12,December,4,2023,Sunday,True
1820,2023-12-25,25,12,December,4,2023,Monday,False
1821,2023-12-26,26,12,December,4,2023,Tuesday,False
1822,2023-12-27,27,12,December,4,2023,Wednesday,False
1823,2023-12-28,28,12,December,4,2023,Thursday,False
1824,2023-12-29,29,12,December,4,2023,Friday,False
1825,2023-12-30,30,12,December,4,2023,Saturday,True
1826,2023-12-31,31,12,December,4,2023,Sunday,True
1827,2024-01-01,1,1,January,1,2024,Monday,False
1828,2024-01-02,2,1,January,1,2024,Tuesday,False
1829,2024-01-03,3,1,January,1,2024,Wednesday,False
1830,2024-01-04,4,1,January,1,2024,Thursday,False
1831,2024-01-05,5,1,January,1,2024,Friday,False
1832,2024-01-06,6,1,January,1,2024,Saturday,True
1833,2024-01-07,7,1,January,1,2024,Sunday,True
1834,2024-01-08,8,1,January,1,2024,Monday,False
1835,2024-01-09,9,1,January,1,2024,Tuesday,False
1836,2024-01-10,10,1,January,1,2024,Wednesday,False
1837,2024-01-11,11,1,January,1,2024,Thursday,False
1838,2024-01-12,12,1,January,1,2024,Friday,False
1839,2024-01-13,13,1,January,1,2024,Saturday,True
1840,2024-01-14,14,1,January,1,2024,Sunday,True
1841,2024-01-15,15,1,January,1,2024,Monday,False
1842,2024-01-16,16,1,January,1,2024,Tuesday,False
1843,2024-01-17,17,1,January,1,2024,Wednesday,False
1844,2024-01-18,18,1,January,1,2024,Thursday,False
1845,2024-01-19,19,1,January,1,2024,Friday,False
1846,2024-01-20,20,1,January,1,2024,Saturday,True
1847,2024-01-21,21,1,January,1,2024,Sunday,True
1848,2024-01-22,22,1,January,1,2024,Monday,False
1849,2024-01-23,23,1,January,1,2024,Tuesday,False
1850,2024-01-24,24,1,January,1,2024,Wednesday,False
1851,2024-01-25,25,1,January,1,2024,Thursday,False
1852,2024-01-26,26,1,January,1,2024,Friday,False
1853,2024-01-27,27,1,January,1,2024,Saturday,True
1854,2024-01-28,28,1,January,1,2024,Sunday,True
1855,2024-01-29,29,1,January,1,2024,Monday,False
1856,2024-01-30,30,1,January,1,2024,Tuesday,False
1857,2024-01-31,31,1,January,1,2024,Wednesday,False
1858,2024-02-01,1,2,February,1,2024,Thursday,False
1859,2024-02-02,2,2,February,1,2024,Friday,False
1860,2024-02-03,3,2,February,1,2024,Saturday,True
1861,2024-02-04,4,2,February,1,2024,Sunday,True
1862,2024-02-05,5,2,February,1,2024,Monday,False
1863,2024-02-06,6,2,February,1,2024,Tuesday,False
1864,2024-02-07,7,2,February,1,2024,Wednesday,False
1865,2024-02-08,8,2,February,1,2024,Thursday,False
1866,2024-02-09,9,2,February,1,2024,Friday,False
1867,2024-02-10,10,2,February,1,2024,Saturday,True
1868,2024-02-11,11,2,February,1,2024,Sunday,True
1869,2024-02-12,12,2,February,1,2024,Monday,False
1870,2024-02-13,13,2,February,1,2024,Tuesday,False
1871,2024-02-14,14,2,February,1,2024,Wednesday,False
1872,2024-02-15,15,2,February,1,2024,Thursday,False
1873,2024-02-16,16,2,February,1,2024,Friday,False
1874,2024-02-17,17,2,February,1,2024,Saturday,True
1875,2024-02-18,18,2,February,1,2024,Sunday,True
1876,2024-02-19,19,2,February,1,2024,Monday,False
1877,2024-02-20,20,2,February,1,2024,Tuesday,False
1878,2024-02-21,21,2,February,1,2024,Wednesday,False
1879,2024-02-22,22,2,February,1,2024,Thursday,False
1880,2024-02-23,23,2,February,1,2024,Friday,False
1881,2024-02-24,24,2,February,1,2024,Saturday,True
1882,2024-02-25,25,2,February,1,2024,Sunday,True
1883,2024-02-26,26,2,February,1,2024,Monday,False
1884,2024-02-27,27,2,February,1,2024,Tuesday,False
1885,2024-02-28,28,2,February,1,2024,Wednesday,False
1886,2024-02-29,29,2,February,1,2024,Thursday,False
1887,2024-03-01,1,3,March,1,2024,Friday,False
1888,2024-03-02,2,3,March,1,2024,Saturday,True
1889,2024-03-03,3,3,March,1,2024,Sunday,True
1890,2024-03-04,4,3,March,1,2024,Monday,False
1891,2024-03-05,5,3,March,1,2024,Tuesday,False
1892,2024-03-06,6,3,March,1,2024,Wednesday,False
1893,2024-03-07,7,3,March,1,2024,Thursday,False
1894,2024-03-08,8,3,March,1,2024,Friday,False
1895,2024-03-09,9,3,March,1,2024,Saturday,True
1896,2024-03-10,10,3,March,1,2024,Sunday,True
1897,2024-03-11,11,3,March,1,2024,Monday,False
1898,2024-03-12,12,3,March,1,2024,Tuesday,False
1899,2024-03-13,13,3,March,1,2024,Wednesday,False
1900,2024-03-14,14,3,March,1,2024,Thursday,False
1901,2024-03-15,15,3,March,1,2024,Friday,False
1902,2024-03-16,16,3,March,1,2024,Saturday,True
1903,2024-03-17,17,3,March,1,2024,Sunday,True
1904,2024-03-18,18,3,March,1,2024,Monday,False
1905,2024-03-19,19,3,March,1,2024,Tuesday,False
1906,2024-03-20,20,3,March,1,2024,Wednesday,False
1907,2024-03-21,21,3,March,1,2024,Thursday,False
1908,2024-03-22,22,3,March,1,2024,Friday,False
1909,2024-03-23,23,3,March,1,2024,Saturday,True
1910,2024-03-24,24,3,March,1,2024,Sunday,True
1911,2024-03-25,25,3,March,1,2024,Monday,False
1912,2024-03-26,26,3,March,1,2024,Tuesday,False
1913,2024-03-27,27,3,March,1,2024,Wednesday,False
1914,2024-03-28,28,3,March,1,2024,Thursday,False
1915,2024-03-29,29,3,March,1,2024,Friday,False
1916,2024-03-30,30,3,March,1,2024,Saturday,True
1917,2024-03-31,31,3,March,1,2024,Sunday,True
1918,2024-04-01,1,4,April,2,2024,Monday,False
1919,2024-04-02,2,4,April,2,2024,Tuesday,False
1920,2024-04-03,3,4,April,2,2024,Wednesday,False
1921,2024-04-04,4,4,April,2,2024,Thursday,False
1922,2024-04-05,5,4,April,2,2024,Friday,False
1923,2024-04-06,6,4,April,2,2024,Saturday,True
1924,2024-04-07,7,4,April,2,2024,Sunday,True
1925,2024-04-08,8,4,April,2,2024,Monday,False
1926,2024-04-09,9,4,April,2,2024,Tuesday,False
1927,2024-04-10,10,4,April,2,2024,Wednesday,False
1928,2024-04-11,11,4,April,2,2024,Thursday,False
1929,2024-04-12,12,4,April,2,2024,Friday,False
1930,2024-04-13,13,4,April,2,2024,Saturday,True
1931,2024-04-14,14,4,April,2,2024,Sunday,True
1932,2024-04-15,15,4,April,2,2024,Monday,False
1933,2024-04-16,16,4,April,2,2024,Tuesday,False
1934,2024-04-17,17,4,April,2,2024,Wednesday,False
1935,2024-04-18,18,4,April,2,2024,Thursday,False
1936,2024-04-19,19,4,April,2,2024,Friday,False
1937,2024-04-20,20,4,April,2,2024,Saturday,True
1938,2024-04-21,21,4,April,2,2024,Sunday,True
1939,2024-04-22,22,4,April,2,2024,Monday,False
1940,2024-04-23,23,4,April,2,2024,Tuesday,False
1941,2024-04-24,24,4,April,2,2024,Wednesday,False
1942,2024-04-25,25,4,April,2,2024,Thursday,False
1943,2024-04-26,26,4,April,2,2024,Friday,False
1944,2024-04-27,27,4,April,2,2024,Saturday,True
1945,2024-04-28,28,4,April,2,2024,Sunday,True
1946,2024-04-29,29,4,April,2,2024,Monday,False
1947,2024-04-30,30,4,April,2,2024,Tuesday,False
1948,2024-05-01,1,5,May,2,2024,Wednesday,False
1949,2024-05-02,2,5,May,2,2024,Thursday,False
1950,2024-05-03,3,5,May,2,2024,Friday,False
1951,2024-05-04,4,5,May,2,2024,Saturday,True
1952,2024-05-05,5,5,May,2,2024,Sunday,True
1953,2024-05-06,6,5,May,2,2024,Monday,False
1954,2024-05-07,7,5,May,2,2024,Tuesday,False
1955,2024-05-08,8,5,May,2,2024,Wednesday,False
1956,2024-05-09,9,5,May,2,2024,Thursday,False
1957,2024-05-10,10,5,May,2,2024,Friday,False
1958,2024-05-11,11,5,May,2,2024,Saturday,True
1959,2024-05-12,12,5,May,2,2024,Sunday,True
1960,2024-05-13,13,5,May,2,2024,Monday,False
1961,2024-05-14,14,5,May,2,2024,Tuesday,False
1962,2024-05-15,15,5,May,2,2024,Wednesday,False
1963,2024-05-16,16,5,May,2,2024,Thursday,False
1964,2024-05-17,17,5,May,2,2024,Friday,False
1965,2024-05-18,18,5,May,2,2024,Saturday,True
1966,2024-05-19,19,5,May,2,2024,Sunday,True
1967,2024-05-20,20,5,May,2,2024,Monday,False
1968,2024-05-21,21,5,May,2,2024,Tuesday,False
1969,2024-05-22,22,5,May,2,2024,Wednesday,False
1970,2024-05-23,23,5,May,2,2024,Thursday,False
1971,2024-05-24,24,5,May,2,2024,Friday,False
1972,2024-05-25,25,5,May,2,2024,Saturday,True
1973,2024-05-26,26,5,May,2,2024,Sunday,True
1974,2024-05-27,27,5,May,2,2024,Monday,False
1975,2024-05-28,28,5,May,2,2024,Tuesday,False
1976,2024-05-29,29,5,May,2,2024,Wednesday,False
1977,2024-05-30,30,5,May,2,2024,Thursday,False
1978,2024-05-31,31,5,May,2,2024,Friday,False
1979,2024-06-01,1,6,June,2,2024,Saturday,True
1980,2024-06-02,2,6,June,2,2024,Sunday,True
1981,2024-06-03,3,6,June,2,2024,Monday,False
1982,2024-06-04,4,6,June,2,2024,Tuesday,False
1983,2024-06-05,5,6,June,2,2024,Wednesday,False
1984,2024-06-06,6,6,June,2,2024,Thursday,False
1985,2024-06-07,7,6,June,2,2024,Friday,False
1986,2024-06-08,8,6,June,2,2024,Saturday,True
1987,2024-06-09,9,6,June,2,2024,Sunday,True
1988,2024-06-10,10,6,June,2,2024,Monday,False
1989,2024-06-11,11,6,June,2,2024,Tuesday,False
1990,2024-06-12,12,6,June,2,2024,Wednesday,False
1991,2024-06-13,13,6,June,2,2024,Thursday,False
1992,2024-06-14,14,6,June,2,2024,Friday,False
1993,2024-06-15,15,6,June,2,2024,Saturday,True
1994,2024-06-16,16,6,June,2,2024,Sunday,True
1995,2024-06-17,17,6,June,2,2024,Monday,False
1996,2024-06-18,18,6,June,2,2024,Tuesday,False
1997,2024-06-19,19,6,June,2,2024,Wednesday,False
1998,2024-06-20,20,6,June,2,2024,Thursday,False
1999,2024-06-21,21,6,June,2,2024,Friday,False
2000,2024-06-22,22,6,June,2,2024,Saturday,True
2001,2024-06-23,23,6,June,2,2024,Sunday,True
2002,2024-06-24,24,6,June,2,2024,Monday,False
2003,2024-06-25,25,6,June,2,2024,Tuesday,False
2004,2024-06-26,26,6,June,2,2024,Wednesday,False
2005,2024-06-27,27,6,June,2,2024,Thursday,False
2006,2024-06-28,28,6,June,2,2024,Friday,False
2007,2024-06-29,29,6,June,2,2024,Saturday,True
2008,2024-06-30,30,6,June,2,2024,Sunday,True
2009,2024-07-01,1,7,July,3,2024,Monday,False
2010,2024-07-02,2,7,July,3,2024,Tuesday,False
2011,2024-07-03,3,7,July,3,2024,Wednesday,False
2012,2024-07-04,4,7,July,3,2024,Thursday,False
2013,2024-07-05,5,7,July,3,2024,Friday,False
2014,2024-07-06,6,7,July,3,2024,Saturday,True
2015,2024-07-07,7,7,July,3,2024,Sunday,True
2016,2024-07-08,8,7,July,3,2024,Monday,False
2017,2024-07-09,9,7,July,3,2024,Tuesday,False
2018,2024-07-10,10,7,July,3,2024,Wednesday,False
2019,2024-07-11,11,7,July,3,2024,Thursday,False
2020,2024-07-12,12,7,July,3,2024,Friday,False
2021,2024-07-13,13,7,July,3,2024,Saturday,True
2022,2024-07-14,14,7,July,3,2024,Sunday,True
2023,2024-07-15,15,7,July,3,2024,Monday,False
2024,2024-07-16,16,7,July,3,2024,Tuesday,False
2025,2024-07-17,17,7,July,3,2024,Wednesday,False
2026,2024-07-18,18,7,July,3,2024,Thursday,False
2027,2024-07-19,19,7,July,3,2024,Friday,False
2028,2024-07-20,20,7,July,3,2024,Saturday,True
2029,2024-07-21,21,7,July,3,2024,Sunday,True
2030,2024-07-22,22,7,July,3,2024,Monday,False
2031,2024-07-23,23,7,July,3,2024,Tuesday,False
2032,2024-07-24,24,7,July,3,2024,Wednesday,False
2033,2024-07-25,25,7,July,3,2024,Thursday,False
2034,2024-07-26,26,7,July,3,2024,Friday,False
2035,2024-07-27,27,7,July,3,2024,Saturday,True
2036,2024-07-28,28,7,July,3,2024,Sunday,True
2037,2024-07-29,29,7,July,3,2024,Monday,False
2038,2024-07-30,30,7,July,3,2024,Tuesday,False
2039,2024-07-31,31,7,July,3,2024,Wednesday,False
2040,2024-08-01,1,8,August,3,2024,Thursday,False
2041,2024-08-02,2,8,August,3,2024,Friday,False
2042,2024-08-03,3,8,August,3,2024,Saturday,True
2043,2024-08-04,4,8,August,3,2024,Sunday,True
2044,2024-08-05,5,8,August,3,2024,Monday,False
2045,2024-08-06,6,8,August,3,2024,Tuesday,False
2046,2024-08-07,7,8,August,3,2024,Wednesday,False
2047,2024-08-08,8,8,August,3,2024,Thursday,False
2048,2024-08-09,9,8,August,3,2024,Friday,False
2049,2024-08-10,10,8,August,3,2024,Saturday,True
2050,2024-08-11,11,8,August,3,2024,Sunday,True
2051,2024-08-12,12,8,August,3,2024,Monday,False
2052,2024-08-13,13,8,August,3,2024,Tuesday,False
2053,2024-08-14,14,8,August,3,2024,Wednesday,False
2054,2024-08-15,15,8,August,3,2024,Thursday,False
2055,2024-08-16,16,8,August,3,2024,Friday,False
2056,2024-08-17,17,8,August,3,2024,Saturday,True
2057,2024-08-18,18,8,August,3,2024,Sunday,True
2058,2024-08-19,19,8,August,3,2024,Monday,False
2059,2024-08-20,20,8,August,3,2024,Tuesday,False
2060,2024-08-21,21,8,August,3,2024,Wednesday,False
2061,2024-08-22,22,8,August,3,2024,Thursday,False
2062,2024-08-23,23,8,August,3,2024,Friday,False
2063,2024-08-24,24,8,August,3,2024,Saturday,True
2064,2024-08-25,25,8,August,3,2024,Sunday,True
2065,2024-08-26,26,8,August,3,2024,Monday,False
2066,2024-08-27,27,8,August,3,2024,Tuesday,False
2067,2024-08-28,28,8,August,3,2024,Wednesday,False
2068,2024-08-29,29,8,August,3,2024,Thursday,False
2069,2024-08-30,30,8,August,3,2024,Friday,False
2070,2024-08-31,31,8,August,3,2024,Saturday,True
2071,2024-09-01,1,9,September,3,2024,Sunday,True
2072,2024-09-02,2,9,September,3,2024,Monday,False
2073,2024-09-03,3,9,September,3,2024,Tuesday,False
2074,2024-09-04,4,9,September,3,2024,Wednesday,False
2075,2024-09-05,5,9,September,3,2024,Thursday,False
2076,2024-09-06,6,9,September,3,2024,Friday,False
2077,2024-09-07,7,9,September,3,2024,Saturday,True
2078,2024-09-08,8,9,September,3,2024,Sunday,True
2079,2024-09-09,9,9,September,3,2024,Monday,False
2080,2024-09-10,10,9,September,3,2024,Tuesday,False
2081,2024-09-11,11,9,September,3,2024,Wednesday,False
2082,2024-09-12,12,9,September,3,2024,Thursday,False
2083,2024-09-13,13,9,September,3,2024,Friday,False
2084,2024-09-14,14,9,September,3,2024,Saturday,True
2085,2024-09-15,15,9,September,3,2024,Sunday,True
2086,2024-09-16,16,9,September,3,2024,Monday,False
2087,2024-09-17,17,9,September,3,2024,Tuesday,False
2088,2024-09-18,18,9,September,3,2024,Wednesday,False
2089,2024-09-19,19,9,September,3,2024,Thursday,False
2090,2024-09-20,20,9,September,3,2024,Friday,False
2091,2024-09-21,21,9,September,3,2024,Saturday,True
2092,2024-09-22,22,9,September,3,2024,Sunday,True
2093,2024-09-23,23,9,September,3,2024,Monday,False
2094,2024-09-24,24,9,September,3,2024,Tuesday,False
2095,2024-09-25,25,9,September,3,2024,Wednesday,False
2096,2024-09-26,26,9,September,3,2024,Thursday,False
2097,2024-09-27,27,9,September,3,2024,Friday,False
2098,2024-09-28,28,9,September,3,2024,Saturday,True
2099,2024-09-29,29,9,September,3,2024,Sunday,True
2100,2024-09-30,30,9,September,3,2024,Monday,False
2101,2024-10-01,1,10,October,4,2024,Tuesday,False
2102,2024-10-02,2,10,October,4,2024,Wednesday,False
2103,2024-10-03,3,10,October,4,2024,Thursday,False
2104,2024-10-04,4,10,October,4,2024,Friday,False
2105,2024-10-05,5,10,October,4,2024,Saturday,True
2106,2024-10-06,6,10,October,4,2024,Sunday,True
2107,2024-10-07,7,10,October,4,2024,Monday,False
2108,2024-10-08,8,10,October,4,2024,Tuesday,False
2109,2024-10-09,9,10,October,4,2024,Wednesday,False
2110,2024-10-10,10,10,October,4,2024,Thursday,False
2111,2024-10-11,11,10,October,4,2024,Friday,False
2112,2024-10-12,12,10,October,4,2024,Saturday,True
2113,2024-10-13,13,10,October,4,2024,Sunday,True
2114,2024-10-14,14,10,October,4,2024,Monday,False
2115,2024-10-15,15,10,October,4,2024,Tuesday,False
2116,2024-10-16,16,10,October,4,2024,Wednesday,False
2117,2024-10-17,17,10,October,4,2024,Thursday,False
2118,2024-10-18,18,10,October,4,2024,Friday,False
2119,2024-10-19,19,10,October,4,2024,Saturday,True
2120,2024-10-20,20,10,October,4,2024,Sunday,True
2121,2024-10-21,21,10,October,4,2024,Monday,False
2122,2024-10-22,22,10,October,4,2024,Tuesday,False
2123,2024-10-23,23,10,October,4,2024,Wednesday,False
2124,2024-10-24,24,10,October,4,2024,Thursday,False
2125,2024-10-25,25,10,October,4,2024,Friday,False
2126,2024-10-26,26,10,October,4,2024,Saturday,True
2127,2024-10-27,27,10,October,4,2024,Sunday,True
2128,2024-10-28,28,10,October,4,2024,Monday,False
2129,2024-10-29,29,10,October,4,2024,Tuesday,False
2130,2024-10-30,30,10,October,4,2024,Wednesday,False
2131,2024-10-31,31,10,October,4,2024,Thursday,False
2132,2024-11-01,1,11,November,4,2024,Friday,False
2133,2024-11-02,2,11,November,4,2024,Saturday,True
2134,2024-11-03,3,11,November,4,2024,Sunday,True
2135,2024-11-04,4,11,November,4,2024,Monday,False
2136,2024-11-05,5,11,November,4,2024,Tuesday,False
2137,2024-11-06,6,11,November,4,2024,Wednesday,False
2138,2024-11-07,7,11,November,4,2024,Thursday,False
2139,2024-11-08,8,11,November,4,2024,Friday,False
2140,2024-11-09,9,11,November,4,2024,Saturday,True
2141,2024-11-10,10,11,November,4,2024,Sunday,True
2142,2024-11-11,11,11,November,4,2024,Monday,False
2143,2024-11-12,12,11,November,4,2024,Tuesday,False
2144,2024-11-13,13,11,November,4,2024,Wednesday,False
2145,2024-11-14,14,11,November,4,2024,Thursday,False
2146,2024-11-15,15,11,November,4,2024,Friday,False
2147,2024-11-16,16,11,November,4,2024,Saturday,True
2148,2024-11-17,17,11,November,4,2024,Sunday,True
2149,2024-11-18,18,11,November,4,2024,Monday,False
2150,2024-11-19,19,11,November,4,2024,Tuesday,False
2151,2024-11-20,20,11,November,4,2024,Wednesday,False
2152,2024-11-21,21,11,November,4,2024,Thursday,False
2153,2024-11-22,22,11,November,4,2024,Friday,False
2154,2024-11-23,23,11,November,4,2024,Saturday,True
2155,2024-11-24,24,11,November,4,2024,Sunday,True
2156,2024-11-25,25,11,November,4,2024,Monday,False
2157,2024-11-26,26,11,November,4,2024,Tuesday,False
2158,2024-11-27,27,11,November,4,2024,Wednesday,False
2159,2024-11-28,28,11,November,4,2024,Thursday,False
2160,2024-11-29,29,11,November,4,2024,Friday,False
2161,2024-11-30,30,11,November,4,2024,Saturday,True
2162,2024-12-01,1,12,December,4,2024,Sunday,True
2163,2024-12-02,2,12,December,4,2024,Monday,False
2164,2024-12-03,3,12,December,4,2024,Tuesday,False
2165,2024-12-04,4,12,December,4,2024,Wednesday,False
2166,2024-12-05,5,12,December,4,2024,Thursday,False
2167,2024-12-06,6,12,December,4,2024,Friday,False
2168,2024-12-07,7,12,December,4,2024,Saturday,True
2169,2024-12-08,8,12,December,4,2024,Sunday,True
2170,2024-12-09,9,12,December,4,2024,Monday,False
2171,2024-12-10,10,12,December,4,2024,Tuesday,False
2172,2024-12-11,11,12,December,4,2024,Wednesday,False
2173,2024-12-12,12,12,December,4,2024,Thursday,False
2174,2024-12-13,13,12,December,4,2024,Friday,False
2175,2024-12-14,14,12,December,4,2024,Saturday,True
2176,2024-12-15,15,12,December,4,2024,Sunday,True
2177,2024-12-16,16,12,December,4,2024,Monday,False
2178,2024-12-17,17,12,December,4,2024,Tuesday,False
2179,2024-12-18,18,12,December,4,2024,Wednesday,False
2180,2024-12-19,19,12,December,4,2024,Thursday,False
2181,2024-12-20,20,12,December,4,2024,Friday,False
2182,2024-12-21,21,12,December,4,2024,Saturday,True
2183,2024-12-22,22,12,December,4,2024,Sunday,True
2184,2024-12-23,23,12,December,4,2024,Monday,False
2185,2024-12-24,24,12,December,4,2024,Tuesday,False
2186,2024-12-25,25,12,December,4,2024,Wednesday,False
2187,2024-12-26,26,12,December,4,2024,Thursday,False
2188,2024-12-27,27,12,December,4,2024,Friday,False
2189,2024-12-28,28,12,December,4,2024,Saturday,True
2190,2024-12-29,29,12,December,4,2024,Sunday,True
2191,2024-12-30,30,12,December,4,2024,Monday,False
2192,2024-12-31,31,12,December,4,2024,Tuesday,False
