date_id,full_date,day,month,month_name,quarter,year,day_of_week,is_weekend
1,1/1/2019,1,1,January,1,2019,Tuesday,FALSE
2,1/2/2019,2,1,January,1,2019,Wednesday,FALSE
3,1/3/2019,3,1,January,1,2019,Thursday,FALSE
4,1/4/2019,4,1,January,1,2019,Friday,FALSE
5,1/5/2019,5,1,January,1,2019,Saturday,TRUE
6,1/6/2019,6,1,January,1,2019,Sunday,TRUE
7,1/7/2019,7,1,January,1,2019,Monday,FALSE
8,1/8/2019,8,1,January,1,2019,Tuesday,FALSE
9,1/9/2019,9,1,January,1,2019,Wednesday,FALSE
10,1/10/2019,10,1,January,1,2019,Thursday,FALSE
11,1/11/2019,11,1,January,1,2019,Friday,FALSE
12,1/12/2019,12,1,January,1,2019,Saturday,TRUE
13,1/13/2019,13,1,January,1,2019,Sunday,TRUE
14,1/14/2019,14,1,January,1,2019,Monday,FALSE
15,1/15/2019,15,1,January,1,2019,Tuesday,FALSE
16,1/16/2019,16,1,January,1,2019,Wednesday,FALSE
17,1/17/2019,17,1,January,1,2019,Thursday,FALSE
18,1/18/2019,18,1,January,1,2019,Friday,FALSE
19,1/19/2019,19,1,January,1,2019,Saturday,TRUE
20,1/20/2019,20,1,January,1,2019,Sunday,TRUE
21,1/21/2019,21,1,January,1,2019,Monday,FALSE
22,1/22/2019,22,1,January,1,2019,Tuesday,FALSE
23,1/23/2019,23,1,January,1,2019,Wednesday,FALSE
24,1/24/2019,24,1,January,1,2019,Thursday,FALSE
25,1/25/2019,25,1,January,1,2019,Friday,FALSE
26,1/26/2019,26,1,January,1,2019,Saturday,TRUE
27,1/27/2019,27,1,January,1,2019,Sunday,TRUE
28,1/28/2019,28,1,January,1,2019,Monday,FALSE
29,1/29/2019,29,1,January,1,2019,Tuesday,FALSE
30,1/30/2019,30,1,January,1,2019,Wednesday,FALSE
31,1/31/2019,31,1,January,1,2019,Thursday,FALSE
32,2/1/2019,1,2,February,1,2019,Friday,FALSE
33,2/2/2019,2,2,February,1,2019,Saturday,TRUE
34,2/3/2019,3,2,February,1,2019,Sunday,TRUE
35,2/4/2019,4,2,February,1,2019,Monday,FALSE
36,2/5/2019,5,2,February,1,2019,Tuesday,FALSE
37,2/6/2019,6,2,February,1,2019,Wednesday,FALSE
38,2/7/2019,7,2,February,1,2019,Thursday,FALSE
39,2/8/2019,8,2,February,1,2019,Friday,FALSE
40,2/9/2019,9,2,February,1,2019,Saturday,TRUE
41,2/10/2019,10,2,February,1,2019,Sunday,TRUE
42,2/11/2019,11,2,February,1,2019,Monday,FALSE
43,2/12/2019,12,2,February,1,2019,Tuesday,FALSE
44,2/13/2019,13,2,February,1,2019,Wednesday,FALSE
45,2/14/2019,14,2,February,1,2019,Thursday,FALSE
46,2/15/2019,15,2,February,1,2019,Friday,FALSE
47,2/16/2019,16,2,February,1,2019,Saturday,TRUE
48,2/17/2019,17,2,February,1,2019,Sunday,TRUE
49,2/18/2019,18,2,February,1,2019,Monday,FALSE
50,2/19/2019,19,2,February,1,2019,Tuesday,FALSE
51,2/20/2019,20,2,February,1,2019,Wednesday,FALSE
52,2/21/2019,21,2,February,1,2019,Thursday,FALSE
53,2/22/2019,22,2,February,1,2019,Friday,FALSE
54,2/23/2019,23,2,February,1,2019,Saturday,TRUE
55,2/24/2019,24,2,February,1,2019,Sunday,TRUE
56,2/25/2019,25,2,February,1,2019,Monday,FALSE
57,2/26/2019,26,2,February,1,2019,Tuesday,FALSE
58,2/27/2019,27,2,February,1,2019,Wednesday,FALSE
59,2/28/2019,28,2,February,1,2019,Thursday,FALSE
60,3/1/2019,1,3,March,1,2019,Friday,FALSE
61,3/2/2019,2,3,March,1,2019,Saturday,TRUE
62,3/3/2019,3,3,March,1,2019,Sunday,TRUE
63,3/4/2019,4,3,March,1,2019,Monday,FALSE
64,3/5/2019,5,3,March,1,2019,Tuesday,FALSE
65,3/6/2019,6,3,March,1,2019,Wednesday,FALSE
66,3/7/2019,7,3,March,1,2019,Thursday,FALSE
67,3/8/2019,8,3,March,1,2019,Friday,FALSE
68,3/9/2019,9,3,March,1,2019,Saturday,TRUE
69,3/10/2019,10,3,March,1,2019,Sunday,TRUE
70,3/11/2019,11,3,March,1,2019,Monday,FALSE
71,3/12/2019,12,3,March,1,2019,Tuesday,FALSE
72,3/13/2019,13,3,March,1,2019,Wednesday,FALSE
73,3/14/2019,14,3,March,1,2019,Thursday,FALSE
74,3/15/2019,15,3,March,1,2019,Friday,FALSE
75,3/16/2019,16,3,March,1,2019,Saturday,TRUE
76,3/17/2019,17,3,March,1,2019,Sunday,TRUE
77,3/18/2019,18,3,March,1,2019,Monday,FALSE
78,3/19/2019,19,3,March,1,2019,Tuesday,FALSE
79,3/20/2019,20,3,March,1,2019,Wednesday,FALSE
80,3/21/2019,21,3,March,1,2019,Thursday,FALSE
81,3/22/2019,22,3,March,1,2019,Friday,FALSE
82,3/23/2019,23,3,March,1,2019,Saturday,TRUE
83,3/24/2019,24,3,March,1,2019,Sunday,TRUE
84,3/25/2019,25,3,March,1,2019,Monday,FALSE
85,3/26/2019,26,3,March,1,2019,Tuesday,FALSE
86,3/27/2019,27,3,March,1,2019,Wednesday,FALSE
87,3/28/2019,28,3,March,1,2019,Thursday,FALSE
88,3/29/2019,29,3,March,1,2019,Friday,FALSE
89,3/30/2019,30,3,March,1,2019,Saturday,TRUE
90,3/31/2019,31,3,March,1,2019,Sunday,TRUE
91,4/1/2019,1,4,April,2,2019,Monday,FALSE
92,4/2/2019,2,4,April,2,2019,Tuesday,FALSE
93,4/3/2019,3,4,April,2,2019,Wednesday,FALSE
94,4/4/2019,4,4,April,2,2019,Thursday,FALSE
95,4/5/2019,5,4,April,2,2019,Friday,FALSE
96,4/6/2019,6,4,April,2,2019,Saturday,TRUE
97,4/7/2019,7,4,April,2,2019,Sunday,TRUE
98,4/8/2019,8,4,April,2,2019,Monday,FALSE
99,4/9/2019,9,4,April,2,2019,Tuesday,FALSE
100,4/10/2019,10,4,April,2,2019,Wednesday,FALSE
101,4/11/2019,11,4,April,2,2019,Thursday,FALSE
102,4/12/2019,12,4,April,2,2019,Friday,FALSE
103,4/13/2019,13,4,April,2,2019,Saturday,TRUE
104,4/14/2019,14,4,April,2,2019,Sunday,TRUE
105,4/15/2019,15,4,April,2,2019,Monday,FALSE
106,4/16/2019,16,4,April,2,2019,Tuesday,FALSE
107,4/17/2019,17,4,April,2,2019,Wednesday,FALSE
108,4/18/2019,18,4,April,2,2019,Thursday,FALSE
109,4/19/2019,19,4,April,2,2019,Friday,FALSE
110,4/20/2019,20,4,April,2,2019,Saturday,TRUE
111,4/21/2019,21,4,April,2,2019,Sunday,TRUE
112,4/22/2019,22,4,April,2,2019,Monday,FALSE
113,4/23/2019,23,4,April,2,2019,Tuesday,FALSE
114,4/24/2019,24,4,April,2,2019,Wednesday,FALSE
115,4/25/2019,25,4,April,2,2019,Thursday,FALSE
116,4/26/2019,26,4,April,2,2019,Friday,FALSE
117,4/27/2019,27,4,April,2,2019,Saturday,TRUE
118,4/28/2019,28,4,April,2,2019,Sunday,TRUE
119,4/29/2019,29,4,April,2,2019,Monday,FALSE
120,4/30/2019,30,4,April,2,2019,Tuesday,FALSE
121,5/1/2019,1,5,May,2,2019,Wednesday,FALSE
122,5/2/2019,2,5,May,2,2019,Thursday,FALSE
123,5/3/2019,3,5,May,2,2019,Friday,FALSE
124,5/4/2019,4,5,May,2,2019,Saturday,TRUE
125,5/5/2019,5,5,May,2,2019,Sunday,TRUE
126,5/6/2019,6,5,May,2,2019,Monday,FALSE
127,5/7/2019,7,5,May,2,2019,Tuesday,FALSE
128,5/8/2019,8,5,May,2,2019,Wednesday,FALSE
129,5/9/2019,9,5,May,2,2019,Thursday,FALSE
130,5/10/2019,10,5,May,2,2019,Friday,FALSE
131,5/11/2019,11,5,May,2,2019,Saturday,TRUE
132,5/12/2019,12,5,May,2,2019,Sunday,TRUE
133,5/13/2019,13,5,May,2,2019,Monday,FALSE
134,5/14/2019,14,5,May,2,2019,Tuesday,FALSE
135,5/15/2019,15,5,May,2,2019,Wednesday,FALSE
136,5/16/2019,16,5,May,2,2019,Thursday,FALSE
137,5/17/2019,17,5,May,2,2019,Friday,FALSE
138,5/18/2019,18,5,May,2,2019,Saturday,TRUE
139,5/19/2019,19,5,May,2,2019,Sunday,TRUE
140,5/20/2019,20,5,May,2,2019,Monday,FALSE
141,5/21/2019,21,5,May,2,2019,Tuesday,FALSE
142,5/22/2019,22,5,May,2,2019,Wednesday,FALSE
143,5/23/2019,23,5,May,2,2019,Thursday,FALSE
144,5/24/2019,24,5,May,2,2019,Friday,FALSE
145,5/25/2019,25,5,May,2,2019,Saturday,TRUE
146,5/26/2019,26,5,May,2,2019,Sunday,TRUE
147,5/27/2019,27,5,May,2,2019,Monday,FALSE
148,5/28/2019,28,5,May,2,2019,Tuesday,FALSE
149,5/29/2019,29,5,May,2,2019,Wednesday,FALSE
150,5/30/2019,30,5,May,2,2019,Thursday,FALSE
151,5/31/2019,31,5,May,2,2019,Friday,FALSE
152,6/1/2019,1,6,June,2,2019,Saturday,TRUE
153,6/2/2019,2,6,June,2,2019,Sunday,TRUE
154,6/3/2019,3,6,June,2,2019,Monday,FALSE
155,6/4/2019,4,6,June,2,2019,Tuesday,FALSE
156,6/5/2019,5,6,June,2,2019,Wednesday,FALSE
157,6/6/2019,6,6,June,2,2019,Thursday,FALSE
158,6/7/2019,7,6,June,2,2019,Friday,FALSE
159,6/8/2019,8,6,June,2,2019,Saturday,TRUE
160,6/9/2019,9,6,June,2,2019,Sunday,TRUE
161,6/10/2019,10,6,June,2,2019,Monday,FALSE
162,6/11/2019,11,6,June,2,2019,Tuesday,FALSE
163,6/12/2019,12,6,June,2,2019,Wednesday,FALSE
164,6/13/2019,13,6,June,2,2019,Thursday,FALSE
165,6/14/2019,14,6,June,2,2019,Friday,FALSE
166,6/15/2019,15,6,June,2,2019,Saturday,TRUE
167,6/16/2019,16,6,June,2,2019,Sunday,TRUE
168,6/17/2019,17,6,June,2,2019,Monday,FALSE
169,6/18/2019,18,6,June,2,2019,Tuesday,FALSE
170,6/19/2019,19,6,June,2,2019,Wednesday,FALSE
171,6/20/2019,20,6,June,2,2019,Thursday,FALSE
172,6/21/2019,21,6,June,2,2019,Friday,FALSE
173,6/22/2019,22,6,June,2,2019,Saturday,TRUE
174,6/23/2019,23,6,June,2,2019,Sunday,TRUE
175,6/24/2019,24,6,June,2,2019,Monday,FALSE
176,6/25/2019,25,6,June,2,2019,Tuesday,FALSE
177,6/26/2019,26,6,June,2,2019,Wednesday,FALSE
178,6/27/2019,27,6,June,2,2019,Thursday,FALSE
179,6/28/2019,28,6,June,2,2019,Friday,FALSE
180,6/29/2019,29,6,June,2,2019,Saturday,TRUE
181,6/30/2019,30,6,June,2,2019,Sunday,TRUE
182,7/1/2019,1,7,July,3,2019,Monday,FALSE
183,7/2/2019,2,7,July,3,2019,Tuesday,FALSE
184,7/3/2019,3,7,July,3,2019,Wednesday,FALSE
185,7/4/2019,4,7,July,3,2019,Thursday,FALSE
186,7/5/2019,5,7,July,3,2019,Friday,FALSE
187,7/6/2019,6,7,July,3,2019,Saturday,TRUE
188,7/7/2019,7,7,July,3,2019,Sunday,TRUE
189,7/8/2019,8,7,July,3,2019,Monday,FALSE
190,7/9/2019,9,7,July,3,2019,Tuesday,FALSE
191,7/10/2019,10,7,July,3,2019,Wednesday,FALSE
192,7/11/2019,11,7,July,3,2019,Thursday,FALSE
193,7/12/2019,12,7,July,3,2019,Friday,FALSE
194,7/13/2019,13,7,July,3,2019,Saturday,TRUE
195,7/14/2019,14,7,July,3,2019,Sunday,TRUE
196,7/15/2019,15,7,July,3,2019,Monday,FALSE
197,7/16/2019,16,7,July,3,2019,Tuesday,FALSE
198,7/17/2019,17,7,July,3,2019,Wednesday,FALSE
199,7/18/2019,18,7,July,3,2019,Thursday,FALSE
200,7/19/2019,19,7,July,3,2019,Friday,FALSE
201,7/20/2019,20,7,July,3,2019,Saturday,TRUE
202,7/21/2019,21,7,July,3,2019,Sunday,TRUE
203,7/22/2019,22,7,July,3,2019,Monday,FALSE
204,7/23/2019,23,7,July,3,2019,Tuesday,FALSE
205,7/24/2019,24,7,July,3,2019,Wednesday,FALSE
206,7/25/2019,25,7,July,3,2019,Thursday,FALSE
207,7/26/2019,26,7,July,3,2019,Friday,FALSE
208,7/27/2019,27,7,July,3,2019,Saturday,TRUE
209,7/28/2019,28,7,July,3,2019,Sunday,TRUE
210,7/29/2019,29,7,July,3,2019,Monday,FALSE
211,7/30/2019,30,7,July,3,2019,Tuesday,FALSE
212,7/31/2019,31,7,July,3,2019,Wednesday,FALSE
213,8/1/2019,1,8,August,3,2019,Thursday,FALSE
214,8/2/2019,2,8,August,3,2019,Friday,FALSE
215,8/3/2019,3,8,August,3,2019,Saturday,TRUE
216,8/4/2019,4,8,August,3,2019,Sunday,TRUE
217,8/5/2019,5,8,August,3,2019,Monday,FALSE
218,8/6/2019,6,8,August,3,2019,Tuesday,FALSE
219,8/7/2019,7,8,August,3,2019,Wednesday,FALSE
220,8/8/2019,8,8,August,3,2019,Thursday,FALSE
221,8/9/2019,9,8,August,3,2019,Friday,FALSE
222,8/10/2019,10,8,August,3,2019,Saturday,TRUE
223,8/11/2019,11,8,August,3,2019,Sunday,TRUE
224,8/12/2019,12,8,August,3,2019,Monday,FALSE
225,8/13/2019,13,8,August,3,2019,Tuesday,FALSE
226,8/14/2019,14,8,August,3,2019,Wednesday,FALSE
227,8/15/2019,15,8,August,3,2019,Thursday,FALSE
228,8/16/2019,16,8,August,3,2019,Friday,FALSE
229,8/17/2019,17,8,August,3,2019,Saturday,TRUE
230,8/18/2019,18,8,August,3,2019,Sunday,TRUE
231,8/19/2019,19,8,August,3,2019,Monday,FALSE
232,8/20/2019,20,8,August,3,2019,Tuesday,FALSE
233,8/21/2019,21,8,August,3,2019,Wednesday,FALSE
234,8/22/2019,22,8,August,3,2019,Thursday,FALSE
235,8/23/2019,23,8,August,3,2019,Friday,FALSE
236,8/24/2019,24,8,August,3,2019,Saturday,TRUE
237,8/25/2019,25,8,August,3,2019,Sunday,TRUE
238,8/26/2019,26,8,August,3,2019,Monday,FALSE
239,8/27/2019,27,8,August,3,2019,Tuesday,FALSE
240,8/28/2019,28,8,August,3,2019,Wednesday,FALSE
241,8/29/2019,29,8,August,3,2019,Thursday,FALSE
242,8/30/2019,30,8,August,3,2019,Friday,FALSE
243,8/31/2019,31,8,August,3,2019,Saturday,TRUE
244,9/1/2019,1,9,September,3,2019,Sunday,TRUE
245,9/2/2019,2,9,September,3,2019,Monday,FALSE
246,9/3/2019,3,9,September,3,2019,Tuesday,FALSE
247,9/4/2019,4,9,September,3,2019,Wednesday,FALSE
248,9/5/2019,5,9,September,3,2019,Thursday,FALSE
249,9/6/2019,6,9,September,3,2019,Friday,FALSE
250,9/7/2019,7,9,September,3,2019,Saturday,TRUE
251,9/8/2019,8,9,September,3,2019,Sunday,TRUE
252,9/9/2019,9,9,September,3,2019,Monday,FALSE
253,9/10/2019,10,9,September,3,2019,Tuesday,FALSE
254,9/11/2019,11,9,September,3,2019,Wednesday,FALSE
255,9/12/2019,12,9,September,3,2019,Thursday,FALSE
256,9/13/2019,13,9,September,3,2019,Friday,FALSE
257,9/14/2019,14,9,September,3,2019,Saturday,TRUE
258,9/15/2019,15,9,September,3,2019,Sunday,TRUE
259,9/16/2019,16,9,September,3,2019,Monday,FALSE
260,9/17/2019,17,9,September,3,2019,Tuesday,FALSE
261,9/18/2019,18,9,September,3,2019,Wednesday,FALSE
262,9/19/2019,19,9,September,3,2019,Thursday,FALSE
263,9/20/2019,20,9,September,3,2019,Friday,FALSE
264,9/21/2019,21,9,September,3,2019,Saturday,TRUE
265,9/22/2019,22,9,September,3,2019,Sunday,TRUE
266,9/23/2019,23,9,September,3,2019,Monday,FALSE
267,9/24/2019,24,9,September,3,2019,Tuesday,FALSE
268,9/25/2019,25,9,September,3,2019,Wednesday,FALSE
269,9/26/2019,26,9,September,3,2019,Thursday,FALSE
270,9/27/2019,27,9,September,3,2019,Friday,FALSE
271,9/28/2019,28,9,September,3,2019,Saturday,TRUE
272,9/29/2019,29,9,September,3,2019,Sunday,TRUE
273,9/30/2019,30,9,September,3,2019,Monday,FALSE
274,10/1/2019,1,10,October,4,2019,Tuesday,FALSE
275,10/2/2019,2,10,October,4,2019,Wednesday,FALSE
276,10/3/2019,3,10,October,4,2019,Thursday,FALSE
277,10/4/2019,4,10,October,4,2019,Friday,FALSE
278,10/5/2019,5,10,October,4,2019,Saturday,TRUE
279,10/6/2019,6,10,October,4,2019,Sunday,TRUE
280,10/7/2019,7,10,October,4,2019,Monday,FALSE
281,10/8/2019,8,10,October,4,2019,Tuesday,FALSE
282,10/9/2019,9,10,October,4,2019,Wednesday,FALSE
283,10/10/2019,10,10,October,4,2019,Thursday,FALSE
284,10/11/2019,11,10,October,4,2019,Friday,FALSE
285,10/12/2019,12,10,October,4,2019,Saturday,TRUE
286,10/13/2019,13,10,October,4,2019,Sunday,TRUE
287,10/14/2019,14,10,October,4,2019,Monday,FALSE
288,10/15/2019,15,10,October,4,2019,Tuesday,FALSE
289,10/16/2019,16,10,October,4,2019,Wednesday,FALSE
290,10/17/2019,17,10,October,4,2019,Thursday,FALSE
291,10/18/2019,18,10,October,4,2019,Friday,FALSE
292,10/19/2019,19,10,October,4,2019,Saturday,TRUE
293,10/20/2019,20,10,October,4,2019,Sunday,TRUE
294,10/21/2019,21,10,October,4,2019,Monday,FALSE
295,10/22/2019,22,10,October,4,2019,Tuesday,FALSE
296,10/23/2019,23,10,October,4,2019,Wednesday,FALSE
297,10/24/2019,24,10,October,4,2019,Thursday,FALSE
298,10/25/2019,25,10,October,4,2019,Friday,FALSE
299,10/26/2019,26,10,October,4,2019,Saturday,TRUE
300,10/27/2019,27,10,October,4,2019,Sunday,TRUE
301,10/28/2019,28,10,October,4,2019,Monday,FALSE
302,10/29/2019,29,10,October,4,2019,Tuesday,FALSE
303,10/30/2019,30,10,October,4,2019,Wednesday,FALSE
304,10/31/2019,31,10,October,4,2019,Thursday,FALSE
305,11/1/2019,1,11,November,4,2019,Friday,FALSE
306,11/2/2019,2,11,November,4,2019,Saturday,TRUE
307,11/3/2019,3,11,November,4,2019,Sunday,TRUE
308,11/4/2019,4,11,November,4,2019,Monday,FALSE
309,11/5/2019,5,11,November,4,2019,Tuesday,FALSE
310,11/6/2019,6,11,November,4,2019,Wednesday,FALSE
311,11/7/2019,7,11,November,4,2019,Thursday,FALSE
312,11/8/2019,8,11,November,4,2019,Friday,FALSE
313,11/9/2019,9,11,November,4,2019,Saturday,TRUE
314,11/10/2019,10,11,November,4,2019,Sunday,TRUE
315,11/11/2019,11,11,November,4,2019,Monday,FALSE
316,11/12/2019,12,11,November,4,2019,Tuesday,FALSE
317,11/13/2019,13,11,November,4,2019,Wednesday,FALSE
318,11/14/2019,14,11,November,4,2019,Thursday,FALSE
319,11/15/2019,15,11,November,4,2019,Friday,FALSE
320,11/16/2019,16,11,November,4,2019,Saturday,TRUE
321,11/17/2019,17,11,November,4,2019,Sunday,TRUE
322,11/18/2019,18,11,November,4,2019,Monday,FALSE
323,11/19/2019,19,11,November,4,2019,Tuesday,FALSE
324,11/20/2019,20,11,November,4,2019,Wednesday,FALSE
325,11/21/2019,21,11,November,4,2019,Thursday,FALSE
326,11/22/2019,22,11,November,4,2019,Friday,FALSE
327,11/23/2019,23,11,November,4,2019,Saturday,TRUE
328,11/24/2019,24,11,November,4,2019,Sunday,TRUE
329,11/25/2019,25,11,November,4,2019,Monday,FALSE
330,11/26/2019,26,11,November,4,2019,Tuesday,FALSE
331,11/27/2019,27,11,November,4,2019,Wednesday,FALSE
332,11/28/2019,28,11,November,4,2019,Thursday,FALSE
333,11/29/2019,29,11,November,4,2019,Friday,FALSE
334,11/30/2019,30,11,November,4,2019,Saturday,TRUE
335,12/1/2019,1,12,December,4,2019,Sunday,TRUE
336,12/2/2019,2,12,December,4,2019,Monday,FALSE
337,12/3/2019,3,12,December,4,2019,Tuesday,FALSE
338,12/4/2019,4,12,December,4,2019,Wednesday,FALSE
339,12/5/2019,5,12,December,4,2019,Thursday,FALSE
340,12/6/2019,6,12,December,4,2019,Friday,FALSE
341,12/7/2019,7,12,December,4,2019,Saturday,TRUE
342,12/8/2019,8,12,December,4,2019,Sunday,TRUE
343,12/9/2019,9,12,December,4,2019,Monday,FALSE
344,12/10/2019,10,12,December,4,2019,Tuesday,FALSE
345,12/11/2019,11,12,December,4,2019,Wednesday,FALSE
346,12/12/2019,12,12,December,4,2019,Thursday,FALSE
347,12/13/2019,13,12,December,4,2019,Friday,FALSE
348,12/14/2019,14,12,December,4,2019,Saturday,TRUE
349,12/15/2019,15,12,December,4,2019,Sunday,TRUE
350,12/16/2019,16,12,December,4,2019,Monday,FALSE
351,12/17/2019,17,12,December,4,2019,Tuesday,FALSE
352,12/18/2019,18,12,December,4,2019,Wednesday,FALSE
353,12/19/2019,19,12,December,4,2019,Thursday,FALSE
354,12/20/2019,20,12,December,4,2019,Friday,FALSE
355,12/21/2019,21,12,December,4,2019,Saturday,TRUE
356,12/22/2019,22,12,December,4,2019,Sunday,TRUE
357,12/23/2019,23,12,December,4,2019,Monday,FALSE
358,12/24/2019,24,12,December,4,2019,Tuesday,FALSE
359,12/25/2019,25,12,December,4,2019,Wednesday,FALSE
360,12/26/2019,26,12,December,4,2019,Thursday,FALSE
361,12/27/2019,27,12,December,4,2019,Friday,FALSE
362,12/28/2019,28,12,December,4,2019,Saturday,TRUE
363,12/29/2019,29,12,December,4,2019,Sunday,TRUE
364,12/30/2019,30,12,December,4,2019,Monday,FALSE
365,12/31/2019,31,12,December,4,2019,Tuesday,FALSE
366,1/1/2020,1,1,January,1,2020,Wednesday,FALSE
367,1/2/2020,2,1,January,1,2020,Thursday,FALSE
368,1/3/2020,3,1,January,1,2020,Friday,FALSE
369,1/4/2020,4,1,January,1,2020,Saturday,TRUE
370,1/5/2020,5,1,January,1,2020,Sunday,TRUE
371,1/6/2020,6,1,January,1,2020,Monday,FALSE
372,1/7/2020,7,1,January,1,2020,Tuesday,FALSE
373,1/8/2020,8,1,January,1,2020,Wednesday,FALSE
374,1/9/2020,9,1,January,1,2020,Thursday,FALSE
375,1/10/2020,10,1,January,1,2020,Friday,FALSE
376,1/11/2020,11,1,January,1,2020,Saturday,TRUE
377,1/12/2020,12,1,January,1,2020,Sunday,TRUE
378,1/13/2020,13,1,January,1,2020,Monday,FALSE
379,1/14/2020,14,1,January,1,2020,Tuesday,FALSE
380,1/15/2020,15,1,January,1,2020,Wednesday,FALSE
381,1/16/2020,16,1,January,1,2020,Thursday,FALSE
382,1/17/2020,17,1,January,1,2020,Friday,FALSE
383,1/18/2020,18,1,January,1,2020,Saturday,TRUE
384,1/19/2020,19,1,January,1,2020,Sunday,TRUE
385,1/20/2020,20,1,January,1,2020,Monday,FALSE
386,1/21/2020,21,1,January,1,2020,Tuesday,FALSE
387,1/22/2020,22,1,January,1,2020,Wednesday,FALSE
388,1/23/2020,23,1,January,1,2020,Thursday,FALSE
389,1/24/2020,24,1,January,1,2020,Friday,FALSE
390,1/25/2020,25,1,January,1,2020,Saturday,TRUE
391,1/26/2020,26,1,January,1,2020,Sunday,TRUE
392,1/27/2020,27,1,January,1,2020,Monday,FALSE
393,1/28/2020,28,1,January,1,2020,Tuesday,FALSE
394,1/29/2020,29,1,January,1,2020,Wednesday,FALSE
395,1/30/2020,30,1,January,1,2020,Thursday,FALSE
396,1/31/2020,31,1,January,1,2020,Friday,FALSE
397,2/1/2020,1,2,February,1,2020,Saturday,TRUE
398,2/2/2020,2,2,February,1,2020,Sunday,TRUE
399,2/3/2020,3,2,February,1,2020,Monday,FALSE
400,2/4/2020,4,2,February,1,2020,Tuesday,FALSE
401,2/5/2020,5,2,February,1,2020,Wednesday,FALSE
402,2/6/2020,6,2,February,1,2020,Thursday,FALSE
403,2/7/2020,7,2,February,1,2020,Friday,FALSE
404,2/8/2020,8,2,February,1,2020,Saturday,TRUE
405,2/9/2020,9,2,February,1,2020,Sunday,TRUE
406,2/10/2020,10,2,February,1,2020,Monday,FALSE
407,2/11/2020,11,2,February,1,2020,Tuesday,FALSE
408,2/12/2020,12,2,February,1,2020,Wednesday,FALSE
409,2/13/2020,13,2,February,1,2020,Thursday,FALSE
410,2/14/2020,14,2,February,1,2020,Friday,FALSE
411,2/15/2020,15,2,February,1,2020,Saturday,TRUE
412,2/16/2020,16,2,February,1,2020,Sunday,TRUE
413,2/17/2020,17,2,February,1,2020,Monday,FALSE
414,2/18/2020,18,2,February,1,2020,Tuesday,FALSE
415,2/19/2020,19,2,February,1,2020,Wednesday,FALSE
416,2/20/2020,20,2,February,1,2020,Thursday,FALSE
417,2/21/2020,21,2,February,1,2020,Friday,FALSE
418,2/22/2020,22,2,February,1,2020,Saturday,TRUE
419,2/23/2020,23,2,February,1,2020,Sunday,TRUE
420,2/24/2020,24,2,February,1,2020,Monday,FALSE
421,2/25/2020,25,2,February,1,2020,Tuesday,FALSE
422,2/26/2020,26,2,February,1,2020,Wednesday,FALSE
423,2/27/2020,27,2,February,1,2020,Thursday,FALSE
424,2/28/2020,28,2,February,1,2020,Friday,FALSE
425,2/29/2020,29,2,February,1,2020,Saturday,TRUE
426,3/1/2020,1,3,March,1,2020,Sunday,TRUE
427,3/2/2020,2,3,March,1,2020,Monday,FALSE
428,3/3/2020,3,3,March,1,2020,Tuesday,FALSE
429,3/4/2020,4,3,March,1,2020,Wednesday,FALSE
430,3/5/2020,5,3,March,1,2020,Thursday,FALSE
431,3/6/2020,6,3,March,1,2020,Friday,FALSE
432,3/7/2020,7,3,March,1,2020,Saturday,TRUE
433,3/8/2020,8,3,March,1,2020,Sunday,TRUE
434,3/9/2020,9,3,March,1,2020,Monday,FALSE
435,3/10/2020,10,3,March,1,2020,Tuesday,FALSE
436,3/11/2020,11,3,March,1,2020,Wednesday,FALSE
437,3/12/2020,12,3,March,1,2020,Thursday,FALSE
438,3/13/2020,13,3,March,1,2020,Friday,FALSE
439,3/14/2020,14,3,March,1,2020,Saturday,TRUE
440,3/15/2020,15,3,March,1,2020,Sunday,TRUE
441,3/16/2020,16,3,March,1,2020,Monday,FALSE
442,3/17/2020,17,3,March,1,2020,Tuesday,FALSE
443,3/18/2020,18,3,March,1,2020,Wednesday,FALSE
444,3/19/2020,19,3,March,1,2020,Thursday,FALSE
445,3/20/2020,20,3,March,1,2020,Friday,FALSE
446,3/21/2020,21,3,March,1,2020,Saturday,TRUE
447,3/22/2020,22,3,March,1,2020,Sunday,TRUE
448,3/23/2020,23,3,March,1,2020,Monday,FALSE
449,3/24/2020,24,3,March,1,2020,Tuesday,FALSE
450,3/25/2020,25,3,March,1,2020,Wednesday,FALSE
451,3/26/2020,26,3,March,1,2020,Thursday,FALSE
452,3/27/2020,27,3,March,1,2020,Friday,FALSE
453,3/28/2020,28,3,March,1,2020,Saturday,TRUE
454,3/29/2020,29,3,March,1,2020,Sunday,TRUE
455,3/30/2020,30,3,March,1,2020,Monday,FALSE
456,3/31/2020,31,3,March,1,2020,Tuesday,FALSE
457,4/1/2020,1,4,April,2,2020,Wednesday,FALSE
458,4/2/2020,2,4,April,2,2020,Thursday,FALSE
459,4/3/2020,3,4,April,2,2020,Friday,FALSE
460,4/4/2020,4,4,April,2,2020,Saturday,TRUE
461,4/5/2020,5,4,April,2,2020,Sunday,TRUE
462,4/6/2020,6,4,April,2,2020,Monday,FALSE
463,4/7/2020,7,4,April,2,2020,Tuesday,FALSE
464,4/8/2020,8,4,April,2,2020,Wednesday,FALSE
465,4/9/2020,9,4,April,2,2020,Thursday,FALSE
466,4/10/2020,10,4,April,2,2020,Friday,FALSE
467,4/11/2020,11,4,April,2,2020,Saturday,TRUE
468,4/12/2020,12,4,April,2,2020,Sunday,TRUE
469,4/13/2020,13,4,April,2,2020,Monday,FALSE
470,4/14/2020,14,4,April,2,2020,Tuesday,FALSE
471,4/15/2020,15,4,April,2,2020,Wednesday,FALSE
472,4/16/2020,16,4,April,2,2020,Thursday,FALSE
473,4/17/2020,17,4,April,2,2020,Friday,FALSE
474,4/18/2020,18,4,April,2,2020,Saturday,TRUE
475,4/19/2020,19,4,April,2,2020,Sunday,TRUE
476,4/20/2020,20,4,April,2,2020,Monday,FALSE
477,4/21/2020,21,4,April,2,2020,Tuesday,FALSE
478,4/22/2020,22,4,April,2,2020,Wednesday,FALSE
479,4/23/2020,23,4,April,2,2020,Thursday,FALSE
480,4/24/2020,24,4,April,2,2020,Friday,FALSE
481,4/25/2020,25,4,April,2,2020,Saturday,TRUE
482,4/26/2020,26,4,April,2,2020,Sunday,TRUE
483,4/27/2020,27,4,April,2,2020,Monday,FALSE
484,4/28/2020,28,4,April,2,2020,Tuesday,FALSE
485,4/29/2020,29,4,April,2,2020,Wednesday,FALSE
486,4/30/2020,30,4,April,2,2020,Thursday,FALSE
487,5/1/2020,1,5,May,2,2020,Friday,FALSE
488,5/2/2020,2,5,May,2,2020,Saturday,TRUE
489,5/3/2020,3,5,May,2,2020,Sunday,TRUE
490,5/4/2020,4,5,May,2,2020,Monday,FALSE
491,5/5/2020,5,5,May,2,2020,Tuesday,FALSE
492,5/6/2020,6,5,May,2,2020,Wednesday,FALSE
493,5/7/2020,7,5,May,2,2020,Thursday,FALSE
494,5/8/2020,8,5,May,2,2020,Friday,FALSE
495,5/9/2020,9,5,May,2,2020,Saturday,TRUE
496,5/10/2020,10,5,May,2,2020,Sunday,TRUE
497,5/11/2020,11,5,May,2,2020,Monday,FALSE
498,5/12/2020,12,5,May,2,2020,Tuesday,FALSE
499,5/13/2020,13,5,May,2,2020,Wednesday,FALSE
500,5/14/2020,14,5,May,2,2020,Thursday,FALSE
501,5/15/2020,15,5,May,2,2020,Friday,FALSE
502,5/16/2020,16,5,May,2,2020,Saturday,TRUE
503,5/17/2020,17,5,May,2,2020,Sunday,TRUE
504,5/18/2020,18,5,May,2,2020,Monday,FALSE
505,5/19/2020,19,5,May,2,2020,Tuesday,FALSE
506,5/20/2020,20,5,May,2,2020,Wednesday,FALSE
507,5/21/2020,21,5,May,2,2020,Thursday,FALSE
508,5/22/2020,22,5,May,2,2020,Friday,FALSE
509,5/23/2020,23,5,May,2,2020,Saturday,TRUE
510,5/24/2020,24,5,May,2,2020,Sunday,TRUE
511,5/25/2020,25,5,May,2,2020,Monday,FALSE
512,5/26/2020,26,5,May,2,2020,Tuesday,FALSE
513,5/27/2020,27,5,May,2,2020,Wednesday,FALSE
514,5/28/2020,28,5,May,2,2020,Thursday,FALSE
515,5/29/2020,29,5,May,2,2020,Friday,FALSE
516,5/30/2020,30,5,May,2,2020,Saturday,TRUE
517,5/31/2020,31,5,May,2,2020,Sunday,TRUE
518,6/1/2020,1,6,June,2,2020,Monday,FALSE
519,6/2/2020,2,6,June,2,2020,Tuesday,FALSE
520,6/3/2020,3,6,June,2,2020,Wednesday,FALSE
521,6/4/2020,4,6,June,2,2020,Thursday,FALSE
522,6/5/2020,5,6,June,2,2020,Friday,FALSE
523,6/6/2020,6,6,June,2,2020,Saturday,TRUE
524,6/7/2020,7,6,June,2,2020,Sunday,TRUE
525,6/8/2020,8,6,June,2,2020,Monday,FALSE
526,6/9/2020,9,6,June,2,2020,Tuesday,FALSE
527,6/10/2020,10,6,June,2,2020,Wednesday,FALSE
528,6/11/2020,11,6,June,2,2020,Thursday,FALSE
529,6/12/2020,12,6,June,2,2020,Friday,FALSE
530,6/13/2020,13,6,June,2,2020,Saturday,TRUE
531,6/14/2020,14,6,June,2,2020,Sunday,TRUE
532,6/15/2020,15,6,June,2,2020,Monday,FALSE
533,6/16/2020,16,6,June,2,2020,Tuesday,FALSE
534,6/17/2020,17,6,June,2,2020,Wednesday,FALSE
535,6/18/2020,18,6,June,2,2020,Thursday,FALSE
536,6/19/2020,19,6,June,2,2020,Friday,FALSE
537,6/20/2020,20,6,June,2,2020,Saturday,TRUE
538,6/21/2020,21,6,June,2,2020,Sunday,TRUE
539,6/22/2020,22,6,June,2,2020,Monday,FALSE
540,6/23/2020,23,6,June,2,2020,Tuesday,FALSE
541,6/24/2020,24,6,June,2,2020,Wednesday,FALSE
542,6/25/2020,25,6,June,2,2020,Thursday,FALSE
543,6/26/2020,26,6,June,2,2020,Friday,FALSE
544,6/27/2020,27,6,June,2,2020,Saturday,TRUE
545,6/28/2020,28,6,June,2,2020,Sunday,TRUE
546,6/29/2020,29,6,June,2,2020,Monday,FALSE
547,6/30/2020,30,6,June,2,2020,Tuesday,FALSE
548,7/1/2020,1,7,July,3,2020,Wednesday,FALSE
549,7/2/2020,2,7,July,3,2020,Thursday,FALSE
550,7/3/2020,3,7,July,3,2020,Friday,FALSE
551,7/4/2020,4,7,July,3,2020,Saturday,TRUE
552,7/5/2020,5,7,July,3,2020,Sunday,TRUE
553,7/6/2020,6,7,July,3,2020,Monday,FALSE
554,7/7/2020,7,7,July,3,2020,Tuesday,FALSE
555,7/8/2020,8,7,July,3,2020,Wednesday,FALSE
556,7/9/2020,9,7,July,3,2020,Thursday,FALSE
557,7/10/2020,10,7,July,3,2020,Friday,FALSE
558,7/11/2020,11,7,July,3,2020,Saturday,TRUE
559,7/12/2020,12,7,July,3,2020,Sunday,TRUE
560,7/13/2020,13,7,July,3,2020,Monday,FALSE
561,7/14/2020,14,7,July,3,2020,Tuesday,FALSE
562,7/15/2020,15,7,July,3,2020,Wednesday,FALSE
563,7/16/2020,16,7,July,3,2020,Thursday,FALSE
564,7/17/2020,17,7,July,3,2020,Friday,FALSE
565,7/18/2020,18,7,July,3,2020,Saturday,TRUE
566,7/19/2020,19,7,July,3,2020,Sunday,TRUE
567,7/20/2020,20,7,July,3,2020,Monday,FALSE
568,7/21/2020,21,7,July,3,2020,Tuesday,FALSE
569,7/22/2020,22,7,July,3,2020,Wednesday,FALSE
570,7/23/2020,23,7,July,3,2020,Thursday,FALSE
571,7/24/2020,24,7,July,3,2020,Friday,FALSE
572,7/25/2020,25,7,July,3,2020,Saturday,TRUE
573,7/26/2020,26,7,July,3,2020,Sunday,TRUE
574,7/27/2020,27,7,July,3,2020,Monday,FALSE
575,7/28/2020,28,7,July,3,2020,Tuesday,FALSE
576,7/29/2020,29,7,July,3,2020,Wednesday,FALSE
577,7/30/2020,30,7,July,3,2020,Thursday,FALSE
578,7/31/2020,31,7,July,3,2020,Friday,FALSE
579,8/1/2020,1,8,August,3,2020,Saturday,TRUE
580,8/2/2020,2,8,August,3,2020,Sunday,TRUE
581,8/3/2020,3,8,August,3,2020,Monday,FALSE
582,8/4/2020,4,8,August,3,2020,Tuesday,FALSE
583,8/5/2020,5,8,August,3,2020,Wednesday,FALSE
584,8/6/2020,6,8,August,3,2020,Thursday,FALSE
585,8/7/2020,7,8,August,3,2020,Friday,FALSE
586,8/8/2020,8,8,August,3,2020,Saturday,TRUE
587,8/9/2020,9,8,August,3,2020,Sunday,TRUE
588,8/10/2020,10,8,August,3,2020,Monday,FALSE
589,8/11/2020,11,8,August,3,2020,Tuesday,FALSE
590,8/12/2020,12,8,August,3,2020,Wednesday,FALSE
591,8/13/2020,13,8,August,3,2020,Thursday,FALSE
592,8/14/2020,14,8,August,3,2020,Friday,FALSE
593,8/15/2020,15,8,August,3,2020,Saturday,TRUE
594,8/16/2020,16,8,August,3,2020,Sunday,TRUE
595,8/17/2020,17,8,August,3,2020,Monday,FALSE
596,8/18/2020,18,8,August,3,2020,Tuesday,FALSE
597,8/19/2020,19,8,August,3,2020,Wednesday,FALSE
598,8/20/2020,20,8,August,3,2020,Thursday,FALSE
599,8/21/2020,21,8,August,3,2020,Friday,FALSE
600,8/22/2020,22,8,August,3,2020,Saturday,TRUE
601,8/23/2020,23,8,August,3,2020,Sunday,TRUE
602,8/24/2020,24,8,August,3,2020,Monday,FALSE
603,8/25/2020,25,8,August,3,2020,Tuesday,FALSE
604,8/26/2020,26,8,August,3,2020,Wednesday,FALSE
605,8/27/2020,27,8,August,3,2020,Thursday,FALSE
606,8/28/2020,28,8,August,3,2020,Friday,FALSE
607,8/29/2020,29,8,August,3,2020,Saturday,TRUE
608,8/30/2020,30,8,August,3,2020,Sunday,TRUE
609,8/31/2020,31,8,August,3,2020,Monday,FALSE
610,9/1/2020,1,9,September,3,2020,Tuesday,FALSE
611,9/2/2020,2,9,September,3,2020,Wednesday,FALSE
612,9/3/2020,3,9,September,3,2020,Thursday,FALSE
613,9/4/2020,4,9,September,3,2020,Friday,FALSE
614,9/5/2020,5,9,September,3,2020,Saturday,TRUE
615,9/6/2020,6,9,September,3,2020,Sunday,TRUE
616,9/7/2020,7,9,September,3,2020,Monday,FALSE
617,9/8/2020,8,9,September,3,2020,Tuesday,FALSE
618,9/9/2020,9,9,September,3,2020,Wednesday,FALSE
619,9/10/2020,10,9,September,3,2020,Thursday,FALSE
620,9/11/2020,11,9,September,3,2020,Friday,FALSE
621,9/12/2020,12,9,September,3,2020,Saturday,TRUE
622,9/13/2020,13,9,September,3,2020,Sunday,TRUE
623,9/14/2020,14,9,September,3,2020,Monday,FALSE
624,9/15/2020,15,9,September,3,2020,Tuesday,FALSE
625,9/16/2020,16,9,September,3,2020,Wednesday,FALSE
626,9/17/2020,17,9,September,3,2020,Thursday,FALSE
627,9/18/2020,18,9,September,3,2020,Friday,FALSE
628,9/19/2020,19,9,September,3,2020,Saturday,TRUE
629,9/20/2020,20,9,September,3,2020,Sunday,TRUE
630,9/21/2020,21,9,September,3,2020,Monday,FALSE
631,9/22/2020,22,9,September,3,2020,Tuesday,FALSE
632,9/23/2020,23,9,September,3,2020,Wednesday,FALSE
633,9/24/2020,24,9,September,3,2020,Thursday,FALSE
634,9/25/2020,25,9,September,3,2020,Friday,FALSE
635,9/26/2020,26,9,September,3,2020,Saturday,TRUE
636,9/27/2020,27,9,September,3,2020,Sunday,TRUE
637,9/28/2020,28,9,September,3,2020,Monday,FALSE
638,9/29/2020,29,9,September,3,2020,Tuesday,FALSE
639,9/30/2020,30,9,September,3,2020,Wednesday,FALSE
640,10/1/2020,1,10,October,4,2020,Thursday,FALSE
641,10/2/2020,2,10,October,4,2020,Friday,FALSE
642,10/3/2020,3,10,October,4,2020,Saturday,TRUE
643,10/4/2020,4,10,October,4,2020,Sunday,TRUE
644,10/5/2020,5,10,October,4,2020,Monday,FALSE
645,10/6/2020,6,10,October,4,2020,Tuesday,FALSE
646,10/7/2020,7,10,October,4,2020,Wednesday,FALSE
647,10/8/2020,8,10,October,4,2020,Thursday,FALSE
648,10/9/2020,9,10,October,4,2020,Friday,FALSE
649,10/10/2020,10,10,October,4,2020,Saturday,TRUE
650,10/11/2020,11,10,October,4,2020,Sunday,TRUE
651,10/12/2020,12,10,October,4,2020,Monday,FALSE
652,10/13/2020,13,10,October,4,2020,Tuesday,FALSE
653,10/14/2020,14,10,October,4,2020,Wednesday,FALSE
654,10/15/2020,15,10,October,4,2020,Thursday,FALSE
655,10/16/2020,16,10,October,4,2020,Friday,FALSE
656,10/17/2020,17,10,October,4,2020,Saturday,TRUE
657,10/18/2020,18,10,October,4,2020,Sunday,TRUE
658,10/19/2020,19,10,October,4,2020,Monday,FALSE
659,10/20/2020,20,10,October,4,2020,Tuesday,FALSE
660,10/21/2020,21,10,October,4,2020,Wednesday,FALSE
661,10/22/2020,22,10,October,4,2020,Thursday,FALSE
662,10/23/2020,23,10,October,4,2020,Friday,FALSE
663,10/24/2020,24,10,October,4,2020,Saturday,TRUE
664,10/25/2020,25,10,October,4,2020,Sunday,TRUE
665,10/26/2020,26,10,October,4,2020,Monday,FALSE
666,10/27/2020,27,10,October,4,2020,Tuesday,FALSE
667,10/28/2020,28,10,October,4,2020,Wednesday,FALSE
668,10/29/2020,29,10,October,4,2020,Thursday,FALSE
669,10/30/2020,30,10,October,4,2020,Friday,FALSE
670,10/31/2020,31,10,October,4,2020,Saturday,TRUE
671,11/1/2020,1,11,November,4,2020,Sunday,TRUE
672,11/2/2020,2,11,November,4,2020,Monday,FALSE
673,11/3/2020,3,11,November,4,2020,Tuesday,FALSE
674,11/4/2020,4,11,November,4,2020,Wednesday,FALSE
675,11/5/2020,5,11,November,4,2020,Thursday,FALSE
676,11/6/2020,6,11,November,4,2020,Friday,FALSE
677,11/7/2020,7,11,November,4,2020,Saturday,TRUE
678,11/8/2020,8,11,November,4,2020,Sunday,TRUE
679,11/9/2020,9,11,November,4,2020,Monday,FALSE
680,11/10/2020,10,11,November,4,2020,Tuesday,FALSE
681,11/11/2020,11,11,November,4,2020,Wednesday,FALSE
682,11/12/2020,12,11,November,4,2020,Thursday,FALSE
683,11/13/2020,13,11,November,4,2020,Friday,FALSE
684,11/14/2020,14,11,November,4,2020,Saturday,TRUE
685,11/15/2020,15,11,November,4,2020,Sunday,TRUE
686,11/16/2020,16,11,November,4,2020,Monday,FALSE
687,11/17/2020,17,11,November,4,2020,Tuesday,FALSE
688,11/18/2020,18,11,November,4,2020,Wednesday,FALSE
689,11/19/2020,19,11,November,4,2020,Thursday,FALSE
690,11/20/2020,20,11,November,4,2020,Friday,FALSE
691,11/21/2020,21,11,November,4,2020,Saturday,TRUE
692,11/22/2020,22,11,November,4,2020,Sunday,TRUE
693,11/23/2020,23,11,November,4,2020,Monday,FALSE
694,11/24/2020,24,11,November,4,2020,Tuesday,FALSE
695,11/25/2020,25,11,November,4,2020,Wednesday,FALSE
696,11/26/2020,26,11,November,4,2020,Thursday,FALSE
697,11/27/2020,27,11,November,4,2020,Friday,FALSE
698,11/28/2020,28,11,November,4,2020,Saturday,TRUE
699,11/29/2020,29,11,November,4,2020,Sunday,TRUE
700,11/30/2020,30,11,November,4,2020,Monday,FALSE
701,12/1/2020,1,12,December,4,2020,Tuesday,FALSE
702,12/2/2020,2,12,December,4,2020,Wednesday,FALSE
703,12/3/2020,3,12,December,4,2020,Thursday,FALSE
704,12/4/2020,4,12,December,4,2020,Friday,FALSE
705,12/5/2020,5,12,December,4,2020,Saturday,TRUE
706,12/6/2020,6,12,December,4,2020,Sunday,TRUE
707,12/7/2020,7,12,December,4,2020,Monday,FALSE
708,12/8/2020,8,12,December,4,2020,Tuesday,FALSE
709,12/9/2020,9,12,December,4,2020,Wednesday,FALSE
710,12/10/2020,10,12,December,4,2020,Thursday,FALSE
711,12/11/2020,11,12,December,4,2020,Friday,FALSE
712,12/12/2020,12,12,December,4,2020,Saturday,TRUE
713,12/13/2020,13,12,December,4,2020,Sunday,TRUE
714,12/14/2020,14,12,December,4,2020,Monday,FALSE
715,12/15/2020,15,12,December,4,2020,Tuesday,FALSE
716,12/16/2020,16,12,December,4,2020,Wednesday,FALSE
717,12/17/2020,17,12,December,4,2020,Thursday,FALSE
718,12/18/2020,18,12,December,4,2020,Friday,FALSE
719,12/19/2020,19,12,December,4,2020,Saturday,TRUE
720,12/20/2020,20,12,December,4,2020,Sunday,TRUE
721,12/21/2020,21,12,December,4,2020,Monday,FALSE
722,12/22/2020,22,12,December,4,2020,Tuesday,FALSE
723,12/23/2020,23,12,December,4,2020,Wednesday,FALSE
724,12/24/2020,24,12,December,4,2020,Thursday,FALSE
725,12/25/2020,25,12,December,4,2020,Friday,FALSE
726,12/26/2020,26,12,December,4,2020,Saturday,TRUE
727,12/27/2020,27,12,December,4,2020,Sunday,TRUE
728,12/28/2020,28,12,December,4,2020,Monday,FALSE
729,12/29/2020,29,12,December,4,2020,Tuesday,FALSE
730,12/30/2020,30,12,December,4,2020,Wednesday,FALSE
731,12/31/2020,31,12,December,4,2020,Thursday,FALSE
732,1/1/2021,1,1,January,1,2021,Friday,FALSE
733,1/2/2021,2,1,January,1,2021,Saturday,TRUE
734,1/3/2021,3,1,January,1,2021,Sunday,TRUE
735,1/4/2021,4,1,January,1,2021,Monday,FALSE
736,1/5/2021,5,1,January,1,2021,Tuesday,FALSE
737,1/6/2021,6,1,January,1,2021,Wednesday,FALSE
738,1/7/2021,7,1,January,1,2021,Thursday,FALSE
739,1/8/2021,8,1,January,1,2021,Friday,FALSE
740,1/9/2021,9,1,January,1,2021,Saturday,TRUE
741,1/10/2021,10,1,January,1,2021,Sunday,TRUE
742,1/11/2021,11,1,January,1,2021,Monday,FALSE
743,1/12/2021,12,1,January,1,2021,Tuesday,FALSE
744,1/13/2021,13,1,January,1,2021,Wednesday,FALSE
745,1/14/2021,14,1,January,1,2021,Thursday,FALSE
746,1/15/2021,15,1,January,1,2021,Friday,FALSE
747,1/16/2021,16,1,January,1,2021,Saturday,TRUE
748,1/17/2021,17,1,January,1,2021,Sunday,TRUE
749,1/18/2021,18,1,January,1,2021,Monday,FALSE
750,1/19/2021,19,1,January,1,2021,Tuesday,FALSE
751,1/20/2021,20,1,January,1,2021,Wednesday,FALSE
752,1/21/2021,21,1,January,1,2021,Thursday,FALSE
753,1/22/2021,22,1,January,1,2021,Friday,FALSE
754,1/23/2021,23,1,January,1,2021,Saturday,TRUE
755,1/24/2021,24,1,January,1,2021,Sunday,TRUE
756,1/25/2021,25,1,January,1,2021,Monday,FALSE
757,1/26/2021,26,1,January,1,2021,Tuesday,FALSE
758,1/27/2021,27,1,January,1,2021,Wednesday,FALSE
759,1/28/2021,28,1,January,1,2021,Thursday,FALSE
760,1/29/2021,29,1,January,1,2021,Friday,FALSE
761,1/30/2021,30,1,January,1,2021,Saturday,TRUE
762,1/31/2021,31,1,January,1,2021,Sunday,TRUE
763,2/1/2021,1,2,February,1,2021,Monday,FALSE
764,2/2/2021,2,2,February,1,2021,Tuesday,FALSE
765,2/3/2021,3,2,February,1,2021,Wednesday,FALSE
766,2/4/2021,4,2,February,1,2021,Thursday,FALSE
767,2/5/2021,5,2,February,1,2021,Friday,FALSE
768,2/6/2021,6,2,February,1,2021,Saturday,TRUE
769,2/7/2021,7,2,February,1,2021,Sunday,TRUE
770,2/8/2021,8,2,February,1,2021,Monday,FALSE
771,2/9/2021,9,2,February,1,2021,Tuesday,FALSE
772,2/10/2021,10,2,February,1,2021,Wednesday,FALSE
773,2/11/2021,11,2,February,1,2021,Thursday,FALSE
774,2/12/2021,12,2,February,1,2021,Friday,FALSE
775,2/13/2021,13,2,February,1,2021,Saturday,TRUE
776,2/14/2021,14,2,February,1,2021,Sunday,TRUE
777,2/15/2021,15,2,February,1,2021,Monday,FALSE
778,2/16/2021,16,2,February,1,2021,Tuesday,FALSE
779,2/17/2021,17,2,February,1,2021,Wednesday,FALSE
780,2/18/2021,18,2,February,1,2021,Thursday,FALSE
781,2/19/2021,19,2,February,1,2021,Friday,FALSE
782,2/20/2021,20,2,February,1,2021,Saturday,TRUE
783,2/21/2021,21,2,February,1,2021,Sunday,TRUE
784,2/22/2021,22,2,February,1,2021,Monday,FALSE
785,2/23/2021,23,2,February,1,2021,Tuesday,FALSE
786,2/24/2021,24,2,February,1,2021,Wednesday,FALSE
787,2/25/2021,25,2,February,1,2021,Thursday,FALSE
788,2/26/2021,26,2,February,1,2021,Friday,FALSE
789,2/27/2021,27,2,February,1,2021,Saturday,TRUE
790,2/28/2021,28,2,February,1,2021,Sunday,TRUE
791,3/1/2021,1,3,March,1,2021,Monday,FALSE
792,3/2/2021,2,3,March,1,2021,Tuesday,FALSE
793,3/3/2021,3,3,March,1,2021,Wednesday,FALSE
794,3/4/2021,4,3,March,1,2021,Thursday,FALSE
795,3/5/2021,5,3,March,1,2021,Friday,FALSE
796,3/6/2021,6,3,March,1,2021,Saturday,TRUE
797,3/7/2021,7,3,March,1,2021,Sunday,TRUE
798,3/8/2021,8,3,March,1,2021,Monday,FALSE
799,3/9/2021,9,3,March,1,2021,Tuesday,FALSE
800,3/10/2021,10,3,March,1,2021,Wednesday,FALSE
801,3/11/2021,11,3,March,1,2021,Thursday,FALSE
802,3/12/2021,12,3,March,1,2021,Friday,FALSE
803,3/13/2021,13,3,March,1,2021,Saturday,TRUE
804,3/14/2021,14,3,March,1,2021,Sunday,TRUE
805,3/15/2021,15,3,March,1,2021,Monday,FALSE
806,3/16/2021,16,3,March,1,2021,Tuesday,FALSE
807,3/17/2021,17,3,March,1,2021,Wednesday,FALSE
808,3/18/2021,18,3,March,1,2021,Thursday,FALSE
809,3/19/2021,19,3,March,1,2021,Friday,FALSE
810,3/20/2021,20,3,March,1,2021,Saturday,TRUE
811,3/21/2021,21,3,March,1,2021,Sunday,TRUE
812,3/22/2021,22,3,March,1,2021,Monday,FALSE
813,3/23/2021,23,3,March,1,2021,Tuesday,FALSE
814,3/24/2021,24,3,March,1,2021,Wednesday,FALSE
815,3/25/2021,25,3,March,1,2021,Thursday,FALSE
816,3/26/2021,26,3,March,1,2021,Friday,FALSE
817,3/27/2021,27,3,March,1,2021,Saturday,TRUE
818,3/28/2021,28,3,March,1,2021,Sunday,TRUE
819,3/29/2021,29,3,March,1,2021,Monday,FALSE
820,3/30/2021,30,3,March,1,2021,Tuesday,FALSE
821,3/31/2021,31,3,March,1,2021,Wednesday,FALSE
822,4/1/2021,1,4,April,2,2021,Thursday,FALSE
823,4/2/2021,2,4,April,2,2021,Friday,FALSE
824,4/3/2021,3,4,April,2,2021,Saturday,TRUE
825,4/4/2021,4,4,April,2,2021,Sunday,TRUE
826,4/5/2021,5,4,April,2,2021,Monday,FALSE
827,4/6/2021,6,4,April,2,2021,Tuesday,FALSE
828,4/7/2021,7,4,April,2,2021,Wednesday,FALSE
829,4/8/2021,8,4,April,2,2021,Thursday,FALSE
830,4/9/2021,9,4,April,2,2021,Friday,FALSE
831,4/10/2021,10,4,April,2,2021,Saturday,TRUE
832,4/11/2021,11,4,April,2,2021,Sunday,TRUE
833,4/12/2021,12,4,April,2,2021,Monday,FALSE
834,4/13/2021,13,4,April,2,2021,Tuesday,FALSE
835,4/14/2021,14,4,April,2,2021,Wednesday,FALSE
836,4/15/2021,15,4,April,2,2021,Thursday,FALSE
837,4/16/2021,16,4,April,2,2021,Friday,FALSE
838,4/17/2021,17,4,April,2,2021,Saturday,TRUE
839,4/18/2021,18,4,April,2,2021,Sunday,TRUE
840,4/19/2021,19,4,April,2,2021,Monday,FALSE
841,4/20/2021,20,4,April,2,2021,Tuesday,FALSE
842,4/21/2021,21,4,April,2,2021,Wednesday,FALSE
843,4/22/2021,22,4,April,2,2021,Thursday,FALSE
844,4/23/2021,23,4,April,2,2021,Friday,FALSE
845,4/24/2021,24,4,April,2,2021,Saturday,TRUE
846,4/25/2021,25,4,April,2,2021,Sunday,TRUE
847,4/26/2021,26,4,April,2,2021,Monday,FALSE
848,4/27/2021,27,4,April,2,2021,Tuesday,FALSE
849,4/28/2021,28,4,April,2,2021,Wednesday,FALSE
850,4/29/2021,29,4,April,2,2021,Thursday,FALSE
851,4/30/2021,30,4,April,2,2021,Friday,FALSE
852,5/1/2021,1,5,May,2,2021,Saturday,TRUE
853,5/2/2021,2,5,May,2,2021,Sunday,TRUE
854,5/3/2021,3,5,May,2,2021,Monday,FALSE
855,5/4/2021,4,5,May,2,2021,Tuesday,FALSE
856,5/5/2021,5,5,May,2,2021,Wednesday,FALSE
857,5/6/2021,6,5,May,2,2021,Thursday,FALSE
858,5/7/2021,7,5,May,2,2021,Friday,FALSE
859,5/8/2021,8,5,May,2,2021,Saturday,TRUE
860,5/9/2021,9,5,May,2,2021,Sunday,TRUE
861,5/10/2021,10,5,May,2,2021,Monday,FALSE
862,5/11/2021,11,5,May,2,2021,Tuesday,FALSE
863,5/12/2021,12,5,May,2,2021,Wednesday,FALSE
864,5/13/2021,13,5,May,2,2021,Thursday,FALSE
865,5/14/2021,14,5,May,2,2021,Friday,FALSE
866,5/15/2021,15,5,May,2,2021,Saturday,TRUE
867,5/16/2021,16,5,May,2,2021,Sunday,TRUE
868,5/17/2021,17,5,May,2,2021,Monday,FALSE
869,5/18/2021,18,5,May,2,2021,Tuesday,FALSE
870,5/19/2021,19,5,May,2,2021,Wednesday,FALSE
871,5/20/2021,20,5,May,2,2021,Thursday,FALSE
872,5/21/2021,21,5,May,2,2021,Friday,FALSE
873,5/22/2021,22,5,May,2,2021,Saturday,TRUE
874,5/23/2021,23,5,May,2,2021,Sunday,TRUE
875,5/24/2021,24,5,May,2,2021,Monday,FALSE
876,5/25/2021,25,5,May,2,2021,Tuesday,FALSE
877,5/26/2021,26,5,May,2,2021,Wednesday,FALSE
878,5/27/2021,27,5,May,2,2021,Thursday,FALSE
879,5/28/2021,28,5,May,2,2021,Friday,FALSE
880,5/29/2021,29,5,May,2,2021,Saturday,TRUE
881,5/30/2021,30,5,May,2,2021,Sunday,TRUE
882,5/31/2021,31,5,May,2,2021,Monday,FALSE
883,6/1/2021,1,6,June,2,2021,Tuesday,FALSE
884,6/2/2021,2,6,June,2,2021,Wednesday,FALSE
885,6/3/2021,3,6,June,2,2021,Thursday,FALSE
886,6/4/2021,4,6,June,2,2021,Friday,FALSE
887,6/5/2021,5,6,June,2,2021,Saturday,TRUE
888,6/6/2021,6,6,June,2,2021,Sunday,TRUE
889,6/7/2021,7,6,June,2,2021,Monday,FALSE
890,6/8/2021,8,6,June,2,2021,Tuesday,FALSE
891,6/9/2021,9,6,June,2,2021,Wednesday,FALSE
892,6/10/2021,10,6,June,2,2021,Thursday,FALSE
893,6/11/2021,11,6,June,2,2021,Friday,FALSE
894,6/12/2021,12,6,June,2,2021,Saturday,TRUE
895,6/13/2021,13,6,June,2,2021,Sunday,TRUE
896,6/14/2021,14,6,June,2,2021,Monday,FALSE
897,6/15/2021,15,6,June,2,2021,Tuesday,FALSE
898,6/16/2021,16,6,June,2,2021,Wednesday,FALSE
899,6/17/2021,17,6,June,2,2021,Thursday,FALSE
900,6/18/2021,18,6,June,2,2021,Friday,FALSE
901,6/19/2021,19,6,June,2,2021,Saturday,TRUE
902,6/20/2021,20,6,June,2,2021,Sunday,TRUE
903,6/21/2021,21,6,June,2,2021,Monday,FALSE
904,6/22/2021,22,6,June,2,2021,Tuesday,FALSE
905,6/23/2021,23,6,June,2,2021,Wednesday,FALSE
906,6/24/2021,24,6,June,2,2021,Thursday,FALSE
907,6/25/2021,25,6,June,2,2021,Friday,FALSE
908,6/26/2021,26,6,June,2,2021,Saturday,TRUE
909,6/27/2021,27,6,June,2,2021,Sunday,TRUE
910,6/28/2021,28,6,June,2,2021,Monday,FALSE
911,6/29/2021,29,6,June,2,2021,Tuesday,FALSE
912,6/30/2021,30,6,June,2,2021,Wednesday,FALSE
913,7/1/2021,1,7,July,3,2021,Thursday,FALSE
914,7/2/2021,2,7,July,3,2021,Friday,FALSE
915,7/3/2021,3,7,July,3,2021,Saturday,TRUE
916,7/4/2021,4,7,July,3,2021,Sunday,TRUE
917,7/5/2021,5,7,July,3,2021,Monday,FALSE
918,7/6/2021,6,7,July,3,2021,Tuesday,FALSE
919,7/7/2021,7,7,July,3,2021,Wednesday,FALSE
920,7/8/2021,8,7,July,3,2021,Thursday,FALSE
921,7/9/2021,9,7,July,3,2021,Friday,FALSE
922,7/10/2021,10,7,July,3,2021,Saturday,TRUE
923,7/11/2021,11,7,July,3,2021,Sunday,TRUE
924,7/12/2021,12,7,July,3,2021,Monday,FALSE
925,7/13/2021,13,7,July,3,2021,Tuesday,FALSE
926,7/14/2021,14,7,July,3,2021,Wednesday,FALSE
927,7/15/2021,15,7,July,3,2021,Thursday,FALSE
928,7/16/2021,16,7,July,3,2021,Friday,FALSE
929,7/17/2021,17,7,July,3,2021,Saturday,TRUE
930,7/18/2021,18,7,July,3,2021,Sunday,TRUE
931,7/19/2021,19,7,July,3,2021,Monday,FALSE
932,7/20/2021,20,7,July,3,2021,Tuesday,FALSE
933,7/21/2021,21,7,July,3,2021,Wednesday,FALSE
934,7/22/2021,22,7,July,3,2021,Thursday,FALSE
935,7/23/2021,23,7,July,3,2021,Friday,FALSE
936,7/24/2021,24,7,July,3,2021,Saturday,TRUE
937,7/25/2021,25,7,July,3,2021,Sunday,TRUE
938,7/26/2021,26,7,July,3,2021,Monday,FALSE
939,7/27/2021,27,7,July,3,2021,Tuesday,FALSE
940,7/28/2021,28,7,July,3,2021,Wednesday,FALSE
941,7/29/2021,29,7,July,3,2021,Thursday,FALSE
942,7/30/2021,30,7,July,3,2021,Friday,FALSE
943,7/31/2021,31,7,July,3,2021,Saturday,TRUE
944,8/1/2021,1,8,August,3,2021,Sunday,TRUE
945,8/2/2021,2,8,August,3,2021,Monday,FALSE
946,8/3/2021,3,8,August,3,2021,Tuesday,FALSE
947,8/4/2021,4,8,August,3,2021,Wednesday,FALSE
948,8/5/2021,5,8,August,3,2021,Thursday,FALSE
949,8/6/2021,6,8,August,3,2021,Friday,FALSE
950,8/7/2021,7,8,August,3,2021,Saturday,TRUE
951,8/8/2021,8,8,August,3,2021,Sunday,TRUE
952,8/9/2021,9,8,August,3,2021,Monday,FALSE
953,8/10/2021,10,8,August,3,2021,Tuesday,FALSE
954,8/11/2021,11,8,August,3,2021,Wednesday,FALSE
955,8/12/2021,12,8,August,3,2021,Thursday,FALSE
956,8/13/2021,13,8,August,3,2021,Friday,FALSE
957,8/14/2021,14,8,August,3,2021,Saturday,TRUE
958,8/15/2021,15,8,August,3,2021,Sunday,TRUE
959,8/16/2021,16,8,August,3,2021,Monday,FALSE
960,8/17/2021,17,8,August,3,2021,Tuesday,FALSE
961,8/18/2021,18,8,August,3,2021,Wednesday,FALSE
962,8/19/2021,19,8,August,3,2021,Thursday,FALSE
963,8/20/2021,20,8,August,3,2021,Friday,FALSE
964,8/21/2021,21,8,August,3,2021,Saturday,TRUE
965,8/22/2021,22,8,August,3,2021,Sunday,TRUE
966,8/23/2021,23,8,August,3,2021,Monday,FALSE
967,8/24/2021,24,8,August,3,2021,Tuesday,FALSE
968,8/25/2021,25,8,August,3,2021,Wednesday,FALSE
969,8/26/2021,26,8,August,3,2021,Thursday,FALSE
970,8/27/2021,27,8,August,3,2021,Friday,FALSE
971,8/28/2021,28,8,August,3,2021,Saturday,TRUE
972,8/29/2021,29,8,August,3,2021,Sunday,TRUE
973,8/30/2021,30,8,August,3,2021,Monday,FALSE
974,8/31/2021,31,8,August,3,2021,Tuesday,FALSE
975,9/1/2021,1,9,September,3,2021,Wednesday,FALSE
976,9/2/2021,2,9,September,3,2021,Thursday,FALSE
977,9/3/2021,3,9,September,3,2021,Friday,FALSE
978,9/4/2021,4,9,September,3,2021,Saturday,TRUE
979,9/5/2021,5,9,September,3,2021,Sunday,TRUE
980,9/6/2021,6,9,September,3,2021,Monday,FALSE
981,9/7/2021,7,9,September,3,2021,Tuesday,FALSE
982,9/8/2021,8,9,September,3,2021,Wednesday,FALSE
983,9/9/2021,9,9,September,3,2021,Thursday,FALSE
984,9/10/2021,10,9,September,3,2021,Friday,FALSE
985,9/11/2021,11,9,September,3,2021,Saturday,TRUE
986,9/12/2021,12,9,September,3,2021,Sunday,TRUE
987,9/13/2021,13,9,September,3,2021,Monday,FALSE
988,9/14/2021,14,9,September,3,2021,Tuesday,FALSE
989,9/15/2021,15,9,September,3,2021,Wednesday,FALSE
990,9/16/2021,16,9,September,3,2021,Thursday,FALSE
991,9/17/2021,17,9,September,3,2021,Friday,FALSE
992,9/18/2021,18,9,September,3,2021,Saturday,TRUE
993,9/19/2021,19,9,September,3,2021,Sunday,TRUE
994,9/20/2021,20,9,September,3,2021,Monday,FALSE
995,9/21/2021,21,9,September,3,2021,Tuesday,FALSE
996,9/22/2021,22,9,September,3,2021,Wednesday,FALSE
997,9/23/2021,23,9,September,3,2021,Thursday,FALSE
998,9/24/2021,24,9,September,3,2021,Friday,FALSE
999,9/25/2021,25,9,September,3,2021,Saturday,TRUE
1000,9/26/2021,26,9,September,3,2021,Sunday,TRUE
1001,9/27/2021,27,9,September,3,2021,Monday,FALSE
1002,9/28/2021,28,9,September,3,2021,Tuesday,FALSE
1003,9/29/2021,29,9,September,3,2021,Wednesday,FALSE
1004,9/30/2021,30,9,September,3,2021,Thursday,FALSE
1005,10/1/2021,1,10,October,4,2021,Friday,FALSE
1006,10/2/2021,2,10,October,4,2021,Saturday,TRUE
1007,10/3/2021,3,10,October,4,2021,Sunday,TRUE
1008,10/4/2021,4,10,October,4,2021,Monday,FALSE
1009,10/5/2021,5,10,October,4,2021,Tuesday,FALSE
1010,10/6/2021,6,10,October,4,2021,Wednesday,FALSE
1011,10/7/2021,7,10,October,4,2021,Thursday,FALSE
1012,10/8/2021,8,10,October,4,2021,Friday,FALSE
1013,10/9/2021,9,10,October,4,2021,Saturday,TRUE
1014,10/10/2021,10,10,October,4,2021,Sunday,TRUE
1015,10/11/2021,11,10,October,4,2021,Monday,FALSE
1016,10/12/2021,12,10,October,4,2021,Tuesday,FALSE
1017,10/13/2021,13,10,October,4,2021,Wednesday,FALSE
1018,10/14/2021,14,10,October,4,2021,Thursday,FALSE
1019,10/15/2021,15,10,October,4,2021,Friday,FALSE
1020,10/16/2021,16,10,October,4,2021,Saturday,TRUE
1021,10/17/2021,17,10,October,4,2021,Sunday,TRUE
1022,10/18/2021,18,10,October,4,2021,Monday,FALSE
1023,10/19/2021,19,10,October,4,2021,Tuesday,FALSE
1024,10/20/2021,20,10,October,4,2021,Wednesday,FALSE
1025,10/21/2021,21,10,October,4,2021,Thursday,FALSE
1026,10/22/2021,22,10,October,4,2021,Friday,FALSE
1027,10/23/2021,23,10,October,4,2021,Saturday,TRUE
1028,10/24/2021,24,10,October,4,2021,Sunday,TRUE
1029,10/25/2021,25,10,October,4,2021,Monday,FALSE
1030,10/26/2021,26,10,October,4,2021,Tuesday,FALSE
1031,10/27/2021,27,10,October,4,2021,Wednesday,FALSE
1032,10/28/2021,28,10,October,4,2021,Thursday,FALSE
1033,10/29/2021,29,10,October,4,2021,Friday,FALSE
1034,10/30/2021,30,10,October,4,2021,Saturday,TRUE
1035,10/31/2021,31,10,October,4,2021,Sunday,TRUE
1036,11/1/2021,1,11,November,4,2021,Monday,FALSE
1037,11/2/2021,2,11,November,4,2021,Tuesday,FALSE
1038,11/3/2021,3,11,November,4,2021,Wednesday,FALSE
1039,11/4/2021,4,11,November,4,2021,Thursday,FALSE
1040,11/5/2021,5,11,November,4,2021,Friday,FALSE
1041,11/6/2021,6,11,November,4,2021,Saturday,TRUE
1042,11/7/2021,7,11,November,4,2021,Sunday,TRUE
1043,11/8/2021,8,11,November,4,2021,Monday,FALSE
1044,11/9/2021,9,11,November,4,2021,Tuesday,FALSE
1045,11/10/2021,10,11,November,4,2021,Wednesday,FALSE
1046,11/11/2021,11,11,November,4,2021,Thursday,FALSE
1047,11/12/2021,12,11,November,4,2021,Friday,FALSE
1048,11/13/2021,13,11,November,4,2021,Saturday,TRUE
1049,11/14/2021,14,11,November,4,2021,Sunday,TRUE
1050,11/15/2021,15,11,November,4,2021,Monday,FALSE
1051,11/16/2021,16,11,November,4,2021,Tuesday,FALSE
1052,11/17/2021,17,11,November,4,2021,Wednesday,FALSE
1053,11/18/2021,18,11,November,4,2021,Thursday,FALSE
1054,11/19/2021,19,11,November,4,2021,Friday,FALSE
1055,11/20/2021,20,11,November,4,2021,Saturday,TRUE
1056,11/21/2021,21,11,November,4,2021,Sunday,TRUE
1057,11/22/2021,22,11,November,4,2021,Monday,FALSE
1058,11/23/2021,23,11,November,4,2021,Tuesday,FALSE
1059,11/24/2021,24,11,November,4,2021,Wednesday,FALSE
1060,11/25/2021,25,11,November,4,2021,Thursday,FALSE
1061,11/26/2021,26,11,November,4,2021,Friday,FALSE
1062,11/27/2021,27,11,November,4,2021,Saturday,TRUE
1063,11/28/2021,28,11,November,4,2021,Sunday,TRUE
1064,11/29/2021,29,11,November,4,2021,Monday,FALSE
1065,11/30/2021,30,11,November,4,2021,Tuesday,FALSE
1066,12/1/2021,1,12,December,4,2021,Wednesday,FALSE
1067,12/2/2021,2,12,December,4,2021,Thursday,FALSE
1068,12/3/2021,3,12,December,4,2021,Friday,FALSE
1069,12/4/2021,4,12,December,4,2021,Saturday,TRUE
1070,12/5/2021,5,12,December,4,2021,Sunday,TRUE
1071,12/6/2021,6,12,December,4,2021,Monday,FALSE
1072,12/7/2021,7,12,December,4,2021,Tuesday,FALSE
1073,12/8/2021,8,12,December,4,2021,Wednesday,FALSE
1074,12/9/2021,9,12,December,4,2021,Thursday,FALSE
1075,12/10/2021,10,12,December,4,2021,Friday,FALSE
1076,12/11/2021,11,12,December,4,2021,Saturday,TRUE
1077,12/12/2021,12,12,December,4,2021,Sunday,TRUE
1078,12/13/2021,13,12,December,4,2021,Monday,FALSE
1079,12/14/2021,14,12,December,4,2021,Tuesday,FALSE
1080,12/15/2021,15,12,December,4,2021,Wednesday,FALSE
1081,12/16/2021,16,12,December,4,2021,Thursday,FALSE
1082,12/17/2021,17,12,December,4,2021,Friday,FALSE
1083,12/18/2021,18,12,December,4,2021,Saturday,TRUE
1084,12/19/2021,19,12,December,4,2021,Sunday,TRUE
1085,12/20/2021,20,12,December,4,2021,Monday,FALSE
1086,12/21/2021,21,12,December,4,2021,Tuesday,FALSE
1087,12/22/2021,22,12,December,4,2021,Wednesday,FALSE
1088,12/23/2021,23,12,December,4,2021,Thursday,FALSE
1089,12/24/2021,24,12,December,4,2021,Friday,FALSE
1090,12/25/2021,25,12,December,4,2021,Saturday,TRUE
1091,12/26/2021,26,12,December,4,2021,Sunday,TRUE
1092,12/27/2021,27,12,December,4,2021,Monday,FALSE
1093,12/28/2021,28,12,December,4,2021,Tuesday,FALSE
1094,12/29/2021,29,12,December,4,2021,Wednesday,FALSE
1095,12/30/2021,30,12,December,4,2021,Thursday,FALSE
1096,12/31/2021,31,12,December,4,2021,Friday,FALSE
1097,1/1/2022,1,1,January,1,2022,Saturday,TRUE
1098,1/2/2022,2,1,January,1,2022,Sunday,TRUE
1099,1/3/2022,3,1,January,1,2022,Monday,FALSE
1100,1/4/2022,4,1,January,1,2022,Tuesday,FALSE
1101,1/5/2022,5,1,January,1,2022,Wednesday,FALSE
1102,1/6/2022,6,1,January,1,2022,Thursday,FALSE
1103,1/7/2022,7,1,January,1,2022,Friday,FALSE
1104,1/8/2022,8,1,January,1,2022,Saturday,TRUE
1105,1/9/2022,9,1,January,1,2022,Sunday,TRUE
1106,1/10/2022,10,1,January,1,2022,Monday,FALSE
1107,1/11/2022,11,1,January,1,2022,Tuesday,FALSE
1108,1/12/2022,12,1,January,1,2022,Wednesday,FALSE
1109,1/13/2022,13,1,January,1,2022,Thursday,FALSE
1110,1/14/2022,14,1,January,1,2022,Friday,FALSE
1111,1/15/2022,15,1,January,1,2022,Saturday,TRUE
1112,1/16/2022,16,1,January,1,2022,Sunday,TRUE
1113,1/17/2022,17,1,January,1,2022,Monday,FALSE
1114,1/18/2022,18,1,January,1,2022,Tuesday,FALSE
1115,1/19/2022,19,1,January,1,2022,Wednesday,FALSE
1116,1/20/2022,20,1,January,1,2022,Thursday,FALSE
1117,1/21/2022,21,1,January,1,2022,Friday,FALSE
1118,1/22/2022,22,1,January,1,2022,Saturday,TRUE
1119,1/23/2022,23,1,January,1,2022,Sunday,TRUE
1120,1/24/2022,24,1,January,1,2022,Monday,FALSE
1121,1/25/2022,25,1,January,1,2022,Tuesday,FALSE
1122,1/26/2022,26,1,January,1,2022,Wednesday,FALSE
1123,1/27/2022,27,1,January,1,2022,Thursday,FALSE
1124,1/28/2022,28,1,January,1,2022,Friday,FALSE
1125,1/29/2022,29,1,January,1,2022,Saturday,TRUE
1126,1/30/2022,30,1,January,1,2022,Sunday,TRUE
1127,1/31/2022,31,1,January,1,2022,Monday,FALSE
1128,2/1/2022,1,2,February,1,2022,Tuesday,FALSE
1129,2/2/2022,2,2,February,1,2022,Wednesday,FALSE
1130,2/3/2022,3,2,February,1,2022,Thursday,FALSE
1131,2/4/2022,4,2,February,1,2022,Friday,FALSE
1132,2/5/2022,5,2,February,1,2022,Saturday,TRUE
1133,2/6/2022,6,2,February,1,2022,Sunday,TRUE
1134,2/7/2022,7,2,February,1,2022,Monday,FALSE
1135,2/8/2022,8,2,February,1,2022,Tuesday,FALSE
1136,2/9/2022,9,2,February,1,2022,Wednesday,FALSE
1137,2/10/2022,10,2,February,1,2022,Thursday,FALSE
1138,2/11/2022,11,2,February,1,2022,Friday,FALSE
1139,2/12/2022,12,2,February,1,2022,Saturday,TRUE
1140,2/13/2022,13,2,February,1,2022,Sunday,TRUE
1141,2/14/2022,14,2,February,1,2022,Monday,FALSE
1142,2/15/2022,15,2,February,1,2022,Tuesday,FALSE
1143,2/16/2022,16,2,February,1,2022,Wednesday,FALSE
1144,2/17/2022,17,2,February,1,2022,Thursday,FALSE
1145,2/18/2022,18,2,February,1,2022,Friday,FALSE
1146,2/19/2022,19,2,February,1,2022,Saturday,TRUE
1147,2/20/2022,20,2,February,1,2022,Sunday,TRUE
1148,2/21/2022,21,2,February,1,2022,Monday,FALSE
1149,2/22/2022,22,2,February,1,2022,Tuesday,FALSE
1150,2/23/2022,23,2,February,1,2022,Wednesday,FALSE
1151,2/24/2022,24,2,February,1,2022,Thursday,FALSE
1152,2/25/2022,25,2,February,1,2022,Friday,FALSE
1153,2/26/2022,26,2,February,1,2022,Saturday,TRUE
1154,2/27/2022,27,2,February,1,2022,Sunday,TRUE
1155,2/28/2022,28,2,February,1,2022,Monday,FALSE
1156,3/1/2022,1,3,March,1,2022,Tuesday,FALSE
1157,3/2/2022,2,3,March,1,2022,Wednesday,FALSE
1158,3/3/2022,3,3,March,1,2022,Thursday,FALSE
1159,3/4/2022,4,3,March,1,2022,Friday,FALSE
1160,3/5/2022,5,3,March,1,2022,Saturday,TRUE
1161,3/6/2022,6,3,March,1,2022,Sunday,TRUE
1162,3/7/2022,7,3,March,1,2022,Monday,FALSE
1163,3/8/2022,8,3,March,1,2022,Tuesday,FALSE
1164,3/9/2022,9,3,March,1,2022,Wednesday,FALSE
1165,3/10/2022,10,3,March,1,2022,Thursday,FALSE
1166,3/11/2022,11,3,March,1,2022,Friday,FALSE
1167,3/12/2022,12,3,March,1,2022,Saturday,TRUE
1168,3/13/2022,13,3,March,1,2022,Sunday,TRUE
1169,3/14/2022,14,3,March,1,2022,Monday,FALSE
1170,3/15/2022,15,3,March,1,2022,Tuesday,FALSE
1171,3/16/2022,16,3,March,1,2022,Wednesday,FALSE
1172,3/17/2022,17,3,March,1,2022,Thursday,FALSE
1173,3/18/2022,18,3,March,1,2022,Friday,FALSE
1174,3/19/2022,19,3,March,1,2022,Saturday,TRUE
1175,3/20/2022,20,3,March,1,2022,Sunday,TRUE
1176,3/21/2022,21,3,March,1,2022,Monday,FALSE
1177,3/22/2022,22,3,March,1,2022,Tuesday,FALSE
1178,3/23/2022,23,3,March,1,2022,Wednesday,FALSE
1179,3/24/2022,24,3,March,1,2022,Thursday,FALSE
1180,3/25/2022,25,3,March,1,2022,Friday,FALSE
1181,3/26/2022,26,3,March,1,2022,Saturday,TRUE
1182,3/27/2022,27,3,March,1,2022,Sunday,TRUE
1183,3/28/2022,28,3,March,1,2022,Monday,FALSE
1184,3/29/2022,29,3,March,1,2022,Tuesday,FALSE
1185,3/30/2022,30,3,March,1,2022,Wednesday,FALSE
1186,3/31/2022,31,3,March,1,2022,Thursday,FALSE
1187,4/1/2022,1,4,April,2,2022,Friday,FALSE
1188,4/2/2022,2,4,April,2,2022,Saturday,TRUE
1189,4/3/2022,3,4,April,2,2022,Sunday,TRUE
1190,4/4/2022,4,4,April,2,2022,Monday,FALSE
1191,4/5/2022,5,4,April,2,2022,Tuesday,FALSE
1192,4/6/2022,6,4,April,2,2022,Wednesday,FALSE
1193,4/7/2022,7,4,April,2,2022,Thursday,FALSE
1194,4/8/2022,8,4,April,2,2022,Friday,FALSE
1195,4/9/2022,9,4,April,2,2022,Saturday,TRUE
1196,4/10/2022,10,4,April,2,2022,Sunday,TRUE
1197,4/11/2022,11,4,April,2,2022,Monday,FALSE
1198,4/12/2022,12,4,April,2,2022,Tuesday,FALSE
1199,4/13/2022,13,4,April,2,2022,Wednesday,FALSE
1200,4/14/2022,14,4,April,2,2022,Thursday,FALSE
1201,4/15/2022,15,4,April,2,2022,Friday,FALSE
1202,4/16/2022,16,4,April,2,2022,Saturday,TRUE
1203,4/17/2022,17,4,April,2,2022,Sunday,TRUE
1204,4/18/2022,18,4,April,2,2022,Monday,FALSE
1205,4/19/2022,19,4,April,2,2022,Tuesday,FALSE
1206,4/20/2022,20,4,April,2,2022,Wednesday,FALSE
1207,4/21/2022,21,4,April,2,2022,Thursday,FALSE
1208,4/22/2022,22,4,April,2,2022,Friday,FALSE
1209,4/23/2022,23,4,April,2,2022,Saturday,TRUE
1210,4/24/2022,24,4,April,2,2022,Sunday,TRUE
1211,4/25/2022,25,4,April,2,2022,Monday,FALSE
1212,4/26/2022,26,4,April,2,2022,Tuesday,FALSE
1213,4/27/2022,27,4,April,2,2022,Wednesday,FALSE
1214,4/28/2022,28,4,April,2,2022,Thursday,FALSE
1215,4/29/2022,29,4,April,2,2022,Friday,FALSE
1216,4/30/2022,30,4,April,2,2022,Saturday,TRUE
1217,5/1/2022,1,5,May,2,2022,Sunday,TRUE
1218,5/2/2022,2,5,May,2,2022,Monday,FALSE
1219,5/3/2022,3,5,May,2,2022,Tuesday,FALSE
1220,5/4/2022,4,5,May,2,2022,Wednesday,FALSE
1221,5/5/2022,5,5,May,2,2022,Thursday,FALSE
1222,5/6/2022,6,5,May,2,2022,Friday,FALSE
1223,5/7/2022,7,5,May,2,2022,Saturday,TRUE
1224,5/8/2022,8,5,May,2,2022,Sunday,TRUE
1225,5/9/2022,9,5,May,2,2022,Monday,FALSE
1226,5/10/2022,10,5,May,2,2022,Tuesday,FALSE
1227,5/11/2022,11,5,May,2,2022,Wednesday,FALSE
1228,5/12/2022,12,5,May,2,2022,Thursday,FALSE
1229,5/13/2022,13,5,May,2,2022,Friday,FALSE
1230,5/14/2022,14,5,May,2,2022,Saturday,TRUE
1231,5/15/2022,15,5,May,2,2022,Sunday,TRUE
1232,5/16/2022,16,5,May,2,2022,Monday,FALSE
1233,5/17/2022,17,5,May,2,2022,Tuesday,FALSE
1234,5/18/2022,18,5,May,2,2022,Wednesday,FALSE
1235,5/19/2022,19,5,May,2,2022,Thursday,FALSE
1236,5/20/2022,20,5,May,2,2022,Friday,FALSE
1237,5/21/2022,21,5,May,2,2022,Saturday,TRUE
1238,5/22/2022,22,5,May,2,2022,Sunday,TRUE
1239,5/23/2022,23,5,May,2,2022,Monday,FALSE
1240,5/24/2022,24,5,May,2,2022,Tuesday,FALSE
1241,5/25/2022,25,5,May,2,2022,Wednesday,FALSE
1242,5/26/2022,26,5,May,2,2022,Thursday,FALSE
1243,5/27/2022,27,5,May,2,2022,Friday,FALSE
1244,5/28/2022,28,5,May,2,2022,Saturday,TRUE
1245,5/29/2022,29,5,May,2,2022,Sunday,TRUE
1246,5/30/2022,30,5,May,2,2022,Monday,FALSE
1247,5/31/2022,31,5,May,2,2022,Tuesday,FALSE
1248,6/1/2022,1,6,June,2,2022,Wednesday,FALSE
1249,6/2/2022,2,6,June,2,2022,Thursday,FALSE
1250,6/3/2022,3,6,June,2,2022,Friday,FALSE
1251,6/4/2022,4,6,June,2,2022,Saturday,TRUE
1252,6/5/2022,5,6,June,2,2022,Sunday,TRUE
1253,6/6/2022,6,6,June,2,2022,Monday,FALSE
1254,6/7/2022,7,6,June,2,2022,Tuesday,FALSE
1255,6/8/2022,8,6,June,2,2022,Wednesday,FALSE
1256,6/9/2022,9,6,June,2,2022,Thursday,FALSE
1257,6/10/2022,10,6,June,2,2022,Friday,FALSE
1258,6/11/2022,11,6,June,2,2022,Saturday,TRUE
1259,6/12/2022,12,6,June,2,2022,Sunday,TRUE
1260,6/13/2022,13,6,June,2,2022,Monday,FALSE
1261,6/14/2022,14,6,June,2,2022,Tuesday,FALSE
1262,6/15/2022,15,6,June,2,2022,Wednesday,FALSE
1263,6/16/2022,16,6,June,2,2022,Thursday,FALSE
1264,6/17/2022,17,6,June,2,2022,Friday,FALSE
1265,6/18/2022,18,6,June,2,2022,Saturday,TRUE
1266,6/19/2022,19,6,June,2,2022,Sunday,TRUE
1267,6/20/2022,20,6,June,2,2022,Monday,FALSE
1268,6/21/2022,21,6,June,2,2022,Tuesday,FALSE
1269,6/22/2022,22,6,June,2,2022,Wednesday,FALSE
1270,6/23/2022,23,6,June,2,2022,Thursday,FALSE
1271,6/24/2022,24,6,June,2,2022,Friday,FALSE
1272,6/25/2022,25,6,June,2,2022,Saturday,TRUE
1273,6/26/2022,26,6,June,2,2022,Sunday,TRUE
1274,6/27/2022,27,6,June,2,2022,Monday,FALSE
1275,6/28/2022,28,6,June,2,2022,Tuesday,FALSE
1276,6/29/2022,29,6,June,2,2022,Wednesday,FALSE
1277,6/30/2022,30,6,June,2,2022,Thursday,FALSE
1278,7/1/2022,1,7,July,3,2022,Friday,FALSE
1279,7/2/2022,2,7,July,3,2022,Saturday,TRUE
1280,7/3/2022,3,7,July,3,2022,Sunday,TRUE
1281,7/4/2022,4,7,July,3,2022,Monday,FALSE
1282,7/5/2022,5,7,July,3,2022,Tuesday,FALSE
1283,7/6/2022,6,7,July,3,2022,Wednesday,FALSE
1284,7/7/2022,7,7,July,3,2022,Thursday,FALSE
1285,7/8/2022,8,7,July,3,2022,Friday,FALSE
1286,7/9/2022,9,7,July,3,2022,Saturday,TRUE
1287,7/10/2022,10,7,July,3,2022,Sunday,TRUE
1288,7/11/2022,11,7,July,3,2022,Monday,FALSE
1289,7/12/2022,12,7,July,3,2022,Tuesday,FALSE
1290,7/13/2022,13,7,July,3,2022,Wednesday,FALSE
1291,7/14/2022,14,7,July,3,2022,Thursday,FALSE
1292,7/15/2022,15,7,July,3,2022,Friday,FALSE
1293,7/16/2022,16,7,July,3,2022,Saturday,TRUE
1294,7/17/2022,17,7,July,3,2022,Sunday,TRUE
1295,7/18/2022,18,7,July,3,2022,Monday,FALSE
1296,7/19/2022,19,7,July,3,2022,Tuesday,FALSE
1297,7/20/2022,20,7,July,3,2022,Wednesday,FALSE
1298,7/21/2022,21,7,July,3,2022,Thursday,FALSE
1299,7/22/2022,22,7,July,3,2022,Friday,FALSE
1300,7/23/2022,23,7,July,3,2022,Saturday,TRUE
1301,7/24/2022,24,7,July,3,2022,Sunday,TRUE
1302,7/25/2022,25,7,July,3,2022,Monday,FALSE
1303,7/26/2022,26,7,July,3,2022,Tuesday,FALSE
1304,7/27/2022,27,7,July,3,2022,Wednesday,FALSE
1305,7/28/2022,28,7,July,3,2022,Thursday,FALSE
1306,7/29/2022,29,7,July,3,2022,Friday,FALSE
1307,7/30/2022,30,7,July,3,2022,Saturday,TRUE
1308,7/31/2022,31,7,July,3,2022,Sunday,TRUE
1309,8/1/2022,1,8,August,3,2022,Monday,FALSE
1310,8/2/2022,2,8,August,3,2022,Tuesday,FALSE
1311,8/3/2022,3,8,August,3,2022,Wednesday,FALSE
1312,8/4/2022,4,8,August,3,2022,Thursday,FALSE
1313,8/5/2022,5,8,August,3,2022,Friday,FALSE
1314,8/6/2022,6,8,August,3,2022,Saturday,TRUE
1315,8/7/2022,7,8,August,3,2022,Sunday,TRUE
1316,8/8/2022,8,8,August,3,2022,Monday,FALSE
1317,8/9/2022,9,8,August,3,2022,Tuesday,FALSE
1318,8/10/2022,10,8,August,3,2022,Wednesday,FALSE
1319,8/11/2022,11,8,August,3,2022,Thursday,FALSE
1320,8/12/2022,12,8,August,3,2022,Friday,FALSE
1321,8/13/2022,13,8,August,3,2022,Saturday,TRUE
1322,8/14/2022,14,8,August,3,2022,Sunday,TRUE
1323,8/15/2022,15,8,August,3,2022,Monday,FALSE
1324,8/16/2022,16,8,August,3,2022,Tuesday,FALSE
1325,8/17/2022,17,8,August,3,2022,Wednesday,FALSE
1326,8/18/2022,18,8,August,3,2022,Thursday,FALSE
1327,8/19/2022,19,8,August,3,2022,Friday,FALSE
1328,8/20/2022,20,8,August,3,2022,Saturday,TRUE
1329,8/21/2022,21,8,August,3,2022,Sunday,TRUE
1330,8/22/2022,22,8,August,3,2022,Monday,FALSE
1331,8/23/2022,23,8,August,3,2022,Tuesday,FALSE
1332,8/24/2022,24,8,August,3,2022,Wednesday,FALSE
1333,8/25/2022,25,8,August,3,2022,Thursday,FALSE
1334,8/26/2022,26,8,August,3,2022,Friday,FALSE
1335,8/27/2022,27,8,August,3,2022,Saturday,TRUE
1336,8/28/2022,28,8,August,3,2022,Sunday,TRUE
1337,8/29/2022,29,8,August,3,2022,Monday,FALSE
1338,8/30/2022,30,8,August,3,2022,Tuesday,FALSE
1339,8/31/2022,31,8,August,3,2022,Wednesday,FALSE
1340,9/1/2022,1,9,September,3,2022,Thursday,FALSE
1341,9/2/2022,2,9,September,3,2022,Friday,FALSE
1342,9/3/2022,3,9,September,3,2022,Saturday,TRUE
1343,9/4/2022,4,9,September,3,2022,Sunday,TRUE
1344,9/5/2022,5,9,September,3,2022,Monday,FALSE
1345,9/6/2022,6,9,September,3,2022,Tuesday,FALSE
1346,9/7/2022,7,9,September,3,2022,Wednesday,FALSE
1347,9/8/2022,8,9,September,3,2022,Thursday,FALSE
1348,9/9/2022,9,9,September,3,2022,Friday,FALSE
1349,9/10/2022,10,9,September,3,2022,Saturday,TRUE
1350,9/11/2022,11,9,September,3,2022,Sunday,TRUE
1351,9/12/2022,12,9,September,3,2022,Monday,FALSE
1352,9/13/2022,13,9,September,3,2022,Tuesday,FALSE
1353,9/14/2022,14,9,September,3,2022,Wednesday,FALSE
1354,9/15/2022,15,9,September,3,2022,Thursday,FALSE
1355,9/16/2022,16,9,September,3,2022,Friday,FALSE
1356,9/17/2022,17,9,September,3,2022,Saturday,TRUE
1357,9/18/2022,18,9,September,3,2022,Sunday,TRUE
1358,9/19/2022,19,9,September,3,2022,Monday,FALSE
1359,9/20/2022,20,9,September,3,2022,Tuesday,FALSE
1360,9/21/2022,21,9,September,3,2022,Wednesday,FALSE
1361,9/22/2022,22,9,September,3,2022,Thursday,FALSE
1362,9/23/2022,23,9,September,3,2022,Friday,FALSE
1363,9/24/2022,24,9,September,3,2022,Saturday,TRUE
1364,9/25/2022,25,9,September,3,2022,Sunday,TRUE
1365,9/26/2022,26,9,September,3,2022,Monday,FALSE
1366,9/27/2022,27,9,September,3,2022,Tuesday,FALSE
1367,9/28/2022,28,9,September,3,2022,Wednesday,FALSE
1368,9/29/2022,29,9,September,3,2022,Thursday,FALSE
1369,9/30/2022,30,9,September,3,2022,Friday,FALSE
1370,10/1/2022,1,10,October,4,2022,Saturday,TRUE
1371,10/2/2022,2,10,October,4,2022,Sunday,TRUE
1372,10/3/2022,3,10,October,4,2022,Monday,FALSE
1373,10/4/2022,4,10,October,4,2022,Tuesday,FALSE
1374,10/5/2022,5,10,October,4,2022,Wednesday,FALSE
1375,10/6/2022,6,10,October,4,2022,Thursday,FALSE
1376,10/7/2022,7,10,October,4,2022,Friday,FALSE
1377,10/8/2022,8,10,October,4,2022,Saturday,TRUE
1378,10/9/2022,9,10,October,4,2022,Sunday,TRUE
1379,10/10/2022,10,10,October,4,2022,Monday,FALSE
1380,10/11/2022,11,10,October,4,2022,Tuesday,FALSE
1381,10/12/2022,12,10,October,4,2022,Wednesday,FALSE
1382,10/13/2022,13,10,October,4,2022,Thursday,FALSE
1383,10/14/2022,14,10,October,4,2022,Friday,FALSE
1384,10/15/2022,15,10,October,4,2022,Saturday,TRUE
1385,10/16/2022,16,10,October,4,2022,Sunday,TRUE
1386,10/17/2022,17,10,October,4,2022,Monday,FALSE
1387,10/18/2022,18,10,October,4,2022,Tuesday,FALSE
1388,10/19/2022,19,10,October,4,2022,Wednesday,FALSE
1389,10/20/2022,20,10,October,4,2022,Thursday,FALSE
1390,10/21/2022,21,10,October,4,2022,Friday,FALSE
1391,10/22/2022,22,10,October,4,2022,Saturday,TRUE
1392,10/23/2022,23,10,October,4,2022,Sunday,TRUE
1393,10/24/2022,24,10,October,4,2022,Monday,FALSE
1394,10/25/2022,25,10,October,4,2022,Tuesday,FALSE
1395,10/26/2022,26,10,October,4,2022,Wednesday,FALSE
1396,10/27/2022,27,10,October,4,2022,Thursday,FALSE
1397,10/28/2022,28,10,October,4,2022,Friday,FALSE
1398,10/29/2022,29,10,October,4,2022,Saturday,TRUE
1399,10/30/2022,30,10,October,4,2022,Sunday,TRUE
1400,10/31/2022,31,10,October,4,2022,Monday,FALSE
1401,11/1/2022,1,11,November,4,2022,Tuesday,FALSE
1402,11/2/2022,2,11,November,4,2022,Wednesday,FALSE
1403,11/3/2022,3,11,November,4,2022,Thursday,FALSE
1404,11/4/2022,4,11,November,4,2022,Friday,FALSE
1405,11/5/2022,5,11,November,4,2022,Saturday,TRUE
1406,11/6/2022,6,11,November,4,2022,Sunday,TRUE
1407,11/7/2022,7,11,November,4,2022,Monday,FALSE
1408,11/8/2022,8,11,November,4,2022,Tuesday,FALSE
1409,11/9/2022,9,11,November,4,2022,Wednesday,FALSE
1410,11/10/2022,10,11,November,4,2022,Thursday,FALSE
1411,11/11/2022,11,11,November,4,2022,Friday,FALSE
1412,11/12/2022,12,11,November,4,2022,Saturday,TRUE
1413,11/13/2022,13,11,November,4,2022,Sunday,TRUE
1414,11/14/2022,14,11,November,4,2022,Monday,FALSE
1415,11/15/2022,15,11,November,4,2022,Tuesday,FALSE
1416,11/16/2022,16,11,November,4,2022,Wednesday,FALSE
1417,11/17/2022,17,11,November,4,2022,Thursday,FALSE
1418,11/18/2022,18,11,November,4,2022,Friday,FALSE
1419,11/19/2022,19,11,November,4,2022,Saturday,TRUE
1420,11/20/2022,20,11,November,4,2022,Sunday,TRUE
1421,11/21/2022,21,11,November,4,2022,Monday,FALSE
1422,11/22/2022,22,11,November,4,2022,Tuesday,FALSE
1423,11/23/2022,23,11,November,4,2022,Wednesday,FALSE
1424,11/24/2022,24,11,November,4,2022,Thursday,FALSE
1425,11/25/2022,25,11,November,4,2022,Friday,FALSE
1426,11/26/2022,26,11,November,4,2022,Saturday,TRUE
1427,11/27/2022,27,11,November,4,2022,Sunday,TRUE
1428,11/28/2022,28,11,November,4,2022,Monday,FALSE
1429,11/29/2022,29,11,November,4,2022,Tuesday,FALSE
1430,11/30/2022,30,11,November,4,2022,Wednesday,FALSE
1431,12/1/2022,1,12,December,4,2022,Thursday,FALSE
1432,12/2/2022,2,12,December,4,2022,Friday,FALSE
1433,12/3/2022,3,12,December,4,2022,Saturday,TRUE
1434,12/4/2022,4,12,December,4,2022,Sunday,TRUE
1435,12/5/2022,5,12,December,4,2022,Monday,FALSE
1436,12/6/2022,6,12,December,4,2022,Tuesday,FALSE
1437,12/7/2022,7,12,December,4,2022,Wednesday,FALSE
1438,12/8/2022,8,12,December,4,2022,Thursday,FALSE
1439,12/9/2022,9,12,December,4,2022,Friday,FALSE
1440,12/10/2022,10,12,December,4,2022,Saturday,TRUE
1441,12/11/2022,11,12,December,4,2022,Sunday,TRUE
1442,12/12/2022,12,12,December,4,2022,Monday,FALSE
1443,12/13/2022,13,12,December,4,2022,Tuesday,FALSE
1444,12/14/2022,14,12,December,4,2022,Wednesday,FALSE
1445,12/15/2022,15,12,December,4,2022,Thursday,FALSE
1446,12/16/2022,16,12,December,4,2022,Friday,FALSE
1447,12/17/2022,17,12,December,4,2022,Saturday,TRUE
1448,12/18/2022,18,12,December,4,2022,Sunday,TRUE
1449,12/19/2022,19,12,December,4,2022,Monday,FALSE
1450,12/20/2022,20,12,December,4,2022,Tuesday,FALSE
1451,12/21/2022,21,12,December,4,2022,Wednesday,FALSE
1452,12/22/2022,22,12,December,4,2022,Thursday,FALSE
1453,12/23/2022,23,12,December,4,2022,Friday,FALSE
1454,12/24/2022,24,12,December,4,2022,Saturday,TRUE
1455,12/25/2022,25,12,December,4,2022,Sunday,TRUE
1456,12/26/2022,26,12,December,4,2022,Monday,FALSE
1457,12/27/2022,27,12,December,4,2022,Tuesday,FALSE
1458,12/28/2022,28,12,December,4,2022,Wednesday,FALSE
1459,12/29/2022,29,12,December,4,2022,Thursday,FALSE
1460,12/30/2022,30,12,December,4,2022,Friday,FALSE
1461,12/31/2022,31,12,December,4,2022,Saturday,TRUE
1462,1/1/2023,1,1,January,1,2023,Sunday,TRUE
1463,1/2/2023,2,1,January,1,2023,Monday,FALSE
1464,1/3/2023,3,1,January,1,2023,Tuesday,FALSE
1465,1/4/2023,4,1,January,1,2023,Wednesday,FALSE
1466,1/5/2023,5,1,January,1,2023,Thursday,FALSE
1467,1/6/2023,6,1,January,1,2023,Friday,FALSE
1468,1/7/2023,7,1,January,1,2023,Saturday,TRUE
1469,1/8/2023,8,1,January,1,2023,Sunday,TRUE
1470,1/9/2023,9,1,January,1,2023,Monday,FALSE
1471,1/10/2023,10,1,January,1,2023,Tuesday,FALSE
1472,1/11/2023,11,1,January,1,2023,Wednesday,FALSE
1473,1/12/2023,12,1,January,1,2023,Thursday,FALSE
1474,1/13/2023,13,1,January,1,2023,Friday,FALSE
1475,1/14/2023,14,1,January,1,2023,Saturday,TRUE
1476,1/15/2023,15,1,January,1,2023,Sunday,TRUE
1477,1/16/2023,16,1,January,1,2023,Monday,FALSE
1478,1/17/2023,17,1,January,1,2023,Tuesday,FALSE
1479,1/18/2023,18,1,January,1,2023,Wednesday,FALSE
1480,1/19/2023,19,1,January,1,2023,Thursday,FALSE
1481,1/20/2023,20,1,January,1,2023,Friday,FALSE
1482,1/21/2023,21,1,January,1,2023,Saturday,TRUE
1483,1/22/2023,22,1,January,1,2023,Sunday,TRUE
1484,1/23/2023,23,1,January,1,2023,Monday,FALSE
1485,1/24/2023,24,1,January,1,2023,Tuesday,FALSE
1486,1/25/2023,25,1,January,1,2023,Wednesday,FALSE
1487,1/26/2023,26,1,January,1,2023,Thursday,FALSE
1488,1/27/2023,27,1,January,1,2023,Friday,FALSE
1489,1/28/2023,28,1,January,1,2023,Saturday,TRUE
1490,1/29/2023,29,1,January,1,2023,Sunday,TRUE
1491,1/30/2023,30,1,January,1,2023,Monday,FALSE
1492,1/31/2023,31,1,January,1,2023,Tuesday,FALSE
1493,2/1/2023,1,2,February,1,2023,Wednesday,FALSE
1494,2/2/2023,2,2,February,1,2023,Thursday,FALSE
1495,2/3/2023,3,2,February,1,2023,Friday,FALSE
1496,2/4/2023,4,2,February,1,2023,Saturday,TRUE
1497,2/5/2023,5,2,February,1,2023,Sunday,TRUE
1498,2/6/2023,6,2,February,1,2023,Monday,FALSE
1499,2/7/2023,7,2,February,1,2023,Tuesday,FALSE
1500,2/8/2023,8,2,February,1,2023,Wednesday,FALSE
1501,2/9/2023,9,2,February,1,2023,Thursday,FALSE
1502,2/10/2023,10,2,February,1,2023,Friday,FALSE
1503,2/11/2023,11,2,February,1,2023,Saturday,TRUE
1504,2/12/2023,12,2,February,1,2023,Sunday,TRUE
1505,2/13/2023,13,2,February,1,2023,Monday,FALSE
1506,2/14/2023,14,2,February,1,2023,Tuesday,FALSE
1507,2/15/2023,15,2,February,1,2023,Wednesday,FALSE
1508,2/16/2023,16,2,February,1,2023,Thursday,FALSE
1509,2/17/2023,17,2,February,1,2023,Friday,FALSE
1510,2/18/2023,18,2,February,1,2023,Saturday,TRUE
1511,2/19/2023,19,2,February,1,2023,Sunday,TRUE
1512,2/20/2023,20,2,February,1,2023,Monday,FALSE
1513,2/21/2023,21,2,February,1,2023,Tuesday,FALSE
1514,2/22/2023,22,2,February,1,2023,Wednesday,FALSE
1515,2/23/2023,23,2,February,1,2023,Thursday,FALSE
1516,2/24/2023,24,2,February,1,2023,Friday,FALSE
1517,2/25/2023,25,2,February,1,2023,Saturday,TRUE
1518,2/26/2023,26,2,February,1,2023,Sunday,TRUE
1519,2/27/2023,27,2,February,1,2023,Monday,FALSE
1520,2/28/2023,28,2,February,1,2023,Tuesday,FALSE
1521,3/1/2023,1,3,March,1,2023,Wednesday,FALSE
1522,3/2/2023,2,3,March,1,2023,Thursday,FALSE
1523,3/3/2023,3,3,March,1,2023,Friday,FALSE
1524,3/4/2023,4,3,March,1,2023,Saturday,TRUE
1525,3/5/2023,5,3,March,1,2023,Sunday,TRUE
1526,3/6/2023,6,3,March,1,2023,Monday,FALSE
1527,3/7/2023,7,3,March,1,2023,Tuesday,FALSE
1528,3/8/2023,8,3,March,1,2023,Wednesday,FALSE
1529,3/9/2023,9,3,March,1,2023,Thursday,FALSE
1530,3/10/2023,10,3,March,1,2023,Friday,FALSE
1531,3/11/2023,11,3,March,1,2023,Saturday,TRUE
1532,3/12/2023,12,3,March,1,2023,Sunday,TRUE
1533,3/13/2023,13,3,March,1,2023,Monday,FALSE
1534,3/14/2023,14,3,March,1,2023,Tuesday,FALSE
1535,3/15/2023,15,3,March,1,2023,Wednesday,FALSE
1536,3/16/2023,16,3,March,1,2023,Thursday,FALSE
1537,3/17/2023,17,3,March,1,2023,Friday,FALSE
1538,3/18/2023,18,3,March,1,2023,Saturday,TRUE
1539,3/19/2023,19,3,March,1,2023,Sunday,TRUE
1540,3/20/2023,20,3,March,1,2023,Monday,FALSE
1541,3/21/2023,21,3,March,1,2023,Tuesday,FALSE
1542,3/22/2023,22,3,March,1,2023,Wednesday,FALSE
1543,3/23/2023,23,3,March,1,2023,Thursday,FALSE
1544,3/24/2023,24,3,March,1,2023,Friday,FALSE
1545,3/25/2023,25,3,March,1,2023,Saturday,TRUE
1546,3/26/2023,26,3,March,1,2023,Sunday,TRUE
1547,3/27/2023,27,3,March,1,2023,Monday,FALSE
1548,3/28/2023,28,3,March,1,2023,Tuesday,FALSE
1549,3/29/2023,29,3,March,1,2023,Wednesday,FALSE
1550,3/30/2023,30,3,March,1,2023,Thursday,FALSE
1551,3/31/2023,31,3,March,1,2023,Friday,FALSE
1552,4/1/2023,1,4,April,2,2023,Saturday,TRUE
1553,4/2/2023,2,4,April,2,2023,Sunday,TRUE
1554,4/3/2023,3,4,April,2,2023,Monday,FALSE
1555,4/4/2023,4,4,April,2,2023,Tuesday,FALSE
1556,4/5/2023,5,4,April,2,2023,Wednesday,FALSE
1557,4/6/2023,6,4,April,2,2023,Thursday,FALSE
1558,4/7/2023,7,4,April,2,2023,Friday,FALSE
1559,4/8/2023,8,4,April,2,2023,Saturday,TRUE
1560,4/9/2023,9,4,April,2,2023,Sunday,TRUE
1561,4/10/2023,10,4,April,2,2023,Monday,FALSE
1562,4/11/2023,11,4,April,2,2023,Tuesday,FALSE
1563,4/12/2023,12,4,April,2,2023,Wednesday,FALSE
1564,4/13/2023,13,4,April,2,2023,Thursday,FALSE
1565,4/14/2023,14,4,April,2,2023,Friday,FALSE
1566,4/15/2023,15,4,April,2,2023,Saturday,TRUE
1567,4/16/2023,16,4,April,2,2023,Sunday,TRUE
1568,4/17/2023,17,4,April,2,2023,Monday,FALSE
1569,4/18/2023,18,4,April,2,2023,Tuesday,FALSE
1570,4/19/2023,19,4,April,2,2023,Wednesday,FALSE
1571,4/20/2023,20,4,April,2,2023,Thursday,FALSE
1572,4/21/2023,21,4,April,2,2023,Friday,FALSE
1573,4/22/2023,22,4,April,2,2023,Saturday,TRUE
1574,4/23/2023,23,4,April,2,2023,Sunday,TRUE
1575,4/24/2023,24,4,April,2,2023,Monday,FALSE
1576,4/25/2023,25,4,April,2,2023,Tuesday,FALSE
1577,4/26/2023,26,4,April,2,2023,Wednesday,FALSE
1578,4/27/2023,27,4,April,2,2023,Thursday,FALSE
1579,4/28/2023,28,4,April,2,2023,Friday,FALSE
1580,4/29/2023,29,4,April,2,2023,Saturday,TRUE
1581,4/30/2023,30,4,April,2,2023,Sunday,TRUE
1582,5/1/2023,1,5,May,2,2023,Monday,FALSE
1583,5/2/2023,2,5,May,2,2023,Tuesday,FALSE
1584,5/3/2023,3,5,May,2,2023,Wednesday,FALSE
1585,5/4/2023,4,5,May,2,2023,Thursday,FALSE
1586,5/5/2023,5,5,May,2,2023,Friday,FALSE
1587,5/6/2023,6,5,May,2,2023,Saturday,TRUE
1588,5/7/2023,7,5,May,2,2023,Sunday,TRUE
1589,5/8/2023,8,5,May,2,2023,Monday,FALSE
1590,5/9/2023,9,5,May,2,2023,Tuesday,FALSE
1591,5/10/2023,10,5,May,2,2023,Wednesday,FALSE
1592,5/11/2023,11,5,May,2,2023,Thursday,FALSE
1593,5/12/2023,12,5,May,2,2023,Friday,FALSE
1594,5/13/2023,13,5,May,2,2023,Saturday,TRUE
1595,5/14/2023,14,5,May,2,2023,Sunday,TRUE
1596,5/15/2023,15,5,May,2,2023,Monday,FALSE
1597,5/16/2023,16,5,May,2,2023,Tuesday,FALSE
1598,5/17/2023,17,5,May,2,2023,Wednesday,FALSE
1599,5/18/2023,18,5,May,2,2023,Thursday,FALSE
1600,5/19/2023,19,5,May,2,2023,Friday,FALSE
1601,5/20/2023,20,5,May,2,2023,Saturday,TRUE
1602,5/21/2023,21,5,May,2,2023,Sunday,TRUE
1603,5/22/2023,22,5,May,2,2023,Monday,FALSE
1604,5/23/2023,23,5,May,2,2023,Tuesday,FALSE
1605,5/24/2023,24,5,May,2,2023,Wednesday,FALSE
1606,5/25/2023,25,5,May,2,2023,Thursday,FALSE
1607,5/26/2023,26,5,May,2,2023,Friday,FALSE
1608,5/27/2023,27,5,May,2,2023,Saturday,TRUE
1609,5/28/2023,28,5,May,2,2023,Sunday,TRUE
1610,5/29/2023,29,5,May,2,2023,Monday,FALSE
1611,5/30/2023,30,5,May,2,2023,Tuesday,FALSE
1612,5/31/2023,31,5,May,2,2023,Wednesday,FALSE
1613,6/1/2023,1,6,June,2,2023,Thursday,FALSE
1614,6/2/2023,2,6,June,2,2023,Friday,FALSE
1615,6/3/2023,3,6,June,2,2023,Saturday,TRUE
1616,6/4/2023,4,6,June,2,2023,Sunday,TRUE
1617,6/5/2023,5,6,June,2,2023,Monday,FALSE
1618,6/6/2023,6,6,June,2,2023,Tuesday,FALSE
1619,6/7/2023,7,6,June,2,2023,Wednesday,FALSE
1620,6/8/2023,8,6,June,2,2023,Thursday,FALSE
1621,6/9/2023,9,6,June,2,2023,Friday,FALSE
1622,6/10/2023,10,6,June,2,2023,Saturday,TRUE
1623,6/11/2023,11,6,June,2,2023,Sunday,TRUE
1624,6/12/2023,12,6,June,2,2023,Monday,FALSE
1625,6/13/2023,13,6,June,2,2023,Tuesday,FALSE
1626,6/14/2023,14,6,June,2,2023,Wednesday,FALSE
1627,6/15/2023,15,6,June,2,2023,Thursday,FALSE
1628,6/16/2023,16,6,June,2,2023,Friday,FALSE
1629,6/17/2023,17,6,June,2,2023,Saturday,TRUE
1630,6/18/2023,18,6,June,2,2023,Sunday,TRUE
1631,6/19/2023,19,6,June,2,2023,Monday,FALSE
1632,6/20/2023,20,6,June,2,2023,Tuesday,FALSE
1633,6/21/2023,21,6,June,2,2023,Wednesday,FALSE
1634,6/22/2023,22,6,June,2,2023,Thursday,FALSE
1635,6/23/2023,23,6,June,2,2023,Friday,FALSE
1636,6/24/2023,24,6,June,2,2023,Saturday,TRUE
1637,6/25/2023,25,6,June,2,2023,Sunday,TRUE
1638,6/26/2023,26,6,June,2,2023,Monday,FALSE
1639,6/27/2023,27,6,June,2,2023,Tuesday,FALSE
1640,6/28/2023,28,6,June,2,2023,Wednesday,FALSE
1641,6/29/2023,29,6,June,2,2023,Thursday,FALSE
1642,6/30/2023,30,6,June,2,2023,Friday,FALSE
1643,7/1/2023,1,7,July,3,2023,Saturday,TRUE
1644,7/2/2023,2,7,July,3,2023,Sunday,TRUE
1645,7/3/2023,3,7,July,3,2023,Monday,FALSE
1646,7/4/2023,4,7,July,3,2023,Tuesday,FALSE
1647,7/5/2023,5,7,July,3,2023,Wednesday,FALSE
1648,7/6/2023,6,7,July,3,2023,Thursday,FALSE
1649,7/7/2023,7,7,July,3,2023,Friday,FALSE
1650,7/8/2023,8,7,July,3,2023,Saturday,TRUE
1651,7/9/2023,9,7,July,3,2023,Sunday,TRUE
1652,7/10/2023,10,7,July,3,2023,Monday,FALSE
1653,7/11/2023,11,7,July,3,2023,Tuesday,FALSE
1654,7/12/2023,12,7,July,3,2023,Wednesday,FALSE
1655,7/13/2023,13,7,July,3,2023,Thursday,FALSE
1656,7/14/2023,14,7,July,3,2023,Friday,FALSE
1657,7/15/2023,15,7,July,3,2023,Saturday,TRUE
1658,7/16/2023,16,7,July,3,2023,Sunday,TRUE
1659,7/17/2023,17,7,July,3,2023,Monday,FALSE
1660,7/18/2023,18,7,July,3,2023,Tuesday,FALSE
1661,7/19/2023,19,7,July,3,2023,Wednesday,FALSE
1662,7/20/2023,20,7,July,3,2023,Thursday,FALSE
1663,7/21/2023,21,7,July,3,2023,Friday,FALSE
1664,7/22/2023,22,7,July,3,2023,Saturday,TRUE
1665,7/23/2023,23,7,July,3,2023,Sunday,TRUE
1666,7/24/2023,24,7,July,3,2023,Monday,FALSE
1667,7/25/2023,25,7,July,3,2023,Tuesday,FALSE
1668,7/26/2023,26,7,July,3,2023,Wednesday,FALSE
1669,7/27/2023,27,7,July,3,2023,Thursday,FALSE
1670,7/28/2023,28,7,July,3,2023,Friday,FALSE
1671,7/29/2023,29,7,July,3,2023,Saturday,TRUE
1672,7/30/2023,30,7,July,3,2023,Sunday,TRUE
1673,7/31/2023,31,7,July,3,2023,Monday,FALSE
1674,8/1/2023,1,8,August,3,2023,Tuesday,FALSE
1675,8/2/2023,2,8,August,3,2023,Wednesday,FALSE
1676,8/3/2023,3,8,August,3,2023,Thursday,FALSE
1677,8/4/2023,4,8,August,3,2023,Friday,FALSE
1678,8/5/2023,5,8,August,3,2023,Saturday,TRUE
1679,8/6/2023,6,8,August,3,2023,Sunday,TRUE
1680,8/7/2023,7,8,August,3,2023,Monday,FALSE
1681,8/8/2023,8,8,August,3,2023,Tuesday,FALSE
1682,8/9/2023,9,8,August,3,2023,Wednesday,FALSE
1683,8/10/2023,10,8,August,3,2023,Thursday,FALSE
1684,8/11/2023,11,8,August,3,2023,Friday,FALSE
1685,8/12/2023,12,8,August,3,2023,Saturday,TRUE
1686,8/13/2023,13,8,August,3,2023,Sunday,TRUE
1687,8/14/2023,14,8,August,3,2023,Monday,FALSE
1688,8/15/2023,15,8,August,3,2023,Tuesday,FALSE
1689,8/16/2023,16,8,August,3,2023,Wednesday,FALSE
1690,8/17/2023,17,8,August,3,2023,Thursday,FALSE
1691,8/18/2023,18,8,August,3,2023,Friday,FALSE
1692,8/19/2023,19,8,August,3,2023,Saturday,TRUE
1693,8/20/2023,20,8,August,3,2023,Sunday,TRUE
1694,8/21/2023,21,8,August,3,2023,Monday,FALSE
1695,8/22/2023,22,8,August,3,2023,Tuesday,FALSE
1696,8/23/2023,23,8,August,3,2023,Wednesday,FALSE
1697,8/24/2023,24,8,August,3,2023,Thursday,FALSE
1698,8/25/2023,25,8,August,3,2023,Friday,FALSE
1699,8/26/2023,26,8,August,3,2023,Saturday,TRUE
1700,8/27/2023,27,8,August,3,2023,Sunday,TRUE
1701,8/28/2023,28,8,August,3,2023,Monday,FALSE
1702,8/29/2023,29,8,August,3,2023,Tuesday,FALSE
1703,8/30/2023,30,8,August,3,2023,Wednesday,FALSE
1704,8/31/2023,31,8,August,3,2023,Thursday,FALSE
1705,9/1/2023,1,9,September,3,2023,Friday,FALSE
1706,9/2/2023,2,9,September,3,2023,Saturday,TRUE
1707,9/3/2023,3,9,September,3,2023,Sunday,TRUE
1708,9/4/2023,4,9,September,3,2023,Monday,FALSE
1709,9/5/2023,5,9,September,3,2023,Tuesday,FALSE
1710,9/6/2023,6,9,September,3,2023,Wednesday,FALSE
1711,9/7/2023,7,9,September,3,2023,Thursday,FALSE
1712,9/8/2023,8,9,September,3,2023,Friday,FALSE
1713,9/9/2023,9,9,September,3,2023,Saturday,TRUE
1714,9/10/2023,10,9,September,3,2023,Sunday,TRUE
1715,9/11/2023,11,9,September,3,2023,Monday,FALSE
1716,9/12/2023,12,9,September,3,2023,Tuesday,FALSE
1717,9/13/2023,13,9,September,3,2023,Wednesday,FALSE
1718,9/14/2023,14,9,September,3,2023,Thursday,FALSE
1719,9/15/2023,15,9,September,3,2023,Friday,FALSE
1720,9/16/2023,16,9,September,3,2023,Saturday,TRUE
1721,9/17/2023,17,9,September,3,2023,Sunday,TRUE
1722,9/18/2023,18,9,September,3,2023,Monday,FALSE
1723,9/19/2023,19,9,September,3,2023,Tuesday,FALSE
1724,9/20/2023,20,9,September,3,2023,Wednesday,FALSE
1725,9/21/2023,21,9,September,3,2023,Thursday,FALSE
1726,9/22/2023,22,9,September,3,2023,Friday,FALSE
1727,9/23/2023,23,9,September,3,2023,Saturday,TRUE
1728,9/24/2023,24,9,September,3,2023,Sunday,TRUE
1729,9/25/2023,25,9,September,3,2023,Monday,FALSE
1730,9/26/2023,26,9,September,3,2023,Tuesday,FALSE
1731,9/27/2023,27,9,September,3,2023,Wednesday,FALSE
1732,9/28/2023,28,9,September,3,2023,Thursday,FALSE
1733,9/29/2023,29,9,September,3,2023,Friday,FALSE
1734,9/30/2023,30,9,September,3,2023,Saturday,TRUE
1735,10/1/2023,1,10,October,4,2023,Sunday,TRUE
1736,10/2/2023,2,10,October,4,2023,Monday,FALSE
1737,10/3/2023,3,10,October,4,2023,Tuesday,FALSE
1738,10/4/2023,4,10,October,4,2023,Wednesday,FALSE
1739,10/5/2023,5,10,October,4,2023,Thursday,FALSE
1740,10/6/2023,6,10,October,4,2023,Friday,FALSE
1741,10/7/2023,7,10,October,4,2023,Saturday,TRUE
1742,10/8/2023,8,10,October,4,2023,Sunday,TRUE
1743,10/9/2023,9,10,October,4,2023,Monday,FALSE
1744,10/10/2023,10,10,October,4,2023,Tuesday,FALSE
1745,10/11/2023,11,10,October,4,2023,Wednesday,FALSE
1746,10/12/2023,12,10,October,4,2023,Thursday,FALSE
1747,10/13/2023,13,10,October,4,2023,Friday,FALSE
1748,10/14/2023,14,10,October,4,2023,Saturday,TRUE
1749,10/15/2023,15,10,October,4,2023,Sunday,TRUE
1750,10/16/2023,16,10,October,4,2023,Monday,FALSE
1751,10/17/2023,17,10,October,4,2023,Tuesday,FALSE
1752,10/18/2023,18,10,October,4,2023,Wednesday,FALSE
1753,10/19/2023,19,10,October,4,2023,Thursday,FALSE
1754,10/20/2023,20,10,October,4,2023,Friday,FALSE
1755,10/21/2023,21,10,October,4,2023,Saturday,TRUE
1756,10/22/2023,22,10,October,4,2023,Sunday,TRUE
1757,10/23/2023,23,10,October,4,2023,Monday,FALSE
1758,10/24/2023,24,10,October,4,2023,Tuesday,FALSE
1759,10/25/2023,25,10,October,4,2023,Wednesday,FALSE
1760,10/26/2023,26,10,October,4,2023,Thursday,FALSE
1761,10/27/2023,27,10,October,4,2023,Friday,FALSE
1762,10/28/2023,28,10,October,4,2023,Saturday,TRUE
1763,10/29/2023,29,10,October,4,2023,Sunday,TRUE
1764,10/30/2023,30,10,October,4,2023,Monday,FALSE
1765,10/31/2023,31,10,October,4,2023,Tuesday,FALSE
1766,11/1/2023,1,11,November,4,2023,Wednesday,FALSE
1767,11/2/2023,2,11,November,4,2023,Thursday,FALSE
1768,11/3/2023,3,11,November,4,2023,Friday,FALSE
1769,11/4/2023,4,11,November,4,2023,Saturday,TRUE
1770,11/5/2023,5,11,November,4,2023,Sunday,TRUE
1771,11/6/2023,6,11,November,4,2023,Monday,FALSE
1772,11/7/2023,7,11,November,4,2023,Tuesday,FALSE
1773,11/8/2023,8,11,November,4,2023,Wednesday,FALSE
1774,11/9/2023,9,11,November,4,2023,Thursday,FALSE
1775,11/10/2023,10,11,November,4,2023,Friday,FALSE
1776,11/11/2023,11,11,November,4,2023,Saturday,TRUE
1777,11/12/2023,12,11,November,4,2023,Sunday,TRUE
1778,11/13/2023,13,11,November,4,2023,Monday,FALSE
1779,11/14/2023,14,11,November,4,2023,Tuesday,FALSE
1780,11/15/2023,15,11,November,4,2023,Wednesday,FALSE
1781,11/16/2023,16,11,November,4,2023,Thursday,FALSE
1782,11/17/2023,17,11,November,4,2023,Friday,FALSE
1783,11/18/2023,18,11,November,4,2023,Saturday,TRUE
1784,11/19/2023,19,11,November,4,2023,Sunday,TRUE
1785,11/20/2023,20,11,November,4,2023,Monday,FALSE
1786,11/21/2023,21,11,November,4,2023,Tuesday,FALSE
1787,11/22/2023,22,11,November,4,2023,Wednesday,FALSE
1788,11/23/2023,23,11,November,4,2023,Thursday,FALSE
1789,11/24/2023,24,11,November,4,2023,Friday,FALSE
1790,11/25/2023,25,11,November,4,2023,Saturday,TRUE
1791,11/26/2023,26,11,November,4,2023,Sunday,TRUE
1792,11/27/2023,27,11,November,4,2023,Monday,FALSE
1793,11/28/2023,28,11,November,4,2023,Tuesday,FALSE
1794,11/29/2023,29,11,November,4,2023,Wednesday,FALSE
1795,11/30/2023,30,11,November,4,2023,Thursday,FALSE
1796,12/1/2023,1,12,December,4,2023,Friday,FALSE
1797,12/2/2023,2,12,December,4,2023,Saturday,TRUE
1798,12/3/2023,3,12,December,4,2023,Sunday,TRUE
1799,12/4/2023,4,12,December,4,2023,Monday,FALSE
1800,12/5/2023,5,12,December,4,2023,Tuesday,FALSE
1801,12/6/2023,6,12,December,4,2023,Wednesday,FALSE
1802,12/7/2023,7,12,December,4,2023,Thursday,FALSE
1803,12/8/2023,8,12,December,4,2023,Friday,FALSE
1804,12/9/2023,9,12,December,4,2023,Saturday,TRUE
1805,12/10/2023,10,12,December,4,2023,Sunday,TRUE
1806,12/11/2023,11,12,December,4,2023,Monday,FALSE
1807,12/12/2023,12,12,December,4,2023,Tuesday,FALSE
1808,12/13/2023,13,12,December,4,2023,Wednesday,FALSE
1809,12/14/2023,14,12,December,4,2023,Thursday,FALSE
1810,12/15/2023,15,12,December,4,2023,Friday,FALSE
1811,12/16/2023,16,12,December,4,2023,Saturday,TRUE
1812,12/17/2023,17,12,December,4,2023,Sunday,TRUE
1813,12/18/2023,18,12,December,4,2023,Monday,FALSE
1814,12/19/2023,19,12,December,4,2023,Tuesday,FALSE
1815,12/20/2023,20,12,December,4,2023,Wednesday,FALSE
1816,12/21/2023,21,12,December,4,2023,Thursday,FALSE
1817,12/22/2023,22,12,December,4,2023,Friday,FALSE
1818,12/23/2023,23,12,December,4,2023,Saturday,TRUE
1819,12/24/2023,24,12,December,4,2023,Sunday,TRUE
1820,12/25/2023,25,12,December,4,2023,Monday,FALSE
1821,12/26/2023,26,12,December,4,2023,Tuesday,FALSE
1822,12/27/2023,27,12,December,4,2023,Wednesday,FALSE
1823,12/28/2023,28,12,December,4,2023,Thursday,FALSE
1824,12/29/2023,29,12,December,4,2023,Friday,FALSE
1825,12/30/2023,30,12,December,4,2023,Saturday,TRUE
1826,12/31/2023,31,12,December,4,2023,Sunday,TRUE
1827,1/1/2024,1,1,January,1,2024,Monday,FALSE
1828,1/2/2024,2,1,January,1,2024,Tuesday,FALSE
1829,1/3/2024,3,1,January,1,2024,Wednesday,FALSE
1830,1/4/2024,4,1,January,1,2024,Thursday,FALSE
1831,1/5/2024,5,1,January,1,2024,Friday,FALSE
1832,1/6/2024,6,1,January,1,2024,Saturday,TRUE
1833,1/7/2024,7,1,January,1,2024,Sunday,TRUE
1834,1/8/2024,8,1,January,1,2024,Monday,FALSE
1835,1/9/2024,9,1,January,1,2024,Tuesday,FALSE
1836,1/10/2024,10,1,January,1,2024,Wednesday,FALSE
1837,1/11/2024,11,1,January,1,2024,Thursday,FALSE
1838,1/12/2024,12,1,January,1,2024,Friday,FALSE
1839,1/13/2024,13,1,January,1,2024,Saturday,TRUE
1840,1/14/2024,14,1,January,1,2024,Sunday,TRUE
1841,1/15/2024,15,1,January,1,2024,Monday,FALSE
1842,1/16/2024,16,1,January,1,2024,Tuesday,FALSE
1843,1/17/2024,17,1,January,1,2024,Wednesday,FALSE
1844,1/18/2024,18,1,January,1,2024,Thursday,FALSE
1845,1/19/2024,19,1,January,1,2024,Friday,FALSE
1846,1/20/2024,20,1,January,1,2024,Saturday,TRUE
1847,1/21/2024,21,1,January,1,2024,Sunday,TRUE
1848,1/22/2024,22,1,January,1,2024,Monday,FALSE
1849,1/23/2024,23,1,January,1,2024,Tuesday,FALSE
1850,1/24/2024,24,1,January,1,2024,Wednesday,FALSE
1851,1/25/2024,25,1,January,1,2024,Thursday,FALSE
1852,1/26/2024,26,1,January,1,2024,Friday,FALSE
1853,1/27/2024,27,1,January,1,2024,Saturday,TRUE
1854,1/28/2024,28,1,January,1,2024,Sunday,TRUE
1855,1/29/2024,29,1,January,1,2024,Monday,FALSE
1856,1/30/2024,30,1,January,1,2024,Tuesday,FALSE
1857,1/31/2024,31,1,January,1,2024,Wednesday,FALSE
1858,2/1/2024,1,2,February,1,2024,Thursday,FALSE
1859,2/2/2024,2,2,February,1,2024,Friday,FALSE
1860,2/3/2024,3,2,February,1,2024,Saturday,TRUE
1861,2/4/2024,4,2,February,1,2024,Sunday,TRUE
1862,2/5/2024,5,2,February,1,2024,Monday,FALSE
1863,2/6/2024,6,2,February,1,2024,Tuesday,FALSE
1864,2/7/2024,7,2,February,1,2024,Wednesday,FALSE
1865,2/8/2024,8,2,February,1,2024,Thursday,FALSE
1866,2/9/2024,9,2,February,1,2024,Friday,FALSE
1867,2/10/2024,10,2,February,1,2024,Saturday,TRUE
1868,2/11/2024,11,2,February,1,2024,Sunday,TRUE
1869,2/12/2024,12,2,February,1,2024,Monday,FALSE
1870,2/13/2024,13,2,February,1,2024,Tuesday,FALSE
1871,2/14/2024,14,2,February,1,2024,Wednesday,FALSE
1872,2/15/2024,15,2,February,1,2024,Thursday,FALSE
1873,2/16/2024,16,2,February,1,2024,Friday,FALSE
1874,2/17/2024,17,2,February,1,2024,Saturday,TRUE
1875,2/18/2024,18,2,February,1,2024,Sunday,TRUE
1876,2/19/2024,19,2,February,1,2024,Monday,FALSE
1877,2/20/2024,20,2,February,1,2024,Tuesday,FALSE
1878,2/21/2024,21,2,February,1,2024,Wednesday,FALSE
1879,2/22/2024,22,2,February,1,2024,Thursday,FALSE
1880,2/23/2024,23,2,February,1,2024,Friday,FALSE
1881,2/24/2024,24,2,February,1,2024,Saturday,TRUE
1882,2/25/2024,25,2,February,1,2024,Sunday,TRUE
1883,2/26/2024,26,2,February,1,2024,Monday,FALSE
1884,2/27/2024,27,2,February,1,2024,Tuesday,FALSE
1885,2/28/2024,28,2,February,1,2024,Wednesday,FALSE
1886,2/29/2024,29,2,February,1,2024,Thursday,FALSE
1887,3/1/2024,1,3,March,1,2024,Friday,FALSE
1888,3/2/2024,2,3,March,1,2024,Saturday,TRUE
1889,3/3/2024,3,3,March,1,2024,Sunday,TRUE
1890,3/4/2024,4,3,March,1,2024,Monday,FALSE
1891,3/5/2024,5,3,March,1,2024,Tuesday,FALSE
1892,3/6/2024,6,3,March,1,2024,Wednesday,FALSE
1893,3/7/2024,7,3,March,1,2024,Thursday,FALSE
1894,3/8/2024,8,3,March,1,2024,Friday,FALSE
1895,3/9/2024,9,3,March,1,2024,Saturday,TRUE
1896,3/10/2024,10,3,March,1,2024,Sunday,TRUE
1897,3/11/2024,11,3,March,1,2024,Monday,FALSE
1898,3/12/2024,12,3,March,1,2024,Tuesday,FALSE
1899,3/13/2024,13,3,March,1,2024,Wednesday,FALSE
1900,3/14/2024,14,3,March,1,2024,Thursday,FALSE
1901,3/15/2024,15,3,March,1,2024,Friday,FALSE
1902,3/16/2024,16,3,March,1,2024,Saturday,TRUE
1903,3/17/2024,17,3,March,1,2024,Sunday,TRUE
1904,3/18/2024,18,3,March,1,2024,Monday,FALSE
1905,3/19/2024,19,3,March,1,2024,Tuesday,FALSE
1906,3/20/2024,20,3,March,1,2024,Wednesday,FALSE
1907,3/21/2024,21,3,March,1,2024,Thursday,FALSE
1908,3/22/2024,22,3,March,1,2024,Friday,FALSE
1909,3/23/2024,23,3,March,1,2024,Saturday,TRUE
1910,3/24/2024,24,3,March,1,2024,Sunday,TRUE
1911,3/25/2024,25,3,March,1,2024,Monday,FALSE
1912,3/26/2024,26,3,March,1,2024,Tuesday,FALSE
1913,3/27/2024,27,3,March,1,2024,Wednesday,FALSE
1914,3/28/2024,28,3,March,1,2024,Thursday,FALSE
1915,3/29/2024,29,3,March,1,2024,Friday,FALSE
1916,3/30/2024,30,3,March,1,2024,Saturday,TRUE
1917,3/31/2024,31,3,March,1,2024,Sunday,TRUE
1918,4/1/2024,1,4,April,2,2024,Monday,FALSE
1919,4/2/2024,2,4,April,2,2024,Tuesday,FALSE
1920,4/3/2024,3,4,April,2,2024,Wednesday,FALSE
1921,4/4/2024,4,4,April,2,2024,Thursday,FALSE
1922,4/5/2024,5,4,April,2,2024,Friday,FALSE
1923,4/6/2024,6,4,April,2,2024,Saturday,TRUE
1924,4/7/2024,7,4,April,2,2024,Sunday,TRUE
1925,4/8/2024,8,4,April,2,2024,Monday,FALSE
1926,4/9/2024,9,4,April,2,2024,Tuesday,FALSE
1927,4/10/2024,10,4,April,2,2024,Wednesday,FALSE
1928,4/11/2024,11,4,April,2,2024,Thursday,FALSE
1929,4/12/2024,12,4,April,2,2024,Friday,FALSE
1930,4/13/2024,13,4,April,2,2024,Saturday,TRUE
1931,4/14/2024,14,4,April,2,2024,Sunday,TRUE
1932,4/15/2024,15,4,April,2,2024,Monday,FALSE
1933,4/16/2024,16,4,April,2,2024,Tuesday,FALSE
1934,4/17/2024,17,4,April,2,2024,Wednesday,FALSE
1935,4/18/2024,18,4,April,2,2024,Thursday,FALSE
1936,4/19/2024,19,4,April,2,2024,Friday,FALSE
1937,4/20/2024,20,4,April,2,2024,Saturday,TRUE
1938,4/21/2024,21,4,April,2,2024,Sunday,TRUE
1939,4/22/2024,22,4,April,2,2024,Monday,FALSE
1940,4/23/2024,23,4,April,2,2024,Tuesday,FALSE
1941,4/24/2024,24,4,April,2,2024,Wednesday,FALSE
1942,4/25/2024,25,4,April,2,2024,Thursday,FALSE
1943,4/26/2024,26,4,April,2,2024,Friday,FALSE
1944,4/27/2024,27,4,April,2,2024,Saturday,TRUE
1945,4/28/2024,28,4,April,2,2024,Sunday,TRUE
1946,4/29/2024,29,4,April,2,2024,Monday,FALSE
1947,4/30/2024,30,4,April,2,2024,Tuesday,FALSE
1948,5/1/2024,1,5,May,2,2024,Wednesday,FALSE
1949,5/2/2024,2,5,May,2,2024,Thursday,FALSE
1950,5/3/2024,3,5,May,2,2024,Friday,FALSE
1951,5/4/2024,4,5,May,2,2024,Saturday,TRUE
1952,5/5/2024,5,5,May,2,2024,Sunday,TRUE
1953,5/6/2024,6,5,May,2,2024,Monday,FALSE
1954,5/7/2024,7,5,May,2,2024,Tuesday,FALSE
1955,5/8/2024,8,5,May,2,2024,Wednesday,FALSE
1956,5/9/2024,9,5,May,2,2024,Thursday,FALSE
1957,5/10/2024,10,5,May,2,2024,Friday,FALSE
1958,5/11/2024,11,5,May,2,2024,Saturday,TRUE
1959,5/12/2024,12,5,May,2,2024,Sunday,TRUE
1960,5/13/2024,13,5,May,2,2024,Monday,FALSE
1961,5/14/2024,14,5,May,2,2024,Tuesday,FALSE
1962,5/15/2024,15,5,May,2,2024,Wednesday,FALSE
1963,5/16/2024,16,5,May,2,2024,Thursday,FALSE
1964,5/17/2024,17,5,May,2,2024,Friday,FALSE
1965,5/18/2024,18,5,May,2,2024,Saturday,TRUE
1966,5/19/2024,19,5,May,2,2024,Sunday,TRUE
1967,5/20/2024,20,5,May,2,2024,Monday,FALSE
1968,5/21/2024,21,5,May,2,2024,Tuesday,FALSE
1969,5/22/2024,22,5,May,2,2024,Wednesday,FALSE
1970,5/23/2024,23,5,May,2,2024,Thursday,FALSE
1971,5/24/2024,24,5,May,2,2024,Friday,FALSE
1972,5/25/2024,25,5,May,2,2024,Saturday,TRUE
1973,5/26/2024,26,5,May,2,2024,Sunday,TRUE
1974,5/27/2024,27,5,May,2,2024,Monday,FALSE
1975,5/28/2024,28,5,May,2,2024,Tuesday,FALSE
1976,5/29/2024,29,5,May,2,2024,Wednesday,FALSE
1977,5/30/2024,30,5,May,2,2024,Thursday,FALSE
1978,5/31/2024,31,5,May,2,2024,Friday,FALSE
1979,6/1/2024,1,6,June,2,2024,Saturday,TRUE
1980,6/2/2024,2,6,June,2,2024,Sunday,TRUE
1981,6/3/2024,3,6,June,2,2024,Monday,FALSE
1982,6/4/2024,4,6,June,2,2024,Tuesday,FALSE
1983,6/5/2024,5,6,June,2,2024,Wednesday,FALSE
1984,6/6/2024,6,6,June,2,2024,Thursday,FALSE
1985,6/7/2024,7,6,June,2,2024,Friday,FALSE
1986,6/8/2024,8,6,June,2,2024,Saturday,TRUE
1987,6/9/2024,9,6,June,2,2024,Sunday,TRUE
1988,6/10/2024,10,6,June,2,2024,Monday,FALSE
1989,6/11/2024,11,6,June,2,2024,Tuesday,FALSE
1990,6/12/2024,12,6,June,2,2024,Wednesday,FALSE
1991,6/13/2024,13,6,June,2,2024,Thursday,FALSE
1992,6/14/2024,14,6,June,2,2024,Friday,FALSE
1993,6/15/2024,15,6,June,2,2024,Saturday,TRUE
1994,6/16/2024,16,6,June,2,2024,Sunday,TRUE
1995,6/17/2024,17,6,June,2,2024,Monday,FALSE
1996,6/18/2024,18,6,June,2,2024,Tuesday,FALSE
1997,6/19/2024,19,6,June,2,2024,Wednesday,FALSE
1998,6/20/2024,20,6,June,2,2024,Thursday,FALSE
1999,6/21/2024,21,6,June,2,2024,Friday,FALSE
2000,6/22/2024,22,6,June,2,2024,Saturday,TRUE
2001,6/23/2024,23,6,June,2,2024,Sunday,TRUE
2002,6/24/2024,24,6,June,2,2024,Monday,FALSE
2003,6/25/2024,25,6,June,2,2024,Tuesday,FALSE
2004,6/26/2024,26,6,June,2,2024,Wednesday,FALSE
2005,6/27/2024,27,6,June,2,2024,Thursday,FALSE
2006,6/28/2024,28,6,June,2,2024,Friday,FALSE
2007,6/29/2024,29,6,June,2,2024,Saturday,TRUE
2008,6/30/2024,30,6,June,2,2024,Sunday,TRUE
2009,7/1/2024,1,7,July,3,2024,Monday,FALSE
2010,7/2/2024,2,7,July,3,2024,Tuesday,FALSE
2011,7/3/2024,3,7,July,3,2024,Wednesday,FALSE
2012,7/4/2024,4,7,July,3,2024,Thursday,FALSE
2013,7/5/2024,5,7,July,3,2024,Friday,FALSE
2014,7/6/2024,6,7,July,3,2024,Saturday,TRUE
2015,7/7/2024,7,7,July,3,2024,Sunday,TRUE
2016,7/8/2024,8,7,July,3,2024,Monday,FALSE
2017,7/9/2024,9,7,July,3,2024,Tuesday,FALSE
2018,7/10/2024,10,7,July,3,2024,Wednesday,FALSE
2019,7/11/2024,11,7,July,3,2024,Thursday,FALSE
2020,7/12/2024,12,7,July,3,2024,Friday,FALSE
2021,7/13/2024,13,7,July,3,2024,Saturday,TRUE
2022,7/14/2024,14,7,July,3,2024,Sunday,TRUE
2023,7/15/2024,15,7,July,3,2024,Monday,FALSE
2024,7/16/2024,16,7,July,3,2024,Tuesday,FALSE
2025,7/17/2024,17,7,July,3,2024,Wednesday,FALSE
2026,7/18/2024,18,7,July,3,2024,Thursday,FALSE
2027,7/19/2024,19,7,July,3,2024,Friday,FALSE
2028,7/20/2024,20,7,July,3,2024,Saturday,TRUE
2029,7/21/2024,21,7,July,3,2024,Sunday,TRUE
2030,7/22/2024,22,7,July,3,2024,Monday,FALSE
2031,7/23/2024,23,7,July,3,2024,Tuesday,FALSE
2032,7/24/2024,24,7,July,3,2024,Wednesday,FALSE
2033,7/25/2024,25,7,July,3,2024,Thursday,FALSE
2034,7/26/2024,26,7,July,3,2024,Friday,FALSE
2035,7/27/2024,27,7,July,3,2024,Saturday,TRUE
2036,7/28/2024,28,7,July,3,2024,Sunday,TRUE
2037,7/29/2024,29,7,July,3,2024,Monday,FALSE
2038,7/30/2024,30,7,July,3,2024,Tuesday,FALSE
2039,7/31/2024,31,7,July,3,2024,Wednesday,FALSE
2040,8/1/2024,1,8,August,3,2024,Thursday,FALSE
2041,8/2/2024,2,8,August,3,2024,Friday,FALSE
2042,8/3/2024,3,8,August,3,2024,Saturday,TRUE
2043,8/4/2024,4,8,August,3,2024,Sunday,TRUE
2044,8/5/2024,5,8,August,3,2024,Monday,FALSE
2045,8/6/2024,6,8,August,3,2024,Tuesday,FALSE
2046,8/7/2024,7,8,August,3,2024,Wednesday,FALSE
2047,8/8/2024,8,8,August,3,2024,Thursday,FALSE
2048,8/9/2024,9,8,August,3,2024,Friday,FALSE
2049,8/10/2024,10,8,August,3,2024,Saturday,TRUE
2050,8/11/2024,11,8,August,3,2024,Sunday,TRUE
2051,8/12/2024,12,8,August,3,2024,Monday,FALSE
2052,8/13/2024,13,8,August,3,2024,Tuesday,FALSE
2053,8/14/2024,14,8,August,3,2024,Wednesday,FALSE
2054,8/15/2024,15,8,August,3,2024,Thursday,FALSE
2055,8/16/2024,16,8,August,3,2024,Friday,FALSE
2056,8/17/2024,17,8,August,3,2024,Saturday,TRUE
2057,8/18/2024,18,8,August,3,2024,Sunday,TRUE
2058,8/19/2024,19,8,August,3,2024,Monday,FALSE
2059,8/20/2024,20,8,August,3,2024,Tuesday,FALSE
2060,8/21/2024,21,8,August,3,2024,Wednesday,FALSE
2061,8/22/2024,22,8,August,3,2024,Thursday,FALSE
2062,8/23/2024,23,8,August,3,2024,Friday,FALSE
2063,8/24/2024,24,8,August,3,2024,Saturday,TRUE
2064,8/25/2024,25,8,August,3,2024,Sunday,TRUE
2065,8/26/2024,26,8,August,3,2024,Monday,FALSE
2066,8/27/2024,27,8,August,3,2024,Tuesday,FALSE
2067,8/28/2024,28,8,August,3,2024,Wednesday,FALSE
2068,8/29/2024,29,8,August,3,2024,Thursday,FALSE
2069,8/30/2024,30,8,August,3,2024,Friday,FALSE
2070,8/31/2024,31,8,August,3,2024,Saturday,TRUE
2071,9/1/2024,1,9,September,3,2024,Sunday,TRUE
2072,9/2/2024,2,9,September,3,2024,Monday,FALSE
2073,9/3/2024,3,9,September,3,2024,Tuesday,FALSE
2074,9/4/2024,4,9,September,3,2024,Wednesday,FALSE
2075,9/5/2024,5,9,September,3,2024,Thursday,FALSE
2076,9/6/2024,6,9,September,3,2024,Friday,FALSE
2077,9/7/2024,7,9,September,3,2024,Saturday,TRUE
2078,9/8/2024,8,9,September,3,2024,Sunday,TRUE
2079,9/9/2024,9,9,September,3,2024,Monday,FALSE
2080,9/10/2024,10,9,September,3,2024,Tuesday,FALSE
2081,9/11/2024,11,9,September,3,2024,Wednesday,FALSE
2082,9/12/2024,12,9,September,3,2024,Thursday,FALSE
2083,9/13/2024,13,9,September,3,2024,Friday,FALSE
2084,9/14/2024,14,9,September,3,2024,Saturday,TRUE
2085,9/15/2024,15,9,September,3,2024,Sunday,TRUE
2086,9/16/2024,16,9,September,3,2024,Monday,FALSE
2087,9/17/2024,17,9,September,3,2024,Tuesday,FALSE
2088,9/18/2024,18,9,September,3,2024,Wednesday,FALSE
2089,9/19/2024,19,9,September,3,2024,Thursday,FALSE
2090,9/20/2024,20,9,September,3,2024,Friday,FALSE
2091,9/21/2024,21,9,September,3,2024,Saturday,TRUE
2092,9/22/2024,22,9,September,3,2024,Sunday,TRUE
2093,9/23/2024,23,9,September,3,2024,Monday,FALSE
2094,9/24/2024,24,9,September,3,2024,Tuesday,FALSE
2095,9/25/2024,25,9,September,3,2024,Wednesday,FALSE
2096,9/26/2024,26,9,September,3,2024,Thursday,FALSE
2097,9/27/2024,27,9,September,3,2024,Friday,FALSE
2098,9/28/2024,28,9,September,3,2024,Saturday,TRUE
2099,9/29/2024,29,9,September,3,2024,Sunday,TRUE
2100,9/30/2024,30,9,September,3,2024,Monday,FALSE
2101,10/1/2024,1,10,October,4,2024,Tuesday,FALSE
2102,10/2/2024,2,10,October,4,2024,Wednesday,FALSE
2103,10/3/2024,3,10,October,4,2024,Thursday,FALSE
2104,10/4/2024,4,10,October,4,2024,Friday,FALSE
2105,10/5/2024,5,10,October,4,2024,Saturday,TRUE
2106,10/6/2024,6,10,October,4,2024,Sunday,TRUE
2107,10/7/2024,7,10,October,4,2024,Monday,FALSE
2108,10/8/2024,8,10,October,4,2024,Tuesday,FALSE
2109,10/9/2024,9,10,October,4,2024,Wednesday,FALSE
2110,10/10/2024,10,10,October,4,2024,Thursday,FALSE
2111,10/11/2024,11,10,October,4,2024,Friday,FALSE
2112,10/12/2024,12,10,October,4,2024,Saturday,TRUE
2113,10/13/2024,13,10,October,4,2024,Sunday,TRUE
2114,10/14/2024,14,10,October,4,2024,Monday,FALSE
2115,10/15/2024,15,10,October,4,2024,Tuesday,FALSE
2116,10/16/2024,16,10,October,4,2024,Wednesday,FALSE
2117,10/17/2024,17,10,October,4,2024,Thursday,FALSE
2118,10/18/2024,18,10,October,4,2024,Friday,FALSE
2119,10/19/2024,19,10,October,4,2024,Saturday,TRUE
2120,10/20/2024,20,10,October,4,2024,Sunday,TRUE
2121,10/21/2024,21,10,October,4,2024,Monday,FALSE
2122,10/22/2024,22,10,October,4,2024,Tuesday,FALSE
2123,10/23/2024,23,10,October,4,2024,Wednesday,FALSE
2124,10/24/2024,24,10,October,4,2024,Thursday,FALSE
2125,10/25/2024,25,10,October,4,2024,Friday,FALSE
2126,10/26/2024,26,10,October,4,2024,Saturday,TRUE
2127,10/27/2024,27,10,October,4,2024,Sunday,TRUE
2128,10/28/2024,28,10,October,4,2024,Monday,FALSE
2129,10/29/2024,29,10,October,4,2024,Tuesday,FALSE
2130,10/30/2024,30,10,October,4,2024,Wednesday,FALSE
2131,10/31/2024,31,10,October,4,2024,Thursday,FALSE
2132,11/1/2024,1,11,November,4,2024,Friday,FALSE
2133,11/2/2024,2,11,November,4,2024,Saturday,TRUE
2134,11/3/2024,3,11,November,4,2024,Sunday,TRUE
2135,11/4/2024,4,11,November,4,2024,Monday,FALSE
2136,11/5/2024,5,11,November,4,2024,Tuesday,FALSE
2137,11/6/2024,6,11,November,4,2024,Wednesday,FALSE
2138,11/7/2024,7,11,November,4,2024,Thursday,FALSE
2139,11/8/2024,8,11,November,4,2024,Friday,FALSE
2140,11/9/2024,9,11,November,4,2024,Saturday,TRUE
2141,11/10/2024,10,11,November,4,2024,Sunday,TRUE
2142,11/11/2024,11,11,November,4,2024,Monday,FALSE
2143,11/12/2024,12,11,November,4,2024,Tuesday,FALSE
2144,11/13/2024,13,11,November,4,2024,Wednesday,FALSE
2145,11/14/2024,14,11,November,4,2024,Thursday,FALSE
2146,11/15/2024,15,11,November,4,2024,Friday,FALSE
2147,11/16/2024,16,11,November,4,2024,Saturday,TRUE
2148,11/17/2024,17,11,November,4,2024,Sunday,TRUE
2149,11/18/2024,18,11,November,4,2024,Monday,FALSE
2150,11/19/2024,19,11,November,4,2024,Tuesday,FALSE
2151,11/20/2024,20,11,November,4,2024,Wednesday,FALSE
2152,11/21/2024,21,11,November,4,2024,Thursday,FALSE
2153,11/22/2024,22,11,November,4,2024,Friday,FALSE
2154,11/23/2024,23,11,November,4,2024,Saturday,TRUE
2155,11/24/2024,24,11,November,4,2024,Sunday,TRUE
2156,11/25/2024,25,11,November,4,2024,Monday,FALSE
2157,11/26/2024,26,11,November,4,2024,Tuesday,FALSE
2158,11/27/2024,27,11,November,4,2024,Wednesday,FALSE
2159,11/28/2024,28,11,November,4,2024,Thursday,FALSE
2160,11/29/2024,29,11,November,4,2024,Friday,FALSE
2161,11/30/2024,30,11,November,4,2024,Saturday,TRUE
2162,12/1/2024,1,12,December,4,2024,Sunday,TRUE
2163,12/2/2024,2,12,December,4,2024,Monday,FALSE
2164,12/3/2024,3,12,December,4,2024,Tuesday,FALSE
2165,12/4/2024,4,12,December,4,2024,Wednesday,FALSE
2166,12/5/2024,5,12,December,4,2024,Thursday,FALSE
2167,12/6/2024,6,12,December,4,2024,Friday,FALSE
2168,12/7/2024,7,12,December,4,2024,Saturday,TRUE
2169,12/8/2024,8,12,December,4,2024,Sunday,TRUE
2170,12/9/2024,9,12,December,4,2024,Monday,FALSE
2171,12/10/2024,10,12,December,4,2024,Tuesday,FALSE
2172,12/11/2024,11,12,December,4,2024,Wednesday,FALSE
2173,12/12/2024,12,12,December,4,2024,Thursday,FALSE
2174,12/13/2024,13,12,December,4,2024,Friday,FALSE
2175,12/14/2024,14,12,December,4,2024,Saturday,TRUE
2176,12/15/2024,15,12,December,4,2024,Sunday,TRUE
2177,12/16/2024,16,12,December,4,2024,Monday,FALSE
2178,12/17/2024,17,12,December,4,2024,Tuesday,FALSE
2179,12/18/2024,18,12,December,4,2024,Wednesday,FALSE
2180,12/19/2024,19,12,December,4,2024,Thursday,FALSE
2181,12/20/2024,20,12,December,4,2024,Friday,FALSE
2182,12/21/2024,21,12,December,4,2024,Saturday,TRUE
2183,12/22/2024,22,12,December,4,2024,Sunday,TRUE
2184,12/23/2024,23,12,December,4,2024,Monday,FALSE
2185,12/24/2024,24,12,December,4,2024,Tuesday,FALSE
2186,12/25/2024,25,12,December,4,2024,Wednesday,FALSE
2187,12/26/2024,26,12,December,4,2024,Thursday,FALSE
2188,12/27/2024,27,12,December,4,2024,Friday,FALSE
2189,12/28/2024,28,12,December,4,2024,Saturday,TRUE
2190,12/29/2024,29,12,December,4,2024,Sunday,TRUE
2191,12/30/2024,30,12,December,4,2024,Monday,FALSE
2192,12/31/2024,31,12,December,4,2024,Tuesday,FALSE
