customer_id,first_name,last_name,email,age,gender,country,city,segment,signup_date,preferred_device
1,Danielle,Johnson,danielle.johnson655@yahoo.com,41,Male,United Arab Emirates,East Donald,Returning,2019-08-13,Desktop
2,Joy,Gardner,joy.gardner760@hotmail.com,34,Female,US,Johnsonland,New,2020-04-24,Desktop
3,William,Johnson,william.johnson229@gmail.com,54,Male,United States,Robinsonshire,Churned,2020-09-01,Tablet
4,Misty,Blake,misty.blake105@gmail.com,45,Other,Italy,Petersonberg,New,2020-04-16,Tablet
5,Kathryn,Garcia,kathryn.garcia914@yahoo.com,30,Other,Canada,West Melanieview,Returning,2023-11-04,Desktop
6,Jessica,Herrera,jessica.herrera605@yahoo.com,30,Female,France,New Kellystad,New,2022-06-18,Desktop
7,Janet,Williams,janet.williams31@gmail.com,23,Male,Canada,Traciebury,Returning,2024-03-13,Desktop
8,Norman,Chavez,norman.chavez239@yahoo.com,39,Other,Australia,West Michael,At-Risk,2023-01-08,Tablet
9,Jacqueline,Sutton,jacqueline.sutton28@gmail.com,36,Other,Brazil,New Jessica,New,2019-12-25,Desktop
10,NOAH,Mayo,noah.mayo734@hotmail.com,18,Other,,Lake Mark,New,2023-08-11,Tablet
11,Brian,Underwood,brian.underwood559@yahoo.com,28,Female,Japan,Adamsborough,Returning,2024-06-23,Desktop
12,Ashley,Robbins,ashley.robbins460@gmail.com,32,Other,USA,Fostermouth,Returning,2019-11-10,Mobile
13,Donald,Mcgee,donald.mcgee829@hotmail.com,45,Male,Canada,Juliechester,Returning,2024-05-21,Desktop
14,Reginald,Robinson,reginald.robinson715@gmail.com,21,Female,India,Daviston,New,2024-03-01,Mobile
15,Eric,Moore,eric.moore285@hotmail.com,44,Male,United States,Carlsonfurt,New,2021-04-16,Desktop
16,Wendy,Rice,wendy.rice981@hotmail.com,38,Female,United States,Lake Jenniferside,Returning,2023-07-04,Desktop
17,Kayla,Peterson,kayla.peterson95@yahoo.com,18,Female,Italy,Mooretown,Returning,2024-09-20,Desktop
18,Nancy,Baker,nancy.baker368@hotmail.com,27,Female,Canada,New Rita,Returning,2024-03-22,Tablet
19,Kenneth,Fowler,kenneth.fowler271@hotmail.com,39,Male,United States,East Nathaniel,Churned,2019-12-20,Tablet
20,STEPHANIE,Nielsen,stephanie.nielsen471@gmail.com,31,Other,Spain,Tracyville,New,2024-07-28,Desktop
21,Natasha,Decker,natasha.decker997@yahoo.com,48,Female,,North John,New,2022-05-28,Desktop
22,Christian,Dennis,christian.dennis566@gmail.com,47,Female,GERMANY,East Donna,New,2024-09-05,Tablet
23,Frederick,Rose,frederick.rose634@hotmail.com,39,Female,Germany,Brandtside,New,2023-07-13,Tablet
24,Hannah,Marquez,hannah.marquez197@yahoo.com,47,Other,,Samuelhaven,Returning,2021-09-16,Desktop
25,John,Brown,john.brown47@gmail.com,45,Other,Nigeria,New Jeffrey,Returning,2019-06-05,Desktop
26,Crystal,Perez,crystal.perez792@gmail.com,52,Female,U.S.A.,Chadbury,VIP,2020-09-02,Desktop
27,Todd,Ryan,todd.ryan876@hotmail.com,40,Male,Spain,Sanchezfort,Returning,2023-11-05,Desktop
28,JAMES,Davis,james.davis390@yahoo.com,54,Female,india,Rodneymouth,Returning,2024-03-07,Mobile
29,Brian,Valdez,brian.valdez651@hotmail.com,37,Female,Canada,North Richardmouth,Returning,2023-10-21,Desktop
30,Daniel,Lee,daniel.lee380@hotmail.com,32,Female,south africa,Taylorburgh,New,2020-09-02,Desktop
31,John,Leblanc,john.leblanc687@yahoo.com,53,Female,United Kingdom,North Deniseside,New,2024-01-06,Tablet
32,Tanya,House,tanya.house960@gmail.com,29,Other,Canada,South Todd,New,2020-04-13,Tablet
33,Richard,Brown,richard.brown74@yahoo.com,46,Other,Spain,South Josephmouth,New,2020-09-16,Tablet
34,Heather,Cross,heather.cross176@hotmail.com,39,Other,,Mooreport,Returning,2020-04-21,Tablet
35,Brian,Fitzgerald,brian.fitzgerald251@gmail.com,27,Male,United Kingdom,Brianshire,Returning,2021-11-10,Mobile
36,Samantha,Schmidt,,32,Female,Italy,Port Jacobland,At-Risk,2023-01-19,Tablet
37,Joe,Wilson,joe.wilson705@hotmail.com,36,Other,France,New Brooke,New,2022-09-19,Desktop
38,Robert,Silva,robert.silva702@hotmail.com,33,Female,United States,Sarahborough,Returning,2023-01-07,Desktop
39,Leon,Baker,leon.baker235@gmail.com,34,Male,India,Stephenland,VIP,2019-01-21,Mobile
40,Christine,Hart,christine.hart411@gmail.com,40,Female,Germany,New Jasonview,Churned,2019-10-18,Desktop
41,Michael,Jones,michael.jones217@gmail.com,18,Other,canada,Justinmouth,New,2024-01-01,Tablet
42,Jade,Carr,jade.carr323@hotmail.com,35,Male,Brazil,Lake Lisaport,Returning,2024-08-03,Tablet
43,Dale,Humphrey,dale.humphrey512@yahoo.com,33,Female,US,North Juliaberg,Returning,2020-08-19,Tablet
44,Cassandra,Robbins,cassandra.robbins470@gmail.com,39,Male,Indonesia,Williamview,New,2024-06-06,Mobile
45,Meghan,Davis,meghan.davis143@yahoo.com,49,Male,United Kingdom,Bradleymouth,VIP,2023-08-17,Tablet
46,Dana,Green,dana.green575@hotmail.com,45,Other,Germany,Arnoldchester,Returning,2022-05-13,Mobile
47,Daniel,Landry,daniel.landry765@hotmail.com,43,Other,united states,New Barry,At-Risk,2021-03-19,Mobile
48,Angela,Jordan,angela.jordan920@gmail.com,62,Other,CANADA,Michaelton,New,2024-05-23,Mobile
49,Jason,Wright,jason.wright371@gmail.com,37,Male,Japan,Kimberlychester,New,2024-11-03,Desktop
50,Kara,Frost,kara.frost522@gmail.com,29,Female,India,Port Lisa,New,2024-04-15,Desktop
51,Angel,Doyle,angel.doyle774@yahoo.com,23,Male,Japan,Phambury,Returning,2020-08-07,Desktop
52,Kristin,Rodriguez,kristin.rodriguez157@gmail.com,41,Other,Saudi Arabia,Walkermouth,New,2021-02-05,Desktop
53,Lori,Savage,lori.savage812@gmail.com,26,Other,Saudi Arabia,Lake Jamesmouth,At-Risk,2020-09-02,Mobile
54,Chad,Ayala,chad.ayala611@yahoo.com,32,Male,Britain,Frazierside,VIP,2020-12-26,Mobile
55,Anthony,Wiley,anthony.wiley391@yahoo.com,38,Other,India,New Sydney,New,2020-08-04,Mobile
56,Daniel,Hamilton,daniel.hamilton542@hotmail.com,51,Female,United States,Samuelhaven,At-Risk,2019-09-11,Tablet
57,Rachel,Lee,rachel.lee882@gmail.com,39,Male,Germany,Smithside,Returning,2023-02-13,Tablet
58,Shelby,Mclaughlin,shelby.mclaughlin739@gmail.com,45,Male,United Arab Emirates,Ryanmouth,At-Risk,2022-09-27,Tablet
59,Elizabeth,Martinez,elizabeth.martinez907@yahoo.com,39,Other,Mexico,Elizabethmouth,New,2021-05-31,Mobile
60,Kenneth,Martinez,kenneth.martinez788@yahoo.com,40,Other,united states,Byrdburgh,At-Risk,2022-09-10,Mobile
61,Kevin,Kelley,kevin.kelley115@gmail.com,39,Female,United States,Justinchester,New,2023-09-18,Mobile
62,Catherine,Morris,catherine.morris162@yahoo.com,27,Female,India,Lowehaven,VIP,2021-11-02,Desktop
63,Rachel,Flynn,rachel.flynn977@gmail.com,21,Other,United Arab Emirates,West Zacharymouth,New,2019-07-24,Tablet
64,Stephanie,Young,stephanie.young270@yahoo.com,43,Other,Canada,Port James,VIP,2019-02-23,Desktop
65,John,Alvarez,john.alvarez520@gmail.com,47,Male,Mexico,Perryshire,Returning,2020-03-02,Tablet
66,Heather,Snyder,heather.snyder306@gmail.com,40,Other,United States,Lake Grace,Returning,2024-05-09,Tablet
67,Michelle,Mcclure,michelle.mcclure624@yahoo.com,25,Male,Indonesia,East Linda,Returning,2023-03-05,Desktop
68,Steven,Grant,steven.grant383@gmail.com,26,Male,Nigeria,Andersonmouth,Returning,2023-01-02,Tablet
69,Vanessa,Larson,vanessa.larson977@yahoo.com,36,Other,Brazil,Rivasside,Returning,2021-09-03,Desktop
70,Erik,Hensley,erik.hensley614@yahoo.com,53,Female,United Kingdom,Karenview,VIP,2023-08-05,Mobile
71,Adrienne,Sims,adrienne.sims20@yahoo.com,23,Male,Saudi Arabia,Jonesport,Churned,2020-05-28,Mobile
72,Matthew,Orozco,matthew.orozco900@gmail.com,41,Female,south africa,East Jesse,Returning,2023-03-01,Desktop
73,Jasmine,Brown,jasmine.brown60@yahoo.com,41,Male,Philippines,Amychester,At-Risk,2019-05-17,Tablet
74,Marissa,Price,marissa.price970@hotmail.com,35,Male,Canada,Port Nicoleshire,Returning,2021-04-13,Desktop
75,Adam,Bell,adam.bell750@yahoo.com,30,Female,United Kingdom,Medinaside,Returning,2023-10-19,Desktop
76,Rachael,Freeman,rachael.freeman779@yahoo.com,46,Other,Saudi Arabia,Tuckerfurt,VIP,2021-01-06,Desktop
77,Erin,Powell,erin.powell132@gmail.com,25,Other,Brazil,Calhounside,Churned,2019-03-01,Mobile
78,Phillip,Elliott,phillip.elliott970@gmail.com,37,Other,United States,Lake Roymouth,Returning,2020-02-03,Desktop
79,Jorge,Murphy,jorge.murphy272@yahoo.com,40,Other,Japan,Matthewfurt,VIP,2020-09-01,Tablet
80,Stephanie,Fisher,,42,Male,Germany,Smithside,New,2019-04-25,Tablet
81,Stephanie,Walker,stephanie.walker774@gmail.com,42,Other,Netherlands,Port Anthonybury,Churned,2020-03-12,Tablet
82,Andrew,Hernandez,andrew.hernandez206@gmail.com,42,Other,India,Caldwellshire,Returning,2024-09-07,Mobile
83,Steven,Scott,steven.scott409@yahoo.com,42,Other,Japan,New Catherine,At-Risk,2023-06-27,Tablet
84,Danny,Weiss,danny.weiss383@yahoo.com,49,Female,Nigeria,New Anthonyport,Returning,2022-06-15,Tablet
85,Rebecca,Brooks,rebecca.brooks463@hotmail.com,26,Male,Brazil,North Brittany,New,2023-12-25,Desktop
86,John,Terry,john.terry231@yahoo.com,33,Male,Australia,Port Tonyaton,Returning,2021-01-30,Mobile
87,Ross,Wood,ross.wood22@hotmail.com,44,Other,United States,Alexanderchester,New,2023-12-07,Tablet
88,Daniel,Yu,daniel.yu236@hotmail.com,18,Other,ITALY,Zimmermanchester,Returning,2020-01-21,Desktop
89,Aimee,Santos,,36,Male,Spain,Marshallshire,New,2020-08-11,Tablet
90,Melissa,Rivas,melissa.rivas647@gmail.com,23,Male,Brazil,Nicolebury,New,2023-07-03,Desktop
91,Ashley,Barnett,ashley.barnett70@yahoo.com,36,Male,India,South Melissaburgh,Returning,2021-12-04,Mobile
92,Michael,Green,michael.green73@yahoo.com,28,Other,U.A.E.,Angelahaven,Churned,2024-09-08,Desktop
93,Christopher,Cortez,christopher.cortez286@yahoo.com,18,Other,Spain,Lake Thomas,New,2023-04-09,Mobile
94,Shane,Smith,shane.smith220@yahoo.com,38,Other,France,South Heather,New,2020-11-01,Desktop
95,Bonnie,Kennedy,bonnie.kennedy741@hotmail.com,42,Other,France,Ronaldside,New,2020-12-25,Tablet
96,Jacqueline,Nelson,jacqueline.nelson485@yahoo.com,46,Male,United States,North Jennifer,New,2020-11-22,Mobile
97,Julia,Tapia,julia.tapia827@hotmail.com,57,Female,Mexico,East Javier,New,2021-11-26,Desktop
98,Jenny,Bray,jenny.bray97@hotmail.com,40,Male,Philippines,Tinaborough,VIP,2020-10-11,Tablet
99,Michael,Turner,michael.turner442@hotmail.com,61,Female,France,West Brandon,New,2019-04-30,Mobile
100,Kelly,Raymond,kelly.raymond421@hotmail.com,48,Female,Germany,Garciatown,VIP,2022-06-11,Tablet
101,Taylor,Alexander,taylor.alexander56@gmail.com,41,Other,Australia,West Shelleyfort,New,2019-09-07,Tablet
102,Cameron,Vasquez,cameron.vasquez662@hotmail.com,45,Male,AUSTRALIA,East Edwardshire,Returning,2024-09-10,Desktop
103,Christopher,Wright,christopher.wright413@hotmail.com,32,Other,France,Obrienbury,Returning,2023-08-27,Mobile
104,Omar,Kerr,omar.kerr820@yahoo.com,21,Male,Mexico,Torreston,New,2022-08-28,Desktop
105,Jody,Meza,jody.meza197@gmail.com,53,Male,India,West Donna,At-Risk,2019-12-11,Tablet
106,Glenn,Jones,glenn.jones460@gmail.com,18,Male,Mexico,Hayesfort,New,2020-09-30,Mobile
107,Jesse,Mann,jesse.mann188@hotmail.com,38,Female,United States,Jonesbury,Returning,2024-07-17,Mobile
108,Kristin,Weber,kristin.weber256@hotmail.com,28,Male,Saudi Arabia,South Danny,Returning,2020-05-07,Mobile
109,Edward,Baker,edward.baker828@gmail.com,55,Other,AUSTRALIA,North Gabrielport,Returning,2022-07-27,Desktop
110,Madison,Morse,madison.morse52@yahoo.com,21,Other,Saudi Arabia,South Haleyfurt,Returning,2024-08-27,Tablet
111,Vincent,Snyder,vincent.snyder857@gmail.com,39,Male,United States,South Jessicaview,Returning,2019-02-26,Desktop
112,Jeremy,Craig,jeremy.craig949@hotmail.com,28,Male,,Port Emilyview,New,2022-06-16,Desktop
113,Kathryn,Thompson,kathryn.thompson417@hotmail.com,28,Female,United States,Moonburgh,VIP,2024-12-24,Mobile
114,Ryan,Olsen,ryan.olsen219@gmail.com,46,Female,Mexico,Baileymouth,At-Risk,2020-12-04,Desktop
115,Daniel,Martin,daniel.martin169@yahoo.com,45,Female,Canada,Robertsfurt,New,2023-11-18,Desktop
116,Andrea,Gibson,andrea.gibson400@yahoo.com,43,Female,,Marcusfurt,At-Risk,2024-03-10,Mobile
117,Mallory,Smith,mallory.smith293@hotmail.com,35,Female,Germany,Gutierrezborough,At-Risk,2022-02-09,Tablet
118,Cindy,Jimenez,cindy.jimenez981@yahoo.com,37,Other,Germany,East Josephberg,Churned,2024-07-25,Tablet
119,Samuel,Wolfe,samuel.wolfe678@gmail.com,33,Other,EGYPT,Lake Chelseabury,VIP,2023-04-05,Mobile
120,Lance,Smith,lance.smith159@yahoo.com,49,Male,United States,East Victoriaville,,2021-10-08,Mobile
121,David,Collier,david.collier223@yahoo.com,51,Male,Canada,Williamview,At-Risk,2021-06-29,Tablet
122,Timothy,Kennedy,timothy.kennedy754@yahoo.com,36,Other,Germany,South James,New,2022-08-06,Desktop
123,Julie,Taylor,julie.taylor766@gmail.com,39,Female,Philippines,Kendrachester,Returning,2021-01-14,Desktop
124,Kristin,Adams,kristin.adams52@gmail.com,34,Other,Mexico,Jessicashire,Returning,2022-06-24,Mobile
125,Donna,Grimes,donna.grimes515@yahoo.com,23,Other,Mexico,Reedside,VIP,2023-07-30,Desktop
126,Nicholas,Cantu,nicholas.cantu59@gmail.com,21,Other,Spain,New Patrick,At-Risk,2024-02-19,Desktop
127,Robert,Flores,robert.flores872@yahoo.com,35,Male,United States,Hughesberg,Returning,2021-12-21,Desktop
128,Benjamin,Shaw,benjamin.shaw610@hotmail.com,25,Male,France,Mollymouth,At-Risk,2019-08-07,Tablet
129,Renee,Smith,renee.smith883@gmail.com,26,Male,United States,Pittsberg,VIP,2019-06-13,Mobile
130,Kimberly,Baker,kimberly.baker123@hotmail.com,32,Other,Brazil,Santosmouth,New,2024-02-11,Desktop
131,Michele,James,michele.james593@yahoo.com,38,Other,united states,Brennanton,At-Risk,2022-09-14,Desktop
132,Jimmy,Cohen,jimmy.cohen635@yahoo.com,29,Male,Japan,Lake Christopher,New,2024-11-13,Mobile
133,Kathleen,Padilla,kathleen.padilla674@gmail.com,18,Other,Italy,Jacksonport,Churned,2024-06-02,Tablet
134,Brandon,Flynn,brandon.flynn536@yahoo.com,19,Female,Indonesia,Nicholasberg,VIP,2020-06-19,Mobile
135,Robert,Maldonado,robert.maldonado210@gmail.com,27,Other,Spain,East Christian,Returning,2024-03-23,Tablet
136,Christine,Allen,christine.allen322@hotmail.com,33,Male,France,East Steven,Churned,2020-07-10,Mobile
137,Jonathan,Smith,jonathan.smith406@yahoo.com,35,Male,United States,Ericaburgh,Returning,2019-06-11,Tablet
138,Sierra,Huerta,sierra.huerta661@yahoo.com,23,Female,United States,Vaughnmouth,New,2024-01-27,Mobile
139,James,Cruz,james.cruz324@yahoo.com,39,Male,Egypt,East Patrickstad,Returning,2022-06-13,Desktop
140,Victoria,Phillips,victoria.phillips470@hotmail.com,26,Other,Philippines,Hillshire,Returning,2024-03-10,Tablet
141,Kimberly,Beltran,kimberly.beltran103@hotmail.com,44,Male,UK,Wallport,Churned,2023-08-27,Tablet
142,Jerry,Pham,jerry.pham219@gmail.com,31,Other,United States,New John,Churned,2023-07-14,Mobile
143,Katrina,Becker,katrina.becker136@gmail.com,38,Female,United States,Lake Debbieport,Returning,2023-09-24,Desktop
144,Arthur,Diaz,arthur.diaz901@gmail.com,36,Male,Philippines,West Markchester,Returning,2020-01-20,Mobile
145,David,Ryan,david.ryan292@yahoo.com,53,Male,Australia,Mariaview,Returning,2024-06-25,Mobile
146,Sherry,Coffey,sherry.coffey854@yahoo.com,47,Other,Brazil,Lindamouth,Churned,2024-10-10,Tablet
147,Donald,Levy,donald.levy310@hotmail.com,62,Other,Canada,Coffeyside,New,2021-03-12,Tablet
148,Krystal,Smith,krystal.smith542@hotmail.com,26,Male,Australia,South Miguelview,Returning,2022-07-04,Tablet
149,Lynn,Bentley,lynn.bentley837@gmail.com,26,Other,Indonesia,South Angel,Churned,2024-04-21,Mobile
150,Anna,Herman,anna.herman955@gmail.com,37,Other,Japan,Lake Madisonport,Returning,2022-11-23,Desktop
151,Darryl,Williams,darryl.williams962@gmail.com,47,Male,Japan,Wendyville,New,2019-08-01,Mobile
152,Paige,Taylor,paige.taylor119@yahoo.com,29,Male,SOUTH AFRICA,Ellenside,At-Risk,2021-07-07,Tablet
153,Julia,Moore,julia.moore567@yahoo.com,20,Male,  Saudi Arabia  ,Port Tracychester,At-Risk,2024-08-19,Mobile
154,Joshua,Vaughn,joshua.vaughn289@gmail.com,57,Other,United States,Wallacebury,New,2024-02-18,Desktop
155,Cory,Jennings,cory.jennings735@hotmail.com,50,Female,Indonesia,Bruceview,New,2020-02-20,Desktop
156,David,Charles,david.charles704@yahoo.com,30,Other,Brazil,Lake Jasontown,Returning,2019-04-21,Mobile
157,Matthew,Zhang,matthew.zhang518@hotmail.com,34,Female,France,North Maria,New,2022-04-29,Mobile
158,Brenda,Li,brenda.li928@gmail.com,50,Male,UNITED STATES,Kimtown,At-Risk,2020-08-30,Desktop
159,Tracey,Huerta,tracey.huerta650@hotmail.com,36,Female,Spain,Laurenville,Churned,2022-12-19,Mobile
160,Anthony,Smith,anthony.smith46@gmail.com,36,Male,Netherlands,Alfredview,New,2019-04-25,Mobile
161,Judy,Fox,judy.fox790@hotmail.com,23,Male,Philippines,South Shanestad,Returning,2022-01-29,Tablet
162,Daniel,Gordon,daniel.gordon269@hotmail.com,34,Male,U.K.,Lake Kristahaven,VIP,2020-10-22,Tablet
163,Dawn,Johnson,dawn.johnson453@yahoo.com,18,Other,United States,Simmonsville,VIP,2021-12-10,Tablet
164,Renee,Jones,renee.jones438@gmail.com,51,Other,India,Charleneland,At-Risk,2019-10-04,Desktop
165,Claudia,Richards,claudia.richards115@hotmail.com,50,Male,India,Oscarhaven,Returning,2020-10-08,Tablet
166,William,Jordan,william.jordan926@hotmail.com,36,Male,nigeria,Port Dianaside,Returning,2023-04-29,Tablet
167,Jason,Hayes,jason.hayes37@gmail.com,43,Female,Japan,Morganmouth,New,2021-05-23,Tablet
168,Jessica,Edwards,jessica.edwards566@yahoo.com,52,Male,United States,Nicholasberg,New,2023-02-13,Mobile
169,Thomas,Davis,thomas.davis131@gmail.com,48,Male,Germany,South Colinstad,Returning,2023-11-14,Mobile
170,Angela,Willis,,18,Male,South Africa,Elizabethchester,Returning,2021-02-13,Mobile
171,Elizabeth,Christensen,elizabeth.christensen216@hotmail.com,54,Other,France,West Carolinestad,Returning,2019-08-15,Desktop
172,William,Moore,william.moore683@yahoo.com,36,Male,Netherlands,Port Daniel,Churned,2024-01-27,Mobile
173,Michael,Farmer,michael.farmer799@hotmail.com,18,Other,Australia,Port Roy,Churned,2022-05-14,Mobile
174,Katrina,Howell,katrina.howell998@hotmail.com,35,Other,Australia,New Sarahview,Returning,2019-03-05,Tablet
175,Joshua,Farmer,joshua.farmer159@yahoo.com,20,Male,United States,Adamberg,New,2022-05-25,Desktop
176,Richard,Thomas,richard.thomas820@hotmail.com,44,Male,United States,North Julieborough,New,2021-04-04,Mobile
177,Shawn,Moore,shawn.moore26@yahoo.com,40,Male,United Kingdom,Kimberlyshire,Returning,2022-07-30,Tablet
178,Nicole,Moore,nicole.moore947@hotmail.com,24,Female,Nigeria,Lake Christophermouth,Returning,2022-12-21,Mobile
179,Todd,Ramos,todd.ramos822@yahoo.com,24,Other,UK,Port William,New,2021-01-26,Tablet
180,Daniel,Gregory,daniel.gregory831@hotmail.com,42,Male,Britain,Roseport,New,2019-04-10,Mobile
181,Randall,Greene,randall.greene164@gmail.com,34,Other,United Kingdom,West Sierra,Returning,2023-08-09,Desktop
182,Kathryn,Roberts,kathryn.roberts392@gmail.com,23,Male,India,South Julieburgh,VIP,2019-10-11,Mobile
183,Amanda,Hall,amanda.hall228@hotmail.com,27,Male,Nigeria,Charleston,Churned,2021-08-13,Mobile
184,Steve,Miller,steve.miller359@yahoo.com,38,Female,US,Berrychester,New,2020-09-26,Desktop
185,Richard,Burch,richard.burch229@gmail.com,43,Male,United Kingdom,Collierstad,New,2019-07-13,Tablet
186,Megan,Sanchez,megan.sanchez198@hotmail.com,45,Female,GERMANY,Warrenfurt,Returning,2024-03-22,Mobile
187,Julie,Walker,,18,Male,Australia,New Cynthiahaven,VIP,2022-01-22,Mobile
188,Rebecca,Bailey,rebecca.bailey360@hotmail.com,52,Other,united states,East Curtis,New,2020-07-14,Tablet
189,Glenn,Hernandez,glenn.hernandez410@hotmail.com,42,Other,India,East Stephaniefort,Returning,2021-10-13,Tablet
190,Anne,Riley,anne.riley340@hotmail.com,39,Male,  United States  ,Michellemouth,Returning,2019-11-27,Desktop
191,Carlos,Ramos,carlos.ramos899@yahoo.com,18,Female,Canada,Brittanystad,Returning,2022-01-16,Desktop
192,Lance,Hayes,lance.hayes595@gmail.com,38,Female,United States,Marieland,Returning,2022-11-13,Desktop
193,Tiffany,Davis,tiffany.davis112@hotmail.com,28,Other,United States,Fordside,At-Risk,2024-09-21,Mobile
194,Joanne,Williams,joanne.williams354@hotmail.com,23,Other,Brazil,West Cassidy,VIP,2022-01-03,Mobile
195,Susan,Hayes,susan.hayes447@yahoo.com,35,Other,United States,New Debbieton,,2020-06-26,Tablet
196,Samuel,Gonzales,samuel.gonzales119@hotmail.com,53,Female,Brazil,West Nathan,VIP,2020-09-11,Tablet
197,Riley,Morgan,riley.morgan195@hotmail.com,23,Female,Canada,Port Crystalmouth,Returning,2019-05-25,Desktop
198,Cody,Gregory,cody.gregory726@yahoo.com,33,Female,Mexico,Jenniferberg,Returning,2020-12-31,Desktop
199,Brandi,Thomas,brandi.thomas533@yahoo.com,19,Other,united states,Tammyfurt,New,2019-10-10,Tablet
200,Jeanne,Miller,jeanne.miller737@hotmail.com,42,Other,United Kingdom,Schneidermouth,New,2023-11-17,Tablet
201,Elizabeth,Calderon,,28,Male,United Kingdom,Lake Ellenhaven,At-Risk,2021-03-03,Mobile
202,Michael,White,michael.white442@gmail.com,25,Male,United States,Staceyfort,Returning,2020-02-25,Tablet
203,Zoe,Moore,zoe.moore943@yahoo.com,39,Female,USA,New Kellihaven,Returning,2019-03-24,Tablet
204,Matthew,Miranda,matthew.miranda322@gmail.com,35,Other,PHILIPPINES,Mooreburgh,At-Risk,2023-12-27,Desktop
205,Kellie,Lamb,kellie.lamb738@gmail.com,29,Female,U.K.,Williamsstad,VIP,2023-01-21,Tablet
206,John,Wallace,john.wallace317@yahoo.com,45,Other,Saudi Arabia,Youngbury,Returning,2020-11-09,Mobile
207,Lindsey,Harrison,lindsey.harrison335@gmail.com,18,Female,Spain,Erikashire,New,2024-11-26,Tablet
208,STEVEN,Campbell,steven.campbell303@yahoo.com,42,Other,Canada,Burchborough,Returning,2023-10-22,Desktop
209,Devon,Wright,devon.wright197@hotmail.com,18,Female,US,Sawyerside,Returning,2024-08-09,Tablet
210,Jennifer,Black,jennifer.black963@gmail.com,36,Female,,Christopherburgh,Returning,2020-08-20,Tablet
211,Rebecca,Hernandez,rebecca.hernandez767@yahoo.com,35,Male,India,East Lisastad,New,2024-07-31,Tablet
212,Robert,Sanders,robert.sanders583@yahoo.com,21,Female,Germany,South Virginia,New,2021-04-01,Mobile
213,Anthony,Galvan,anthony.galvan562@hotmail.com,48,Male,United Kingdom,Laceyberg,VIP,2019-03-25,Mobile
214,Samantha,Kennedy,samantha.kennedy294@gmail.com,29,Male,Egypt,Westtown,Returning,2024-06-07,Mobile
215,Andrew,Lewis,andrew.lewis805@gmail.com,18,Other,Germany,Rodriguezport,Churned,2020-06-04,Tablet
216,David,Allen,david.allen671@hotmail.com,26,Female,italy,Brownfort,Churned,2022-07-31,Mobile
217,Allen,Robertson,allen.robertson453@gmail.com,40,Female,Saudi Arabia,West Ruben,New,2022-09-09,Tablet
218,John,Butler,john.butler219@hotmail.com,28,Other,United States,New Theresaland,VIP,2024-09-19,Mobile
219,Amy,Hartman,amy.hartman813@hotmail.com,50,Other,USA,South Morganton,At-Risk,2022-10-24,Desktop
220,Tina,King,,39,Male,United Kingdom,Kristinastad,New,2020-06-12,Mobile
221,Diane,Garcia,diane.garcia528@hotmail.com,40,Other,Mexico,Dennisstad,,2022-04-11,Tablet
222,Lisa,Thompson,lisa.thompson635@hotmail.com,30,Female,Germany,Pollardfort,At-Risk,2022-10-16,Desktop
223,  Lisa  ,Brown,lisa.brown839@yahoo.com,50,Male,France,West Jamesborough,Returning,2024-04-24,Tablet
224,Leslie,Collins,leslie.collins318@yahoo.com,31,Male,Australia,Kingborough,Returning,2020-09-18,Desktop
225,Michelle,Williams,michelle.williams151@hotmail.com,36,Male,United Kingdom,Joshuastad,,2021-08-15,Desktop
226,Ricardo,Gonzales,ricardo.gonzales251@yahoo.com,56,Female,Germany,Terrifort,Returning,2023-02-25,Tablet
227,Michael,Salinas,michael.salinas871@yahoo.com,38,Male,United States,Lake Rogerchester,Churned,2022-08-12,Mobile
228,Lynn,Gardner,lynn.gardner425@yahoo.com,45,Other,Mexico,North Markport,Returning,2020-11-02,Tablet
229,Carrie,Simmons,carrie.simmons200@hotmail.com,40,Other,Brazil,Bellton,Returning,2023-05-12,Tablet
230,Rhonda,Mendez,rhonda.mendez394@yahoo.com,31,Female,Nigeria,Danielleton,At-Risk,2019-06-14,Mobile
231,Dana,Cox,dana.cox250@hotmail.com,30,Male,United Kingdom,North Douglas,VIP,2022-08-24,Tablet
232,Kimberly,Johnson,kimberly.johnson705@gmail.com,25,Male,US,Port Deanna,Returning,2021-03-04,Desktop
233,Stacy,Johnson,stacy.johnson798@gmail.com,41,Female,Germany,Rushstad,At-Risk,2021-08-30,Desktop
234,Chase,Taylor,chase.taylor181@yahoo.com,40,Other,United States,Edwardsview,At-Risk,2020-06-30,Tablet
235,Daniel,Fitzgerald,daniel.fitzgerald476@yahoo.com,32,Male,Spain,Mcintyreville,New,2020-07-27,Tablet
236,Jorge,Griffin,jorge.griffin256@hotmail.com,24,Male,United Kingdom,Heatherfort,VIP,2020-03-14,Mobile
237,Derek,Jones,derek.jones137@gmail.com,46,Female,Japan,Osbornmouth,,2023-01-03,Tablet
238,Jenna,Pierce,jenna.pierce544@yahoo.com,52,Other,Britain,Melissaburgh,Returning,2023-10-05,Tablet
239,William,Martinez,william.martinez325@gmail.com,18,Female,AUSTRALIA,East Kristy,Churned,2019-02-27,Tablet
240,Angela,Wood,angela.wood835@hotmail.com,53,Other,united states,New Nicole,Returning,2019-05-25,Tablet
241,Raymond,Love,raymond.love437@yahoo.com,65,Other,United States,Hammondshire,At-Risk,2019-06-11,Mobile
242,Teresa,Day,teresa.day919@yahoo.com,37,Male,,Frazierstad,Returning,2019-10-09,Tablet
243,Maria,Arnold,maria.arnold883@hotmail.com,41,Female,Japan,Port Tammy,New,2021-08-05,Mobile
244,Renee,Brown,renee.brown266@gmail.com,38,Male,Brazil,West Fred,Returning,2020-12-07,Tablet
245,Jenna,Reed,jenna.reed284@hotmail.com,55,Other,Saudi Arabia,Meghanview,Churned,2020-03-06,Mobile
246,Stephanie,Hill,stephanie.hill642@hotmail.com,29,Male,Australia,Christinaland,New,2022-01-06,Mobile
247,Gary,David,gary.david451@gmail.com,36,Male,Brazil,Lake Claudia,Returning,2024-05-30,Tablet
248,Matthew,Bradshaw,matthew.bradshaw293@gmail.com,49,Male,United States,North Brandonshire,Returning,2020-08-02,Mobile
249,Jason,Armstrong,jason.armstrong344@hotmail.com,23,Female,India,South Pamelaside,Churned,2020-09-26,Tablet
250,Sue,Webb,sue.webb83@hotmail.com,18,Male,Germany,Evansland,Returning,2023-02-17,Desktop
251,Eric,Perry,eric.perry237@yahoo.com,31,Female,U.K.,West Catherine,Returning,2020-11-15,Tablet
252,Jennifer,Gross,jennifer.gross157@yahoo.com,56,Other,United States,Andersonstad,New,2022-02-02,Desktop
253,Daniel,Allen,daniel.allen66@gmail.com,18,Female,South Africa,Shannonberg,Returning,2019-08-01,Mobile
254,Kelly,Cruz,kelly.cruz339@hotmail.com,35,Other,Brazil,Wrightburgh,Returning,2023-11-18,Mobile
255,Sarah,Griffith,sarah.griffith426@gmail.com,32,Male,united states,South Wendy,Churned,2021-10-19,Desktop
256,Natasha,Jimenez,natasha.jimenez853@gmail.com,22,Female,India,Wagnerbury,Returning,2020-04-16,Mobile
257,Michael,Williams,michael.williams927@yahoo.com,36,Other,United Kingdom,Mitchelltown,At-Risk,2024-01-31,Tablet
258,Ryan,Khan,ryan.khan21@hotmail.com,35,Other,Britain,Kathrynstad,New,2019-04-10,Mobile
259,Brett,Hoffman,brett.hoffman489@yahoo.com,35,Male,India,Charleshaven,New,2021-09-13,Mobile
260,Andrea,Bryan,andrea.bryan306@hotmail.com,29,Female,Spain,East Theresafurt,Returning,2021-03-28,Mobile
261,Valerie,Grant,valerie.grant552@yahoo.com,18,Other,France,East Carrie,Returning,2021-05-29,Tablet
262,Billy,Williams,billy.williams560@hotmail.com,49,Other,,Lindahaven,New,2021-09-28,Desktop
263,Catherine,Robertson,catherine.robertson500@yahoo.com,19,Male,Mexico,Franciscoport,Returning,2022-07-24,Mobile
264,William,Hicks,william.hicks447@yahoo.com,26,Female,United States,Thomastown,New,2021-03-18,Desktop
265,Emily,Whitney,emily.whitney399@hotmail.com,47,Female,united states,Lauratown,New,2022-07-31,Tablet
266,JOSEPH,Rios,joseph.rios696@hotmail.com,51,Female,Britain,Lake Brett,VIP,2021-11-18,Tablet
267,Alexandria,Griffith,alexandria.griffith170@yahoo.com,29,Female,Mexico,Port Erin,New,2019-03-11,Desktop
268,Stacy,Rodriguez,stacy.rodriguez638@gmail.com,41,Other,US,Edwardsberg,New,2021-06-23,Desktop
269,James,Shaw,james.shaw929@hotmail.com,44,Female,Italy,Salaston,Returning,2023-03-27,Tablet
270,April,Hoffman,april.hoffman578@hotmail.com,41,Other,mexico,Foxmouth,New,2024-09-27,Desktop
271,Steve,Patel,steve.patel86@hotmail.com,43,Other,United States,Ericaview,New,2022-08-29,Mobile
272,James,Wright,james.wright139@hotmail.com,32,Female,UK,Jeffreyport,New,2023-08-17,Desktop
273,Janet,Vaughn,janet.vaughn52@yahoo.com,39,Female,France,Timothyside,At-Risk,2024-08-07,Mobile
274,Laura,Hill,laura.hill336@gmail.com,20,Male,Italy,Huangfurt,Returning,2023-11-29,Mobile
275,Stephanie,Ballard,stephanie.ballard335@yahoo.com,27,Female,Brazil,West Stephanieland,New,2021-01-28,Mobile
276,Scott,Scott,scott.scott285@yahoo.com,19,Female,Brazil,East Maria,Returning,2020-08-17,Mobile
277,Anna,Nelson,anna.nelson855@gmail.com,18,Male,Canada,East Brent,Churned,2024-06-06,Mobile
278,Jeremiah,Hall,jeremiah.hall20@gmail.com,56,Other,Egypt,Riverafort,New,2019-08-09,Tablet
279,Kelli,Smith,kelli.smith54@hotmail.com,35,Female,Nigeria,South Denise,At-Risk,2024-04-13,Desktop
280,thomas,Santos,thomas.santos666@yahoo.com,49,Male,France,Justinton,New,2024-06-12,Tablet
281,Christopher,Andrews,,39,Male,MEXICO,East Robertburgh,New,2024-08-08,Desktop
282,Benjamin,Huff,benjamin.huff205@yahoo.com,18,Male,United States,Lake Suzanne,At-Risk,2024-07-21,Tablet
283,Nancy,Smith,nancy.smith157@hotmail.com,36,Male,United Kingdom,West Justinside,New,2022-02-22,Desktop
284,Pamela,Anderson,pamela.anderson485@hotmail.com,40,Other,United States,Nelsonville,Churned,2020-12-25,Desktop
285,Jessica,Wong,jessica.wong578@hotmail.com,38,Male,Canada,North Jill,Returning,2023-09-29,Mobile
286,ASHLEY,Todd,ashley.todd717@gmail.com,24,Female,,Wilcoxhaven,At-Risk,2020-12-19,Mobile
287,Richard,Davis,richard.davis172@gmail.com,39,Other,Brazil,Morrisbury,VIP,2019-01-15,Tablet
288,Patrick,Griffin,patrick.griffin987@yahoo.com,47,Other,United Kingdom,Kevinshire,Churned,2019-01-26,Tablet
289,Desiree,Schwartz,desiree.schwartz118@gmail.com,18,Male,India,South Kurtfurt,New,2023-02-12,Mobile
290,Sandra,Barron,sandra.barron111@yahoo.com,20,Other,USA,Lake Sabrinaport,VIP,2021-03-16,Desktop
291,Jeffrey,Bernard,jeffrey.bernard952@yahoo.com,38,Female,U.K.,South Julie,Returning,2022-08-20,Tablet
292,Robert,Dunn,robert.dunn694@yahoo.com,26,Female,Canada,Port John,Returning,2023-07-12,Mobile
293,Morgan,Miller,morgan.miller965@yahoo.com,24,Other,India,Christianshire,Returning,2019-09-03,Desktop
294,Maria,Leach,maria.leach78@gmail.com,48,Other,MEXICO,East Mark,Churned,2022-02-14,Tablet
295,Darren,Harris,darren.harris851@hotmail.com,25,Other,United States,Davishaven,New,2021-09-03,Desktop
296,Brian,Anderson,brian.anderson105@yahoo.com,44,Other,Brazil,Elliottside,New,2021-10-10,Mobile
297,Lindsay,Cummings,lindsay.cummings871@yahoo.com,66,Other,Germany,Lisaborough,At-Risk,2022-06-21,Tablet
298,Brandon,Cooper,brandon.cooper825@gmail.com,34,Male,United States,North Valeriefort,New,2019-03-11,Tablet
299,Robert,Mack,robert.mack802@hotmail.com,35,Male,Japan,Brooksfurt,Returning,2021-09-09,Mobile
300,Sally,Bennett,sally.bennett546@gmail.com,57,Female,U.K.,Lake Michelle,At-Risk,2019-09-17,Tablet
301,Victoria,Long,victoria.long380@gmail.com,43,Male,Canada,Port Adam,Returning,2019-02-19,Tablet
302,Kenneth,Nunez,kenneth.nunez664@hotmail.com,47,Female,Germany,Patelbury,New,2020-06-26,Desktop
303,Michael,Hill,michael.hill870@hotmail.com,35,Female,Britain,North Lisachester,Returning,2022-09-09,Mobile
304,Sharon,Small,sharon.small109@gmail.com,43,Female,Nigeria,North Craig,VIP,2019-03-15,Mobile
305,Carla,Warner,carla.warner651@gmail.com,42,Female,Japan,Lake Bradley,At-Risk,2021-08-19,Tablet
306,Amber,Webster,amber.webster157@gmail.com,48,Female,United Kingdom,New Victoria,Returning,2020-05-28,Desktop
307,Sabrina,Johnston,sabrina.johnston752@hotmail.com,41,Other,united kingdom,Joelberg,Returning,2024-11-29,Tablet
308,Adriana,Gutierrez,adriana.gutierrez277@yahoo.com,38,Other,South Africa,New Stacyburgh,New,2022-10-03,Tablet
309,Ronald,Simpson,ronald.simpson794@yahoo.com,23,Female,Saudi Arabia,Floydmouth,Churned,2023-03-06,Mobile
310,Ricky,Evans,ricky.evans447@gmail.com,48,Other,Philippines,Allenbury,Returning,2020-10-20,Tablet
311,Jasmine,Shaffer,jasmine.shaffer275@gmail.com,36,Female,CANADA,Faulknerside,At-Risk,2022-03-07,Desktop
312,Paul,Scott,paul.scott851@yahoo.com,36,Male,United States,South Melanieland,Returning,2022-03-19,Mobile
313,Maria,Williams,maria.williams903@yahoo.com,30,Female,U.S.A.,Port Charlesshire,VIP,2023-05-06,Desktop
314,Angelica,Mendoza,angelica.mendoza769@yahoo.com,32,Female,Germany,Susantown,VIP,2020-04-09,Tablet
315,James,Figueroa,james.figueroa625@hotmail.com,33,Other,India,Rochaborough,At-Risk,2021-05-19,Mobile
316,John,Morris,john.morris345@yahoo.com,30,Male,canada,Owensstad,Returning,2020-11-06,Mobile
317,Michael,Andrade,michael.andrade872@yahoo.com,39,Female,United Kingdom,Port Tinafort,New,2023-07-27,Desktop
318,Luke,Harris,,46,Male,Nigeria,Williamsbury,New,2023-06-13,Mobile
319,Allen,Tran,allen.tran817@hotmail.com,36,Female,Saudi Arabia,Phillipsborough,At-Risk,2020-12-23,Mobile
320,Noah,Whitaker,noah.whitaker287@yahoo.com,48,Other,Indonesia,Jonathanfort,Returning,2024-10-18,Tablet
321,Darlene,Henry,darlene.henry902@gmail.com,29,Female,Australia,Garyside,Returning,2021-12-05,Tablet
322,Sabrina,Weaver,sabrina.weaver11@hotmail.com,52,Other,Nigeria,New Arthurland,Churned,2024-09-01,Desktop
323,Elizabeth,Duran,elizabeth.duran88@yahoo.com,30,Male,france,Port Crystal,VIP,2019-05-29,Tablet
324,Edward,Robinson,edward.robinson417@yahoo.com,53,Female,United Kingdom,Brucefort,New,2022-12-15,Tablet
325,Alfred,Patel,alfred.patel777@yahoo.com,19,Male,Canada,North Alyssaview,New,2022-03-19,Tablet
326,Justin,Shaw,,24,Other,United States,Drakeburgh,New,2019-08-23,Tablet
327,Cole,Hernandez,cole.hernandez503@gmail.com,35,Female,Germany,Lisaview,VIP,2023-10-08,Desktop
328,Christian,Chung,christian.chung96@yahoo.com,38,Female,United Kingdom,Lake Jeremiah,Churned,2023-02-07,Desktop
329,Melanie,Valdez,melanie.valdez415@hotmail.com,47,Other,Philippines,North Richardfurt,Returning,2022-04-25,Desktop
330,Brian,Smith,brian.smith314@gmail.com,33,Other,Brazil,South Meganmouth,New,2022-05-24,Tablet
331,Michaela,Davis,michaela.davis378@hotmail.com,37,Female,Brazil,East Jasonshire,Returning,2021-11-07,Tablet
332,Brandon,Jones,brandon.jones544@yahoo.com,41,Female,,East Sarahmouth,New,2019-02-04,Mobile
333,Jamie,Thomas,jamie.thomas764@hotmail.com,28,Other,  Spain  ,Hickmanport,Returning,2019-12-22,Mobile
334,John,Davenport,john.davenport361@yahoo.com,29,Other,United States,Patrickberg,Churned,2023-09-28,Mobile
335,Hannah,Miller,hannah.miller278@hotmail.com,53,Female,Japan,Brianchester,New,2020-05-23,Mobile
336,Charles,Jacobs,charles.jacobs237@hotmail.com,29,Male,Italy,Novakmouth,New,2019-03-06,Tablet
337,JOSHUA,Riddle,joshua.riddle198@yahoo.com,38,Female,Brazil,West Angela,Returning,2021-04-02,Desktop
338,Jacob,Willis,jacob.willis761@yahoo.com,18,Other,US,Port Christinebury,,2023-04-12,Tablet
339,Christopher,Moore,christopher.moore190@hotmail.com,28,Male,Nigeria,Lake Peter,Churned,2021-03-01,Desktop
340,Christopher,Hahn,christopher.hahn757@yahoo.com,31,Female,Netherlands,Kathleenville,At-Risk,2019-10-18,Mobile
341,Jacob,Cole,jacob.cole742@hotmail.com,43,Other,United States,Garcialand,Returning,2021-02-14,Tablet
342,Christopher,George,christopher.george612@yahoo.com,60,Female,Germany,Smithchester,New,2021-04-29,Desktop
343,Christopher,Santana,christopher.santana853@gmail.com,35,Male,United States,Lake Oscar,New,2019-11-01,Mobile
344,Kevin,Snyder,kevin.snyder233@gmail.com,57,Female,Japan,South Joshua,New,2020-10-18,Desktop
345,Kirsten,Ward,kirsten.ward310@gmail.com,35,Male,Australia,Wheelerborough,Returning,2021-09-30,Tablet
346,Derek,Smith,derek.smith547@yahoo.com,50,Male,Italy,Meaganfurt,Returning,2023-10-28,Mobile
347,Mark,Cook,mark.cook47@hotmail.com,44,Male,,West Malik,At-Risk,2024-09-06,Tablet
348,James,Edwards,james.edwards300@yahoo.com,58,Other,Spain,Kellyfort,VIP,2024-10-21,Desktop
349,Kimberly,Nguyen,,45,Female,Japan,Diazshire,VIP,2020-03-13,Desktop
350,Wendy,White,,42,Male,  Brazil  ,Lake Stevenborough,VIP,2021-08-18,Tablet
351,Kelly,Schwartz,kelly.schwartz292@yahoo.com,33,Female,,Taylorport,VIP,2020-06-14,Mobile
352,Donna,Espinoza,donna.espinoza452@yahoo.com,37,Female,United States,South Vickifort,At-Risk,2022-06-29,Desktop
353,Amanda,Mclean,amanda.mclean989@hotmail.com,36,Male,United States,Stephensstad,New,2023-03-18,Mobile
354,Lisa,Wheeler,lisa.wheeler964@gmail.com,51,Female,Brazil,Port Johnstad,Churned,2019-12-31,Desktop
355,Cheyenne,Hart,cheyenne.hart842@hotmail.com,19,Male,Mexico,Rasmussenmouth,Returning,2024-10-16,Mobile
356,Russell,Smith,russell.smith504@yahoo.com,44,Male,Spain,New Julie,New,2022-05-07,Tablet
357,GWENDOLYN,Walker,gwendolyn.walker645@yahoo.com,38,Other,Philippines,Fordshire,Returning,2023-02-21,Desktop
358,Edward,Cuevas,edward.cuevas156@yahoo.com,54,Male,Mexico,West Robertland,Churned,2019-09-12,Tablet
359,Shelia,Thomas,shelia.thomas972@yahoo.com,30,Female,Canada,Stanleyborough,VIP,2022-02-15,Desktop
360,Michael,Davis,michael.davis255@hotmail.com,38,Male,US,Floresport,Returning,2019-04-08,Tablet
361,Jennifer,Johnson,jennifer.johnson783@yahoo.com,50,Female,United States,Lake Laurenbury,At-Risk,2022-02-04,Tablet
362,Andrea,Rivera,andrea.rivera611@yahoo.com,18,Other,Indonesia,Hallfurt,Churned,2022-10-11,Desktop
363,Jacob,Sandoval,jacob.sandoval795@yahoo.com,29,Other,Egypt,Lake Christinaborough,New,2021-09-12,Mobile
364,Russell,Smith,russell.smith462@gmail.com,40,Female,UNITED STATES,West Karen,Returning,2023-11-07,Mobile
365,Bryan,Garcia,bryan.garcia881@hotmail.com,54,Other,Japan,West Mark,Returning,2021-09-29,Mobile
366,Jose,Huffman,jose.huffman313@hotmail.com,35,Other,Canada,Candicefurt,Churned,2022-07-10,Tablet
367,Michael,Bruce,michael.bruce62@hotmail.com,18,Other,US,Port Emily,At-Risk,2023-10-21,Tablet
368,Samantha,Lawrence,samantha.lawrence102@hotmail.com,18,Male,japan,West David,New,2020-10-31,Tablet
369,Isaac,Steele,isaac.steele217@hotmail.com,38,Female,Mexico,Barnesberg,New,2022-06-13,Tablet
370,Rodney,Tucker,rodney.tucker84@hotmail.com,29,Male,PHILIPPINES,New Garrett,New,2020-09-24,Desktop
371,Jacob,Wilkinson,jacob.wilkinson178@hotmail.com,43,Other,France,Port Michaeltown,Returning,2021-11-27,Desktop
372,James,Cruz,james.cruz161@hotmail.com,34,Male,France,Ortizfort,New,2021-06-29,Mobile
373,Mary,Burns,mary.burns462@gmail.com,35,Other,Nigeria,Port Kathleenport,New,2019-03-13,Tablet
374,Jeffrey,Roberts,jeffrey.roberts482@yahoo.com,38,Female,United Kingdom,Dunnville,New,2022-06-08,Desktop
375,Joseph,Daniels,joseph.daniels238@yahoo.com,20,Female,Netherlands,Port Jenniferside,Returning,2020-04-23,Tablet
376,Ronald,Fitzgerald,ronald.fitzgerald290@hotmail.com,53,Other,Philippines,West Nancy,New,2019-03-12,Mobile
377,Jose,Atkins,jose.atkins73@gmail.com,40,Other,Spain,Grimesville,At-Risk,2023-08-27,Desktop
378,Joel,Cochran,joel.cochran947@hotmail.com,41,Female,Egypt,Michellechester,Returning,2019-12-30,Tablet
379,Donald,Clark,donald.clark604@gmail.com,38,Other,Spain,New Michaelview,Returning,2022-07-31,Desktop
380,Gary,Werner,gary.werner436@yahoo.com,44,Male,United States,Ashleyhaven,New,2024-11-29,Tablet
381,Erin,Davis,erin.davis231@yahoo.com,27,Other,U.K.,West Michelleberg,Returning,2023-03-17,Desktop
382,David,Thomas,david.thomas931@yahoo.com,57,Female,united states,Port Megan,Returning,2021-05-10,Desktop
383,Douglas,Chen,douglas.chen74@hotmail.com,46,Male,Canada,Brooksland,Returning,2022-10-20,Desktop
384,Nicole,Davis,nicole.davis812@hotmail.com,28,Female,united states,Heatherstad,New,2021-09-23,Tablet
385,Tony,Perkins,tony.perkins767@hotmail.com,30,Other,Brazil,Lake Teresastad,New,2024-02-06,Mobile
386,Laura,Sanders,laura.sanders450@yahoo.com,18,Male,Japan,South Joseph,At-Risk,2023-12-20,Mobile
387,Matthew,Lane,matthew.lane706@hotmail.com,24,Female,United Kingdom,Kramerton,Churned,2019-04-11,Tablet
388,Connie,Copeland,connie.copeland413@gmail.com,35,Female,U.S.A.,Port Ericmouth,Returning,2019-01-02,Tablet
389,Susan,Harris,susan.harris553@hotmail.com,54,Female,India,Lake Kevin,New,2024-03-30,Mobile
390,Nancy,Davis,nancy.davis83@yahoo.com,46,Other,Canada,Christopherburgh,Returning,2019-04-24,Desktop
391,Connie,Barber,connie.barber911@gmail.com,33,Female,united states,Riosville,New,2019-01-03,Tablet
392,Thomas,Anderson,thomas.anderson331@gmail.com,27,Other,France,Smithmouth,New,2023-11-26,Mobile
393,Vanessa,Henderson,vanessa.henderson27@gmail.com,57,Male,Spain,Jonesfurt,New,2019-07-15,Desktop
394,Linda,Garcia,linda.garcia985@yahoo.com,43,Other,U.S.A.,Derrickberg,New,2022-11-06,Tablet
395,Erica,Jones,erica.jones602@hotmail.com,52,Male,United States,New Debramouth,Churned,2021-02-08,Tablet
396,Jason,Goodman,jason.goodman842@yahoo.com,47,Female,united states,Heathland,Returning,2024-05-18,Tablet
397,Donald,Martinez,donald.martinez42@hotmail.com,44,Male,U.A.E.,Bellchester,At-Risk,2020-11-20,Mobile
398,Donald,Hill,donald.hill532@gmail.com,40,Other,Germany,New Carolyn,At-Risk,2023-04-30,Mobile
399,Justin,Pugh,justin.pugh939@gmail.com,51,Female,Australia,Jamiehaven,Returning,2020-02-18,Desktop
400,Peter,Lucas,peter.lucas600@gmail.com,38,Female,India,Cruzbury,VIP,2021-12-30,Tablet
401,Brittney,Rice,brittney.rice834@gmail.com,28,Female,Nigeria,Sarahberg,New,2021-04-27,Desktop
402,Mary,Fisher,mary.fisher482@hotmail.com,30,Female,Indonesia,Port Thomas,Returning,2024-12-03,Mobile
403,Charles,Matthews,charles.matthews342@gmail.com,42,Female,Mexico,Jasonton,Returning,2024-09-09,Tablet
404,Raymond,Mitchell,raymond.mitchell108@hotmail.com,29,Male,India,Hendersonfurt,VIP,2019-06-30,Mobile
405,Amanda,Jensen,amanda.jensen422@yahoo.com,36,Other,  United Kingdom  ,West Christianborough,,2024-11-04,Mobile
406,eric,Murphy,eric.murphy296@hotmail.com,37,Other,United States,West Hollybury,New,2019-05-07,Mobile
407,Christopher,Hamilton,christopher.hamilton834@yahoo.com,32,Other,Netherlands,West Elizabethburgh,VIP,2019-09-19,Desktop
408,Jean,Miles,jean.miles466@gmail.com,18,Male,Egypt,Bentonhaven,Returning,2022-02-07,Mobile
409,Lynn,Green,lynn.green259@yahoo.com,21,Female,Indonesia,Lake Kimberly,New,2020-08-11,Desktop
410,Olivia,Wise,olivia.wise994@gmail.com,18,Female,Netherlands,Lindsayview,Returning,2022-02-21,Tablet
411,Jose,Proctor,jose.proctor845@hotmail.com,56,Male,Australia,South Spencerstad,At-Risk,2019-05-02,Tablet
412,Michele,Jackson,michele.jackson891@gmail.com,30,Other,South Africa,Kerrishire,Returning,2023-01-16,Mobile
413,Darrell,Yang,darrell.yang424@gmail.com,43,Male,South Africa,Port Michellebury,New,2019-04-11,Desktop
414,Michael,Mora,michael.mora531@gmail.com,18,Female,Brazil,New Lindachester,Returning,2020-05-06,Tablet
415,John,Moon,john.moon775@yahoo.com,28,Female,UAE,Margaretshire,Churned,2021-03-27,Tablet
416,Wayne,Winters,wayne.winters453@gmail.com,40,Male,United Kingdom,Port Zachary,New,2019-04-11,Desktop
417,richard,Wiley,richard.wiley274@yahoo.com,35,Other,United Kingdom,Markside,At-Risk,2021-09-27,Desktop
418,Miguel,Carter,miguel.carter950@yahoo.com,50,Female,France,South Micheal,Returning,2024-10-30,Mobile
419,Whitney,Parsons,whitney.parsons902@hotmail.com,49,Other,,East Adam,Returning,2021-06-17,Mobile
420,Jesse,Reed,jesse.reed125@hotmail.com,18,Male,Philippines,West Aaronfurt,New,2024-02-04,Tablet
421,Jessica,Garcia,jessica.garcia624@hotmail.com,20,Male,Spain,South Travis,New,2019-05-12,Tablet
422,Wendy,Dawson,wendy.dawson163@gmail.com,49,Female,Philippines,East Phyllishaven,Returning,2021-06-24,Tablet
423,Paula,Ellis,paula.ellis15@hotmail.com,36,Other,Germany,New Codyberg,At-Risk,2022-10-28,Mobile
424,Preston,Vargas,preston.vargas96@gmail.com,20,Male,France,Batesberg,,2020-06-02,Desktop
425,Jose,Edwards,jose.edwards473@yahoo.com,54,Male,,Louisview,New,2020-05-26,Tablet
426,Sherry,Taylor,sherry.taylor853@hotmail.com,46,Male,U.S.A.,East Danielmouth,VIP,2021-10-18,Mobile
427,Richard,Herrera,richard.herrera956@gmail.com,32,Other,Netherlands,Parkerview,At-Risk,2024-02-11,Mobile
428,Christopher,Aguirre,christopher.aguirre522@yahoo.com,60,Other,Brazil,East Marymouth,At-Risk,2019-11-21,Mobile
429,Jennifer,Schmitt,jennifer.schmitt426@yahoo.com,32,Female,CANADA,Lake Kentburgh,New,2019-03-10,Mobile
430,Richard,Chavez,richard.chavez250@hotmail.com,33,Female,India,North Steven,Churned,2023-10-28,Tablet
431,Donald,Smith,donald.smith149@gmail.com,44,Female,Canada,East Madison,Returning,2021-03-26,Desktop
432,Crystal,Newman,crystal.newman944@hotmail.com,35,Other,United States,Samanthaland,New,2019-02-17,Tablet
433,Caleb,Orr,caleb.orr765@yahoo.com,46,Male,Australia,North Rebecca,,2023-12-23,Desktop
434,Martin,Williams,martin.williams283@yahoo.com,40,Female,Australia,East Sandrachester,VIP,2023-12-06,Mobile
435,Randall,Johnson,randall.johnson957@hotmail.com,49,Other,U.K.,Thompsonborough,VIP,2024-06-13,Mobile
436,Joshua,Griffin,joshua.griffin841@gmail.com,23,Male,Philippines,New Christinebury,New,2022-11-19,Mobile
437,Victor,Andrade,victor.andrade744@yahoo.com,28,Female,Netherlands,North Joshuaberg,New,2021-07-07,Tablet
438,Dawn,Robles,dawn.robles594@gmail.com,58,Other,,South Kimberlystad,At-Risk,2021-11-16,Mobile
439,Kimberly,Cooper,kimberly.cooper887@hotmail.com,37,Male,India,Paulburgh,Returning,2019-02-27,Mobile
440,Carla,Johnson,carla.johnson552@yahoo.com,40,Female,Netherlands,Port Victoriahaven,Returning,2021-02-22,Mobile
441,Brandy,Hall,,49,Other,UK,East Dianeview,VIP,2022-03-15,Tablet
442,Kylie,Mclaughlin,kylie.mclaughlin387@gmail.com,50,Female,France,Kellyburgh,VIP,2020-01-21,Mobile
443,Brittany,Drake,brittany.drake891@hotmail.com,39,Male,Indonesia,Robintown,New,2023-03-22,Tablet
444,Michael,Bradley,michael.bradley245@gmail.com,26,Other,INDONESIA,Port Vanessa,Returning,2024-04-15,Mobile
445,Travis,Parker,travis.parker240@yahoo.com,39,Female,India,North Brianbury,,2019-02-13,Desktop
446,Timothy,Rivera,timothy.rivera326@hotmail.com,41,Other,Nigeria,Port David,Returning,2023-04-20,Mobile
447,Samantha,Richard,samantha.richard723@yahoo.com,50,Female,Italy,North Dylanberg,VIP,2023-08-24,Mobile
448,Meghan,Valencia,meghan.valencia680@gmail.com,21,Other,SPAIN,Janetfurt,Returning,2022-07-07,Desktop
449,Matthew,Morris,matthew.morris508@gmail.com,34,Male,India,Connerfort,New,2022-11-23,Desktop
450,Grant,Novak,grant.novak515@hotmail.com,37,Other,Canada,Jeffreyshire,Returning,2023-11-20,Mobile
451,Nicholas,Gross,nicholas.gross891@yahoo.com,55,Male,Germany,East Jessica,Returning,2024-09-09,Mobile
452,Stacy,Myers,stacy.myers103@hotmail.com,25,Other,United Kingdom,East Carriebury,Returning,2022-11-02,Mobile
453,Dalton,Crawford,dalton.crawford16@yahoo.com,55,Other,Brazil,East Michaelmouth,Returning,2020-01-03,Desktop
454,nicole,Davis,nicole.davis420@hotmail.com,48,Other,Germany,Seanview,At-Risk,2020-04-04,Desktop
455,Heather,Bell,heather.bell77@gmail.com,18,Female,United States,North Paulchester,Returning,2024-10-24,Mobile
456,Nicole,Snyder,nicole.snyder347@yahoo.com,63,Other,Germany,Amyville,Returning,2023-12-21,Tablet
457,Kristina,Lane,kristina.lane408@hotmail.com,48,Other,Brazil,East Shannon,VIP,2023-10-18,Desktop
458,Arthur,Smith,arthur.smith873@yahoo.com,65,Female,Italy,North Matthewfurt,VIP,2019-12-19,Tablet
459,Charles,Mcmahon,charles.mcmahon880@gmail.com,45,Other,United Kingdom,Brookefort,Churned,2023-03-24,Mobile
460,Ryan,Valdez,ryan.valdez978@hotmail.com,39,Female,U.S.A.,Mooreville,Churned,2020-12-26,Tablet
461,Terri,Ortiz,terri.ortiz736@hotmail.com,26,Female,Australia,Donnaport,New,2020-06-04,Tablet
462,Brandon,Armstrong,brandon.armstrong37@yahoo.com,32,Other,Canada,North Michael,Returning,2021-07-25,Desktop
463,Kelly,Stanley,kelly.stanley241@hotmail.com,38,Other,Canada,Gonzaleztown,Returning,2020-03-29,Tablet
464,Danielle,Rowland,danielle.rowland944@yahoo.com,52,Female,U.A.E.,West Kristenfort,New,2021-12-07,Desktop
465,Donna,Davis,donna.davis765@hotmail.com,24,Male,United Kingdom,Lopezfurt,VIP,2021-03-20,Mobile
466,Sean,Baker,sean.baker101@yahoo.com,33,Other,United Kingdom,Jeremyview,Returning,2022-05-21,Tablet
467,Edward,Horton,edward.horton894@gmail.com,28,Male,India,Lake Mauriceside,New,2021-06-26,Mobile
468,Katherine,Perez,katherine.perez171@gmail.com,39,Other,Philippines,Cardenaschester,Returning,2024-10-16,Mobile
469,gloria,Mayer,gloria.mayer926@hotmail.com,38,Male,united states,South Kent,Returning,2021-05-15,Desktop
470,Melissa,Johnson,melissa.johnson333@hotmail.com,52,Male,Philippines,North Stacy,Returning,2021-09-10,Mobile
471,Stacy,Jackson,stacy.jackson368@gmail.com,36,Female,U.K.,East Brad,New,2019-06-21,Mobile
472,Felicia,Harris,felicia.harris150@hotmail.com,36,Male,,Port Brooke,Returning,2020-12-01,Tablet
473,Jessica,Aguirre,jessica.aguirre422@gmail.com,21,Other,Spain,Hawkinsside,New,2020-12-15,Tablet
474,Joshua,Ellis,joshua.ellis812@gmail.com,27,Male,Italy,Rodriguezberg,Returning,2019-11-21,Desktop
475,Brianna,Chang,brianna.chang180@gmail.com,27,Male,Brazil,New Kimberlyport,Returning,2024-03-15,Tablet
476,Nicole,Humphrey,nicole.humphrey892@yahoo.com,39,Female,Brazil,Penashire,New,2022-08-27,Tablet
477,Benjamin,Hill,benjamin.hill700@gmail.com,43,Male,Britain,Williamsmouth,New,2023-02-21,Mobile
478,Brandon,Alvarez,brandon.alvarez935@yahoo.com,40,Other,USA,Andrewport,Returning,2020-11-12,Desktop
479,Megan,Garrison,megan.garrison238@hotmail.com,47,Female,United Kingdom,Port Jeremyport,Returning,2024-11-04,Tablet
480,Scott,Petersen,scott.petersen261@yahoo.com,62,Female,Brazil,Jacobsland,Returning,2020-02-16,Mobile
481,Jason,Holloway,jason.holloway683@hotmail.com,26,Male,France,Malonestad,VIP,2023-12-04,Mobile
482,Zachary,Moore,zachary.moore923@yahoo.com,55,Female,Japan,Taylorhaven,Churned,2024-04-10,Tablet
483,Anthony,Lee,anthony.lee560@gmail.com,42,Male,Canada,East Antonioton,New,2024-07-04,Desktop
484,Janet,Hill,janet.hill453@yahoo.com,55,Female,USA,Reidville,At-Risk,2023-02-01,Tablet
485,John,Burns,john.burns307@yahoo.com,29,Other,United Kingdom,Port Thomas,Returning,2022-04-22,Mobile
486,Max,Monroe,max.monroe707@yahoo.com,23,Female,USA,West Anthonyton,Returning,2019-12-23,Mobile
487,Ashley,Hanna,ashley.hanna866@gmail.com,38,Female,Nigeria,Lake Jamie,VIP,2022-11-28,Desktop
488,William,Hancock,william.hancock394@hotmail.com,18,Female,India,South Rhondaburgh,Returning,2022-08-10,Desktop
489,Alan,King,alan.king243@yahoo.com,50,Female,Indonesia,Rodneyfurt,VIP,2024-02-09,Tablet
490,Stephen,Robinson,stephen.robinson368@yahoo.com,21,Other,India,Silvatown,VIP,2022-01-25,Mobile
491,Eileen,Bridges,eileen.bridges717@yahoo.com,27,Female,India,Kennethville,Churned,2021-11-21,Desktop
492,Matthew,Hill,matthew.hill850@yahoo.com,35,Other,United Kingdom,Joseport,VIP,2020-02-17,Mobile
493,Zachary,Allen,zachary.allen282@gmail.com,38,Male,United States,Guerreroberg,Returning,2023-04-30,Tablet
494,Diana,Bright,diana.bright886@yahoo.com,19,Other,Egypt,Sullivanton,Returning,2022-07-01,Tablet
495,Wanda,Cabrera,wanda.cabrera997@yahoo.com,49,Male,Saudi Arabia,Lake Amanda,New,2023-09-16,Tablet
496,Rebecca,Powers,rebecca.powers764@hotmail.com,43,Female,France,Meganside,New,2020-02-01,Mobile
497,connor,Anderson,connor.anderson795@yahoo.com,50,Male,India,Lake Rachel,Returning,2022-12-04,Tablet
498,Jeffrey,Walker,jeffrey.walker822@yahoo.com,37,Female,US,Frenchmouth,VIP,2021-03-25,Desktop
499,  Brenda  ,Ford,brenda.ford652@gmail.com,37,Male,Spain,Brownshire,VIP,2022-06-25,Tablet
500,Christine,Kennedy,christine.kennedy257@gmail.com,34,Other,United States,Port Erinhaven,Returning,2020-10-15,Tablet
501,Brian,Dickerson,brian.dickerson786@gmail.com,26,Other,UNITED STATES,West Robert,Churned,2022-06-01,Tablet
502,Rebecca,Ellis,,20,Male,India,Port Christopher,Returning,2020-12-29,Tablet
503,Valerie,Edwards,valerie.edwards100@gmail.com,22,Other,Brazil,South Joshuaburgh,Returning,2022-06-16,Tablet
504,Eric,Glover,,18,Female,Saudi Arabia,New Ryan,Returning,2021-07-29,Mobile
505,Roy,Woods,roy.woods35@gmail.com,36,Other,Germany,New Jamesstad,At-Risk,2024-09-12,Mobile
506,Patricia,Sherman,patricia.sherman750@hotmail.com,34,Male,Netherlands,North Erica,At-Risk,2022-10-05,Desktop
507,John,Steele,john.steele932@yahoo.com,27,Female,USA,Davidfurt,,2022-01-07,Mobile
508,Kevin,Brown,kevin.brown766@gmail.com,47,Female,United Kingdom,Stacymouth,VIP,2023-05-14,Desktop
509,Caitlyn,Morgan,caitlyn.morgan206@hotmail.com,36,Male,Mexico,West Wendy,At-Risk,2021-12-09,Tablet
510,Karen,Martin,karen.martin898@yahoo.com,35,Female,USA,East Jeffreyberg,At-Risk,2020-04-07,Tablet
511,Andrew,Wagner,andrew.wagner514@gmail.com,35,Female,Brazil,Jenniferton,VIP,2021-04-02,Desktop
512,Danielle,Wise,danielle.wise264@hotmail.com,45,Female,United Kingdom,New Virginiaville,Returning,2022-12-02,Mobile
513,Andrew,Norris,andrew.norris765@yahoo.com,23,Female,Germany,Jamesside,New,2020-07-07,Desktop
514,Jacqueline,Harris,jacqueline.harris480@hotmail.com,32,Male,US,West Robertville,New,2022-12-22,Desktop
515,Joseph,Obrien,joseph.obrien773@gmail.com,36,Male,Philippines,Rivasville,Returning,2022-01-25,Tablet
516,Christine,Campbell,christine.campbell742@gmail.com,42,Other,Canada,Gonzalezborough,Returning,2023-09-01,Mobile
517,Marie,Dudley,,24,Other,Mexico,Phillipston,New,2022-04-15,Mobile
518,Renee,Watts,renee.watts93@yahoo.com,34,Female,Brazil,Jimmytown,VIP,2023-01-11,Desktop
519,Rebecca,Conley,rebecca.conley271@hotmail.com,33,Other,United States,Hernandezland,Churned,2023-09-04,Desktop
520,Charles,Cummings,charles.cummings466@yahoo.com,53,Female,,South Vanessa,VIP,2020-10-10,Tablet
521,Steven,Garcia,steven.garcia767@gmail.com,28,Other,Japan,Port Kellymouth,New,2021-07-22,Mobile
522,Darrell,York,darrell.york599@gmail.com,32,Female,,Port Devonburgh,Churned,2020-12-21,Tablet
523,Patricia,Friedman,patricia.friedman963@yahoo.com,41,Female,Canada,West Lisaburgh,Returning,2019-09-07,Desktop
524,Ricardo,Bryant,ricardo.bryant692@yahoo.com,50,Male,India,Marshburgh,Returning,2019-09-05,Mobile
525,Heather,Brown,heather.brown26@gmail.com,19,Other,Germany,South Rhondafort,Returning,2023-10-24,Tablet
526,Erika,White,erika.white336@yahoo.com,33,Other,Italy,Cherylberg,VIP,2021-11-24,Desktop
527,tony,Clay,tony.clay664@yahoo.com,29,Male,USA,North Josemouth,New,2019-01-28,Tablet
528,Miranda,Warren,miranda.warren844@hotmail.com,18,Female,Egypt,Lake Morgan,New,2022-02-11,Tablet
529,Haley,Montgomery,haley.montgomery310@yahoo.com,18,Other,United States,South Michael,New,2023-01-21,Mobile
530,Paul,Combs,paul.combs120@hotmail.com,38,Male,Indonesia,North Dawnburgh,At-Risk,2022-01-12,Desktop
531,Taylor,Simpson,taylor.simpson969@gmail.com,35,Male,United States,Port Travisbury,Returning,2020-12-25,Mobile
532,Joshua,Hunter,joshua.hunter505@hotmail.com,42,Male,,Powellbury,At-Risk,2019-06-22,Desktop
533,Sean,Berry,sean.berry241@gmail.com,35,Other,United States,Westville,Returning,2024-11-18,Desktop
534,Julie,Smith,julie.smith398@yahoo.com,24,Female,United Arab Emirates,Johnsonside,Returning,2019-01-01,Mobile
535,Christopher,Munoz,christopher.munoz687@hotmail.com,19,Other,Australia,Pamelaside,At-Risk,2020-03-29,Tablet
536,Emily,Clements,emily.clements969@yahoo.com,18,Other,Nigeria,Port Jeffreymouth,Churned,2020-12-28,Mobile
537,Katrina,Greene,katrina.greene602@hotmail.com,27,Other,Japan,Jenniferville,Returning,2019-08-02,Tablet
538,Donna,Smith,donna.smith159@yahoo.com,48,Female,UK,Amystad,At-Risk,2023-03-19,Tablet
539,Brandon,Martin,brandon.martin102@gmail.com,61,Female,Mexico,Rodriguezborough,At-Risk,2020-02-15,Tablet
540,Sarah,Long,sarah.long418@yahoo.com,28,Female,Mexico,Lake Matthew,Returning,2023-07-17,Desktop
541,Brandon,Schultz,brandon.schultz707@hotmail.com,36,Female,United States,Port Patriciamouth,VIP,2022-12-13,Desktop
542,Stephanie,Taylor,stephanie.taylor455@yahoo.com,26,Female,India,New Jillside,VIP,2024-08-11,Desktop
543,Mary,Webb,mary.webb876@hotmail.com,31,Female,united states,Lake Beth,New,2023-05-20,Desktop
544,David,Hughes,david.hughes703@hotmail.com,38,Female,Philippines,Williamfurt,VIP,2021-07-06,Tablet
545,Chelsea,Schwartz,chelsea.schwartz924@gmail.com,19,Other,,Raymondmouth,At-Risk,2024-10-27,Mobile
546,Shawn,Anderson,shawn.anderson63@yahoo.com,24,Female,Mexico,Meganside,New,2024-02-29,Mobile
547,Jennifer,Walls,jennifer.walls195@hotmail.com,50,Male,Canada,East Jason,New,2023-04-15,Mobile
548,Glenda,Morse,glenda.morse94@gmail.com,44,Other,United States,New Amy,Churned,2022-10-27,Desktop
549,Jennifer,Hodges,jennifer.hodges658@hotmail.com,47,Other,Brazil,Aguilarchester,Returning,2023-01-17,Tablet
550,Patricia,Ferguson,,26,Male,United Kingdom,New Danielfurt,New,2019-11-15,Desktop
551,Ellen,Gonzalez,ellen.gonzalez806@gmail.com,51,Female,Mexico,Francesberg,Returning,2024-01-14,Desktop
552,Hannah,Phillips,hannah.phillips129@hotmail.com,42,Other,United States,West Lisaville,Churned,2022-09-11,Desktop
553,Emma,Hoffman,,28,Other,Indonesia,Youngport,Returning,2023-02-27,Desktop
554,Brandon,James,brandon.james601@yahoo.com,47,Male,  Brazil  ,Tammyton,VIP,2019-01-29,Desktop
555,John,Oliver,john.oliver337@yahoo.com,42,Male,US,Lake Janet,Returning,2022-11-19,Tablet
556,Kari,Payne,kari.payne3@hotmail.com,48,Female,Saudi Arabia,Port Jenny,New,2020-02-28,Desktop
557,Shane,Lucero,shane.lucero134@gmail.com,23,Other,France,East Jill,Returning,2019-09-19,Mobile
558,Billy,Ramirez,billy.ramirez818@yahoo.com,18,Male,Saudi Arabia,East Brandy,New,2020-07-12,Desktop
559,Mark,Mckinney,mark.mckinney677@gmail.com,33,Male,Nigeria,East Sarahton,Returning,2023-08-23,Desktop
560,Colleen,Cameron,colleen.cameron16@yahoo.com,32,Female,Canada,Tylerside,At-Risk,2021-02-23,Desktop
561,Kristen,Stewart,kristen.stewart603@gmail.com,33,Female,  Egypt  ,New Carlos,,2022-01-11,Desktop
562,Robert,Herrera,robert.herrera179@gmail.com,39,Female,Netherlands,Jeffreyborough,VIP,2022-12-24,Desktop
563,Mark,Carter,mark.carter130@hotmail.com,43,Other,United Kingdom,Barajastown,Returning,2019-09-09,Mobile
564,Michael,Allen,,50,Male,Indonesia,North Felicia,Churned,2020-12-04,Tablet
565,Ruth,Landry,ruth.landry66@yahoo.com,40,Female,Italy,Amberport,New,2019-02-24,Mobile
566,Zachary,Townsend,zachary.townsend797@hotmail.com,28,Female,India,Tuckerport,At-Risk,2024-05-22,Tablet
567,James,Palmer,james.palmer608@gmail.com,39,Male,Brazil,Port Amanda,Returning,2019-01-17,Mobile
568,Cameron,Santiago,cameron.santiago516@gmail.com,56,Male,Canada,Houstonborough,Returning,2022-03-24,Tablet
569,Jacqueline,Cherry,jacqueline.cherry45@yahoo.com,45,Other,Mexico,Lake Ginatown,VIP,2021-10-03,Tablet
570,martin,Miller,martin.miller534@gmail.com,40,Female,,Port Johnathan,Returning,2019-06-04,Mobile
571,Lorraine,Bartlett,lorraine.bartlett659@yahoo.com,33,Male,Spain,Hayesfurt,,2021-08-06,Desktop
572,Andre,Nunez,andre.nunez491@hotmail.com,25,Female,India,Lake Jenniferland,VIP,2023-07-15,Mobile
573,Brenda,Haynes,brenda.haynes703@gmail.com,21,Male,Germany,Sarahville,At-Risk,2020-09-27,Mobile
574,Gina,Obrien,,41,Female,INDIA,Jamestown,New,2021-11-04,Desktop
575,Amanda,Taylor,,26,Male,Philippines,Susanberg,Returning,2020-10-15,Mobile
576,Olivia,Sanford,olivia.sanford623@hotmail.com,43,Male,Canada,Susantown,New,2022-04-27,Desktop
577,Angela,Martinez,angela.martinez130@gmail.com,44,Female,Indonesia,Medinaland,Returning,2020-10-29,Tablet
578,Kaitlin,Berger,kaitlin.berger649@yahoo.com,31,Other,Australia,South Rebecca,VIP,2024-02-09,Tablet
579,  Douglas  ,White,douglas.white730@hotmail.com,38,Female,germany,Jamesburgh,Returning,2023-01-10,Mobile
580,Ashley,Brown,ashley.brown612@hotmail.com,47,Other,Japan,Newmanland,New,2020-09-28,Mobile
581,Carlos,Garcia,carlos.garcia465@hotmail.com,18,Other,Spain,Lynnstad,New,2019-10-08,Tablet
582,Diana,Garcia,diana.garcia441@hotmail.com,51,Male,Brazil,East Louismouth,,2020-12-20,Tablet
583,Donna,Steele,donna.steele118@gmail.com,29,Other,Brazil,Lindseychester,Returning,2020-01-05,Tablet
584,Lawrence,Floyd,lawrence.floyd899@hotmail.com,38,Other,India,Hillstad,Returning,2019-10-22,Tablet
585,  Jessica  ,Humphrey,jessica.humphrey887@yahoo.com,48,Male,Canada,Howardport,At-Risk,2021-12-02,Mobile
586,Daniel,Brewer,daniel.brewer463@gmail.com,43,Male,india,Micheleberg,New,2024-05-06,Mobile
587,JAMES,Gross,james.gross348@hotmail.com,33,Female,Spain,Lake Charlestown,VIP,2024-02-05,Mobile
588,Crystal,Hess,crystal.hess426@hotmail.com,30,Other,Spain,Hammondborough,Returning,2024-06-08,Desktop
589,Andrea,Stephens,andrea.stephens321@hotmail.com,22,Female,Germany,Valdezberg,Returning,2021-03-12,Mobile
590,Jeffrey,Barton,jeffrey.barton682@hotmail.com,33,Female,United States,Dennishaven,New,2022-01-23,Mobile
591,Randy,Shaw,randy.shaw977@hotmail.com,54,Male,Indonesia,Port Tamara,Churned,2024-11-21,Tablet
592,Gabrielle,Todd,gabrielle.todd946@gmail.com,43,Female,Mexico,Mooreshire,Returning,2024-09-09,Desktop
593,Donna,Faulkner,donna.faulkner94@hotmail.com,50,Male,United States,Crosbyton,Returning,2020-04-24,Desktop
594,Tony,Brown,tony.brown443@yahoo.com,42,Male,Italy,North Elizabeth,Returning,2022-02-08,Tablet
595,Lacey,Hughes,lacey.hughes757@yahoo.com,58,Female,United Kingdom,North Tinamouth,Returning,2019-08-15,Desktop
596,Tanya,Schultz,tanya.schultz570@yahoo.com,54,Male,Germany,Bethshire,New,2020-01-16,Tablet
597,Desiree,Diaz,desiree.diaz980@hotmail.com,37,Other,Canada,New Johnbury,Churned,2022-02-05,Tablet
598,Michael,Parrish,michael.parrish338@yahoo.com,18,Other,United Kingdom,Eatontown,Returning,2022-01-04,Desktop
599,Don,Martin,don.martin421@gmail.com,42,Female,Australia,Jasonburgh,Returning,2019-12-11,Tablet
600,carolyn,Montoya,carolyn.montoya964@hotmail.com,29,Female,United States,South Lisa,New,2023-04-28,Tablet
601,Timothy,Mendoza,timothy.mendoza53@gmail.com,35,Female,France,Lake Martha,,2019-02-19,Tablet
602,Bradley,Berry,bradley.berry320@gmail.com,57,Female,egypt,Lake William,New,2024-05-05,Desktop
603,Dylan,Jackson,dylan.jackson592@gmail.com,24,Other,Egypt,Greeneshire,VIP,2022-10-29,Desktop
604,Natalie,Luna,natalie.luna159@yahoo.com,39,Other,Philippines,East Shanefort,,2024-03-15,Mobile
605,George,Greer,george.greer230@hotmail.com,34,Male,Canada,Port Brandi,New,2023-08-09,Mobile
606,Cindy,Dixon,cindy.dixon866@gmail.com,33,Other,South Africa,Sandrashire,New,2019-05-31,Mobile
607,Nicholas,Anderson,nicholas.anderson118@gmail.com,46,Female,Australia,New Michele,At-Risk,2022-01-10,Tablet
608,Robert,Hernandez,robert.hernandez232@gmail.com,26,Female,United States,South Rachel,Returning,2022-08-07,Tablet
609,  Natalie  ,Schmidt,,18,Other,Germany,South Donnaside,At-Risk,2023-12-19,Tablet
610,Penny,Hampton,penny.hampton692@hotmail.com,46,Other,United States,Boydstad,VIP,2024-03-31,Tablet
611,Heidi,Patterson,,36,Other,Saudi Arabia,Bellshire,New,2019-08-03,Tablet
612,Dennis,Woods,dennis.woods850@gmail.com,42,Other,France,West Carmenside,New,2021-06-14,Mobile
613,Jacob,Fletcher,jacob.fletcher30@gmail.com,45,Male,UK,New Adrianborough,Returning,2023-02-15,Mobile
614,Leslie,Cox,leslie.cox720@gmail.com,20,Female,AUSTRALIA,Pearsonview,Churned,2020-07-26,Mobile
615,Amanda,Cunningham,amanda.cunningham360@hotmail.com,18,Male,United States,Victoriafurt,New,2023-07-13,Desktop
616,Robert,Bowers,robert.bowers891@yahoo.com,49,Male,United Kingdom,West Angie,New,2021-11-25,Tablet
617,Vanessa,Lane,vanessa.lane674@hotmail.com,38,Female,India,Fitzgeraldville,New,2023-06-27,Desktop
618,Sean,Lyons,sean.lyons146@gmail.com,49,Other,Netherlands,East Williammouth,VIP,2023-10-21,Tablet
619,Christina,Cohen,christina.cohen996@gmail.com,38,Male,India,South Tamara,New,2019-01-12,Desktop
620,Christopher,Thomas,christopher.thomas765@hotmail.com,31,Other,AUSTRALIA,Davisview,Returning,2020-04-30,Desktop
621,Christopher,Johnson,christopher.johnson386@yahoo.com,41,Female,Australia,Mendezhaven,Returning,2020-09-19,Mobile
622,Tabitha,Brown,tabitha.brown350@gmail.com,46,Male,Mexico,Gonzalesborough,Returning,2024-02-07,Mobile
623,Sarah,Holmes,sarah.holmes320@gmail.com,36,Other,Italy,Port Carolhaven,Returning,2023-03-11,Mobile
624,Christina,Craig,christina.craig796@yahoo.com,27,Other,United States,Lake Aaron,At-Risk,2019-12-11,Tablet
625,Wendy,Chan,wendy.chan87@yahoo.com,28,Male,United States,Sullivanborough,Returning,2022-02-08,Desktop
626,Jillian,Jones,jillian.jones162@gmail.com,26,Other,Egypt,Jessicaside,Returning,2024-06-27,Desktop
627,Michael,Richmond,michael.richmond691@yahoo.com,39,Male,Nigeria,New Sylvia,At-Risk,2021-09-23,Mobile
628,Richard,Smith,richard.smith454@gmail.com,32,Other,United Kingdom,Hunterside,Returning,2019-06-08,Mobile
629,Kelly,Arroyo,kelly.arroyo498@hotmail.com,46,Other,India,Nancyshire,Returning,2020-07-02,Mobile
630,Scott,Bennett,scott.bennett425@yahoo.com,35,Female,United States,Port Matthew,VIP,2023-08-27,Desktop
631,Erin,Mosley,erin.mosley774@gmail.com,30,Other,Spain,Wilsonland,Churned,2021-04-18,Desktop
632,Kristina,Robinson,kristina.robinson354@hotmail.com,49,Female,United Kingdom,Port Leslie,Returning,2024-09-24,Desktop
633,Zachary,Smith,zachary.smith291@yahoo.com,47,Other,Brazil,West Christopher,Returning,2023-01-16,Tablet
634,Lori,Jones,lori.jones608@gmail.com,27,Female,Spain,Edwardsborough,Returning,2024-05-13,Tablet
635,Joseph,Valentine,joseph.valentine684@hotmail.com,36,Female,United States,South Jillian,VIP,2020-05-29,Desktop
636,John,Baker,john.baker226@gmail.com,46,Female,Spain,Port John,Returning,2022-09-17,Tablet
637,Eric,Rodriguez,,31,Male,United Kingdom,Austinside,At-Risk,2024-09-29,Desktop
638,MELANIE,Watson,melanie.watson309@yahoo.com,31,Male,Mexico,Villanuevashire,New,2024-03-18,Desktop
639,Travis,Joyce,travis.joyce783@hotmail.com,60,Female,US,Raymondshire,At-Risk,2019-10-08,Mobile
640,Alicia,Henderson,alicia.henderson336@hotmail.com,23,Male,Spain,New Michaelburgh,Returning,2021-09-28,Desktop
641,David,Holmes,david.holmes510@yahoo.com,35,Other,Indonesia,North Emilyfurt,VIP,2022-06-26,Mobile
642,Mark,Salazar,mark.salazar180@yahoo.com,41,Male,Mexico,New Jose,New,2020-08-13,Mobile
643,Susan,Cooper,susan.cooper546@gmail.com,33,Other,USA,Colemanchester,New,2023-03-16,Desktop
644,Nathan,Dickerson,nathan.dickerson513@yahoo.com,47,Other,India,Whiteberg,Returning,2024-11-15,Tablet
645,Gina,Olsen,,42,Female,United States,Lindaside,VIP,2021-08-04,Desktop
646,Oscar,Thomas,oscar.thomas407@hotmail.com,39,Other,UK,South Linda,At-Risk,2020-01-22,Desktop
647,VICTOR,Cowan,victor.cowan447@hotmail.com,38,Male,Japan,Kristenport,Returning,2020-07-03,Mobile
648,Michele,Williams,michele.williams944@gmail.com,51,Male,Australia,North Jason,At-Risk,2020-07-11,Mobile
649,Mary,Davis,mary.davis590@hotmail.com,18,Female,Australia,Jordanstad,At-Risk,2022-05-12,Tablet
650,Sarah,Scott,sarah.scott415@gmail.com,28,Other,GERMANY,Martinezborough,New,2022-06-17,Tablet
651,Debra,Ryan,debra.ryan428@yahoo.com,46,Female,United States,Markhaven,New,2021-12-04,Desktop
652,Jill,Preston,jill.preston415@yahoo.com,42,Male,United States,Stevenberg,Returning,2024-03-17,Mobile
653,Danielle,Mcfarland,danielle.mcfarland176@yahoo.com,55,Other,Mexico,Sweeneyland,Returning,2019-06-23,Mobile
654,Matthew,Edwards,matthew.edwards852@hotmail.com,32,Other,Germany,Jenniferfurt,At-Risk,2020-08-17,Mobile
655,Sean,Roy,sean.roy91@yahoo.com,40,Female,Mexico,Gutierrezburgh,New,2024-02-15,Desktop
656,David,Young,david.young250@yahoo.com,35,Female,Japan,East Garrettville,Returning,2019-07-29,Tablet
657,Sharon,Kennedy,sharon.kennedy411@gmail.com,30,Other,Britain,Port Randyland,At-Risk,2019-08-16,Desktop
658,Christine,Miller,christine.miller406@yahoo.com,38,Female,United Kingdom,Jeromeport,At-Risk,2021-08-28,Tablet
659,David,Rose,david.rose348@gmail.com,46,Male,Japan,North Elizabethmouth,Returning,2024-03-08,Mobile
660,Tanner,Pitts,tanner.pitts798@yahoo.com,19,Male,CANADA,Taylorside,New,2020-01-23,Desktop
661,Carla,Welch,carla.welch523@hotmail.com,42,Other,Nigeria,Millsside,VIP,2020-11-09,Desktop
662,Michael,Fernandez,michael.fernandez544@gmail.com,38,Other,Spain,Parkerchester,VIP,2020-07-23,Desktop
663,Kevin,Smith,kevin.smith928@gmail.com,40,Female,mexico,Justinside,Returning,2019-01-19,Mobile
664,Sandra,Arroyo,sandra.arroyo745@yahoo.com,33,Other,United States,Albertchester,Returning,2023-10-15,Desktop
665,Carla,Robles,carla.robles242@hotmail.com,49,Male,India,Jacobside,Returning,2021-08-15,Desktop
666,John,Espinoza,john.espinoza263@hotmail.com,34,Male,Indonesia,Claytonbury,New,2020-07-30,Desktop
667,Robert,Allen,robert.allen617@hotmail.com,29,Male,,Justinside,Churned,2023-11-08,Tablet
668,Robert,Castaneda,robert.castaneda78@gmail.com,34,Male,Canada,West Daniel,At-Risk,2021-09-24,Tablet
669,Shawn,Graves,shawn.graves506@yahoo.com,42,Female,Egypt,West Andrew,At-Risk,2019-04-19,Tablet
670,Amanda,Lopez,amanda.lopez779@gmail.com,32,Other,United States,Josephmouth,Churned,2023-05-13,Mobile
671,Jesse,Hernandez,jesse.hernandez698@yahoo.com,24,Other,,West Robert,New,2023-09-18,Tablet
672,Tyrone,Watson,,49,Other,Nigeria,West Christopherberg,New,2019-05-03,Mobile
673,Kimberly,Jones,kimberly.jones885@yahoo.com,40,Other,United States,East Paula,New,2020-07-01,Mobile
674,Patrick,Smith,patrick.smith155@hotmail.com,58,Female,United States,South Kelsey,Returning,2021-08-28,Desktop
675,Joan,Johnson,joan.johnson481@yahoo.com,45,Female,CANADA,New Elizabethborough,New,2021-11-01,Tablet
676,Erin,Collins,erin.collins311@yahoo.com,18,Female,Egypt,Lake Jessica,New,2023-06-20,Tablet
677,Andrea,Martinez,andrea.martinez58@yahoo.com,47,Female,Nigeria,Jameston,New,2024-03-07,Tablet
678,Jeff,Rodriguez,jeff.rodriguez76@hotmail.com,56,Female,United States,Nguyenburgh,New,2023-10-07,Mobile
679,Brenda,Foster,brenda.foster463@gmail.com,36,Male,United States,North Biancafort,At-Risk,2023-02-17,Desktop
680,Eric,Townsend,eric.townsend378@gmail.com,49,Female,Brazil,South Christopher,New,2022-09-17,Desktop
681,Sarah,Shea,sarah.shea661@hotmail.com,47,Male,Nigeria,North Michaelberg,Returning,2023-03-17,Tablet
682,Lacey,Martinez,lacey.martinez609@gmail.com,42,Other,India,Tinastad,Returning,2023-10-31,Mobile
683,Samuel,Lee,samuel.lee474@hotmail.com,28,Other,Spain,Howardberg,Returning,2020-07-03,Tablet
684,Benjamin,Mann,benjamin.mann978@hotmail.com,18,Other,Nigeria,Amyfort,Returning,2020-02-20,Desktop
685,Jacob,Bailey,jacob.bailey461@hotmail.com,55,Other,Brazil,Hillside,VIP,2019-12-18,Tablet
686,Amanda,Cole,amanda.cole193@yahoo.com,51,Female,United Kingdom,Shawnhaven,Returning,2021-04-10,Tablet
687,Jacob,Smith,jacob.smith488@yahoo.com,33,Other,,West Jennifer,VIP,2022-12-13,Desktop
688,Amber,Hughes,amber.hughes981@hotmail.com,25,Male,Philippines,Cannonberg,Returning,2022-09-05,Mobile
689,Marcus,Davidson,marcus.davidson106@gmail.com,36,Female,MEXICO,New Donnaton,New,2024-01-04,Tablet
690,David,Russo,david.russo87@gmail.com,56,Other,United Kingdom,South Jameston,Returning,2022-06-05,Tablet
691,Mary,Barrett,mary.barrett177@hotmail.com,28,Male,United States,Brandonbury,New,2022-08-20,Desktop
692,Chad,Conrad,chad.conrad725@gmail.com,35,Female,Philippines,Hebertland,Returning,2021-10-22,Mobile
693,Danielle,Ward,danielle.ward537@hotmail.com,19,Other,Brazil,Shortton,New,2023-12-10,Tablet
694,Joseph,Williams,joseph.williams163@gmail.com,35,Female,United Kingdom,Christianborough,Returning,2024-10-05,Mobile
695,Colton,Hardy,,32,Female,Spain,Lopezhaven,Returning,2022-12-10,Mobile
696,Ashley,Meza,ashley.meza419@hotmail.com,26,Female,India,Reeseshire,New,2021-02-23,Tablet
697,Stephen,Ortega,stephen.ortega613@gmail.com,34,Male,United States,Port Henry,Returning,2021-05-29,Tablet
698,Matthew,Moore,matthew.moore663@hotmail.com,44,Female,USA,Mahoneymouth,Returning,2022-04-20,Desktop
699,Wendy,Kirk,wendy.kirk338@yahoo.com,48,Male,Australia,Mckenziemouth,VIP,2022-08-26,Tablet
700,Anna,Lewis,anna.lewis695@hotmail.com,36,Female,INDONESIA,Michaelmouth,New,2021-09-07,Mobile
701,Randy,Barber,randy.barber259@yahoo.com,27,Other,france,New Derekport,Returning,2019-01-15,Tablet
702,Tracey,Lewis,tracey.lewis988@yahoo.com,18,Other,South Africa,Port Lynnview,VIP,2024-07-06,Desktop
703,William,Duncan,william.duncan342@hotmail.com,18,Male,Italy,North Benjamin,Churned,2021-02-18,Tablet
704,Devon,Richardson,devon.richardson680@hotmail.com,46,Male,Italy,East Jonathan,New,2020-10-19,Mobile
705,Ashley,Carroll,ashley.carroll318@gmail.com,30,Other,United Kingdom,Lake Markfort,New,2020-01-14,Tablet
706,Margaret,Norris,margaret.norris679@hotmail.com,37,Female,Brazil,New Dawnton,VIP,2023-05-21,Desktop
707,Barbara,Miller,barbara.miller610@gmail.com,32,Other,Australia,Michaelchester,Returning,2021-07-01,Desktop
708,Mindy,Kane,mindy.kane318@gmail.com,25,Other,United States,Lake Kimberlyfurt,Returning,2019-04-29,Mobile
709,Alice,Flores,alice.flores659@hotmail.com,34,Female,United States,West Wayne,Returning,2020-04-28,Desktop
710,Brent,Dennis,brent.dennis687@yahoo.com,36,Other,Saudi Arabia,Mullinsshire,VIP,2022-01-10,Tablet
711,Jeffrey,Roberts,jeffrey.roberts702@yahoo.com,22,Other,Brazil,East Matthew,New,2021-11-08,Desktop
712,Julie,Kelley,julie.kelley662@yahoo.com,52,Other,Mexico,South Warrenberg,Churned,2023-07-28,Mobile
713,Timothy,Gonzalez,timothy.gonzalez521@yahoo.com,47,Female,United Arab Emirates,New Christina,New,2023-05-31,Desktop
714,John,Jones,john.jones372@yahoo.com,39,Female,South Africa,Gailshire,New,2019-07-16,Desktop
715,Emily,Henderson,emily.henderson974@yahoo.com,22,Male,United States,West Melvin,Returning,2022-12-07,Mobile
716,Kayla,Jackson,kayla.jackson971@yahoo.com,37,Female,Canada,Hansonmouth,Returning,2019-04-09,Desktop
717,Lisa,Gonzalez,lisa.gonzalez232@yahoo.com,29,Male,United States,Port Jessica,Returning,2019-07-08,Desktop
718,Jodi,Sanchez,jodi.sanchez80@hotmail.com,37,Female,Germany,Port Marissa,VIP,2020-09-22,Desktop
719,Matthew,Brock,,47,Other,Japan,Ruizmouth,Returning,2020-04-02,Tablet
720,Amanda,Harris,amanda.harris905@hotmail.com,41,Other,Japan,Anaberg,New,2023-03-03,Desktop
721,elizabeth,Bennett,elizabeth.bennett678@hotmail.com,48,Female,France,West Georgeport,At-Risk,2020-03-15,Tablet
722,Heather,Nelson,heather.nelson135@yahoo.com,27,Other,Italy,North Paulview,At-Risk,2022-12-23,Mobile
723,Roberta,Ward,roberta.ward158@gmail.com,34,Male,Canada,West Michellefurt,Returning,2020-05-21,Desktop
724,Oscar,Bray,oscar.bray852@gmail.com,45,Other,Germany,Toddside,Returning,2019-07-12,Tablet
725,James,Rasmussen,james.rasmussen829@hotmail.com,48,Male,Germany,North Johnhaven,New,2020-10-30,Tablet
726,Tracy,Garner,tracy.garner449@gmail.com,49,Male,FRANCE,Gabriellestad,New,2022-10-01,Mobile
727,Joel,Good,joel.good374@hotmail.com,32,Other,U.S.A.,Lisaview,New,2024-04-09,Tablet
728,Pamela,Briggs,pamela.briggs244@gmail.com,45,Female,Mexico,Jeremiahmouth,Returning,2024-05-19,Tablet
729,DIANE,Miller,diane.miller292@yahoo.com,29,Other,France,South John,Returning,2019-12-01,Mobile
730,  Tara  ,Browning,tara.browning240@yahoo.com,33,Other,Japan,Danielsborough,Returning,2022-11-30,Desktop
731,Bianca,Sutton,bianca.sutton317@gmail.com,21,Female,Indonesia,West Haley,Returning,2024-05-22,Desktop
732,Renee,Jordan,renee.jordan377@gmail.com,28,Other,Japan,West Carlos,New,2022-03-13,Tablet
733,Jennifer,White,jennifer.white452@gmail.com,30,Female,India,Port Lucaschester,Churned,2024-10-06,Mobile
734,Kevin,Reese,kevin.reese797@hotmail.com,35,Female,Germany,Edwinborough,New,2019-08-22,Tablet
735,Jack,Farmer,jack.farmer541@hotmail.com,34,Female,United States,Catherinebury,New,2022-07-30,Desktop
736,Jerry,Johnson,jerry.johnson837@gmail.com,31,Male,Egypt,Andersonfort,Returning,2023-04-10,Tablet
737,Nathaniel,Christian,nathaniel.christian142@yahoo.com,42,Female,US,Taylorborough,Churned,2020-05-10,Desktop
738,Ricky,Novak,ricky.novak657@yahoo.com,32,Female,,Walkerborough,At-Risk,2023-07-19,Mobile
739,Carl,Ho,,50,Male,,Wattsmouth,New,2024-04-28,Tablet
740,Ronald,Parsons,ronald.parsons867@hotmail.com,40,Other,Philippines,Cortezfurt,Returning,2022-09-01,Desktop
741,Julia,Wheeler,julia.wheeler292@hotmail.com,18,Male,India,New Danielmouth,New,2023-12-17,Desktop
742,Bobby,Forbes,bobby.forbes280@hotmail.com,22,Female,India,Terrellton,Returning,2022-05-06,Tablet
743,Zachary,Mccoy,zachary.mccoy151@gmail.com,43,Female,France,West Scott,Returning,2024-04-21,Desktop
744,Kim,Mitchell,kim.mitchell970@gmail.com,42,Male,United Kingdom,Phillipston,New,2023-02-20,Mobile
745,Rebecca,Ford,rebecca.ford906@hotmail.com,33,Female,Canada,Davishaven,Churned,2019-09-05,Desktop
746,Kimberly,Pace,,30,Male,India,South Robert,Returning,2021-09-14,Mobile
747,Harold,Garza,harold.garza515@hotmail.com,23,Female,France,South Christopher,Returning,2020-12-11,Desktop
748,Deborah,Dawson,deborah.dawson396@gmail.com,38,Male,Australia,North Dannymouth,Returning,2022-10-21,Mobile
749,Christopher,Zimmerman,christopher.zimmerman230@hotmail.com,49,Male,Brazil,South Andrea,New,2019-04-07,Mobile
750,George,Rogers,george.rogers954@hotmail.com,59,Male,France,East Misty,New,2020-01-27,Tablet
751,Jennifer,Barnes,jennifer.barnes666@yahoo.com,67,Female,United Kingdom,Robertsburgh,Churned,2019-09-15,Desktop
752,David,Harris,david.harris141@hotmail.com,18,Male,South Africa,Alexanderfort,VIP,2024-02-18,Mobile
753,Amy,Smith,amy.smith940@yahoo.com,49,Female,United States,East Brianna,At-Risk,2021-11-08,Tablet
754,robert,Miller,robert.miller852@hotmail.com,37,Male,United States,East Nicoleview,At-Risk,2022-09-19,Tablet
755,Angela,Bryan,angela.bryan481@gmail.com,43,Female,Philippines,East Brian,New,2021-02-03,Tablet
756,Dustin,Johnson,dustin.johnson6@hotmail.com,31,Male,Australia,Markland,Churned,2019-04-18,Desktop
757,Robert,Thompson,robert.thompson263@hotmail.com,49,Male,Brazil,Cherylshire,Returning,2023-09-21,Desktop
758,GREGORY,Gibson,gregory.gibson562@hotmail.com,35,Other,Canada,Sarahland,New,2023-08-11,Tablet
759,  Marcus  ,Merritt,marcus.merritt541@gmail.com,28,Female,India,Bridgesland,Returning,2020-10-03,Desktop
760,Dennis,Neal,,52,Female,Brazil,Alisonhaven,At-Risk,2020-04-04,Desktop
761,Jason,Brown,jason.brown309@hotmail.com,35,Male,Italy,South Jenniferport,VIP,2021-07-24,Desktop
762,Melanie,Green,melanie.green245@hotmail.com,39,Female,Brazil,Sarashire,Churned,2021-12-23,Tablet
763,Jessica,Jimenez,jessica.jimenez813@gmail.com,33,Other,Netherlands,Lake Kelly,Returning,2020-02-29,Mobile
764,David,Marshall,,34,Male,Netherlands,Port Christina,At-Risk,2021-06-27,Mobile
765,Brandon,Bailey,brandon.bailey612@hotmail.com,43,Other,Mexico,North Danielle,Churned,2023-02-20,Desktop
766,Jonathan,Jones,jonathan.jones648@yahoo.com,18,Other,United States,Katieville,Returning,2023-02-11,Tablet
767,Matthew,Ramsey,matthew.ramsey248@hotmail.com,49,Other,Japan,Port Gregorymouth,New,2024-01-01,Desktop
768,Sandra,Mendoza,sandra.mendoza299@yahoo.com,47,Female,Canada,Lake Derekberg,Returning,2022-10-06,Desktop
769,Patricia,Herrera,patricia.herrera630@yahoo.com,28,Female,United Kingdom,Bowerschester,Churned,2024-07-25,Desktop
770,Brian,Meyer,brian.meyer585@hotmail.com,46,Female,United States,Angelatown,Churned,2020-04-01,Desktop
771,Gina,Marsh,gina.marsh681@yahoo.com,47,Other,Canada,East Juantown,New,2021-01-13,Desktop
772,Nicholas,Ferguson,nicholas.ferguson537@gmail.com,42,Female,United Arab Emirates,Lopezville,At-Risk,2024-03-09,Desktop
773,Karen,Thornton,karen.thornton977@yahoo.com,28,Other,Egypt,West Robertfort,VIP,2024-04-05,Tablet
774,Nathan,Gallegos,nathan.gallegos520@yahoo.com,41,Other,Mexico,New Kevin,VIP,2019-09-03,Tablet
775,Kristen,Strickland,kristen.strickland21@gmail.com,40,Female,United States,Hunterfort,Returning,2024-06-05,Mobile
776,eric,Peterson,eric.peterson45@yahoo.com,48,Other,United States,Kimberlyberg,Returning,2023-08-13,Mobile
777,Corey,Hendrix,corey.hendrix383@hotmail.com,27,Female,Germany,East Jenny,New,2021-10-03,Tablet
778,Jennifer,Boyd,jennifer.boyd17@gmail.com,34,Female,Italy,Sarahland,Churned,2020-12-31,Desktop
779,Pamela,Garcia,pamela.garcia354@hotmail.com,18,Male,United States,Andrewport,Returning,2022-10-31,Tablet
780,Jason,Gonzalez,jason.gonzalez673@yahoo.com,38,Other,  Spain  ,Amandamouth,VIP,2023-01-10,Desktop
781,Joseph,Moore,joseph.moore791@gmail.com,18,Other,U.K.,New Anitaville,New,2020-03-28,Tablet
782,Michael,Flores,michael.flores775@gmail.com,26,Female,Spain,Audreyburgh,Churned,2019-06-06,Desktop
783,  Christina  ,Morgan,christina.morgan46@yahoo.com,45,Female,Canada,East Anthonyton,Returning,2019-08-21,Tablet
784,Brian,Simmons,brian.simmons347@gmail.com,33,Other,United Kingdom,Jensenport,Returning,2020-12-29,Desktop
785,James,Chang,james.chang851@hotmail.com,36,Other,Germany,Port Kathyshire,Returning,2019-10-16,Mobile
786,Lisa,Gillespie,lisa.gillespie713@yahoo.com,39,Female,United States,South Lancemouth,At-Risk,2021-10-27,Tablet
787,Stacey,Thomas,stacey.thomas187@hotmail.com,18,Male,Brazil,Robertafurt,Returning,2020-02-06,Desktop
788,Samantha,Rivera,samantha.rivera734@yahoo.com,38,Female,United States,Freemanland,VIP,2021-11-07,Desktop
789,Michael,Murray,michael.murray301@gmail.com,45,Male,Italy,Katrinashire,At-Risk,2019-10-07,Desktop
790,Dakota,Roth,dakota.roth811@gmail.com,24,Male,India,Angelaland,Returning,2023-10-03,Desktop
791,Amanda,Morales,amanda.morales324@yahoo.com,40,Female,Canada,New John,Returning,2019-12-15,Tablet
792,Timothy,Jones,timothy.jones408@gmail.com,29,Other,Canada,Muellerchester,New,2022-05-27,Mobile
793,MATTHEW,Benson,,29,Male,Egypt,Lake Sarahshire,Returning,2024-01-08,Tablet
794,Danny,Carlson,danny.carlson196@yahoo.com,37,Female,united states,Port Seanport,Returning,2024-09-25,Mobile
795,Chad,Rodriguez,chad.rodriguez883@hotmail.com,32,Male,Italy,Murphyton,New,2019-07-18,Tablet
796,Lisa,Clay,lisa.clay340@hotmail.com,37,Female,Britain,Port Dwayneberg,VIP,2021-09-19,Desktop
797,Kelly,Gilbert,kelly.gilbert819@yahoo.com,28,Female,Germany,East Erin,New,2020-11-24,Mobile
798,Ashley,Gentry,ashley.gentry911@yahoo.com,32,Female,Netherlands,Robbinsstad,Returning,2024-12-09,Tablet
799,Brandi,Carr,brandi.carr451@hotmail.com,39,Female,France,Abbottport,Churned,2019-05-17,Mobile
800,Rachel,Faulkner,,38,Male,Germany,Danielport,Churned,2024-03-11,Mobile
801,Joe,Park,joe.park709@yahoo.com,39,Female,AUSTRALIA,Jenniferfurt,Returning,2021-04-16,Mobile
802,Amy,Bates,amy.bates947@yahoo.com,29,Other,Mexico,East Angela,VIP,2024-01-22,Mobile
803,Michael,Butler,michael.butler821@yahoo.com,47,Male,Philippines,East Alexander,VIP,2022-11-21,Tablet
804,Douglas,Dyer,douglas.dyer435@hotmail.com,50,Male,Philippines,Proctorberg,VIP,2019-07-05,Mobile
805,Dawn,Perry,,28,Male,Spain,Hansonmouth,Returning,2022-01-21,Tablet
806,Andrea,Cole,andrea.cole301@yahoo.com,32,Female,United States,East Roger,Returning,2019-01-17,Desktop
807,Tyrone,Simon,tyrone.simon82@hotmail.com,36,Female,France,Robertside,Returning,2022-06-16,Tablet
808,Arthur,Johnson,arthur.johnson303@yahoo.com,43,Female,UK,Danielfort,Returning,2024-10-08,Mobile
809,Christopher,Cross,christopher.cross618@hotmail.com,29,Other,Spain,Stevenland,Returning,2022-02-20,Mobile
810,Chelsea,Sanchez,chelsea.sanchez171@hotmail.com,34,Other,Italy,Lake Cynthiashire,At-Risk,2020-11-15,Mobile
811,Brian,Cooper,brian.cooper360@gmail.com,43,Female,Australia,Gibsonfort,At-Risk,2022-06-11,Desktop
812,Martin,Gomez,martin.gomez745@yahoo.com,22,Female,United Kingdom,Garyport,VIP,2023-05-12,Tablet
813,Anne,Brown,anne.brown446@yahoo.com,18,Female,United States,New Brett,VIP,2024-12-09,Tablet
814,Lisa,Weber,lisa.weber811@yahoo.com,45,Male,Egypt,Millerhaven,Returning,2019-06-18,Desktop
815,Kristen,King,kristen.king688@hotmail.com,21,Other,United Arab Emirates,Joshuaview,New,2019-02-01,Mobile
816,Daniel,Thompson,daniel.thompson373@hotmail.com,55,Other,Nigeria,Lake Sean,New,2023-11-05,Tablet
817,Jose,Haynes,jose.haynes696@yahoo.com,29,Male,United States,Port Alison,Returning,2019-03-14,Desktop
818,Tracey,Coffey,tracey.coffey147@hotmail.com,34,Other,Canada,Port Tyler,At-Risk,2024-12-16,Tablet
819,Kaylee,Young,kaylee.young801@yahoo.com,33,Female,Australia,East Becky,Returning,2024-01-19,Desktop
820,Brian,Baker,brian.baker130@gmail.com,24,Male,India,East Stevenfort,Returning,2020-10-22,Desktop
821,Julie,Goodwin,julie.goodwin798@hotmail.com,35,Other,Philippines,South Frances,Returning,2021-05-04,Mobile
822,Jose,Moreno,jose.moreno371@yahoo.com,32,Female,Japan,West Saramouth,Returning,2021-04-16,Tablet
823,Leslie,Moreno,leslie.moreno34@gmail.com,44,Other,India,New Danachester,Churned,2022-08-30,Desktop
824,Denise,Nelson,denise.nelson696@yahoo.com,44,Female,United States,Leahview,New,2022-12-04,Mobile
825,peter,Mejia,peter.mejia381@hotmail.com,44,Female,united states,Lake Emily,New,2023-08-16,Desktop
826,April,Byrd,april.byrd588@gmail.com,43,Male,United States,Amytown,New,2023-12-28,Tablet
827,Alexander,Davis,alexander.davis376@gmail.com,37,Female,Germany,Bellport,Returning,2020-07-05,Mobile
828,Austin,Harvey,austin.harvey666@gmail.com,54,Female,United States,New Danielle,New,2023-04-01,Desktop
829,David,Gates,david.gates984@gmail.com,37,Male,Netherlands,Douglasshire,,2023-10-26,Desktop
830,Jack,Rodriguez,jack.rodriguez754@gmail.com,36,Male,South Africa,Kennethland,At-Risk,2022-10-31,Mobile
831,Sandra,Hill,sandra.hill531@yahoo.com,33,Female,  France  ,Jonathanland,Returning,2020-08-30,Tablet
832,Bryan,Price,bryan.price121@gmail.com,53,Female,United States,Stephanieview,New,2020-01-25,Mobile
833,Chad,Krause,chad.krause721@gmail.com,34,Female,Egypt,Whitefort,Returning,2019-08-26,Desktop
834,Amber,Reynolds,amber.reynolds627@hotmail.com,18,Female,U.S.A.,South Jenniferville,Churned,2019-03-18,Tablet
835,Chad,Luna,chad.luna939@yahoo.com,36,Female,Philippines,South Eduardotown,New,2024-08-05,Desktop
836,Elizabeth,Adams,elizabeth.adams126@hotmail.com,38,Male,Germany,Rebeccashire,New,2019-01-09,Desktop
837,Jasmine,Wise,jasmine.wise463@yahoo.com,31,Male,Brazil,Powellland,At-Risk,2022-03-29,Tablet
838,Aaron,Finley,aaron.finley456@yahoo.com,32,Male,Brazil,New Amandastad,New,2020-12-31,Tablet
839,Kevin,Brown,kevin.brown991@hotmail.com,41,Female,  Germany  ,West Amandamouth,VIP,2019-06-26,Tablet
840,Steve,Miranda,steve.miranda356@hotmail.com,49,Other,United Kingdom,East Angela,Returning,2024-10-20,Desktop
841,Donna,Evans,donna.evans564@yahoo.com,33,Other,Australia,Lake Haleyfort,At-Risk,2019-07-05,Mobile
842,Cynthia,Moss,cynthia.moss913@gmail.com,41,Female,,East Anthonyshire,New,2020-06-06,Desktop
843,Paul,Sparks,paul.sparks729@hotmail.com,25,Other,United States,Victormouth,Churned,2024-10-18,Tablet
844,Allen,Morgan,allen.morgan654@yahoo.com,61,Male,India,South Davidhaven,New,2021-10-01,Mobile
845,Erika,Sawyer,erika.sawyer521@gmail.com,60,Male,USA,North Benjamin,New,2019-11-07,Desktop
846,Desiree,Ruiz,desiree.ruiz206@hotmail.com,36,Male,Italy,East Jacquelineberg,Returning,2019-02-01,Desktop
847,Cynthia,Conway,cynthia.conway810@gmail.com,18,Female,U.S.A.,Carrshire,New,2019-05-21,Desktop
848,Lisa,Wilson,lisa.wilson370@hotmail.com,54,Other,France,North Linda,New,2021-07-22,Tablet
849,Lisa,Hendrix,lisa.hendrix378@hotmail.com,30,Female,Philippines,Nguyenshire,New,2022-04-11,Tablet
850,Marc,Oconnell,marc.oconnell133@gmail.com,43,Other,,New Glennland,Churned,2019-09-22,Desktop
851,Donald,Perry,donald.perry68@hotmail.com,18,Female,France,Angelamouth,Returning,2020-06-17,Mobile
852,Brandi,Anderson,brandi.anderson735@hotmail.com,41,Other,United States,Stricklandtown,Returning,2024-04-11,Mobile
853,Christopher,Smith,christopher.smith539@gmail.com,41,Female,,Robertfort,New,2023-02-25,Mobile
854,Jamie,Bowman,jamie.bowman844@hotmail.com,36,Other,Australia,Jenkinsburgh,VIP,2022-08-30,Desktop
855,Benjamin,White,benjamin.white129@yahoo.com,44,Female,Mexico,Lake Margaretport,New,2021-02-01,Tablet
856,Adam,Young,adam.young76@gmail.com,20,Female,India,New Michaelside,At-Risk,2022-01-17,Mobile
857,Steven,Sims,steven.sims697@gmail.com,32,Other,USA,Brianville,Returning,2023-10-12,Mobile
858,Gina,Schmitt,gina.schmitt132@yahoo.com,35,Other,Saudi Arabia,Thompsonton,New,2019-04-29,Tablet
859,Michael,Clark,michael.clark602@yahoo.com,20,Male,Canada,Christinamouth,At-Risk,2019-04-05,Desktop
860,Joy,Buckley,joy.buckley444@gmail.com,43,Other,U.A.E.,Port Anthony,New,2022-02-02,Desktop
861,Chad,Young,chad.young852@yahoo.com,30,Male,Australia,Robertmouth,VIP,2020-05-19,Tablet
862,Daniel,Perez,daniel.perez157@gmail.com,35,Female,United States,Kanefurt,New,2024-05-06,Desktop
863,Charles,Richards,charles.richards166@gmail.com,44,Female,Indonesia,Thomasmouth,New,2020-01-26,Tablet
864,Nathaniel,Ellis,nathaniel.ellis231@gmail.com,33,Female,Egypt,Theresaborough,Returning,2021-01-05,Tablet
865,Antonio,Carroll,antonio.carroll917@yahoo.com,53,Female,Saudi Arabia,North Melissa,Churned,2021-10-01,Desktop
866,George,Cooper,george.cooper257@yahoo.com,28,Male,Brazil,Port Laura,Returning,2024-09-18,Tablet
867,  Rebecca  ,Lane,rebecca.lane980@hotmail.com,27,Other,INDIA,North Robert,Returning,2022-02-17,Mobile
868,Michelle,Robinson,michelle.robinson129@yahoo.com,45,Other,Mexico,Ramirezchester,New,2023-06-01,Mobile
869,John,Murphy,john.murphy630@hotmail.com,36,Other,United Kingdom,New Sophia,New,2024-06-25,Desktop
870,RACHEL,Butler,rachel.butler515@gmail.com,24,Other,United States,South Jessicahaven,New,2019-03-15,Desktop
871,Amanda,Mendoza,,31,Other,Philippines,South Tylerland,Returning,2022-05-08,Desktop
872,Alexander,Dennis,,44,Other,France,West Kenneth,,2022-11-19,Tablet
873,Christopher,Castillo,christopher.castillo738@yahoo.com,55,Other,Canada,Lake Stephen,Returning,2022-06-03,Mobile
874,Brandy,Bray,brandy.bray863@yahoo.com,37,Other,Nigeria,Port Jacqueline,Churned,2020-02-10,Desktop
875,Monica,Sims,,33,Male,Spain,Port Courtneyfurt,Returning,2024-05-11,Desktop
876,Mason,Johnson,mason.johnson47@yahoo.com,47,Other,India,Helenside,New,2022-06-14,Tablet
877,Jamie,Cohen,jamie.cohen272@hotmail.com,20,Other,Germany,Jillton,At-Risk,2022-02-01,Desktop
878,Renee,Cox,renee.cox786@gmail.com,40,Other,United Kingdom,South Michaelton,New,2021-03-11,Mobile
879,Gregory,Hansen,gregory.hansen633@gmail.com,18,Other,Italy,East Tina,At-Risk,2020-06-06,Desktop
880,Daniel,Mendoza,daniel.mendoza510@hotmail.com,38,Other,Germany,Port Julie,VIP,2020-05-08,Tablet
881,Michael,Adams,michael.adams297@hotmail.com,44,Other,United States,Ramirezland,At-Risk,2021-03-27,Mobile
882,Shaun,Mason,,50,Male,India,Mckinneyside,New,2024-05-24,Tablet
883,Shannon,Richardson,shannon.richardson416@hotmail.com,29,Female,U.S.A.,East Patriciamouth,VIP,2019-07-11,Mobile
884,Peter,White,peter.white75@gmail.com,35,Other,united states,East Joshuaberg,Returning,2021-12-23,Desktop
885,Nancy,Meyer,nancy.meyer162@hotmail.com,27,Female,Indonesia,West Robertside,New,2024-08-03,Mobile
886,Thomas,Fisher,thomas.fisher496@hotmail.com,36,Female,Canada,West Jaimetown,Returning,2024-03-25,Desktop
887,Jesse,Meza,jesse.meza349@hotmail.com,44,Other,Egypt,Robertmouth,At-Risk,2022-12-07,Desktop
888,kristin,Tucker,kristin.tucker321@hotmail.com,22,Other,France,Ellisshire,Returning,2019-10-17,Mobile
889,Kristina,Jackson,kristina.jackson752@yahoo.com,50,Female,Italy,South Nathan,New,2020-09-23,Mobile
890,megan,Hernandez,megan.hernandez134@yahoo.com,24,Female,Germany,Huberburgh,Churned,2023-04-09,Tablet
891,Justin,Mcpherson,justin.mcpherson576@hotmail.com,28,Male,Brazil,East John,VIP,2019-04-01,Mobile
892,Leslie,Martinez,leslie.martinez248@yahoo.com,53,Female,United States,Jackside,Returning,2023-03-30,Desktop
893,Elizabeth,Spence,elizabeth.spence274@gmail.com,26,Female,Spain,Shaneburgh,Returning,2022-03-15,Desktop
894,David,Johnson,david.johnson145@yahoo.com,42,Male,Philippines,South Sarah,New,2019-12-08,Desktop
895,Tara,Payne,tara.payne298@hotmail.com,43,Female,,Deborahport,VIP,2021-11-04,Tablet
896,Keith,Raymond,keith.raymond429@hotmail.com,18,Male,Egypt,Port Annette,New,2024-06-09,Desktop
897,Scott,Norris,scott.norris834@hotmail.com,59,Female,Germany,Mcculloughberg,Churned,2023-01-25,Tablet
898,Darryl,Johnson,darryl.johnson739@hotmail.com,73,Female,ITALY,South Michael,VIP,2020-12-16,Desktop
899,Cathy,Lee,cathy.lee782@hotmail.com,32,Male,Saudi Arabia,Port Shari,VIP,2020-08-31,Mobile
900,Andrew,Ryan,andrew.ryan528@yahoo.com,57,Female,United Arab Emirates,New Prestonfort,At-Risk,2020-11-27,Mobile
901,Cassie,Harding,cassie.harding901@hotmail.com,46,Female,UK,Raymondchester,Returning,2021-03-20,Mobile
902,Nathan,Mitchell,nathan.mitchell24@yahoo.com,28,Male,Germany,Tiffanyside,Churned,2019-07-11,Mobile
903,Jessica,Wallace,jessica.wallace518@yahoo.com,41,Female,UAE,Robertschester,Returning,2023-05-16,Desktop
904,Robert,Houston,robert.houston221@hotmail.com,45,Other,Philippines,East Jaredfort,Returning,2024-12-05,Mobile
905,Alicia,Rogers,alicia.rogers50@hotmail.com,22,Male,Spain,Davischester,VIP,2022-10-31,Mobile
906,Joshua,Thompson,joshua.thompson507@yahoo.com,31,Other,Germany,East Jacob,New,2021-04-16,Tablet
907,Angela,Williams,angela.williams689@yahoo.com,18,Female,Japan,Troymouth,At-Risk,2020-05-06,Mobile
908,Kylie,Moore,kylie.moore550@yahoo.com,31,Male,India,Martinezport,Churned,2021-07-02,Desktop
909,Travis,Watts,travis.watts442@gmail.com,36,Male,UNITED ARAB EMIRATES,North Kathyfort,At-Risk,2024-12-18,Mobile
910,CARL,Reese,carl.reese745@hotmail.com,28,Female,United Kingdom,Cunninghamview,At-Risk,2022-10-07,Mobile
911,Thomas,Benson,thomas.benson375@gmail.com,18,Male,united states,Williamshire,At-Risk,2019-02-08,Mobile
912,Jordan,Perkins,jordan.perkins53@gmail.com,49,Other,United States,Stevenberg,Returning,2021-02-22,Tablet
913,Brian,Ward,brian.ward200@hotmail.com,44,Female,Mexico,Brandonport,At-Risk,2022-03-06,Tablet
914,Sharon,Palmer,sharon.palmer296@hotmail.com,31,Male,U.K.,Port Cody,Returning,2023-07-08,Mobile
915,Amy,Brennan,amy.brennan517@hotmail.com,50,Female,South Africa,Josephstad,New,2019-07-29,Tablet
916,Betty,Morrow,betty.morrow287@gmail.com,39,Other,,New Juan,New,2023-09-03,Tablet
917,Robert,Mccall,robert.mccall626@gmail.com,18,Male,Canada,East Ericbury,Returning,2023-12-27,Desktop
918,Laura,Hansen,laura.hansen999@hotmail.com,40,Male,Brazil,South Stevenland,Returning,2019-09-13,Mobile
919,David,Smith,david.smith383@yahoo.com,28,Female,US,Hannahberg,At-Risk,2023-11-26,Tablet
920,Pamela,Harper,pamela.harper962@yahoo.com,54,Female,Canada,Lake Kevin,Returning,2023-06-20,Desktop
921,David,Anderson,david.anderson204@hotmail.com,22,Other,United States,Lake Jeremy,Returning,2019-10-02,Tablet
922,David,Miller,david.miller412@hotmail.com,50,Other,Philippines,North Andrewfort,Returning,2023-07-18,Desktop
923,Brad,Rodriguez,brad.rodriguez47@hotmail.com,49,Male,United Kingdom,South Davidview,,2019-04-05,Desktop
924,Kevin,Smith,kevin.smith731@gmail.com,53,Female,Egypt,New Jamieborough,New,2020-02-09,Mobile
925,Michael,Davis,michael.davis532@hotmail.com,24,Female,France,Stacystad,Churned,2021-02-10,Desktop
926,Melissa,Norman,melissa.norman621@hotmail.com,24,Other,United States,New Ashley,Returning,2019-08-06,Desktop
927,Belinda,Smith,belinda.smith336@gmail.com,33,Other,United Arab Emirates,West George,VIP,2023-07-11,Mobile
928,Adam,Swanson,,24,Female,France,Richardsonshire,Returning,2020-02-10,Tablet
929,Emily,Rodriguez,emily.rodriguez758@yahoo.com,18,Female,United Kingdom,Colemanhaven,Returning,2020-05-13,Tablet
930,Daniel,Rollins,,28,Other,Canada,Rodriguezberg,New,2021-12-22,Tablet
931,Michael,Roberts,michael.roberts546@hotmail.com,38,Female,Brazil,North Markville,New,2021-04-23,Tablet
932,Stephen,Fitzgerald,stephen.fitzgerald577@hotmail.com,36,Female,united states,Perezchester,Churned,2020-09-28,Mobile
933,Melissa,Lopez,,29,Male,Brazil,Crosbystad,Returning,2020-01-28,Mobile
934,Yolanda,Vasquez,yolanda.vasquez340@gmail.com,32,Other,,Kimland,New,2019-09-19,Desktop
935,Ralph,Neal,ralph.neal427@gmail.com,45,Other,Japan,North Michael,Returning,2020-03-12,Mobile
936,James,Anthony,james.anthony816@yahoo.com,22,Other,Canada,East Maryfort,New,2020-09-02,Tablet
937,Jennifer,Perkins,jennifer.perkins645@yahoo.com,48,Male,Philippines,Kellyfurt,New,2024-12-03,Tablet
938,William,Hernandez,william.hernandez486@yahoo.com,39,Female,United States,North Johnfort,Churned,2020-05-20,Tablet
939,Sherri,Johnson,,42,Other,UK,Port Carlostown,Returning,2024-10-30,Tablet
940,Patrick,Shelton,patrick.shelton234@gmail.com,40,Other,Japan,Christyville,VIP,2023-07-24,Desktop
941,Donna,Meyer,donna.meyer598@yahoo.com,33,Female,Brazil,Harrisfort,New,2021-12-10,Desktop
942,Jose,Cooper,jose.cooper537@hotmail.com,35,Other,Australia,Port Anthonychester,Churned,2024-04-12,Tablet
943,David,Cole,david.cole635@yahoo.com,49,Female,U.K.,Stevenston,VIP,2020-01-23,Desktop
944,Donna,Chan,donna.chan842@hotmail.com,31,Other,Indonesia,South Ryan,New,2020-11-15,Desktop
945,Paul,Gallagher,paul.gallagher33@hotmail.com,35,Other,United States,Kellerside,VIP,2022-06-07,Tablet
946,Thomas,Dickerson,thomas.dickerson113@hotmail.com,33,Male,South Africa,South Joseshire,Returning,2024-10-28,Desktop
947,Christina,Gomez,christina.gomez452@yahoo.com,30,Female,UAE,Bryanshire,New,2019-04-09,Mobile
948,Mary,Bailey,mary.bailey156@hotmail.com,18,Female,Brazil,Port Patriciamouth,Returning,2021-04-13,Tablet
949,ronnie,Braun,ronnie.braun209@yahoo.com,20,Female,United Arab Emirates,Brianbury,New,2020-06-26,Tablet
950,Deborah,Watkins,deborah.watkins794@hotmail.com,44,Other,Britain,Port Kevinmouth,,2020-01-07,Mobile
951,Amanda,Johnson,amanda.johnson894@hotmail.com,26,Other,Canada,Bradleychester,New,2020-08-07,Tablet
952,Heather,Chapman,heather.chapman64@yahoo.com,27,Other,United States,Hudsonmouth,Returning,2022-06-08,Desktop
953,Lindsey,Garcia,lindsey.garcia532@hotmail.com,44,Male,Mexico,West Tyler,New,2023-11-13,Tablet
954,Elizabeth,Jackson,elizabeth.jackson333@yahoo.com,53,Other,Philippines,Taraborough,At-Risk,2021-12-24,Mobile
955,Melanie,Cobb,melanie.cobb539@hotmail.com,41,Female,Saudi Arabia,West Joseph,Returning,2020-10-13,Mobile
956,Ashley,Ballard,ashley.ballard980@hotmail.com,41,Male,United Kingdom,Lake Meganville,Returning,2022-07-20,Mobile
957,Joshua,Knight,joshua.knight935@hotmail.com,46,Other,India,Simmonsstad,New,2023-10-10,Mobile
958,Denise,Turner,denise.turner560@yahoo.com,46,Female,Germany,Alvaradomouth,Churned,2020-03-14,Tablet
959,Richard,Weber,richard.weber791@yahoo.com,48,Other,canada,North Courtney,Returning,2022-02-05,Tablet
960,Jacob,Porter,jacob.porter659@hotmail.com,64,Other,Nigeria,Adamsside,VIP,2023-11-08,Mobile
961,MELISSA,Meadows,melissa.meadows625@hotmail.com,33,Female,Mexico,New Jamesmouth,New,2019-11-20,Desktop
962,Edward,Jennings,edward.jennings981@yahoo.com,53,Male,Japan,Jenkinsland,Returning,2022-10-20,Mobile
963,Meghan,Adams,meghan.adams572@yahoo.com,59,Female,Saudi Arabia,West Gloria,New,2020-06-01,Desktop
964,John,Hernandez,john.hernandez965@gmail.com,26,Female,ITALY,Port Margaret,New,2021-10-13,Mobile
965,Anita,Graham,anita.graham722@hotmail.com,31,Male,Canada,East Erikberg,Returning,2019-03-05,Tablet
966,Kristine,Ramirez,kristine.ramirez722@hotmail.com,35,Female,United States,Lake Melissa,Returning,2024-10-12,Mobile
967,Todd,Smith,,30,Female,,Carolynland,New,2024-05-27,Tablet
968,Richard,Cox,richard.cox957@hotmail.com,53,Other,United States,South Sherryberg,New,2020-06-01,Mobile
969,Ashley,Mason,ashley.mason295@gmail.com,45,Male,Italy,Tylerland,VIP,2020-06-05,Tablet
970,David,Roman,david.roman693@yahoo.com,40,Other,US,Shafferbury,New,2024-08-11,Mobile
971,Jeffery,Rodriguez,jeffery.rodriguez918@gmail.com,22,Female,India,Scottview,Returning,2024-03-05,Mobile
972,Brian,Ferguson,brian.ferguson978@hotmail.com,26,Male,Germany,West Amyfort,Returning,2023-02-04,Mobile
973,Sylvia,Suarez,sylvia.suarez44@gmail.com,41,Female,Canada,Thomasstad,Churned,2023-12-05,Tablet
974,Andrew,Rasmussen,andrew.rasmussen81@hotmail.com,42,Female,Philippines,Port Joditon,Returning,2023-02-22,Mobile
975,Kristina,Allen,kristina.allen672@hotmail.com,37,Female,SAUDI ARABIA,Parkerstad,At-Risk,2024-06-01,Tablet
976,Gina,Nichols,gina.nichols491@gmail.com,18,Male,United States,Pricefurt,Returning,2024-07-25,Desktop
977,  Samantha  ,Turner,samantha.turner848@gmail.com,38,Other,United Kingdom,Jasonburgh,At-Risk,2024-06-29,Mobile
978,Crystal,Suarez,crystal.suarez956@hotmail.com,71,Other,Japan,Mccormickview,At-Risk,2024-03-13,Tablet
979,Madeline,Shepard,madeline.shepard279@yahoo.com,41,Male,France,Housemouth,Returning,2023-04-21,Desktop
980,Nancy,Wilkins,nancy.wilkins631@gmail.com,43,Other,,Williamstad,VIP,2021-07-11,Tablet
981,Jessica,Kelley,jessica.kelley246@yahoo.com,42,Male,United Kingdom,Nealton,New,2022-11-06,Desktop
982,Isaiah,Ramos,isaiah.ramos686@hotmail.com,24,Other,United States,North Richard,New,2022-10-08,Desktop
983,Lee,Miller,lee.miller654@gmail.com,47,Male,India,New Jennifer,New,2023-08-09,Desktop
984,Debra,Anderson,debra.anderson103@hotmail.com,47,Female,United States,Sparksmouth,New,2021-09-16,Mobile
985,Morgan,Anderson,morgan.anderson735@gmail.com,27,Female,  United States  ,Laurenborough,,2019-07-04,Desktop
986,Michael,Long,michael.long698@yahoo.com,20,Male,India,North Stacy,Returning,2024-07-15,Desktop
987,Deborah,Sims,deborah.sims988@gmail.com,19,Other,United Kingdom,Gonzalezburgh,Churned,2019-04-20,Desktop
988,Christine,Burke,christine.burke417@gmail.com,29,Other,Brazil,West Georgeshire,Returning,2019-09-15,Mobile
989,Jennifer,Graham,,18,Other,India,Wilsonborough,VIP,2020-02-22,Desktop
990,Michelle,Casey,michelle.casey775@yahoo.com,18,Female,  Japan  ,Reyeschester,New,2024-02-20,Mobile
991,Carol,Carney,carol.carney293@yahoo.com,18,Other,Nigeria,South Henry,Returning,2023-10-03,Desktop
992,Anthony,Cherry,anthony.cherry930@gmail.com,36,Male,India,Solomonstad,New,2022-07-01,Tablet
993,Deborah,Miller,deborah.miller588@yahoo.com,24,Male,Germany,Port Marcus,New,2023-02-27,Tablet
994,Gloria,Reeves,gloria.reeves757@hotmail.com,39,Other,Japan,Fitzgeraldview,New,2019-06-10,Desktop
995,Angela,Williams,angela.williams936@gmail.com,46,Male,United Kingdom,Odonnellton,Returning,2019-01-12,Mobile
996,William,James,william.james904@yahoo.com,33,Male,France,Davidside,New,2019-04-01,Desktop
997,Harry,Jackson,harry.jackson857@yahoo.com,67,Female,Mexico,Natalieberg,VIP,2019-07-16,Mobile
998,Jennifer,Hamilton,jennifer.hamilton191@yahoo.com,22,Other,Britain,West Bradleyberg,New,2021-12-29,Mobile
999,Teresa,Campbell,teresa.campbell898@yahoo.com,39,Male,Italy,Campbellview,At-Risk,2022-09-04,Desktop
1000,kathleen,Baker,kathleen.baker306@yahoo.com,57,Other,Netherlands,Staffordmouth,Returning,2023-06-03,Tablet
1001,Travis,Dodson,travis.dodson110@hotmail.com,49,Female,Australia,Brownberg,New,2019-04-30,Mobile
1002,Isaac,Harrison,isaac.harrison466@gmail.com,28,Other,Netherlands,Grahamfort,At-Risk,2019-03-31,Tablet
1003,Michael,Fletcher,michael.fletcher537@yahoo.com,26,Female,Germany,Vasquezberg,At-Risk,2019-09-28,Desktop
1004,Clayton,Oneill,clayton.oneill872@gmail.com,35,Other,South Africa,Lake William,New,2020-08-20,Mobile
1005,Patricia,Willis,patricia.willis280@hotmail.com,46,Male,Philippines,New Katieburgh,New,2021-07-01,Desktop
1006,Chase,Tate,chase.tate339@hotmail.com,18,Male,Mexico,West Anthonyville,New,2021-05-13,Tablet
1007,Brittany,Bean,brittany.bean470@yahoo.com,50,Other,France,North Christopher,Churned,2023-12-26,Mobile
1008,Donna,Gibson,donna.gibson736@yahoo.com,30,Male,India,West Taramouth,,2020-12-12,Desktop
1009,jessica,Navarro,jessica.navarro755@hotmail.com,28,Female,Germany,East Michelle,New,2023-10-23,Mobile
1010,Justin,Yates,justin.yates582@hotmail.com,21,Other,Germany,New Stephaniefurt,Returning,2019-07-22,Desktop
1011,Jonathan,Allen,jonathan.allen180@yahoo.com,46,Other,Japan,North Melissaburgh,New,2021-05-01,Tablet
1012,Richard,Holland,richard.holland919@hotmail.com,51,Female,United Kingdom,North Kenneth,VIP,2023-10-22,Mobile
1013,Jill,Dorsey,jill.dorsey528@hotmail.com,33,Female,Italy,West Elizabeth,At-Risk,2023-12-29,Desktop
1014,William,Burns,william.burns411@yahoo.com,35,Other,India,Adamschester,New,2019-07-17,Desktop
1015,Roberto,Richardson,roberto.richardson190@gmail.com,41,Male,Spain,Mccoyland,VIP,2019-03-30,Mobile
1016,Matthew,Ford,matthew.ford332@gmail.com,53,Male,Spain,South Alison,Returning,2022-11-19,Desktop
1017,Christopher,Mcdonald,christopher.mcdonald268@gmail.com,40,Female,Brazil,Evansberg,VIP,2023-02-08,Desktop
1018,Kevin,Wright,kevin.wright458@yahoo.com,25,Female,UK,Ashleyside,New,2019-06-17,Mobile
1019,Brandon,Rodriguez,brandon.rodriguez310@yahoo.com,39,Other,South Africa,Davisshire,VIP,2023-11-16,Tablet
1020,Michael,Richards,michael.richards587@hotmail.com,41,Male,Brazil,North Joymouth,VIP,2020-01-29,Mobile
1021,Ian,Long,ian.long670@gmail.com,38,Female,MEXICO,Mcdowellport,New,2020-11-18,Tablet
1022,Jennifer,Todd,jennifer.todd242@yahoo.com,47,Male,Australia,Matthewburgh,VIP,2020-04-07,Tablet
1023,Christian,Hendrix,christian.hendrix122@yahoo.com,25,Female,Canada,South Amandatown,New,2021-05-15,Mobile
1024,Alexander,Rios,alexander.rios164@yahoo.com,28,Female,UK,Meltonfort,Returning,2020-10-25,Tablet
1025,Lisa,Jensen,lisa.jensen515@hotmail.com,36,Other,United Kingdom,Ballardland,New,2019-10-02,Mobile
1026,Alexander,Rodriguez,,46,Male,Japan,Port Anthony,Returning,2021-11-20,Tablet
1027,Dustin,Allen,dustin.allen939@hotmail.com,42,Female,Spain,North Kevin,New,2021-10-12,Mobile
1028,Thomas,Johnson,thomas.johnson630@gmail.com,48,Male,Japan,Lake Jacqueline,New,2024-10-12,Desktop
1029,Thomas,Heath,thomas.heath981@hotmail.com,38,Male,canada,East Kenneth,New,2023-12-23,Mobile
1030,Peter,Cook,peter.cook157@gmail.com,42,Female,United Kingdom,Pettyfort,VIP,2023-06-03,Tablet
1031,Caitlin,Spencer,caitlin.spencer621@yahoo.com,41,Female,Canada,South Ricardohaven,VIP,2022-07-18,Mobile
1032,Cheryl,Gregory,cheryl.gregory719@yahoo.com,19,Other,Italy,Lake Bruce,At-Risk,2019-02-11,Mobile
1033,Barbara,Tran,barbara.tran776@yahoo.com,27,Other,,Smallville,VIP,2021-12-20,Tablet
1034,Sheila,Reed,sheila.reed846@hotmail.com,42,Male,Germany,Smithport,Returning,2023-05-11,Desktop
1035,Taylor,Kim,taylor.kim697@hotmail.com,40,Other,U.S.A.,New Regina,VIP,2021-01-13,Desktop
1036,Carrie,Kirby,carrie.kirby539@hotmail.com,18,Female,Canada,Andersonport,At-Risk,2023-05-04,Tablet
1037,Peter,Butler,peter.butler721@hotmail.com,32,Female,,Lauraburgh,Churned,2022-09-24,Desktop
1038,Justin,Curry,justin.curry940@hotmail.com,44,Other,Italy,Andersonborough,At-Risk,2019-12-09,Desktop
1039,Travis,Leon,,41,Other,United States,Jimmyside,New,2019-04-14,Tablet
1040,Andrew,Ibarra,andrew.ibarra208@yahoo.com,18,Other,Indonesia,East Maria,Returning,2024-05-13,Tablet
1041,Anthony,Brown,anthony.brown154@yahoo.com,45,Male,Netherlands,New Jeremyside,Churned,2020-05-05,Mobile
1042,Jonathan,Peterson,jonathan.peterson875@yahoo.com,43,Other,,Port Natalieview,New,2024-05-17,Mobile
1043,Melissa,Russo,melissa.russo120@hotmail.com,23,Other,United States,Lake Brentmouth,Returning,2023-10-17,Desktop
1044,Sydney,Campos,sydney.campos735@gmail.com,33,Other,Spain,Port Annahaven,Returning,2019-08-19,Mobile
1045,Crystal,Pitts,crystal.pitts94@yahoo.com,48,Other,UK,Lake Kelly,New,2021-08-25,Mobile
1046,William,Oconnor,william.oconnor829@gmail.com,20,Male,Egypt,Lake Michael,Returning,2023-11-30,Mobile
1047,David,Harris,david.harris136@yahoo.com,40,Other,India,East Maryfort,Returning,2021-01-17,Mobile
1048,william,Miller,william.miller468@yahoo.com,49,Other,Netherlands,Wardbury,Returning,2019-11-29,Desktop
1049,Karen,Fisher,karen.fisher573@gmail.com,37,Female,Egypt,Port Roy,Returning,2024-07-04,Tablet
1050,Rachael,Crane,rachael.crane827@hotmail.com,36,Female,Japan,Sherrymouth,Returning,2019-11-15,Tablet
1051,Alejandro,Drake,alejandro.drake23@gmail.com,41,Female,Saudi Arabia,West Leroyburgh,Churned,2021-08-09,Mobile
1052,Phillip,Johnson,phillip.johnson837@hotmail.com,19,Male,,New Brian,Returning,2022-10-15,Tablet
1053,Jennifer,Guerrero,jennifer.guerrero224@hotmail.com,43,Other,Brazil,Robertside,New,2024-03-28,Desktop
1054,Jennifer,Edwards,jennifer.edwards47@yahoo.com,46,Female,Australia,Port Joshuahaven,VIP,2022-08-30,Mobile
1055,Dylan,Powell,dylan.powell718@hotmail.com,23,Male,Saudi Arabia,New Claudia,New,2022-09-16,Tablet
1056,Scott,Reed,scott.reed62@hotmail.com,53,Male,India,Roweport,VIP,2019-07-04,Mobile
1057,Amanda,Price,amanda.price33@hotmail.com,48,Female,Canada,New Victoria,New,2020-09-14,Mobile
1058,Christopher,Arnold,christopher.arnold185@hotmail.com,52,Male,Mexico,Katherineburgh,Returning,2019-02-21,Tablet
1059,Pamela,Fernandez,pamela.fernandez747@yahoo.com,42,Other,Australia,Port Kim,VIP,2023-05-11,Mobile
1060,Valerie,Rodriguez,valerie.rodriguez384@gmail.com,25,Female,,Jordanhaven,New,2021-02-15,Mobile
1061,Brandon,Curtis,,54,Female,Italy,Evanstown,At-Risk,2021-09-19,Mobile
1062,Tonya,Trujillo,tonya.trujillo83@hotmail.com,46,Other,Philippines,West Kevin,Returning,2023-01-01,Tablet
1063,Lisa,Armstrong,lisa.armstrong896@gmail.com,18,Other,United States,Stonebury,Returning,2019-08-19,Desktop
1064,Zachary,Lee,zachary.lee670@yahoo.com,32,Female,Canada,Garciachester,Churned,2023-12-21,Desktop
1065,Christopher,Brown,christopher.brown183@gmail.com,57,Other,Germany,Lewisland,New,2021-03-20,Mobile
1066,Alicia,Chapman,alicia.chapman542@hotmail.com,54,Male,United States,Wigginsshire,Returning,2021-12-28,Tablet
1067,Rodney,Alexander,rodney.alexander229@yahoo.com,38,Male,Nigeria,Colonberg,At-Risk,2022-01-13,Desktop
1068,Todd,Ellis,todd.ellis306@hotmail.com,26,Female,Mexico,Lake Jasonfort,New,2019-03-13,Tablet
1069,Eric,Hansen,eric.hansen737@gmail.com,43,Other,Canada,Rodriguezstad,At-Risk,2022-06-06,Mobile
1070,BILLY,Hernandez,billy.hernandez545@yahoo.com,26,Female,Indonesia,Vickieport,New,2020-10-06,Desktop
1071,Anthony,Thomas,anthony.thomas254@hotmail.com,39,Female,Indonesia,Williamsport,Returning,2024-05-01,Mobile
1072,jason,Fuentes,,45,Female,Netherlands,North Amyland,New,2024-03-22,Desktop
1073,Robert,Berry,robert.berry960@hotmail.com,29,Other,Indonesia,Mcculloughfurt,At-Risk,2021-11-07,Desktop
1074,Jennifer,Obrien,jennifer.obrien33@gmail.com,33,Other,Netherlands,Gillmouth,Churned,2019-11-23,Mobile
1075,JESSICA,Davis,jessica.davis630@hotmail.com,33,Male,United States,Hughesfurt,New,2021-01-12,Desktop
1076,Brandon,Santiago,brandon.santiago212@yahoo.com,27,Male,United Kingdom,Debbieburgh,Returning,2023-03-30,Desktop
1077,Ashley,Hogan,ashley.hogan609@hotmail.com,30,Male,United States,Annville,New,2022-11-11,Mobile
1078,Christopher,Friedman,christopher.friedman613@hotmail.com,32,Other,indonesia,New Aimeefort,VIP,2022-01-06,Tablet
1079,Andrew,Barrett,andrew.barrett894@hotmail.com,35,Male,Canada,North Joshua,At-Risk,2020-03-26,Desktop
1080,Maria,Combs,maria.combs759@hotmail.com,41,Male,Canada,Millerside,New,2022-08-22,Mobile
1081,Richard,Williams,richard.williams450@gmail.com,30,Male,UK,Samuelchester,Returning,2019-02-22,Tablet
1082,allison,Reyes,allison.reyes223@gmail.com,31,Male,Japan,North Amberport,New,2019-11-12,Desktop
1083,Jonathan,Davis,jonathan.davis516@yahoo.com,43,Female,united states,Gregoryton,Returning,2022-09-08,Desktop
1084,Mark,Johnson,mark.johnson836@gmail.com,29,Other,Netherlands,Petermouth,New,2019-11-09,Tablet
1085,Patricia,Scott,patricia.scott327@gmail.com,35,Other,canada,East Johnshire,Returning,2020-06-02,Tablet
1086,William,Gordon,william.gordon792@gmail.com,25,Other,Italy,Brucemouth,New,2022-04-26,Mobile
1087,Cameron,Johnson,cameron.johnson243@hotmail.com,38,Female,United States,North Joseph,Returning,2024-10-11,Desktop
1088,Emily,Sanchez,emily.sanchez677@hotmail.com,68,Other,Canada,West Ashley,Returning,2021-09-04,Desktop
1089,Meghan,Mason,meghan.mason424@gmail.com,35,Female,Canada,Amberburgh,At-Risk,2023-09-10,Mobile
1090,Amanda,Henderson,amanda.henderson63@hotmail.com,26,Other,United States,Williamsmouth,Returning,2024-10-06,Tablet
1091,Christine,Delgado,christine.delgado901@gmail.com,56,Other,Brazil,North Sarahfort,VIP,2020-08-21,Desktop
1092,John,Frazier,john.frazier642@yahoo.com,32,Other,Spain,New Mary,At-Risk,2020-09-08,Mobile
1093,Evan,Ferguson,evan.ferguson570@gmail.com,40,Female,Italy,Christopherville,Churned,2023-12-25,Desktop
1094,Jessica,Lutz,jessica.lutz996@yahoo.com,18,Female,Nigeria,New William,Returning,2023-10-24,Tablet
1095,Nicole,Dougherty,,35,Female,Egypt,Tiffanymouth,Returning,2020-08-21,Tablet
1096,Eileen,Morris,eileen.morris327@gmail.com,19,Other,Australia,Haleymouth,At-Risk,2019-02-04,Mobile
1097,Heather,Lucas,heather.lucas419@gmail.com,47,Male,France,Smithtown,Returning,2023-01-13,Mobile
1098,Robert,Woodard,robert.woodard386@hotmail.com,31,Male,Australia,Farmerside,VIP,2019-06-27,Tablet
1099,Nancy,Curtis,,33,Male,Philippines,Port Lisamouth,New,2023-01-12,Desktop
1100,Michael,Hess,michael.hess308@hotmail.com,32,Other,INDIA,Paultown,Returning,2019-10-01,Desktop
1101,Mitchell,Lee,mitchell.lee826@gmail.com,62,Female,United Kingdom,Lake Andrew,Returning,2020-09-07,Desktop
1102,Sandra,Howard,sandra.howard576@gmail.com,34,Female,Germany,Lindseybury,VIP,2020-05-28,Mobile
1103,Troy,Cox,troy.cox571@yahoo.com,38,Other,Britain,Conwayborough,New,2019-01-16,Desktop
1104,Tracey,Little,tracey.little398@gmail.com,22,Male,U.K.,Ashleyfort,New,2020-01-09,Mobile
1105,James,Rodgers,james.rodgers209@hotmail.com,29,Female,Saudi Arabia,North Brianna,Churned,2023-06-23,Tablet
1106,  David  ,Mahoney,david.mahoney81@gmail.com,46,Female,Brazil,Jamestown,New,2024-12-13,Mobile
1107,Heather,Patel,heather.patel95@yahoo.com,50,Other,Germany,Smithchester,New,2022-11-05,Tablet
1108,Sherry,Williams,sherry.williams850@yahoo.com,29,Male,India,Richardchester,At-Risk,2020-08-23,Desktop
1109,Erin,Owens,erin.owens275@yahoo.com,29,Female,Mexico,Lake Jeffreyview,New,2024-07-05,Tablet
1110,Amanda,Stewart,amanda.stewart620@yahoo.com,41,Other,UK,West Christopher,At-Risk,2022-06-06,Desktop
1111,Anthony,Mclaughlin,anthony.mclaughlin895@hotmail.com,25,Male,United States,Rosariobury,At-Risk,2020-03-07,Desktop
1112,Mark,Brown,mark.brown824@hotmail.com,25,Other,Spain,North Timothytown,Returning,2022-07-22,Tablet
1113,Connie,Cook,connie.cook688@yahoo.com,28,Other,Australia,North Thomas,Returning,2024-10-01,Desktop
1114,Marissa,Underwood,marissa.underwood491@hotmail.com,41,Male,United States,North Kimberly,Returning,2022-09-19,Mobile
1115,  Kathryn  ,Garrett,kathryn.garrett311@hotmail.com,24,Male,  United Kingdom  ,North Territon,Churned,2021-04-06,Desktop
1116,Pamela,Steele,pamela.steele960@gmail.com,27,Male,Australia,Port Scottport,Returning,2022-08-31,Tablet
1117,Ryan,Garcia,ryan.garcia121@gmail.com,28,Other,Australia,West Melissafurt,Returning,2019-07-29,Mobile
1118,Karen,Hall,karen.hall937@hotmail.com,41,Male,Brazil,South Patrickchester,Churned,2024-04-11,Tablet
1119,Christine,Morgan,christine.morgan619@hotmail.com,29,Other,Italy,South Zacharyshire,New,2020-02-26,Desktop
1120,Curtis,Larson,curtis.larson407@gmail.com,52,Male,U.S.A.,New David,New,2022-01-19,Tablet
1121,Michael,Olson,michael.olson330@hotmail.com,37,Female,Brazil,Lopezberg,Churned,2023-10-13,Mobile
1122,Bruce,Collins,bruce.collins478@yahoo.com,18,Other,India,Larryside,Returning,2023-08-27,Tablet
1123,Dylan,Parker,dylan.parker368@yahoo.com,18,Female,Italy,Migueltown,New,2022-02-08,Mobile
1124,Diane,Thomas,diane.thomas369@gmail.com,56,Other,United States,South Mauriceborough,Returning,2022-11-04,Mobile
1125,James,Jones,james.jones478@gmail.com,29,Male,Brazil,Nealmouth,New,2022-08-07,Tablet
1126,Mark,Lane,mark.lane481@yahoo.com,39,Female,,Robertburgh,Returning,2019-08-18,Desktop
1127,Nancy,Lozano,nancy.lozano380@yahoo.com,30,Female,Egypt,North Danielle,New,2023-02-27,Mobile
1128,Steven,Lewis,steven.lewis47@yahoo.com,51,Other,Spain,Lindsayfurt,New,2020-03-25,Desktop
1129,Jack,Fritz,jack.fritz760@yahoo.com,44,Male,Saudi Arabia,North Michaelside,Returning,2019-09-10,Desktop
1130,Kelly,Lee,kelly.lee268@hotmail.com,58,Other,United States,Bradleytown,New,2020-03-12,Tablet
1131,Justin,Robinson,,37,Other,Spain,West Melanie,New,2020-06-22,Mobile
1132,James,Thompson,james.thompson303@yahoo.com,51,Male,Germany,North Marieberg,,2021-04-10,Desktop
1133,Kristin,Rodriguez,,37,Male,Saudi Arabia,Stephenstad,New,2023-11-09,Mobile
1134,Donna,Pugh,donna.pugh584@hotmail.com,39,Male,Brazil,Johnsland,VIP,2019-09-17,Mobile
1135,Nicole,Anderson,nicole.anderson564@gmail.com,46,Other,Philippines,New Nicholas,At-Risk,2021-03-30,Tablet
1136,Carol,Rowland,carol.rowland346@gmail.com,30,Female,Egypt,Port Christinaborough,New,2024-02-16,Mobile
1137,Kelly,Hernandez,kelly.hernandez990@gmail.com,46,Other,Indonesia,Lake Lauraberg,Returning,2024-02-09,Tablet
1138,Tanya,Blackwell,tanya.blackwell758@gmail.com,53,Female,,Port Thomasland,New,2020-01-02,Mobile
1139,Paul,Khan,paul.khan173@hotmail.com,18,Other,Germany,Victormouth,At-Risk,2020-01-28,Mobile
1140,Jennifer,Fox,jennifer.fox174@yahoo.com,31,Male,Saudi Arabia,Wellsshire,New,2021-05-28,Tablet
1141,Samantha,Silva,samantha.silva560@gmail.com,43,Female,United States,East Patricia,New,2021-09-17,Desktop
1142,Jimmy,Robinson,jimmy.robinson939@yahoo.com,33,Other,United States,Duncanstad,Returning,2020-07-11,Tablet
1143,Christopher,Walton,christopher.walton981@yahoo.com,37,Male,United Kingdom,Stonebury,,2022-07-03,Tablet
1144,Steven,Oliver,steven.oliver35@yahoo.com,18,Male,Mexico,Mcdonaldchester,VIP,2021-03-16,Tablet
1145,Tyler,Nelson,tyler.nelson50@gmail.com,41,Male,South Africa,South Jesus,At-Risk,2022-11-14,Mobile
1146,Michael,Miller,michael.miller141@hotmail.com,54,Other,egypt,Port Joshuabury,New,2019-08-04,Desktop
1147,Charles,Johnson,charles.johnson70@gmail.com,24,Other,France,Jamesmouth,At-Risk,2020-07-01,Desktop
1148,Julie,Mack,julie.mack10@yahoo.com,56,Male,nigeria,Lake Cassandra,Churned,2019-10-30,Tablet
1149,Melissa,Moran,melissa.moran467@hotmail.com,49,Female,canada,Alanport,New,2020-09-09,Desktop
1150,Michael,Shea,michael.shea633@yahoo.com,22,Other,United Kingdom,South Destinyberg,Returning,2024-03-11,Tablet
1151,Jeremy,Cummings,jeremy.cummings957@gmail.com,50,Other,united states,Hallshire,VIP,2023-09-19,Mobile
1152,Katherine,Sharp,katherine.sharp676@yahoo.com,32,Female,India,Latoyamouth,New,2024-01-28,Desktop
1153,Roy,Mcmahon,roy.mcmahon7@yahoo.com,18,Other,Brazil,South Shannon,Returning,2022-05-08,Tablet
1154,Nicholas,Ray,nicholas.ray422@gmail.com,35,Male,United States,Sherrytown,New,2021-12-31,Desktop
1155,Donna,Gomez,donna.gomez543@gmail.com,46,Other,Germany,Simmonsfurt,VIP,2023-07-30,Mobile
1156,Hannah,Evans,hannah.evans549@hotmail.com,37,Female,Mexico,New Kristenberg,Churned,2019-12-03,Desktop
1157,Stephanie,Rivera,,39,Other,Mexico,Bairdborough,At-Risk,2024-09-09,Tablet
1158,Bryce,Hughes,bryce.hughes441@yahoo.com,51,Male,France,West Ashleymouth,Returning,2022-11-01,Desktop
1159,Kevin,Jackson,kevin.jackson941@hotmail.com,34,Male,Brazil,North Margaret,Returning,2022-08-14,Tablet
1160,Anthony,Gonzalez,anthony.gonzalez153@yahoo.com,37,Male,United States,Jamieport,Churned,2022-12-16,Desktop
1161,Chad,Brown,chad.brown635@hotmail.com,54,Other,United States,East Markchester,VIP,2021-05-06,Mobile
1162,Veronica,Anderson,veronica.anderson835@yahoo.com,43,Female,India,Paulfurt,New,2024-09-23,Mobile
1163,Michelle,Anderson,michelle.anderson815@gmail.com,39,Female,Canada,Ryanfort,Churned,2019-12-14,Desktop
1164,Barbara,Collins,barbara.collins383@gmail.com,21,Female,ITALY,Hilltown,Churned,2024-12-11,Mobile
1165,Sean,Summers,sean.summers579@hotmail.com,18,Male,United States,New Mark,New,2022-06-01,Tablet
1166,Travis,Ford,travis.ford232@gmail.com,25,Female,Japan,West Debbiemouth,Returning,2021-01-29,Tablet
1167,Megan,Sparks,megan.sparks848@yahoo.com,42,Male,United Kingdom,South John,Returning,2024-05-25,Tablet
1168,Jessica,Ellis,jessica.ellis879@hotmail.com,19,Other,Germany,Lake Ashley,At-Risk,2021-05-12,Desktop
1169,Sonya,Allen,sonya.allen96@gmail.com,34,Female,Germany,Nicoleside,Returning,2020-10-01,Mobile
1170,Sabrina,Wolfe,sabrina.wolfe387@hotmail.com,51,Other,Italy,South Robert,Returning,2023-07-28,Mobile
1171,David,Wood,david.wood58@gmail.com,18,Other,ITALY,Robertburgh,New,2020-07-07,Desktop
1172,William,Murray,william.murray720@gmail.com,18,Male,Germany,Jamesfurt,At-Risk,2024-02-18,Desktop
1173,Randy,Smith,randy.smith512@gmail.com,31,Female,Australia,West Ellen,Returning,2021-10-14,Tablet
1174,Steven,Miller,steven.miller804@hotmail.com,49,Female,,Lake Stephanie,New,2019-11-04,Tablet
1175,Lori,Skinner,lori.skinner879@gmail.com,38,Male,India,New Craigport,New,2019-09-30,Tablet
1176,Judith,Jackson,judith.jackson942@hotmail.com,41,Male,Australia,Lake Joshuamouth,Returning,2021-02-23,Desktop
1177,Jay,Johnson,jay.johnson217@hotmail.com,41,Other,Philippines,South Heather,Returning,2024-01-07,Tablet
1178,Lisa,Davidson,lisa.davidson487@hotmail.com,24,Female,U.A.E.,South Hannahmouth,New,2019-04-25,Desktop
1179,Adam,Barton,adam.barton947@gmail.com,24,Male,Brazil,West Regina,Churned,2020-03-14,Tablet
1180,Allen,Johnson,,33,Female,Mexico,Loriland,New,2020-04-28,Tablet
1181,Nicole,Robles,nicole.robles578@hotmail.com,44,Other,France,Lake Gary,At-Risk,2021-06-29,Desktop
1182,Daniel,Murphy,daniel.murphy184@hotmail.com,18,Female,Italy,New Jamie,Returning,2022-04-01,Desktop
1183,Sheila,Martinez,sheila.martinez985@gmail.com,19,Male,united states,West Marcustown,Returning,2021-05-31,Tablet
1184,LESLIE,Price,leslie.price148@yahoo.com,27,Other,France,North Diane,VIP,2020-09-02,Mobile
1185,Claire,Williams,claire.williams952@gmail.com,29,Male,France,Turnerfort,New,2024-11-23,Mobile
1186,Cristian,Herrera,,38,Other,USA,West Susan,At-Risk,2022-08-07,Desktop
1187,Tina,Horton,tina.horton581@hotmail.com,34,Female,United States,West Gregory,At-Risk,2023-07-27,Tablet
1188,Grace,Spence,grace.spence919@hotmail.com,29,Other,India,Jonestown,New,2022-08-26,Mobile
1189,Brenda,Reyes,brenda.reyes394@hotmail.com,57,Other,philippines,New Briana,New,2024-12-05,Desktop
1190,Jesse,Jensen,jesse.jensen810@gmail.com,36,Other,Nigeria,Joelchester,Churned,2023-07-18,Tablet
1191,Christine,Brown,christine.brown81@yahoo.com,38,Other,Mexico,Phillipsberg,Returning,2021-04-03,Tablet
1192,Dawn,Young,dawn.young998@hotmail.com,44,Female,Egypt,Stevensonmouth,Returning,2019-10-22,Desktop
1193,Lonnie,Buchanan,lonnie.buchanan101@gmail.com,27,Female,U.A.E.,Wongport,At-Risk,2023-07-03,Desktop
1194,Jeremy,Quinn,jeremy.quinn859@yahoo.com,57,Male,United States,East Amber,At-Risk,2024-06-09,Mobile
1195,Elizabeth,Wright,elizabeth.wright620@hotmail.com,50,Other,France,New Monique,Returning,2022-02-16,Tablet
1196,Isaiah,Soto,isaiah.soto407@gmail.com,37,Female,South Africa,Jonesborough,New,2019-04-25,Desktop
1197,  Victoria  ,Mays,victoria.mays650@gmail.com,35,Female,India,East Brittanyborough,Returning,2020-06-01,Mobile
1198,Christian,Hardy,christian.hardy503@yahoo.com,50,Male,Brazil,Lake James,Returning,2021-07-18,Mobile
1199,Catherine,Turner,catherine.turner567@hotmail.com,34,Female,United Arab Emirates,Faulknerborough,Returning,2020-08-18,Mobile
1200,Kimberly,Miller,kimberly.miller191@yahoo.com,41,Other,Mexico,Grayfort,At-Risk,2021-08-25,Tablet
1201,William,Moss,william.moss677@gmail.com,34,Female,Spain,Smithfurt,New,2021-07-25,Desktop
1202,Christopher,Knox,christopher.knox791@yahoo.com,42,Other,indonesia,New Jessica,New,2020-07-17,Mobile
1203,Steven,Chavez,,55,Male,Japan,Jonesberg,New,2023-04-16,Tablet
1204,James,Hendricks,james.hendricks76@gmail.com,48,Male,SAUDI ARABIA,Port Vincentstad,New,2021-12-12,Mobile
1205,Sara,Bentley,sara.bentley158@hotmail.com,20,Female,Canada,Patrickport,Returning,2022-11-05,Tablet
1206,Brianna,Ortiz,brianna.ortiz803@gmail.com,42,Other,France,South Sarahburgh,New,2020-03-01,Desktop
1207,Samuel,Scott,samuel.scott758@hotmail.com,32,Female,Egypt,Williamfort,At-Risk,2022-10-23,Mobile
1208,Micheal,Brown,micheal.brown370@yahoo.com,21,Male,United States,Fitzgeraldbury,Returning,2021-11-12,Desktop
1209,Sandra,Ward,sandra.ward6@hotmail.com,48,Female,United States,Lake Elizabethberg,New,2020-07-26,Mobile
1210,Stanley,Becker,stanley.becker369@yahoo.com,55,Female,United States,New Beth,At-Risk,2022-12-22,Desktop
1211,Evan,Wilson,evan.wilson136@gmail.com,41,Male,Saudi Arabia,Sandersshire,Returning,2024-11-04,Desktop
1212,Christopher,Kent,christopher.kent442@yahoo.com,31,Female,united states,Port Ronald,New,2023-02-24,Tablet
1213,Vincent,Ferguson,vincent.ferguson569@yahoo.com,18,Other,United States,Jessicaland,Returning,2019-08-28,Mobile
1214,Ashley,Salinas,,51,Male,US,Kaitlynfurt,At-Risk,2023-03-12,Desktop
1215,Adam,Jackson,adam.jackson363@yahoo.com,34,Other,Brazil,North Chadchester,Returning,2022-02-24,Desktop
1216,Diamond,Quinn,diamond.quinn612@gmail.com,35,Other,Indonesia,West Jacob,Returning,2019-10-22,Mobile
1217,Tom,Shaw,,47,Female,Canada,Bradleyborough,Churned,2020-02-11,Desktop
1218,Brian,White,brian.white299@gmail.com,23,Female,Germany,Tonyachester,Returning,2021-08-23,Mobile
1219,Robin,Rodriguez,robin.rodriguez798@hotmail.com,34,Male,Italy,North Kelly,At-Risk,2021-04-07,Tablet
1220,Joshua,Peterson,joshua.peterson923@hotmail.com,28,Other,Britain,South Todd,New,2023-07-25,Desktop
1221,albert,Adams,albert.adams586@gmail.com,34,Other,Germany,North Jasontown,At-Risk,2021-04-03,Desktop
1222,Abigail,Hayden,abigail.hayden702@yahoo.com,25,Female,United States,Kennedymouth,New,2022-08-17,Desktop
1223,Matthew,Maldonado,matthew.maldonado143@yahoo.com,18,Female,Germany,Lisastad,Returning,2022-12-28,Mobile
1224,Nicholas,Brown,nicholas.brown275@yahoo.com,31,Female,India,Lindatown,New,2021-09-28,Desktop
1225,Holly,Hardy,holly.hardy65@gmail.com,51,Male,Egypt,New Davidhaven,New,2020-09-04,Mobile
1226,Holly,Briggs,holly.briggs283@yahoo.com,39,Female,United States,Montgomeryfort,New,2022-02-02,Mobile
1227,Donna,Smith,donna.smith496@hotmail.com,22,Male,Japan,Allenstad,New,2024-03-28,Mobile
1228,Tara,Fitzgerald,tara.fitzgerald258@hotmail.com,18,Male,United States,Hallfort,Returning,2021-05-26,Tablet
1229,  Cheyenne  ,Miller,cheyenne.miller641@yahoo.com,24,Female,Mexico,Hatfieldville,New,2023-05-28,Tablet
1230,Kelly,Lee,kelly.lee632@gmail.com,43,Male,Nigeria,East Tylerland,At-Risk,2020-10-22,Mobile
1231,Emily,Dunn,emily.dunn110@yahoo.com,23,Male,France,South Stephanie,New,2021-11-22,Mobile
1232,Amber,Sanchez,amber.sanchez7@gmail.com,26,Female,Mexico,North Ryantown,At-Risk,2019-12-18,Mobile
1233,Sarah,Orr,sarah.orr862@yahoo.com,47,Other,France,Lake Jonathan,New,2021-11-09,Mobile
1234,Priscilla,Martinez,priscilla.martinez824@gmail.com,42,Female,,Davismouth,Returning,2024-03-25,Mobile
1235,Sarah,Miranda,sarah.miranda343@hotmail.com,21,Female,United States,Lake Matthewfurt,Churned,2022-12-03,Tablet
1236,Kristen,Burch,,46,Other,United States,East Jonathon,Churned,2020-09-29,Desktop
1237,  Daniel  ,Peterson,daniel.peterson308@hotmail.com,46,Female,Netherlands,Lake Sheri,New,2022-06-09,Tablet
1238,David,Edwards,david.edwards971@yahoo.com,57,Other,Australia,West Bryanside,Returning,2020-02-20,Desktop
1239,Paul,Henderson,paul.henderson491@yahoo.com,18,Female,Germany,New Elizabeth,Returning,2022-07-18,Desktop
1240,Daniel,Smith,daniel.smith988@yahoo.com,18,Female,Netherlands,Duaneport,New,2024-01-09,Mobile
1241,Vincent,Bryant,vincent.bryant299@hotmail.com,38,Other,Italy,Dustinton,Returning,2022-08-05,Tablet
1242,Kyle,Mooney,kyle.mooney649@gmail.com,41,Female,Spain,Wendyshire,New,2021-11-13,Tablet
1243,Maria,Simpson,maria.simpson801@hotmail.com,24,Male,Egypt,Brownmouth,New,2019-12-01,Mobile
1244,Jennifer,Charles,jennifer.charles386@gmail.com,27,Female,Netherlands,Port Kimberlyfort,New,2023-05-13,Mobile
1245,Kevin,Briggs,kevin.briggs374@gmail.com,46,Male,Canada,New Philipchester,VIP,2023-01-25,Tablet
1246,Veronica,Todd,veronica.todd205@yahoo.com,41,Other,Brazil,New Jessicaport,Returning,2023-03-06,Tablet
1247,James,Chase,james.chase185@yahoo.com,44,Other,France,East Marcusshire,New,2024-03-12,Tablet
1248,Brian,Michael,brian.michael28@yahoo.com,57,Other,Spain,Penashire,New,2019-10-29,Mobile
1249,Heather,Carter,heather.carter966@gmail.com,23,Other,Brazil,East Linda,VIP,2020-03-04,Desktop
1250,Denise,Cox,denise.cox449@hotmail.com,45,Female,United Kingdom,Lake Kristenberg,New,2021-04-05,Tablet
1251,Toni,Shelton,toni.shelton71@gmail.com,39,Female,Netherlands,North Michaelfort,New,2020-01-29,Tablet
1252,Brian,Baird,brian.baird512@hotmail.com,24,Male,united arab emirates,Brittneyberg,Returning,2022-10-05,Tablet
1253,Richard,Johnson,richard.johnson311@gmail.com,45,Male,Germany,Burnsburgh,Returning,2022-12-01,Mobile
1254,Nicholas,Holt,nicholas.holt675@hotmail.com,35,Male,United States,Port Stevenfurt,New,2020-08-25,Tablet
1255,Denise,Richardson,denise.richardson434@gmail.com,23,Female,India,North Davidhaven,New,2020-05-07,Desktop
1256,Brenda,Archer,brenda.archer460@yahoo.com,58,Other,Canada,Heatherville,VIP,2023-10-07,Mobile
1257,Herbert,Washington,herbert.washington597@hotmail.com,38,Female,India,Evansberg,Returning,2019-08-06,Tablet
1258,Bryan,Stout,bryan.stout519@hotmail.com,47,Other,United States,South Lisa,New,2019-02-13,Mobile
1259,Angela,Herrera,angela.herrera557@hotmail.com,18,Male,Saudi Arabia,Brownshire,Returning,2022-03-26,Mobile
1260,Lori,Pearson,lori.pearson719@gmail.com,48,Other,United States,East Michelleburgh,VIP,2019-01-12,Tablet
1261,Seth,Edwards,seth.edwards654@gmail.com,38,Male,,New Jamie,Churned,2019-12-20,Desktop
1262,Anna,York,anna.york788@gmail.com,18,Male,Spain,North Williamstad,VIP,2024-10-18,Tablet
1263,George,Rowland,george.rowland681@hotmail.com,40,Female,Canada,East Kevinhaven,New,2024-06-05,Desktop
1264,Kelly,Ferguson,kelly.ferguson663@gmail.com,37,Other,Canada,Nealhaven,New,2024-06-18,Desktop
1265,Wendy,Obrien,wendy.obrien577@hotmail.com,50,Other,Brazil,Lake Corey,New,2023-12-02,Tablet
1266,Joel,Lopez,joel.lopez663@yahoo.com,53,Female,United Arab Emirates,East Carrie,Returning,2020-04-18,Mobile
1267,Michael,Anderson,michael.anderson989@hotmail.com,43,Female,Germany,Jonesview,New,2020-07-25,Desktop
1268,Debra,Martin,debra.martin11@yahoo.com,59,Male,USA,West Ericaberg,At-Risk,2022-03-20,Mobile
1269,Chad,Oconnor,chad.oconnor228@hotmail.com,38,Other,United States,Lake Nathan,,2022-12-11,Tablet
1270,Lori,Jacobs,lori.jacobs532@yahoo.com,43,Other,,West Victoria,At-Risk,2021-08-08,Tablet
1271,Anthony,Munoz,anthony.munoz705@gmail.com,25,Other,United Kingdom,Davidville,New,2023-02-07,Desktop
1272,Richard,Murphy,richard.murphy457@gmail.com,52,Female,India,Reginaview,At-Risk,2019-11-17,Mobile
1273,Lauren,Hill,lauren.hill475@gmail.com,36,Other,  India  ,Pettybury,New,2021-04-09,Tablet
1274,Daniel,Frost,,42,Other,India,Briannafort,Returning,2019-07-29,Desktop
1275,Michael,Armstrong,michael.armstrong354@yahoo.com,18,Male,United Kingdom,Catherineton,New,2020-01-10,Mobile
1276,Stacey,Price,stacey.price108@yahoo.com,54,Female,Canada,Woodsberg,New,2020-07-21,Mobile
1277,Gloria,Reeves,gloria.reeves943@hotmail.com,53,Male,Nigeria,East Nicholas,Churned,2023-05-31,Desktop
1278,Brian,Swanson,brian.swanson852@yahoo.com,18,Other,Brazil,Lake Charlotte,At-Risk,2023-03-29,Desktop
1279,Isaac,Andersen,isaac.andersen357@yahoo.com,21,Female,France,Joshuachester,VIP,2022-02-14,Mobile
1280,  Jennifer  ,Bradshaw,jennifer.bradshaw467@gmail.com,23,Male,Japan,Cynthialand,Returning,2024-09-06,Tablet
1281,Richard,Edwards,richard.edwards495@gmail.com,40,Female,United States,North Jessicaland,Returning,2019-12-28,Mobile
1282,Brian,Paul,brian.paul100@hotmail.com,24,Female,Japan,Stokestown,VIP,2024-10-09,Tablet
1283,Roger,Romero,roger.romero714@hotmail.com,42,Female,India,South Tyler,VIP,2023-02-10,Mobile
1284,Erica,Patel,erica.patel69@gmail.com,40,Female,Brazil,Smithborough,New,2024-06-18,Desktop
1285,Julie,Klein,julie.klein830@hotmail.com,61,Other,Netherlands,Johnhaven,New,2023-02-07,Desktop
1286,Bobby,West,bobby.west24@gmail.com,23,Female,United States,East Charles,Churned,2024-01-14,Tablet
1287,Willie,Farley,willie.farley112@yahoo.com,35,Other,BRAZIL,Graystad,Returning,2024-10-25,Desktop
1288,Matthew,Shelton,matthew.shelton953@hotmail.com,24,Other,United States,West Kevinport,New,2020-08-03,Desktop
1289,Aaron,Welch,aaron.welch529@yahoo.com,38,Male,INDIA,West Sarah,New,2024-10-02,Tablet
1290,Zachary,Barry,zachary.barry164@yahoo.com,25,Female,Mexico,Browntown,At-Risk,2022-09-10,Tablet
1291,Mark,Gomez,mark.gomez437@gmail.com,35,Female,JAPAN,Pamelaburgh,New,2021-05-30,Desktop
1292,Alan,Jordan,alan.jordan817@gmail.com,28,Female,Canada,New Willieberg,Returning,2021-06-18,Tablet
1293,Robin,Smith,robin.smith189@hotmail.com,55,Male,Germany,Jeremyfurt,Returning,2021-03-31,Tablet
1294,Michael,Mcclain,michael.mcclain674@hotmail.com,42,Female,Australia,Danielmouth,New,2022-12-08,Mobile
1295,Scott,Taylor,scott.taylor30@hotmail.com,42,Other,Germany,Smithborough,Churned,2019-08-31,Tablet
1296,Justin,Anderson,justin.anderson905@yahoo.com,57,Male,united states,Rachelburgh,Returning,2022-12-30,Mobile
1297,Stacy,Moyer,stacy.moyer607@yahoo.com,23,Female,Japan,South Tracyfort,Returning,2023-10-19,Mobile
1298,JENNIFER,Nguyen,jennifer.nguyen5@yahoo.com,50,Other,Egypt,Andersonville,Returning,2023-10-03,Desktop
1299,David,Cooper,david.cooper211@gmail.com,44,Female,Britain,North Erika,New,2021-01-19,Tablet
1300,Tiffany,Mclaughlin,tiffany.mclaughlin829@yahoo.com,34,Male,Brazil,Robertsfort,Churned,2019-07-01,Tablet
1301,Roy,Williamson,roy.williamson105@hotmail.com,28,Other,Germany,East Juan,Returning,2019-09-10,Desktop
1302,Joseph,Haynes,joseph.haynes375@hotmail.com,34,Female,United States,Gonzalezville,VIP,2023-03-17,Desktop
1303,Wayne,White,wayne.white469@hotmail.com,22,Male,USA,East David,At-Risk,2021-05-29,Mobile
1304,Joshua,Lee,joshua.lee687@gmail.com,18,Female,France,Smithborough,Returning,2019-07-19,Tablet
1305,Brent,Russell,brent.russell990@yahoo.com,27,Other,Mexico,East Matthew,New,2021-11-15,Mobile
1306,William,Schneider,william.schneider612@yahoo.com,59,Female,Italy,West Michaelstad,Churned,2023-04-09,Tablet
1307,John,Jacobson,john.jacobson402@gmail.com,40,Other,US,North Brettmouth,Returning,2020-04-09,Desktop
1308,Thomas,Kerr,thomas.kerr357@gmail.com,37,Female,Brazil,Lopezfort,Returning,2021-03-07,Mobile
1309,Kevin,Davis,kevin.davis633@gmail.com,18,Male,United States,West Michael,Returning,2023-11-10,Tablet
1310,Julia,Chapman,julia.chapman723@hotmail.com,23,Female,united states,Johnview,VIP,2020-04-05,Tablet
1311,Patrick,Eaton,patrick.eaton605@gmail.com,61,Male,Nigeria,North Brendaborough,Returning,2020-02-27,Tablet
1312,Sean,Garcia,sean.garcia138@hotmail.com,50,Female,Germany,Kevinfort,At-Risk,2024-12-08,Desktop
1313,James,Le,james.le245@gmail.com,26,Female,India,East Robert,Churned,2023-04-09,Desktop
1314,Patricia,Malone,patricia.malone188@hotmail.com,36,Female,France,Patriciamouth,New,2022-10-12,Tablet
1315,David,Graham,david.graham145@yahoo.com,35,Other,France,Millshaven,Returning,2023-09-29,Mobile
1316,Gary,Hill,gary.hill429@gmail.com,35,Other,United States,Brandonshire,Churned,2019-05-14,Desktop
1317,Teresa,Lee,teresa.lee589@yahoo.com,42,Female,Italy,Cohenhaven,New,2024-10-29,Mobile
1318,Gabriel,Christensen,gabriel.christensen191@yahoo.com,53,Female,Australia,Moralesview,Returning,2020-03-29,Tablet
1319,Adam,Armstrong,adam.armstrong551@hotmail.com,41,Other,Canada,Port Williamhaven,Churned,2023-03-31,Tablet
1320,Alicia,Turner,alicia.turner954@gmail.com,42,Male,United States,Jeanetteside,At-Risk,2019-09-18,Tablet
1321,Jeffrey,Ferguson,jeffrey.ferguson171@yahoo.com,41,Female,Brazil,Lake Eddieview,Churned,2024-07-24,Mobile
1322,  Joseph  ,Gibbs,joseph.gibbs144@hotmail.com,18,Male,Mexico,Port Jason,,2019-09-12,Mobile
1323,Deborah,Chen,deborah.chen863@yahoo.com,27,Female,France,Christopherside,Returning,2020-08-01,Tablet
1324,Dennis,Villanueva,dennis.villanueva55@yahoo.com,31,Female,Germany,Tracietown,New,2023-12-11,Desktop
1325,Jeffrey,Sanford,jeffrey.sanford497@gmail.com,46,Male,Germany,Teresaside,New,2022-12-11,Desktop
1326,Miranda,Crosby,miranda.crosby835@hotmail.com,38,Female,France,Lake Juliefurt,New,2024-09-02,Tablet
1327,Jonathan,Sims,jonathan.sims518@hotmail.com,41,Other,Brazil,Port Scott,Returning,2020-12-11,Mobile
1328,James,Soto,james.soto419@yahoo.com,41,Other,Spain,South Jesse,Returning,2023-05-11,Mobile
1329,Miguel,Barrera,miguel.barrera426@gmail.com,41,Other,Spain,Whiteburgh,Returning,2023-11-22,Mobile
1330,Gregory,Hudson,gregory.hudson501@hotmail.com,49,Male,France,Lake Julian,Churned,2020-11-10,Desktop
1331,Nicole,Roth,nicole.roth579@hotmail.com,63,Male,Britain,North Douglas,Returning,2021-07-23,Desktop
1332,Spencer,Brewer,spencer.brewer300@yahoo.com,46,Male,Brazil,Lake Alisontown,New,2022-08-14,Mobile
1333,Nicholas,Smith,nicholas.smith231@gmail.com,37,Other,Egypt,East Johnland,Returning,2020-08-09,Mobile
1334,sheena,Greene,sheena.greene173@gmail.com,28,Female,United Kingdom,New Jillmouth,VIP,2024-02-12,Tablet
1335,Christopher,Taylor,christopher.taylor761@hotmail.com,34,Female,United States,Ochoaport,New,2020-12-27,Tablet
1336,Eric,Brown,eric.brown524@hotmail.com,26,Male,United Kingdom,Courtneyville,Returning,2019-02-16,Tablet
1337,Bradley,Stephens,bradley.stephens117@gmail.com,34,Female,India,Thomasbury,Returning,2019-02-22,Tablet
1338,Ronald,Hernandez,ronald.hernandez844@hotmail.com,29,Female,Germany,Jeremiahfurt,At-Risk,2023-02-13,Tablet
1339,jennifer,Valenzuela,jennifer.valenzuela843@yahoo.com,36,Male,USA,North Jeffrey,New,2024-09-26,Tablet
1340,Juan,Jones,juan.jones452@yahoo.com,21,Other,Brazil,West Sandraland,Returning,2024-05-16,Desktop
1341,Cassandra,Thompson,cassandra.thompson436@hotmail.com,37,Male,Philippines,Carolchester,New,2019-11-26,Tablet
1342,Elizabeth,Turner,elizabeth.turner850@yahoo.com,48,Other,United States,Nancyview,New,2024-06-30,Desktop
1343,Dorothy,Cantu,dorothy.cantu305@hotmail.com,38,Male,Mexico,Port Aaronberg,New,2023-09-01,Mobile
1344,Dwayne,Hernandez,dwayne.hernandez270@yahoo.com,19,Female,Philippines,Briggsville,At-Risk,2022-06-20,Desktop
1345,Susan,Ramirez,susan.ramirez450@gmail.com,30,Male,United Kingdom,Wandaburgh,New,2023-08-09,Desktop
1346,Michael,Snyder,michael.snyder215@yahoo.com,33,Other,United States,Guzmanmouth,Returning,2019-10-30,Tablet
1347,Sherry,Dorsey,sherry.dorsey706@yahoo.com,27,Female,Indonesia,Dunnside,VIP,2022-03-15,Tablet
1348,Amanda,Underwood,amanda.underwood625@yahoo.com,20,Other,Philippines,New Jenniferhaven,New,2022-06-20,Mobile
1349,Heather,Goodman,heather.goodman170@hotmail.com,47,Other,United States,East Michaelborough,New,2024-12-17,Desktop
1350,Andre,Grant,andre.grant804@gmail.com,18,Male,Mexico,North Rhondastad,Returning,2024-02-03,Desktop
1351,Michelle,Fuentes,michelle.fuentes825@yahoo.com,32,Male,France,Thomasside,New,2024-10-30,Tablet
1352,Robin,Sanchez,robin.sanchez360@gmail.com,18,Other,Germany,Lake Devinberg,New,2021-04-07,Mobile
1353,Anthony,Hanna,anthony.hanna612@yahoo.com,54,Other,Canada,Lake Danielshire,Returning,2019-06-11,Desktop
1354,Mary,Harrell,mary.harrell332@gmail.com,43,Other,United Kingdom,West Donald,New,2020-06-20,Mobile
1355,Alexander,Guerra,alexander.guerra297@yahoo.com,41,Other,Japan,Port Ian,Returning,2023-06-18,Mobile
1356,Kaitlin,Hale,,29,Other,Australia,Jenkinsmouth,Churned,2021-08-30,Tablet
1357,Deanna,Smith,deanna.smith835@gmail.com,33,Male,Germany,North Nicole,At-Risk,2019-03-12,Desktop
1358,Karen,Gordon,karen.gordon986@gmail.com,31,Female,Indonesia,Wallmouth,New,2022-04-29,Desktop
1359,Maria,Ellison,maria.ellison284@hotmail.com,36,Other,U.K.,Jennachester,Returning,2024-08-02,Desktop
1360,Joseph,Davis,joseph.davis719@yahoo.com,36,Male,France,Lake Jason,Churned,2022-09-18,Desktop
1361,Jeffery,White,jeffery.white150@hotmail.com,42,Other,Germany,Port Heatherfort,VIP,2020-11-17,Mobile
1362,Dawn,Wilcox,dawn.wilcox849@gmail.com,29,Male,France,Port Nathanchester,Returning,2020-03-02,Tablet
1363,Daniel,Miller,daniel.miller403@hotmail.com,41,Female,Netherlands,Anthonyport,New,2019-12-23,Desktop
1364,Daniel,Lewis,daniel.lewis592@gmail.com,41,Other,japan,Jacobborough,New,2022-10-30,Mobile
1365,Antonio,Adams,antonio.adams643@hotmail.com,51,Female,,New Valeriefort,Returning,2019-04-11,Mobile
1366,Leonard,Harding,leonard.harding463@gmail.com,18,Male,Indonesia,Karenfurt,New,2021-12-31,Tablet
1367,Leonard,Myers,leonard.myers814@yahoo.com,24,Male,United States,Lake Emily,New,2020-12-26,Mobile
1368,Peggy,Gordon,peggy.gordon528@hotmail.com,55,Other,Philippines,North Brenda,At-Risk,2021-04-17,Mobile
1369,Brenda,Christian,brenda.christian712@yahoo.com,29,Female,Mexico,East Faith,Returning,2019-06-22,Mobile
1370,Connie,Cisneros,connie.cisneros974@gmail.com,21,Female,France,Port Erin,Returning,2019-11-05,Mobile
1371,JENNIFER,Holder,jennifer.holder596@hotmail.com,53,Male,United States,Sethberg,Returning,2021-01-12,Tablet
1372,  Michael  ,Chase,michael.chase96@yahoo.com,58,Other,India,Lake Kimfurt,Returning,2020-06-07,Mobile
1373,Wendy,Lawson,wendy.lawson651@gmail.com,44,Other,US,Davistown,Returning,2019-11-09,Tablet
1374,Monica,Payne,monica.payne367@gmail.com,26,Male,Spain,Davismouth,Returning,2020-01-07,Tablet
1375,Kenneth,Jones,kenneth.jones408@hotmail.com,46,Male,India,Michaelland,At-Risk,2020-01-28,Mobile
1376,Kelsey,Scott,kelsey.scott845@yahoo.com,23,Male,United Arab Emirates,Kathrynmouth,Returning,2022-11-25,Mobile
1377,Donald,Martinez,donald.martinez275@hotmail.com,22,Female,,Williamsport,Returning,2021-05-28,Mobile
1378,Melody,Stark,melody.stark346@gmail.com,35,Other,,Richardsonmouth,Returning,2021-03-29,Tablet
1379,Evelyn,Hunter,evelyn.hunter134@yahoo.com,18,Other,United Arab Emirates,New Tiffanyton,New,2023-06-12,Mobile
1380,John,Nicholson,john.nicholson808@gmail.com,35,Female,Brazil,Port Daniel,Churned,2021-04-03,Tablet
1381,Ashley,Nash,ashley.nash781@gmail.com,34,Male,USA,Sawyerland,Returning,2021-02-03,Desktop
1382,Taylor,Nichols,taylor.nichols102@yahoo.com,20,Other,India,North Henryville,Returning,2024-07-03,Mobile
1383,Sandra,Tate,sandra.tate17@gmail.com,47,Male,United Kingdom,Murphymouth,New,2021-01-20,Desktop
1384,Cassandra,Lewis,cassandra.lewis452@hotmail.com,36,Female,Netherlands,Wilsonmouth,Returning,2019-03-25,Desktop
1385,Eric,Harrison,eric.harrison982@hotmail.com,38,Female,Italy,West Ashley,Returning,2024-12-04,Desktop
1386,Kim,Brown,kim.brown706@yahoo.com,46,Male,Egypt,Irwinborough,Churned,2019-04-29,Tablet
1387,Miranda,Cisneros,miranda.cisneros310@hotmail.com,20,Male,Canada,Nelsonburgh,New,2019-07-03,Mobile
1388,Chad,Sullivan,chad.sullivan96@yahoo.com,39,Other,United Kingdom,Savagehaven,Returning,2020-04-14,Mobile
1389,Patricia,White,patricia.white257@gmail.com,61,Male,France,South Matthewport,Returning,2019-12-27,Mobile
1390,Michael,Barnes,michael.barnes681@yahoo.com,51,Other,united states,Lake Samuel,New,2024-06-22,Desktop
1391,Ashley,Morrow,ashley.morrow54@hotmail.com,36,Female,United Kingdom,North Jennifer,New,2022-06-21,Tablet
1392,Duane,Beck,duane.beck313@hotmail.com,20,Other,France,Alexismouth,At-Risk,2024-08-07,Tablet
1393,Victor,Stewart,victor.stewart774@hotmail.com,48,Male,Saudi Arabia,Bakertown,New,2024-12-05,Mobile
1394,SHERRY,Mathews,sherry.mathews672@hotmail.com,43,Male,US,Fowlershire,At-Risk,2019-08-02,Tablet
1395,JEFFERY,Werner,jeffery.werner98@yahoo.com,63,Male,Mexico,New Nicholas,VIP,2021-02-01,Desktop
1396,Stephanie,Bonilla,stephanie.bonilla489@hotmail.com,18,Male,Saudi Arabia,West Lisatown,Churned,2020-10-23,Desktop
1397,Kurt,Fuentes,kurt.fuentes608@gmail.com,24,Male,Nigeria,Banksmouth,New,2021-06-26,Tablet
1398,Michael,Clayton,michael.clayton697@yahoo.com,48,Female,United Kingdom,Danielburgh,At-Risk,2021-10-02,Desktop
1399,Nathan,Tran,nathan.tran9@gmail.com,26,Other,United States,Jameschester,At-Risk,2022-10-21,Mobile
1400,Jacqueline,Pace,jacqueline.pace837@gmail.com,27,Male,India,Port Maryland,VIP,2022-11-24,Mobile
1401,Christina,Jenkins,christina.jenkins711@yahoo.com,45,Male,Egypt,Lake Seanshire,Returning,2023-11-01,Mobile
1402,Elizabeth,Christian,elizabeth.christian73@gmail.com,26,Male,France,Port Shawn,New,2021-04-14,Mobile
1403,JAMES,Harrison,james.harrison92@gmail.com,36,Other,Saudi Arabia,Tammymouth,Returning,2021-06-23,Desktop
1404,Lori,Padilla,lori.padilla106@hotmail.com,37,Female,Spain,Smithstad,VIP,2023-09-10,Mobile
1405,William,Adams,william.adams903@hotmail.com,24,Female,Mexico,Kylechester,VIP,2023-01-15,Desktop
1406,adam,Stout,adam.stout392@gmail.com,32,Male,Brazil,North Ericstad,New,2024-01-17,Tablet
1407,April,Figueroa,april.figueroa694@yahoo.com,18,Male,France,Georgeshire,Returning,2024-12-15,Desktop
1408,John,Beltran,john.beltran544@gmail.com,36,Other,Egypt,Pooleshire,New,2021-07-29,Desktop
1409,Sheila,Myers,sheila.myers625@hotmail.com,18,Other,United Kingdom,South Rebecca,At-Risk,2022-02-07,Desktop
1410,Samuel,Garcia,samuel.garcia451@gmail.com,28,Female,South Africa,Lake Barbarafurt,Returning,2024-01-22,Tablet
1411,Courtney,Green,courtney.green219@hotmail.com,41,Other,Netherlands,West James,New,2019-07-24,Tablet
1412,Samuel,Fuller,samuel.fuller156@hotmail.com,39,Female,Philippines,North Christine,Returning,2022-04-06,Tablet
1413,Teresa,Armstrong,,30,Female,Australia,South Cynthia,New,2023-08-31,Desktop
1414,Jacob,Delgado,jacob.delgado89@gmail.com,33,Male,United Kingdom,Jamesbury,Returning,2023-05-11,Desktop
1415,Lindsay,Gray,lindsay.gray771@yahoo.com,39,Male,Canada,West Christopherberg,At-Risk,2022-10-06,Tablet
1416,Danielle,Riley,danielle.riley748@gmail.com,38,Female,Netherlands,South Saraville,VIP,2019-08-23,Mobile
1417,Justin,Kline,justin.kline987@gmail.com,41,Female,Philippines,South Meganborough,VIP,2021-05-06,Mobile
1418,Travis,Johnson,travis.johnson811@gmail.com,26,Male,Germany,Chungland,Returning,2020-04-05,Desktop
1419,Robert,Preston,robert.preston284@hotmail.com,37,Other,united states,Stokesburgh,Returning,2020-10-16,Desktop
1420,Rebecca,Keller,rebecca.keller255@hotmail.com,62,Other,Spain,North Theresastad,At-Risk,2021-11-26,Tablet
1421,Christina,Payne,,50,Other,Egypt,Saraborough,At-Risk,2022-08-20,Tablet
1422,Amanda,Holmes,amanda.holmes292@gmail.com,20,Other,Philippines,Port Michael,Returning,2024-05-22,Desktop
1423,Anthony,Taylor,anthony.taylor869@gmail.com,48,Other,Japan,West Joshua,New,2020-03-12,Mobile
1424,Christopher,Erickson,christopher.erickson211@hotmail.com,46,Other,Nigeria,Stuartfort,New,2021-08-13,Tablet
1425,Stacey,Nielsen,stacey.nielsen522@yahoo.com,36,Male,AUSTRALIA,East Gloria,At-Risk,2024-04-28,Tablet
1426,Juan,Long,juan.long402@hotmail.com,34,Female,Germany,Gabrielborough,New,2024-09-20,Tablet
1427,Tony,Andrade,tony.andrade56@yahoo.com,38,Male,U.K.,Lisaville,VIP,2022-08-23,Mobile
1428,Ruben,Bradley,ruben.bradley396@yahoo.com,50,Male,India,South Garyton,Returning,2024-09-30,Desktop
1429,Johnny,Ortiz,,51,Other,Italy,Raymondville,VIP,2020-01-30,Tablet
1430,Marcus,Gibbs,marcus.gibbs73@yahoo.com,34,Other,United States,North Jason,At-Risk,2021-03-25,Desktop
1431,Dustin,Edwards,dustin.edwards370@gmail.com,50,Female,Germany,Haleymouth,At-Risk,2020-04-13,Desktop
1432,Ashley,Morris,ashley.morris397@gmail.com,48,Other,United Arab Emirates,South Justinborough,New,2022-03-01,Mobile
1433,Dakota,Ramirez,dakota.ramirez375@hotmail.com,47,Other,United States,New Patriciachester,Churned,2023-02-03,Tablet
1434,Ryan,Li,ryan.li177@gmail.com,33,Female,Japan,North Leah,Returning,2021-12-28,Desktop
1435,Veronica,Fisher,veronica.fisher18@gmail.com,25,Other,Saudi Arabia,Jacksonmouth,New,2022-07-19,Desktop
1436,Joel,Smith,joel.smith15@gmail.com,25,Female,Spain,South Justinfurt,Returning,2019-03-23,Desktop
1437,Amanda,Rose,amanda.rose41@yahoo.com,41,Male,Germany,North Terrychester,Returning,2023-05-04,Mobile
1438,Joshua,Molina,joshua.molina519@yahoo.com,36,Female,Germany,New Kimfort,Returning,2022-09-03,Tablet
1439,Phillip,Horton,phillip.horton730@yahoo.com,48,Other,India,Allisonville,Returning,2024-01-22,Mobile
1440,Sharon,Garcia,sharon.garcia434@gmail.com,34,Other,united states,Port Alexville,Churned,2024-12-16,Mobile
1441,Michelle,Ramsey,michelle.ramsey85@gmail.com,33,Other,,North James,Returning,2024-05-30,Tablet
1442,Miguel,Leach,,34,Other,France,West Nicoleton,Returning,2019-08-31,Desktop
1443,Stacey,Jones,stacey.jones285@yahoo.com,28,Male,Italy,Nelsonburgh,Returning,2024-07-19,Mobile
1444,Brandy,Wilson,brandy.wilson81@yahoo.com,42,Other,France,Port Breanna,Returning,2024-02-06,Desktop
1445,Paula,Walsh,paula.walsh998@hotmail.com,46,Male,India,New Allisonshire,Returning,2021-11-13,Tablet
1446,Tracy,Ramirez,tracy.ramirez335@hotmail.com,26,Female,Brazil,Perezview,Churned,2023-08-06,Tablet
1447,Jennifer,Gomez,jennifer.gomez650@gmail.com,45,Other,Germany,Lake Christian,New,2024-10-30,Tablet
1448,Brian,Smith,brian.smith659@gmail.com,34,Male,United Kingdom,Cardenasborough,Returning,2021-12-04,Mobile
1449,Matthew,Cervantes,matthew.cervantes716@hotmail.com,27,Female,US,Kathleenport,New,2023-04-02,Tablet
1450,Diana,Abbott,diana.abbott977@gmail.com,42,Male,United Arab Emirates,East Sabrina,,2021-04-24,Desktop
1451,Shaun,Oliver,shaun.oliver251@gmail.com,24,Male,India,Lopezview,Returning,2021-07-15,Mobile
1452,Gina,Lynn,gina.lynn119@hotmail.com,33,Female,Germany,East Stevenville,,2023-06-21,Tablet
1453,John,Shannon,john.shannon624@gmail.com,28,Male,United States,Anthonyhaven,Churned,2021-09-18,Mobile
1454,Joseph,Mcintosh,,39,Other,United Kingdom,Ryanberg,New,2021-05-19,Tablet
1455,Ryan,Cook,ryan.cook759@yahoo.com,51,Male,Germany,Mitchellton,Returning,2022-11-22,Desktop
1456,Jessica,Henderson,jessica.henderson13@yahoo.com,30,Other,Japan,South Gregory,Returning,2020-08-27,Desktop
1457,Catherine,Stone,catherine.stone719@gmail.com,39,Male,,Lake Johnville,Churned,2020-04-26,Desktop
1458,Brian,Johnson,brian.johnson509@yahoo.com,35,Female,Egypt,North Amanda,New,2020-08-26,Tablet
1459,Nicole,Lyons,nicole.lyons530@yahoo.com,38,Other,Netherlands,Longbury,New,2023-05-28,Mobile
1460,Natasha,Adams,natasha.adams171@gmail.com,36,Female,Japan,Port James,Returning,2022-10-27,Desktop
1461,Janice,Roberts,janice.roberts768@gmail.com,43,Female,Germany,East Wesleyfort,At-Risk,2023-06-08,Tablet
1462,Melissa,Watts,melissa.watts908@gmail.com,29,Male,,Erinburgh,Returning,2020-02-15,Desktop
1463,Rachel,Thomas,rachel.thomas344@gmail.com,26,Female,United States,Pattersontown,New,2020-01-24,Mobile
1464,Joseph,Jones,joseph.jones537@hotmail.com,26,Male,India,New Michaelfort,New,2022-07-01,Mobile
1465,Tracy,Wright,tracy.wright730@gmail.com,18,Other,Nigeria,Port Andreport,Churned,2024-01-05,Tablet
1466,Alicia,Jackson,alicia.jackson79@gmail.com,21,Female,Australia,North Kevinmouth,Returning,2021-09-18,Mobile
1467,Jessica,Fritz,jessica.fritz524@yahoo.com,34,Female,Canada,Kingmouth,Returning,2019-01-30,Desktop
1468,Michael,Mckinney,michael.mckinney512@hotmail.com,32,Other,United States,Rodriguezhaven,At-Risk,2023-05-15,Desktop
1469,Andrew,Irwin,andrew.irwin377@gmail.com,39,Male,United States,West Tyler,New,2020-06-19,Mobile
1470,Joyce,Mcpherson,joyce.mcpherson792@yahoo.com,25,Male,South Africa,Lake Christopher,New,2024-07-10,Tablet
1471,Nicholas,Rodriguez,nicholas.rodriguez691@yahoo.com,38,Other,,Archerhaven,Churned,2020-01-19,Desktop
1472,Renee,Bailey,,51,Other,United Kingdom,Lawrenceview,At-Risk,2020-11-08,Tablet
1473,blake,Meyer,blake.meyer3@yahoo.com,39,Male,United States,South Laurashire,Returning,2024-10-22,Desktop
1474,Laura,Roberts,laura.roberts251@gmail.com,33,Male,Spain,Hoberg,Churned,2021-10-18,Mobile
1475,Edward,Levy,edward.levy373@hotmail.com,34,Female,Canada,West Tommy,New,2019-05-22,Desktop
1476,Kenneth,Chavez,kenneth.chavez184@gmail.com,38,Male,Germany,Margaretville,Returning,2019-04-27,Tablet
1477,KEVIN,Jordan,kevin.jordan823@hotmail.com,21,Other,Japan,North Johnstad,New,2024-04-09,Tablet
1478,Kristen,Shaw,kristen.shaw672@hotmail.com,37,Female,Canada,North Jennifer,Returning,2019-11-09,Desktop
1479,Jessica,Reynolds,jessica.reynolds330@gmail.com,43,Male,Mexico,Jefferyfort,New,2024-08-06,Mobile
1480,John,Gregory,john.gregory938@yahoo.com,45,Other,India,Rossville,New,2024-05-10,Mobile
1481,Samantha,Harper,samantha.harper278@gmail.com,20,Male,united states,Sheltonmouth,New,2023-10-29,Tablet
1482,Donald,Saunders,donald.saunders382@yahoo.com,18,Male,Philippines,South Angela,Churned,2020-10-21,Tablet
1483,CHRISTOPHER,Knight,christopher.knight690@hotmail.com,31,Male,United Kingdom,Gardnerfurt,Returning,2023-09-11,Desktop
1484,Martha,Davis,martha.davis229@hotmail.com,34,Other,Philippines,Bensonhaven,New,2024-08-10,Desktop
1485,Jennifer,Mcdonald,jennifer.mcdonald977@yahoo.com,31,Female,Indonesia,Fisherchester,Returning,2021-10-07,Desktop
1486,Rita,Johnson,rita.johnson899@yahoo.com,39,Female,Spain,Port Donaldport,Returning,2023-09-20,Mobile
1487,Betty,Watson,betty.watson793@hotmail.com,21,Female,  United States  ,Brianfurt,Churned,2019-10-03,Mobile
1488,Elizabeth,Ford,elizabeth.ford89@hotmail.com,41,Other,Saudi Arabia,Combsland,At-Risk,2019-04-30,Mobile
1489,Maria,Santos,maria.santos9@yahoo.com,50,Female,United States,Port Kellyfort,Returning,2023-02-22,Desktop
1490,Michelle,Martinez,michelle.martinez299@hotmail.com,41,Other,CANADA,Lake Jamieberg,Returning,2022-05-16,Mobile
1491,Tammy,Taylor,tammy.taylor758@hotmail.com,24,Other,Brazil,West Courtney,At-Risk,2023-04-25,Desktop
1492,Sharon,Shaffer,sharon.shaffer476@hotmail.com,31,Female,Germany,North Carlos,New,2019-12-02,Tablet
1493,Nichole,Meyer,nichole.meyer996@gmail.com,28,Female,  Canada  ,North Thomas,Returning,2023-12-30,Desktop
1494,Scott,Brown,scott.brown751@gmail.com,27,Other,Brazil,Richardburgh,VIP,2023-12-03,Desktop
1495,Meagan,Payne,meagan.payne155@hotmail.com,49,Male,UK,Villarrealville,Returning,2021-08-05,Mobile
1496,Daisy,Lopez,daisy.lopez25@hotmail.com,30,Male,Spain,East William,New,2023-03-13,Tablet
1497,James,Castillo,james.castillo355@yahoo.com,51,Other,United States,New Trevorview,VIP,2021-05-07,Tablet
1498,Heidi,Rodriguez,heidi.rodriguez899@yahoo.com,22,Male,Canada,Hernandezport,New,2021-09-28,Mobile
1499,Anne,Smith,anne.smith2@yahoo.com,19,Other,Germany,Lake Debramouth,New,2019-04-04,Mobile
1500,Rebecca,Estes,rebecca.estes870@yahoo.com,43,Other,United States,Hillburgh,New,2021-02-22,Tablet
1501,Melissa,Gordon,melissa.gordon315@yahoo.com,35,Male,United States,Palmerburgh,Returning,2022-12-08,Desktop
1502,Michael,Ball,michael.ball543@yahoo.com,33,Male,Saudi Arabia,Espinozaberg,New,2020-09-01,Mobile
1503,Kathryn,Turner,kathryn.turner504@yahoo.com,39,Male,Nigeria,Port Deannafurt,Returning,2024-10-09,Desktop
1504,Catherine,White,catherine.white729@hotmail.com,55,Female,India,Davidmouth,New,2022-07-14,Desktop
1505,Beverly,Silva,beverly.silva45@yahoo.com,22,Male,Egypt,North Anthonyburgh,Returning,2020-05-22,Tablet
1506,Elizabeth,Porter,elizabeth.porter423@hotmail.com,18,Other,Philippines,Morrisbury,VIP,2024-11-20,Mobile
1507,Lindsey,Oconnor,lindsey.oconnor470@gmail.com,47,Other,United States,East Jessicafurt,New,2023-07-14,Desktop
1508,Robert,Brown,robert.brown595@hotmail.com,38,Male,Australia,Dannyland,New,2021-08-25,Tablet
1509,Nicholas,Welch,nicholas.welch137@gmail.com,39,Other,FRANCE,West Daniel,Returning,2021-09-11,Mobile
1510,Dean,Walsh,dean.walsh77@hotmail.com,38,Other,Philippines,East Johnny,Returning,2021-08-16,Tablet
1511,Justin,Harris,justin.harris64@gmail.com,18,Female,South Africa,Cervantesborough,Returning,2019-07-08,Tablet
1512,Andrew,Moyer,andrew.moyer988@gmail.com,34,Male,Egypt,North Lisa,At-Risk,2024-05-11,Desktop
1513,Michael,Russell,,26,Female,Netherlands,West Jacobhaven,Returning,2021-12-23,Mobile
1514,Marisa,Hudson,,18,Female,Spain,Michaelside,Churned,2024-02-13,Tablet
1515,Laurie,Gonzales,laurie.gonzales852@hotmail.com,52,Other,Italy,Sawyershire,At-Risk,2019-06-21,Mobile
1516,Kimberly,Evans,kimberly.evans326@gmail.com,44,Female,France,Hallside,New,2020-12-26,Mobile
1517,Jeffrey,Shepard,jeffrey.shepard240@yahoo.com,56,Male,Australia,Warnerland,VIP,2024-03-26,Desktop
1518,Eric,Roberts,eric.roberts140@hotmail.com,24,Other,Germany,Port April,Returning,2022-09-01,Desktop
1519,Larry,Montgomery,,43,Male,India,New Thomasview,New,2022-12-02,Desktop
1520,Antonio,Fisher,antonio.fisher461@gmail.com,27,Female,Canada,Pamelaton,VIP,2019-11-02,Mobile
1521,Amy,Gross,amy.gross417@hotmail.com,18,Male,Philippines,East Trevorshire,VIP,2024-06-04,Tablet
1522,Jacqueline,Cannon,jacqueline.cannon367@gmail.com,34,Male,Philippines,Tinachester,Returning,2022-08-03,Mobile
1523,Cheyenne,Miller,cheyenne.miller316@hotmail.com,47,Female,,Pottsview,VIP,2023-05-04,Mobile
1524,Dalton,Crawford,dalton.crawford873@gmail.com,35,Male,United Kingdom,Ryanport,Returning,2023-09-09,Desktop
1525,Nancy,Perez,,32,Other,United States,Port Kimberlyborough,New,2022-03-16,Mobile
1526,Michelle,Fleming,michelle.fleming847@hotmail.com,31,Other,Indonesia,New Timothyfurt,New,2023-08-05,Tablet
1527,Heather,Jordan,heather.jordan618@yahoo.com,47,Male,India,North Samuel,New,2024-05-19,Desktop
1528,Toni,Richardson,toni.richardson856@gmail.com,41,Female,United Arab Emirates,Samuelton,Returning,2020-06-05,Desktop
1529,Christopher,Smith,christopher.smith94@yahoo.com,46,Other,Indonesia,Port Alexisbury,Returning,2023-11-16,Desktop
1530,Chase,Martinez,chase.martinez992@gmail.com,45,Female,Germany,Bradleystad,Returning,2022-08-12,Mobile
1531,Pamela,Bolton,pamela.bolton526@gmail.com,31,Male,Italy,Mendozaville,Returning,2022-12-09,Tablet
1532,Charles,Mays,charles.mays307@gmail.com,26,Female,France,Thorntonstad,Returning,2024-05-20,Desktop
1533,Michele,Wallace,michele.wallace32@yahoo.com,31,Female,Nigeria,Kimberlyport,New,2024-03-18,Mobile
1534,John,Orozco,john.orozco570@yahoo.com,46,Other,Spain,North Michaelchester,At-Risk,2023-03-26,Tablet
1535,Christy,Ramirez,christy.ramirez256@gmail.com,32,Male,United States,Port Theresa,VIP,2020-05-20,Mobile
1536,Judy,Clark,judy.clark105@yahoo.com,20,Male,India,North Tiffany,Returning,2023-03-11,Desktop
1537,Debra,Chavez,debra.chavez13@gmail.com,29,Male,united states,South Maryview,Returning,2020-09-01,Desktop
1538,Patrick,Wilcox,patrick.wilcox134@gmail.com,28,Male,India,West Melissafurt,At-Risk,2021-12-21,Mobile
1539,Michelle,Cruz,michelle.cruz382@gmail.com,27,Other,Philippines,East Nicolas,VIP,2022-12-16,Tablet
1540,Amanda,Guerrero,amanda.guerrero961@gmail.com,58,Other,saudi arabia,Sharonmouth,Returning,2024-07-14,Desktop
1541,Rebecca,Patrick,rebecca.patrick597@hotmail.com,28,Other,Canada,Port Anthony,Returning,2023-05-10,Mobile
1542,Christy,Glenn,christy.glenn940@hotmail.com,40,Male,India,Port Danielfurt,Returning,2024-09-17,Desktop
1543,Sarah,Mitchell,sarah.mitchell67@hotmail.com,31,Male,Brazil,Colemanshire,Churned,2023-08-12,Tablet
1544,Jordan,Horne,jordan.horne455@yahoo.com,22,Male,United Arab Emirates,East Rebecca,Churned,2020-09-07,Desktop
1545,Felicia,Hill,felicia.hill927@gmail.com,42,Female,United Kingdom,Matthewfurt,VIP,2019-03-26,Desktop
1546,Joshua,Adams,joshua.adams44@yahoo.com,53,Female,Brazil,North Kurtmouth,Returning,2024-01-06,Desktop
1547,Melanie,Wallace,,73,Other,Germany,Smithton,Returning,2024-10-17,Mobile
1548,Timothy,Richard,timothy.richard842@gmail.com,22,Other,United Kingdom,Brownland,At-Risk,2020-08-28,Mobile
1549,Cheryl,Edwards,,59,Male,France,Whiteview,New,2020-07-22,Mobile
1550,Troy,Perez,troy.perez700@gmail.com,26,Female,India,Port Christine,Returning,2019-04-19,Desktop
1551,Danny,Johnson,danny.johnson363@hotmail.com,18,Male,UAE,Rileyton,New,2022-04-27,Desktop
1552,Jeremy,Lynn,jeremy.lynn282@yahoo.com,36,Female,Australia,Allenstad,Returning,2022-03-30,Mobile
1553,Bradley,Young,bradley.young905@gmail.com,55,Male,Australia,New Scotthaven,New,2019-06-19,Desktop
1554,James,Hudson,james.hudson629@hotmail.com,40,Other,Indonesia,Joneschester,Returning,2024-04-02,Tablet
1555,Douglas,Nguyen,,19,Other,Australia,Theresastad,Returning,2021-10-28,Mobile
1556,Teresa,Howell,teresa.howell511@gmail.com,43,Female,US,Bradleyberg,New,2024-06-20,Tablet
1557,Anthony,Lynch,anthony.lynch491@yahoo.com,30,Male,Britain,Shelbyfurt,Returning,2023-12-26,Desktop
1558,Antonio,Barber,antonio.barber287@yahoo.com,43,Female,Spain,North Susanbury,New,2022-05-23,Desktop
1559,Whitney,Mccoy,whitney.mccoy430@hotmail.com,24,Male,United States,Ryanville,New,2024-02-01,Tablet
1560,Allison,Williams,allison.williams906@yahoo.com,38,Other,Italy,Stewartborough,New,2024-01-06,Desktop
1561,Kelly,Sanchez,kelly.sanchez646@gmail.com,35,Other,NETHERLANDS,Jerrymouth,New,2023-06-28,Desktop
1562,Darrell,Allen,darrell.allen392@hotmail.com,29,Other,France,Coxstad,New,2022-05-12,Mobile
1563,Charles,Cox,charles.cox492@yahoo.com,62,Other,Brazil,South Kristie,Returning,2020-05-18,Mobile
1564,Maria,Hatfield,maria.hatfield353@hotmail.com,18,Other,Canada,Port Regina,New,2023-01-16,Tablet
1565,Elizabeth,Jacobs,elizabeth.jacobs330@yahoo.com,26,Female,Spain,Leeland,Churned,2021-06-14,Mobile
1566,William,Hernandez,william.hernandez185@yahoo.com,32,Male,Philippines,East Nancy,At-Risk,2019-02-03,Mobile
1567,David,Baker,david.baker612@hotmail.com,55,Male,Canada,Newtonberg,Returning,2024-03-19,Desktop
1568,Mary,Johnson,mary.johnson918@gmail.com,45,Female,Australia,East Zacharyhaven,Returning,2024-07-05,Desktop
1569,Rebecca,Gomez,rebecca.gomez829@yahoo.com,26,Female,Canada,Lake Kelly,Churned,2021-01-07,Tablet
1570,Mallory,Rogers,mallory.rogers367@hotmail.com,47,Other,,Lake Brandonstad,Returning,2024-09-12,Desktop
1571,Renee,Mccoy,renee.mccoy998@hotmail.com,38,Male,India,Robertsfort,New,2023-03-14,Desktop
1572,Jessica,Cummings,jessica.cummings254@hotmail.com,45,Other,Germany,East Paulashire,At-Risk,2022-07-23,Desktop
1573,Emily,Chavez,emily.chavez273@yahoo.com,44,Other,U.S.A.,Thompsonshire,New,2020-09-03,Tablet
1574,Kendra,Hall,,69,Male,Philippines,Brandonhaven,Returning,2024-05-19,Tablet
1575,Bethany,Anthony,bethany.anthony867@yahoo.com,27,Female,Japan,Marcusmouth,Churned,2023-07-18,Mobile
1576,Stephanie,Williams,,38,Male,,South April,New,2022-06-14,Desktop
1577,Christina,Garcia,christina.garcia243@yahoo.com,53,Other,FRANCE,North Keith,At-Risk,2021-12-02,Mobile
1578,Jeffrey,Jackson,jeffrey.jackson826@yahoo.com,41,Other,Mexico,East Elizabethberg,At-Risk,2019-07-30,Tablet
1579,Andrea,Romero,andrea.romero368@gmail.com,24,Other,Canada,New Rachelside,New,2022-03-24,Desktop
1580,James,Freeman,james.freeman721@gmail.com,39,Other,South Africa,Jamesshire,VIP,2021-07-23,Mobile
1581,Sean,Martinez,sean.martinez971@yahoo.com,21,Other,United Kingdom,Samanthaville,VIP,2021-08-31,Tablet
1582,Ryan,Baker,ryan.baker146@gmail.com,48,Other,Australia,Jessicaville,New,2024-10-22,Desktop
1583,Linda,Garner,linda.garner857@gmail.com,30,Female,Canada,West Ericmouth,Returning,2020-08-27,Tablet
1584,Crystal,Hunt,crystal.hunt317@gmail.com,37,Male,United States,Patriciaton,Churned,2021-08-07,Mobile
1585,Sarah,Bauer,sarah.bauer39@yahoo.com,31,Male,UK,Port Angela,VIP,2024-01-10,Desktop
1586,Connie,Avery,connie.avery239@hotmail.com,32,Other,France,East Derrickfurt,Returning,2024-03-25,Desktop
1587,Jeffrey,Gonzalez,,51,Other,Nigeria,South Lisa,New,2023-05-27,Mobile
1588,Justin,Gonzalez,justin.gonzalez1@gmail.com,33,Female,India,North Ryan,Churned,2021-12-11,Tablet
1589,Cheryl,Mckinney,cheryl.mckinney207@gmail.com,49,Male,United States,Wattsfurt,Churned,2022-10-14,Mobile
1590,Jimmy,Bailey,jimmy.bailey735@hotmail.com,31,Male,Egypt,West Mary,Churned,2024-04-01,Mobile
1591,elizabeth,Henry,elizabeth.henry61@hotmail.com,22,Male,Saudi Arabia,Harperside,New,2021-11-19,Desktop
1592,Colin,Rodriguez,colin.rodriguez601@yahoo.com,53,Other,Germany,Montesmouth,VIP,2020-06-26,Desktop
1593,Roger,Thompson,roger.thompson793@yahoo.com,43,Male,Egypt,West Heidiberg,New,2023-08-23,Tablet
1594,Timothy,Ballard,timothy.ballard882@yahoo.com,28,Female,Germany,Mcdanieltown,New,2020-09-29,Desktop
1595,William,Wu,william.wu383@yahoo.com,52,Other,Indonesia,New Kelseyview,Returning,2023-01-18,Tablet
1596,Robert,Lamb,robert.lamb406@yahoo.com,46,Other,SPAIN,Greenton,Returning,2020-08-10,Desktop
1597,Jessica,Morgan,jessica.morgan345@gmail.com,33,Female,Philippines,Sethbury,New,2022-06-08,Mobile
1598,Garrett,Harris,garrett.harris140@hotmail.com,38,Male,Canada,New Cherylberg,VIP,2022-08-18,Tablet
1599,Andrew,Bowen,andrew.bowen972@yahoo.com,54,Female,France,Port Janetstad,VIP,2023-08-08,Tablet
1600,Angela,Pena,angela.pena984@hotmail.com,18,Female,United Kingdom,West Amanda,New,2024-11-28,Tablet
1601,Mary,Foster,,33,Male,united states,West Laurie,Returning,2024-06-18,Tablet
1602,Martin,Lewis,martin.lewis992@hotmail.com,18,Other,France,North Barry,New,2019-02-13,Tablet
1603,Shelby,Garcia,shelby.garcia911@yahoo.com,47,Other,United States,Williamsport,Returning,2020-10-22,Mobile
1604,Jerry,Barton,jerry.barton229@gmail.com,38,Other,Mexico,West Karenfurt,Returning,2022-12-06,Tablet
1605,David,Yang,david.yang835@yahoo.com,27,Male,India,North Charleschester,New,2019-02-14,Mobile
1606,Julia,Weaver,julia.weaver315@gmail.com,55,Other,Japan,Lake Briannafurt,VIP,2020-03-01,Tablet
1607,Catherine,Collins,catherine.collins302@yahoo.com,34,Male,Indonesia,Hunttown,Returning,2020-10-24,Desktop
1608,Stephen,Garcia,stephen.garcia747@hotmail.com,31,Male,India,Bennettchester,Churned,2019-07-23,Tablet
1609,Tammy,Hoffman,tammy.hoffman972@yahoo.com,43,Other,Spain,Rebeccaside,At-Risk,2022-01-14,Mobile
1610,Patrick,Kaiser,patrick.kaiser872@hotmail.com,55,Other,Australia,Beanside,Returning,2023-04-15,Desktop
1611,Shaun,Lane,shaun.lane187@gmail.com,40,Other,Japan,Wisemouth,New,2021-03-21,Mobile
1612,Anna,Day,anna.day944@yahoo.com,34,Other,netherlands,Port Crystal,Returning,2019-07-03,Desktop
1613,Ann,Clark,ann.clark655@yahoo.com,37,Other,  France  ,North Donald,At-Risk,2022-09-12,Desktop
1614,Thomas,Sharp,thomas.sharp960@hotmail.com,27,Female,United Kingdom,North Katrina,At-Risk,2020-07-06,Desktop
1615,Larry,Morgan,larry.morgan340@gmail.com,28,Other,Philippines,West Hannahchester,Returning,2024-03-24,Desktop
1616,Joseph,Clark,joseph.clark244@hotmail.com,37,Female,Canada,Gardnermouth,Returning,2024-10-03,Mobile
1617,Joe,Murray,joe.murray172@yahoo.com,30,Other,UK,North Ronaldland,New,2021-04-03,Desktop
1618,Katherine,Martin,katherine.martin842@hotmail.com,45,Other,Canada,East Jamesville,At-Risk,2019-03-27,Tablet
1619,Roger,Jackson,roger.jackson655@hotmail.com,18,Other,United States,Taylorside,Returning,2021-07-05,Mobile
1620,Albert,Wilson,albert.wilson458@yahoo.com,34,Male,Saudi Arabia,Alexandrastad,Returning,2022-05-20,Mobile
1621,Gabriel,Roberts,gabriel.roberts215@hotmail.com,35,Male,United Kingdom,Port Christina,At-Risk,2023-04-15,Tablet
1622,April,King,,39,Female,Australia,West Sara,VIP,2023-04-27,Mobile
1623,Melissa,Taylor,melissa.taylor806@hotmail.com,39,Male,Canada,Smithchester,New,2020-01-28,Tablet
1624,Thomas,Holder,thomas.holder2@gmail.com,29,Male,United States,Jacquelineborough,New,2023-03-01,Mobile
1625,Amanda,Rivera,amanda.rivera449@gmail.com,30,Other,Australia,Wheelerland,Returning,2021-02-06,Mobile
1626,Angie,Perez,angie.perez993@hotmail.com,40,Male,France,East Joshuachester,New,2022-07-04,Mobile
1627,Kevin,Weber,,40,Female,France,Annborough,Returning,2019-06-19,Mobile
1628,Elijah,Cross,elijah.cross560@yahoo.com,39,Female,Australia,West Anne,Returning,2019-10-05,Desktop
1629,ALEXA,Newman,alexa.newman849@yahoo.com,49,Female,Saudi Arabia,Barbarashire,Churned,2022-08-18,Tablet
1630,Tammy,Mclaughlin,tammy.mclaughlin667@hotmail.com,18,Other,India,Clarktown,Returning,2023-09-13,Desktop
1631,Veronica,Davis,veronica.davis167@hotmail.com,38,Female,Canada,East Fred,New,2024-03-31,Desktop
1632,Marcus,Huang,marcus.huang819@gmail.com,22,Male,France,New Lindsay,Churned,2021-07-21,Mobile
1633,Thomas,Turner,thomas.turner21@gmail.com,37,Female,U.S.A.,New Phillip,New,2023-08-23,Mobile
1634,Jasmin,Kelly,jasmin.kelly975@hotmail.com,28,Male,France,Alyssaborough,Returning,2024-09-24,Desktop
1635,Sonia,Bass,sonia.bass351@hotmail.com,25,Male,United States,Port Samuel,Returning,2021-08-25,Mobile
1636,Heather,King,,22,Other,Philippines,Pearsonburgh,Churned,2019-02-25,Desktop
1637,Michael,Owens,michael.owens561@hotmail.com,45,Male,South Africa,Jessicaborough,New,2022-09-13,Mobile
1638,Nancy,Knapp,nancy.knapp609@gmail.com,18,Other,Italy,Brookstown,Churned,2020-03-05,Mobile
1639,Michael,Lee,michael.lee722@hotmail.com,36,Male,United States,Markstad,New,2024-06-29,Mobile
1640,Wesley,Smith,wesley.smith966@yahoo.com,42,Other,Australia,Lake Joshuafort,VIP,2021-05-22,Desktop
1641,Wendy,Padilla,wendy.padilla622@yahoo.com,39,Female,  India  ,New Madelinefort,Returning,2024-12-24,Desktop
1642,Crystal,Henry,crystal.henry55@yahoo.com,18,Male,United Kingdom,North Mikeberg,Churned,2023-03-27,Mobile
1643,Gregory,Rosales,,35,Male,brazil,Flowersville,New,2019-05-03,Mobile
1644,Dana,Brown,dana.brown714@gmail.com,50,Other,India,Tonyaborough,VIP,2022-12-06,Tablet
1645,Joan,Cook,joan.cook948@hotmail.com,39,Other,Brazil,Rachaelburgh,Returning,2024-06-07,Tablet
1646,Brenda,Blackburn,brenda.blackburn272@hotmail.com,36,Other,Spain,Lake Richardton,New,2019-05-23,Mobile
1647,Mandy,Mason,mandy.mason305@hotmail.com,18,Male,France,Christophermouth,At-Risk,2019-04-08,Desktop
1648,Charlotte,Barker,charlotte.barker51@yahoo.com,21,Female,Australia,Lake Julie,At-Risk,2024-01-10,Tablet
1649,AARON,Hill,aaron.hill563@yahoo.com,18,Female,Italy,West Stevenland,New,2022-05-25,Desktop
1650,Steven,Wilson,steven.wilson56@gmail.com,46,Female,United Kingdom,Lake Christopher,Returning,2020-11-26,Desktop
1651,Courtney,Smith,courtney.smith438@gmail.com,37,Male,France,East Danamouth,Churned,2019-06-28,Mobile
1652,Jennifer,Wright,jennifer.wright844@hotmail.com,62,Other,Brazil,Lake Katelyn,At-Risk,2019-10-18,Tablet
1653,Brian,Mccarthy,brian.mccarthy615@gmail.com,38,Female,Netherlands,Donaldmouth,Returning,2021-06-26,Desktop
1654,Mary,Nelson,mary.nelson100@gmail.com,22,Male,United Arab Emirates,West Jordan,Returning,2021-08-21,Desktop
1655,Christopher,Kelly,christopher.kelly175@yahoo.com,34,Other,France,Kelseyhaven,At-Risk,2021-09-12,Mobile
1656,Crystal,Decker,crystal.decker84@gmail.com,25,Female,U.K.,Mooreshire,Churned,2020-04-06,Desktop
1657,Jacqueline,Reed,jacqueline.reed316@hotmail.com,45,Female,Philippines,Jaredhaven,Returning,2022-04-23,Mobile
1658,Julia,Adams,julia.adams501@hotmail.com,32,Other,Canada,West Jeffery,Returning,2020-07-25,Mobile
1659,Sandra,Holmes,sandra.holmes94@hotmail.com,22,Other,U.A.E.,South Donald,New,2022-07-09,Tablet
1660,Nathan,Gray,nathan.gray397@hotmail.com,47,Male,United States,West Jacquelinestad,Returning,2024-03-19,Mobile
1661,Alan,Fisher,,19,Female,Australia,Deborahville,Returning,2020-02-14,Mobile
1662,Michael,Martin,michael.martin192@hotmail.com,23,Female,United Kingdom,Port Andrew,Returning,2023-11-09,Desktop
1663,stephen,Johnston,stephen.johnston270@yahoo.com,35,Female,France,Wellsbury,Returning,2020-07-07,Mobile
1664,Nathaniel,Morgan,nathaniel.morgan270@hotmail.com,40,Male,Indonesia,Evansbury,New,2023-07-31,Mobile
1665,Rachel,Hunter,rachel.hunter578@yahoo.com,49,Male,Brazil,Schroedershire,New,2021-05-28,Desktop
1666,Anthony,Hunt,anthony.hunt771@yahoo.com,47,Other,Japan,New Karen,New,2019-10-12,Tablet
1667,Mason,Choi,mason.choi100@gmail.com,54,Male,United Kingdom,Lauraberg,At-Risk,2023-10-23,Tablet
1668,Stephen,Martin,stephen.martin353@gmail.com,43,Other,United States,East Nicole,At-Risk,2020-10-22,Mobile
1669,Christopher,Young,christopher.young995@gmail.com,18,Other,united states,Davisbury,Churned,2019-12-04,Desktop
1670,Angela,Rowe,angela.rowe567@gmail.com,33,Male,U.S.A.,Mooreville,New,2021-10-28,Mobile
1671,Gloria,Hale,gloria.hale839@yahoo.com,50,Other,India,Guerrabury,New,2023-07-30,Mobile
1672,Cody,Anderson,cody.anderson989@gmail.com,18,Other,Canada,Mejiaport,New,2023-12-02,Tablet
1673,Jessica,Coleman,jessica.coleman888@yahoo.com,30,Female,Japan,West Tracyshire,New,2019-02-28,Tablet
1674,Nicole,Thompson,nicole.thompson903@gmail.com,19,Male,Germany,Michaelhaven,Returning,2023-12-09,Mobile
1675,Cheryl,Walton,cheryl.walton307@gmail.com,28,Male,US,East Vincent,Returning,2019-04-07,Mobile
1676,Kevin,Davis,kevin.davis925@yahoo.com,44,Other,Canada,South Edward,Returning,2020-11-12,Desktop
1677,Emma,Castillo,emma.castillo515@yahoo.com,41,Other,Netherlands,Whitefurt,Returning,2023-02-04,Tablet
1678,Mary,Marshall,mary.marshall820@gmail.com,40,Other,Japan,Ginaville,Returning,2022-12-08,Tablet
1679,Richard,Roman,,37,Male,U.S.A.,Davidhaven,Returning,2021-04-21,Desktop
1680,Shawn,Tucker,shawn.tucker973@hotmail.com,31,Female,Germany,Hendersonton,VIP,2020-10-25,Desktop
1681,Jonathan,Walters,jonathan.walters972@hotmail.com,26,Male,,Shawfort,New,2023-04-10,Desktop
1682,Megan,Bonilla,megan.bonilla828@gmail.com,48,Male,France,South Amanda,VIP,2021-04-20,Desktop
1683,Emily,Hernandez,emily.hernandez44@yahoo.com,44,Female,Brazil,Jamesmouth,Churned,2021-08-10,Desktop
1684,Steven,Williams,steven.williams700@yahoo.com,22,Female,United States,Richardsonstad,VIP,2020-07-06,Desktop
1685,Matthew,Phillips,matthew.phillips843@gmail.com,18,Other,Australia,Guystad,Returning,2021-07-02,Desktop
1686,Sean,Evans,sean.evans855@gmail.com,42,Other,Brazil,West Jessicaside,At-Risk,2023-06-07,Mobile
1687,John,Miller,john.miller328@gmail.com,59,Other,India,Lake Duane,New,2021-12-17,Desktop
1688,Patricia,Reed,,48,Female,United Kingdom,Port Rebecca,,2024-08-04,Tablet
1689,Lori,Carroll,lori.carroll407@gmail.com,24,Other,India,West Nathanberg,Returning,2022-08-28,Mobile
1690,Jennifer,Burnett,jennifer.burnett878@gmail.com,29,Female,United Kingdom,Huntland,Returning,2021-01-10,Tablet
1691,Dana,Turner,dana.turner470@yahoo.com,40,Male,US,East Stephanieview,At-Risk,2023-05-01,Tablet
1692,Julia,Miller,julia.miller639@yahoo.com,44,Other,Italy,Port Jamesview,VIP,2024-12-19,Tablet
1693,Christina,Ryan,christina.ryan801@gmail.com,39,Female,Italy,West Ashleyborough,Returning,2023-07-25,Desktop
1694,Samuel,Burgess,samuel.burgess425@gmail.com,26,Male,Mexico,Walterton,Returning,2022-08-17,Desktop
1695,Renee,Gregory,renee.gregory581@yahoo.com,29,Other,Mexico,South Jamiechester,New,2022-12-10,Tablet
1696,Joshua,Ford,joshua.ford777@hotmail.com,36,Male,France,Coltonbury,New,2019-02-09,Desktop
1697,Mark,Brown,mark.brown577@yahoo.com,22,Male,Japan,Matthewsmouth,At-Risk,2022-04-01,Mobile
1698,Thomas,Grant,thomas.grant889@yahoo.com,37,Other,United States,Luismouth,New,2019-11-29,Mobile
1699,Melissa,Porter,melissa.porter899@hotmail.com,18,Female,United States,Lake Peter,Returning,2021-06-01,Mobile
1700,Donna,Duncan,donna.duncan393@gmail.com,60,Other,Netherlands,Hoffmanstad,At-Risk,2019-07-02,Mobile
1701,Julie,Moreno,julie.moreno586@yahoo.com,27,Other,United States,Karenmouth,New,2023-01-17,Mobile
1702,Anthony,Weber,anthony.weber39@gmail.com,38,Male,United Kingdom,Annettechester,New,2024-12-21,Mobile
1703,Andrew,Mcpherson,andrew.mcpherson413@hotmail.com,27,Male,Saudi Arabia,Fritzfurt,Returning,2024-07-11,Tablet
1704,David,Lawson,david.lawson624@gmail.com,18,Other,Italy,South Jefferyville,VIP,2022-06-04,Tablet
1705,Gregory,Moore,gregory.moore412@hotmail.com,39,Male,Canada,Piercestad,Returning,2023-07-05,Mobile
1706,Robert,Greene,robert.greene911@yahoo.com,29,Female,Germany,Crystalmouth,Churned,2022-01-05,Tablet
1707,Amanda,Perez,amanda.perez244@yahoo.com,25,Male,Saudi Arabia,Shermanport,New,2023-12-16,Tablet
1708,Shannon,Bradshaw,shannon.bradshaw487@gmail.com,24,Female,Japan,Robertsside,VIP,2023-12-24,Mobile
1709,kathryn,Douglas,kathryn.douglas21@hotmail.com,41,Female,Mexico,South Bettychester,New,2024-11-04,Mobile
1710,Robert,Fields,robert.fields319@hotmail.com,48,Female,Mexico,East Chelsea,Churned,2022-01-07,Mobile
1711,Christopher,Duncan,christopher.duncan879@yahoo.com,34,Other,united states,West Chelseaburgh,Returning,2022-06-01,Tablet
1712,Thomas,Davis,thomas.davis101@yahoo.com,46,Male,Italy,Lake Carolynfurt,VIP,2022-04-24,Desktop
1713,michelle,Jefferson,michelle.jefferson308@gmail.com,27,Other,France,Woodbury,Returning,2020-01-19,Mobile
1714,Sharon,Morse,sharon.morse793@yahoo.com,35,Female,Saudi Arabia,West Calvin,Returning,2019-03-09,Mobile
1715,Becky,Stevens,becky.stevens747@hotmail.com,39,Female,U.S.A.,Fritzburgh,Churned,2024-11-01,Tablet
1716,Vincent,Rodriguez,vincent.rodriguez662@hotmail.com,18,Male,Germany,Monicaburgh,Returning,2020-06-20,Desktop
1717,Jennifer,Jones,jennifer.jones453@hotmail.com,52,Male,Mexico,Lake Ericahaven,VIP,2024-12-21,Mobile
1718,Michelle,Jones,michelle.jones759@yahoo.com,22,Female,CANADA,Nicoleside,Returning,2019-09-23,Tablet
1719,Kimberly,Holland,kimberly.holland889@hotmail.com,40,Female,United States,South Timothyton,Returning,2020-10-03,Desktop
1720,Raymond,Short,raymond.short528@gmail.com,25,Male,Nigeria,Reginaldhaven,At-Risk,2022-10-10,Desktop
1721,Scott,Cobb,scott.cobb319@gmail.com,18,Other,United States,Port Jose,VIP,2023-12-14,Tablet
1722,Karen,Rodriguez,karen.rodriguez414@gmail.com,18,Male,Italy,Robertmouth,New,2019-11-08,Tablet
1723,John,Olson,john.olson901@yahoo.com,50,Other,Nigeria,West Dawnland,New,2021-10-01,Desktop
1724,Jenna,Goodwin,,32,Male,India,Kennethmouth,New,2020-12-25,Desktop
1725,Shannon,Scott,,42,Male,United States,Port Donaldhaven,At-Risk,2020-09-23,Desktop
1726,Jeffrey,Wood,jeffrey.wood34@yahoo.com,44,Female,France,Kristopherburgh,Returning,2022-05-28,Desktop
1727,Kevin,Marquez,kevin.marquez941@hotmail.com,25,Female,Egypt,Ericberg,,2019-11-18,Tablet
1728,Kelly,Cruz,kelly.cruz204@hotmail.com,37,Female,United Kingdom,North Melissa,New,2022-07-01,Mobile
1729,Eddie,Smith,eddie.smith844@yahoo.com,49,Female,United States,Woodsburgh,New,2024-10-31,Tablet
1730,Dawn,Matthews,dawn.matthews407@hotmail.com,39,Other,Brazil,Alexandrafurt,At-Risk,2024-03-11,Desktop
1731,Todd,Jackson,todd.jackson698@hotmail.com,22,Male,Brazil,Thompsonfurt,New,2019-02-01,Desktop
1732,Stacey,Peterson,stacey.peterson382@yahoo.com,20,Female,USA,East Edward,VIP,2022-08-26,Tablet
1733,Jessica,Wilson,jessica.wilson457@gmail.com,50,Male,Egypt,Victorshire,VIP,2024-06-22,Mobile
1734,Rebecca,Larsen,rebecca.larsen601@hotmail.com,58,Other,Britain,Lake James,Returning,2022-12-26,Mobile
1735,Raymond,Garcia,raymond.garcia353@yahoo.com,46,Male,Philippines,West Angelaside,Returning,2024-01-29,Mobile
1736,Amanda,Miller,amanda.miller767@gmail.com,41,Other,United Kingdom,Knightbury,New,2020-06-20,Desktop
1737,Laura,White,laura.white292@hotmail.com,39,Male,Brazil,East Hannah,At-Risk,2021-09-26,Mobile
1738,Billy,Lynch,billy.lynch51@hotmail.com,51,Male,Japan,Christopherborough,At-Risk,2023-05-26,Tablet
1739,Samantha,Escobar,samantha.escobar799@gmail.com,30,Male,Mexico,Brucebury,Returning,2020-06-18,Desktop
1740,Kathleen,Woods,kathleen.woods663@gmail.com,45,Male,Philippines,West Kristyland,New,2020-03-06,Tablet
1741,Darren,Miller,darren.miller212@gmail.com,21,Female,United Arab Emirates,New Bridgetfort,New,2020-10-19,Tablet
1742,Alec,Jordan,alec.jordan420@gmail.com,39,Other,United Kingdom,Watersborough,Returning,2022-07-14,Desktop
1743,Cynthia,Campos,cynthia.campos886@gmail.com,41,Other,India,Karenview,Churned,2021-12-15,Desktop
1744,Gregory,Hunter,,29,Male,United States,Stephanieport,Returning,2020-08-01,Tablet
1745,Amanda,Peterson,amanda.peterson178@hotmail.com,28,Other,Japan,Connieville,Returning,2024-11-11,Desktop
1746,Sonya,Freeman,sonya.freeman230@yahoo.com,30,Female,Egypt,Simpsonburgh,Returning,2019-05-24,Tablet
1747,Ryan,Torres,ryan.torres825@yahoo.com,18,Female,Indonesia,Danaside,New,2023-12-08,Tablet
1748,James,Rodriguez,james.rodriguez991@gmail.com,21,Other,Canada,West Warren,Returning,2020-12-02,Tablet
1749,alyssa,Garcia,alyssa.garcia282@yahoo.com,18,Female,South Africa,New Emily,New,2020-12-10,Mobile
1750,James,Foster,james.foster873@gmail.com,40,Female,,New Elaine,New,2020-12-14,Mobile
1751,Zachary,Wells,,44,Male,United Kingdom,Chanview,Churned,2020-05-16,Mobile
1752,  Jose  ,Michael,jose.michael310@yahoo.com,39,Other,Australia,Dustinmouth,Churned,2023-05-12,Tablet
1753,Maria,Stewart,maria.stewart845@yahoo.com,21,Other,U.K.,Elliottchester,Returning,2019-01-13,Mobile
1754,Shelby,Brown,shelby.brown599@yahoo.com,48,Male,US,Debbieberg,New,2024-11-06,Desktop
1755,Katie,Smith,katie.smith524@hotmail.com,33,Other,Spain,East Ebony,New,2020-07-14,Mobile
1756,Marissa,Johnson,marissa.johnson575@yahoo.com,25,Other,UNITED STATES,Nguyenside,Returning,2023-06-08,Tablet
1757,Lauren,Williamson,lauren.williamson624@yahoo.com,30,Female,Mexico,Danielbury,Returning,2019-12-18,Mobile
1758,Jennifer,David,jennifer.david701@hotmail.com,48,Male,Japan,Craneton,VIP,2023-09-08,Mobile
1759,Peter,Moyer,peter.moyer66@hotmail.com,19,Female,  United States  ,Wrightshire,Returning,2021-04-01,Mobile
1760,Craig,Bowman,craig.bowman656@yahoo.com,45,Female,Nigeria,Samuelport,Returning,2019-09-01,Mobile
1761,Dennis,Brady,dennis.brady268@yahoo.com,42,Other,Japan,Hollowayberg,Churned,2022-07-16,Tablet
1762,Audrey,Hoffman,audrey.hoffman976@yahoo.com,25,Other,indonesia,West Ashley,VIP,2023-07-30,Mobile
1763,Jose,Schmidt,jose.schmidt193@yahoo.com,44,Male,U.S.A.,East Kelseyland,At-Risk,2024-03-22,Tablet
1764,Holly,Stevenson,holly.stevenson784@yahoo.com,28,Male,South Africa,Burgessborough,Returning,2020-02-08,Desktop
1765,Taylor,Murray,,23,Other,France,Lake Teresa,Returning,2020-07-21,Mobile
1766,Cassandra,Cantu,cassandra.cantu677@gmail.com,59,Female,Egypt,Lake Robertfurt,Churned,2023-11-02,Tablet
1767,Lauren,Decker,lauren.decker144@gmail.com,40,Other,,Allenchester,New,2024-12-21,Desktop
1768,Susan,Marks,susan.marks672@yahoo.com,43,Female,Canada,Campbellmouth,Churned,2022-10-21,Mobile
1769,Jessica,Cunningham,jessica.cunningham266@hotmail.com,52,Female,United Kingdom,New Erichaven,VIP,2024-01-29,Mobile
1770,Christopher,Nielsen,christopher.nielsen398@hotmail.com,46,Other,United States,Port Charles,Returning,2023-02-07,Desktop
1771,Lisa,Owens,lisa.owens598@hotmail.com,23,Other,Italy,Lake Mark,New,2020-02-03,Tablet
1772,Barbara,Gibson,barbara.gibson836@hotmail.com,40,Male,Mexico,Prestonfurt,Returning,2022-06-13,Mobile
1773,Adam,Clayton,,25,Other,United States,East Marcusberg,Churned,2020-07-21,Desktop
1774,Jeffrey,Craig,jeffrey.craig703@yahoo.com,38,Other,Canada,Valdezborough,At-Risk,2023-08-14,Tablet
1775,  Autumn  ,Gomez,autumn.gomez804@hotmail.com,46,Female,Philippines,East Kendra,Churned,2020-03-27,Tablet
1776,Hunter,Johnson,hunter.johnson368@hotmail.com,21,Other,India,Port Davidstad,At-Risk,2024-09-22,Mobile
1777,Mark,Stewart,mark.stewart866@gmail.com,28,Male,Canada,East Kevin,At-Risk,2021-07-18,Tablet
1778,Joseph,Mayer,joseph.mayer898@gmail.com,32,Other,Germany,Anthonymouth,New,2019-09-27,Desktop
1779,Stacy,Johnson,,21,Male,united states,South Brandon,Churned,2021-08-18,Mobile
1780,James,Wise,james.wise132@hotmail.com,57,Other,Italy,North Tanyahaven,New,2024-06-24,Mobile
1781,Jenny,Martinez,jenny.martinez743@gmail.com,38,Other,Saudi Arabia,South Joystad,Returning,2023-07-01,Desktop
1782,Logan,Lee,logan.lee970@gmail.com,24,Other,Netherlands,Timothyhaven,Returning,2019-09-03,Mobile
1783,Stephen,Smith,stephen.smith671@yahoo.com,48,Male,UK,Nixonville,Returning,2021-02-16,Desktop
1784,Sonya,Copeland,sonya.copeland364@yahoo.com,47,Male,Mexico,Jeromeland,New,2022-11-26,Tablet
1785,Lisa,Liu,lisa.liu893@gmail.com,42,Female,Indonesia,Jessicamouth,Returning,2019-04-10,Mobile
1786,Melanie,Thompson,melanie.thompson808@gmail.com,18,Female,Italy,New Eric,Returning,2023-03-03,Mobile
1787,Kathryn,Brown,kathryn.brown267@gmail.com,41,Other,Nigeria,Nathanchester,Returning,2023-12-09,Mobile
1788,Robert,Thompson,robert.thompson475@hotmail.com,51,Male,Brazil,Lake Lisa,Returning,2023-01-05,Mobile
1789,Michael,Buckley,michael.buckley55@gmail.com,22,Other,  United States  ,South Jamesfurt,New,2022-10-02,Tablet
1790,Regina,Baker,regina.baker595@yahoo.com,32,Other,Nigeria,Port Anthonytown,New,2024-05-01,Desktop
1791,Austin,Wiggins,austin.wiggins484@yahoo.com,44,Male,CANADA,New Nicholashaven,Returning,2020-01-07,Tablet
1792,craig,Bailey,craig.bailey123@gmail.com,25,Other,United States,South Vanessaville,Churned,2024-10-23,Mobile
1793,Steven,Perry,steven.perry543@hotmail.com,53,Female,US,Taylortown,New,2020-11-13,Mobile
1794,Terrance,Leach,terrance.leach56@gmail.com,29,Male,United States,Dianastad,Returning,2024-09-27,Desktop
1795,Elizabeth,Davis,elizabeth.davis206@yahoo.com,49,Female,U.S.A.,East Jeffrey,Returning,2019-10-12,Mobile
1796,Sheri,Perez,sheri.perez584@gmail.com,18,Female,United Arab Emirates,Lake Richardville,Returning,2020-07-01,Desktop
1797,John,Blair,john.blair324@yahoo.com,25,Other,Italy,Jennifermouth,Returning,2023-01-04,Desktop
1798,April,Ray,april.ray798@yahoo.com,45,Male,United Kingdom,West Robert,New,2022-12-19,Mobile
1799,Beth,Michael,beth.michael341@gmail.com,49,Other,France,Welchborough,New,2024-11-16,Desktop
1800,Alexis,Walters,alexis.walters321@gmail.com,41,Other,Netherlands,South Marcus,VIP,2022-06-07,Desktop
1801,Timothy,Cooper,timothy.cooper5@hotmail.com,27,Female,United Kingdom,Hayesborough,Returning,2021-09-19,Mobile
1802,Jose,Gonzales,jose.gonzales215@hotmail.com,18,Male,Germany,Dianahaven,Churned,2024-07-17,Tablet
1803,Matthew,Stafford,matthew.stafford783@yahoo.com,18,Male,India,Lindsayfort,Churned,2023-08-19,Mobile
1804,Stephen,Davis,stephen.davis805@yahoo.com,18,Male,Spain,Bryanstad,Returning,2021-07-23,Desktop
1805,ANTHONY,Daniels,anthony.daniels630@gmail.com,43,Female,Australia,South Maria,New,2019-09-21,Tablet
1806,Jennifer,Martinez,jennifer.martinez440@yahoo.com,55,Female,Australia,Shaunside,New,2024-11-26,Mobile
1807,Christopher,Camacho,christopher.camacho989@hotmail.com,33,Female,Philippines,South Lori,Returning,2024-04-24,Mobile
1808,William,Thomas,william.thomas5@hotmail.com,43,Male,Mexico,Port Alvin,Returning,2023-05-26,Tablet
1809,Michael,Burke,michael.burke205@gmail.com,32,Other,united states,Port Amandaside,Returning,2020-05-19,Mobile
1810,Stacey,Schmidt,stacey.schmidt973@yahoo.com,24,Male,France,North Erin,At-Risk,2022-10-23,Mobile
1811,Michele,Perez,michele.perez776@hotmail.com,29,Other,France,New Sheri,Churned,2022-08-28,Desktop
1812,Michele,Ramirez,michele.ramirez19@yahoo.com,30,Other,United Arab Emirates,Peterhaven,Returning,2024-10-30,Desktop
1813,Patricia,Mcdonald,patricia.mcdonald642@gmail.com,25,Other,Indonesia,Aaronview,VIP,2023-04-01,Desktop
1814,Elizabeth,Clark,elizabeth.clark232@hotmail.com,36,Other,Canada,North Karinaberg,Returning,2019-11-12,Mobile
1815,Lynn,Duran,lynn.duran320@gmail.com,41,Male,Britain,Hartmanchester,VIP,2021-05-06,Desktop
1816,James,Flowers,james.flowers393@gmail.com,23,Other,Spain,West Donald,VIP,2021-05-29,Tablet
1817,Jessica,Willis,jessica.willis314@hotmail.com,46,Male,United States,East Scott,Returning,2023-01-12,Desktop
1818,Kathleen,Smith,kathleen.smith844@gmail.com,39,Male,Britain,Alexandriafort,Churned,2020-05-23,Mobile
1819,Samuel,Short,samuel.short972@hotmail.com,53,Female,Japan,Hernandezmouth,New,2024-04-01,Mobile
1820,Stefanie,Williams,stefanie.williams746@yahoo.com,27,Other,Britain,Lake Stevenshire,New,2020-01-05,Tablet
1821,Jenna,Glenn,jenna.glenn537@yahoo.com,18,Female,United States,Jeffreyville,At-Risk,2019-07-14,Mobile
1822,Jessica,Moyer,jessica.moyer910@yahoo.com,30,Other,Philippines,Port Melissa,Returning,2021-12-19,Desktop
1823,Jacqueline,Reynolds,jacqueline.reynolds351@gmail.com,47,Female,United States,Port Kaylaview,New,2024-06-05,Mobile
1824,Danielle,Murphy,danielle.murphy769@hotmail.com,42,Male,Spain,Tonyaland,Returning,2019-01-29,Desktop
1825,Jennifer,Washington,jennifer.washington971@hotmail.com,37,Female,Canada,Walkerchester,Returning,2022-12-29,Desktop
1826,Dalton,Norman,dalton.norman234@hotmail.com,30,Male,Spain,Castroshire,At-Risk,2021-04-03,Tablet
1827,April,Schaefer,april.schaefer135@yahoo.com,42,Male,France,New Danielville,At-Risk,2022-06-15,Tablet
1828,David,Gallagher,david.gallagher23@yahoo.com,34,Other,Australia,Ochoaton,At-Risk,2021-01-30,Tablet
1829,Kristin,Phelps,kristin.phelps174@hotmail.com,28,Male,Italy,South Lisachester,At-Risk,2023-01-05,Mobile
1830,Anthony,Bradley,anthony.bradley729@gmail.com,43,Other,Canada,Coreychester,Churned,2023-10-23,Desktop
1831,Jessica,Atkinson,jessica.atkinson385@yahoo.com,64,Other,Mexico,Lorettastad,New,2021-02-11,Mobile
1832,Tammy,Hill,tammy.hill790@gmail.com,50,Other,Philippines,Stephenview,New,2023-08-12,Tablet
1833,Ethan,Hansen,ethan.hansen50@hotmail.com,44,Other,  Mexico  ,Joystad,At-Risk,2023-09-08,Desktop
1834,George,Porter,george.porter678@gmail.com,37,Male,United States,Michaelside,Returning,2023-06-10,Tablet
1835,Mary,Perez,mary.perez857@yahoo.com,35,Male,united states,Lake Christopherfurt,VIP,2020-11-16,Desktop
1836,Tyler,Lopez,tyler.lopez707@yahoo.com,18,Male,India,West Melissa,VIP,2021-11-29,Mobile
1837,Matthew,Kim,matthew.kim455@yahoo.com,21,Female,Mexico,East Marcus,New,2019-09-02,Desktop
1838,Bonnie,Stout,bonnie.stout561@hotmail.com,35,Female,Nigeria,Katherineside,Returning,2020-01-25,Mobile
1839,christine,Jones,christine.jones719@gmail.com,26,Male,Mexico,Lake Carlyfurt,,2024-02-11,Desktop
1840,Dustin,Peterson,dustin.peterson712@yahoo.com,36,Other,Spain,Andersonfurt,At-Risk,2019-08-16,Tablet
1841,Stephanie,Olsen,stephanie.olsen10@yahoo.com,36,Female,Australia,West Yvonnemouth,VIP,2023-12-16,Mobile
1842,John,Moore,john.moore678@yahoo.com,40,Male,United States,South Jeffreybury,Returning,2020-06-21,Tablet
1843,Jeremiah,Wong,jeremiah.wong533@gmail.com,25,Female,France,North Kenneth,At-Risk,2024-10-14,Tablet
1844,Meredith,Webb,meredith.webb621@yahoo.com,37,Other,Netherlands,Hawkinsshire,New,2020-02-26,Desktop
1845,JACOB,Stone,jacob.stone429@yahoo.com,33,Male,Nigeria,Francisstad,New,2023-10-27,Tablet
1846,Joseph,Wood,joseph.wood737@gmail.com,31,Other,United Arab Emirates,Amberland,New,2024-09-30,Desktop
1847,Dennis,Heath,dennis.heath290@hotmail.com,18,Male,Spain,Port Amanda,New,2019-10-10,Desktop
1848,TINA,Mueller,tina.mueller510@hotmail.com,51,Male,Mexico,Nicholsville,New,2023-11-04,Tablet
1849,Cassandra,Cortez,cassandra.cortez205@hotmail.com,44,Female,USA,South Joseph,At-Risk,2024-01-08,Tablet
1850,Steve,Kim,steve.kim997@hotmail.com,40,Male,Brazil,Brownburgh,New,2019-02-18,Mobile
1851,Shane,Santos,shane.santos721@yahoo.com,21,Female,  Japan  ,Dillonberg,VIP,2019-05-20,Mobile
1852,Michael,Blevins,michael.blevins165@yahoo.com,32,Male,united states,Staceytown,Returning,2023-04-13,Tablet
1853,Travis,Padilla,,43,Male,,Lewismouth,Returning,2020-11-09,Tablet
1854,Heidi,Torres,heidi.torres956@gmail.com,36,Female,Netherlands,Thomasside,Returning,2024-11-17,Mobile
1855,Brenda,Huffman,brenda.huffman241@hotmail.com,22,Male,Netherlands,Lake Karenshire,At-Risk,2019-09-20,Desktop
1856,Tiffany,Austin,tiffany.austin688@hotmail.com,18,Male,France,Crossborough,Returning,2020-06-29,Desktop
1857,Carolyn,Blake,carolyn.blake856@gmail.com,69,Other,United Kingdom,North Debra,At-Risk,2021-12-20,Tablet
1858,David,Davis,david.davis506@yahoo.com,32,Male,Australia,Ballardfurt,Returning,2023-03-06,Desktop
1859,Dillon,Cooper,dillon.cooper799@gmail.com,32,Other,Philippines,Michaelchester,Returning,2024-04-10,Desktop
1860,Victor,Lopez,victor.lopez741@yahoo.com,31,Other,United Kingdom,East Michael,Returning,2022-11-19,Desktop
1861,Christopher,Hayes,christopher.hayes927@gmail.com,41,Female,India,Andrewton,Returning,2024-11-21,Tablet
1862,Brian,Brooks,brian.brooks237@gmail.com,18,Female,France,New Alexandermouth,Churned,2021-04-22,Mobile
1863,Anthony,Stein,anthony.stein271@hotmail.com,19,Female,United Kingdom,Micheleburgh,Returning,2020-02-17,Desktop
1864,Christine,White,christine.white103@gmail.com,27,Male,Egypt,Collinberg,New,2022-08-06,Desktop
1865,Audrey,Vance,audrey.vance873@hotmail.com,53,Female,GERMANY,New Eduardo,Returning,2023-11-30,Mobile
1866,Anthony,Williams,,30,Other,United Kingdom,Port Sarahport,VIP,2019-08-25,Mobile
1867,Felicia,Lawrence,felicia.lawrence437@gmail.com,39,Other,Germany,South Jamesberg,VIP,2024-12-25,Desktop
1868,Samantha,Pace,samantha.pace98@hotmail.com,33,Male,Canada,Bowersville,Churned,2023-01-05,Desktop
1869,Cameron,Sanchez,cameron.sanchez873@gmail.com,34,Male,AUSTRALIA,Port Travis,New,2023-10-06,Tablet
1870,Bob,Brown,bob.brown663@yahoo.com,33,Male,Britain,Port Aprilmouth,Churned,2024-06-20,Mobile
1871,Anna,Park,anna.park367@hotmail.com,35,Female,Saudi Arabia,Shermanborough,Returning,2020-09-11,Tablet
1872,Derek,Gallagher,derek.gallagher275@yahoo.com,38,Other,Canada,Powellfurt,VIP,2019-06-30,Desktop
1873,Andrew,Garcia,andrew.garcia382@hotmail.com,46,Female,united states,Lynchport,New,2021-12-26,Desktop
1874,Kristie,Mitchell,kristie.mitchell117@hotmail.com,21,Female,United States,New Marieborough,Churned,2024-09-05,Mobile
1875,Kurt,Matthews,kurt.matthews986@hotmail.com,43,Female,India,Lake Lee,Returning,2019-04-16,Mobile
1876,Anthony,Rasmussen,anthony.rasmussen856@yahoo.com,43,Female,US,West Tamara,New,2019-04-25,Tablet
1877,Marcia,Russo,marcia.russo872@hotmail.com,52,Female,India,New Nathan,New,2023-03-12,Mobile
1878,Renee,Garcia,renee.garcia665@gmail.com,28,Male,United States,Lake Luke,New,2023-04-14,Desktop
1879,Tyler,Duncan,tyler.duncan136@hotmail.com,44,Other,Mexico,North Sandraborough,At-Risk,2024-05-26,Tablet
1880,Darren,Roberts,darren.roberts61@gmail.com,34,Male,Australia,Traceyfurt,Returning,2023-12-17,Desktop
1881,Nathan,Monroe,nathan.monroe427@gmail.com,29,Other,India,East Carol,Returning,2022-09-24,Mobile
1882,Jonathan,Weeks,jonathan.weeks822@hotmail.com,41,Other,Brazil,Jamieview,Churned,2021-06-15,Tablet
1883,  Alejandro  ,Colon,alejandro.colon449@yahoo.com,50,Male,United States,Meganborough,New,2023-11-25,Tablet
1884,Tracy,Greene,tracy.greene389@hotmail.com,64,Female,United Kingdom,Williamsmouth,New,2019-10-10,Tablet
1885,Hannah,Jones,hannah.jones30@gmail.com,46,Other,united states,East Rachelfort,At-Risk,2019-05-26,Tablet
1886,Amanda,Jackson,amanda.jackson997@hotmail.com,47,Male,United States,Stephaniefurt,Returning,2020-09-16,Mobile
1887,Justin,Foley,justin.foley943@yahoo.com,27,Female,U.K.,Port Davidborough,Returning,2024-09-12,Desktop
1888,Angela,Jimenez,angela.jimenez909@gmail.com,19,Female,France,South Timothyville,Churned,2020-05-15,Mobile
1889,Marissa,Lopez,marissa.lopez48@hotmail.com,37,Male,united states,East Ryanstad,At-Risk,2021-08-17,Mobile
1890,Douglas,Harper,douglas.harper671@gmail.com,29,Female,India,Port Jason,Returning,2020-11-27,Desktop
1891,Ashley,Fry,ashley.fry722@yahoo.com,21,Other,United Kingdom,Sandrastad,Returning,2021-10-09,Tablet
1892,Rachel,Brown,rachel.brown786@yahoo.com,38,Other,Brazil,West William,New,2020-05-08,Tablet
1893,Courtney,Rogers,courtney.rogers742@hotmail.com,27,Other,United States,Johnsonmouth,New,2019-06-02,Desktop
1894,John,Rice,john.rice979@hotmail.com,47,Other,Japan,East Amy,Returning,2020-11-26,Mobile
1895,Daniel,Brown,daniel.brown532@hotmail.com,25,Other,United Kingdom,New Jennifermouth,At-Risk,2021-03-22,Tablet
1896,Douglas,Garcia,douglas.garcia718@gmail.com,41,Other,United Kingdom,South Adamton,New,2023-11-18,Desktop
1897,Kayla,Wilson,kayla.wilson444@gmail.com,26,Other,Saudi Arabia,New Amytown,VIP,2022-11-22,Tablet
1898,Renee,Pineda,renee.pineda255@hotmail.com,55,Female,US,Campbellfurt,Churned,2021-09-12,Mobile
1899,Kaitlin,Vega,kaitlin.vega680@hotmail.com,26,Other,France,Michaelmouth,New,2021-11-15,Tablet
1900,Rachel,Gibson,,21,Male,India,East Justin,New,2023-05-21,Tablet
1901,Sylvia,Price,sylvia.price914@yahoo.com,18,Other,Spain,West Jody,At-Risk,2021-08-03,Desktop
1902,Kevin,Williams,kevin.williams12@yahoo.com,22,Other,United States,South David,Returning,2022-10-04,Desktop
1903,Jared,Sullivan,jared.sullivan518@yahoo.com,23,Female,Spain,Quinnmouth,VIP,2024-09-17,Mobile
1904,Steven,Morgan,steven.morgan891@hotmail.com,31,Male,United Kingdom,Andersonhaven,Returning,2020-03-27,Desktop
1905,Jay,Lee,jay.lee770@gmail.com,39,Female,United States,Rachelside,Churned,2024-03-04,Mobile
1906,Laura,Brooks,laura.brooks247@yahoo.com,26,Female,Spain,South Donald,Returning,2019-08-27,Mobile
1907,Denise,Evans,denise.evans52@hotmail.com,45,Other,India,Williamsborough,New,2021-01-09,Desktop
1908,Pamela,Keller,pamela.keller564@hotmail.com,37,Other,Germany,Whitemouth,At-Risk,2019-02-22,Mobile
1909,Jamie,Bradley,jamie.bradley413@gmail.com,52,Male,Netherlands,Tonyashire,At-Risk,2023-08-13,Desktop
1910,danielle,Andrews,danielle.andrews471@gmail.com,51,Female,SAUDI ARABIA,South Leslie,New,2020-06-22,Tablet
1911,Joanna,Farmer,joanna.farmer459@yahoo.com,55,Male,Egypt,Cherylhaven,Returning,2023-05-31,Mobile
1912,Nancy,Lowe,nancy.lowe458@gmail.com,39,Female,United States,North Alanton,At-Risk,2020-12-27,Desktop
1913,Christopher,Huynh,christopher.huynh510@yahoo.com,30,Other,Australia,Lake Edward,New,2020-04-11,Tablet
1914,Mary,Cox,mary.cox19@yahoo.com,38,Male,Germany,Alvarezburgh,New,2020-09-26,Mobile
1915,Craig,Hoffman,craig.hoffman423@gmail.com,49,Male,Brazil,South David,VIP,2024-06-17,Tablet
1916,Robert,Hoffman,,18,Male,italy,Gravesview,New,2023-02-20,Desktop
1917,Rebecca,Cherry,,36,Other,Indonesia,South Colton,New,2019-03-28,Tablet
1918,Nicole,Kennedy,nicole.kennedy653@yahoo.com,50,Female,Canada,Port Andrew,Returning,2023-02-16,Tablet
1919,Lisa,Galvan,,43,Male,United States,South Patricia,Returning,2024-10-26,Tablet
1920,Stacey,Knight,stacey.knight688@yahoo.com,33,Female,Brazil,West Caseyberg,VIP,2022-09-29,Mobile
1921,Erica,Rangel,erica.rangel373@gmail.com,27,Male,Netherlands,Lake Malik,New,2023-04-08,Desktop
1922,Stacy,Miller,stacy.miller865@hotmail.com,19,Female,Italy,Smithshire,Returning,2021-07-04,Mobile
1923,Gary,York,gary.york574@gmail.com,45,Other,Britain,Tinatown,Returning,2021-12-08,Tablet
1924,Rebecca,Williams,rebecca.williams485@gmail.com,47,Other,Netherlands,Josechester,Returning,2021-01-09,Tablet
1925,Joshua,Carney,joshua.carney373@hotmail.com,35,Other,U.S.A.,Hopkinsmouth,Returning,2022-04-22,Mobile
1926,David,Good,david.good117@hotmail.com,42,Male,Philippines,Lake Ashleyport,Returning,2021-04-14,Tablet
1927,Rebecca,James,rebecca.james228@gmail.com,28,Male,United Arab Emirates,Heidimouth,Returning,2021-03-14,Mobile
1928,William,Chaney,william.chaney364@yahoo.com,33,Other,Spain,Zimmermanberg,Returning,2024-08-27,Mobile
1929,Jennifer,Tran,jennifer.tran561@yahoo.com,54,Other,Germany,Josephmouth,Returning,2024-07-06,Mobile
1930,Christopher,Wade,christopher.wade719@yahoo.com,35,Male,Germany,North Lisaville,Returning,2020-06-16,Desktop
1931,Gregory,Brown,gregory.brown919@hotmail.com,52,Male,Germany,Port Christopher,,2019-06-15,Mobile
1932,jennifer,Doyle,jennifer.doyle144@yahoo.com,37,Other,,East Brandimouth,New,2022-10-14,Tablet
1933,Mark,Ortega,mark.ortega739@hotmail.com,39,Female,United Arab Emirates,North Janetborough,Returning,2024-07-04,Desktop
1934,Sara,Lopez,sara.lopez261@hotmail.com,34,Other,Mexico,North Ryanbury,New,2020-04-05,Desktop
1935,Jennifer,Hughes,jennifer.hughes193@hotmail.com,38,Male,india,South Lisa,Returning,2023-04-01,Mobile
1936,tyler,Mccarthy,tyler.mccarthy221@yahoo.com,64,Female,United States,Jessicashire,New,2024-03-10,Desktop
1937,Bryan,Lopez,bryan.lopez734@gmail.com,34,Female,Australia,East Terriview,New,2019-11-12,Desktop
1938,Amber,Kaufman,amber.kaufman776@hotmail.com,42,Female,united states,Lake Kathleenborough,VIP,2020-02-14,Desktop
1939,Manuel,Braun,manuel.braun949@gmail.com,44,Other,United Kingdom,Reidshire,VIP,2020-10-12,Tablet
1940,Robert,Davidson,,73,Male,,Kingstad,New,2023-05-31,Mobile
1941,  Alyssa  ,Pena,alyssa.pena469@hotmail.com,18,Other,Britain,Juanburgh,Returning,2019-05-22,Tablet
1942,Bryan,Cooper,bryan.cooper980@hotmail.com,32,Other,Mexico,New Katelynchester,At-Risk,2019-06-25,Desktop
1943,Kathy,Moran,kathy.moran987@gmail.com,27,Female,Canada,West Briannastad,Churned,2023-03-10,Desktop
1944,Catherine,Chung,catherine.chung544@hotmail.com,34,Other,Brazil,Jessicamouth,VIP,2021-09-14,Desktop
1945,judy,Castillo,judy.castillo567@yahoo.com,36,Female,United States,Kathrynmouth,Returning,2022-04-11,Tablet
1946,Julie,Perez,julie.perez495@gmail.com,33,Other,Saudi Arabia,Lake Michaelmouth,Churned,2024-04-12,Desktop
1947,Mark,Hogan,mark.hogan709@yahoo.com,18,Other,Philippines,Meltonmouth,VIP,2021-09-17,Desktop
1948,Douglas,Christensen,douglas.christensen749@yahoo.com,60,Male,USA,Port Donaldmouth,Returning,2021-04-15,Desktop
1949,Monica,Hernandez,monica.hernandez397@yahoo.com,33,Other,,South Laceyburgh,Returning,2019-11-27,Tablet
1950,Sophia,Robinson,sophia.robinson621@gmail.com,18,Female,Germany,Kennedyview,New,2021-01-09,Tablet
1951,Andrew,Myers,andrew.myers903@yahoo.com,51,Female,Mexico,Jeremyfort,Returning,2022-08-22,Mobile
1952,Victor,Graham,victor.graham624@gmail.com,36,Other,Saudi Arabia,Costaton,Churned,2021-02-13,Desktop
1953,Daniel,Benton,daniel.benton281@hotmail.com,44,Female,Philippines,Franklinberg,At-Risk,2020-05-30,Mobile
1954,Sherry,Lara,sherry.lara994@yahoo.com,42,Female,Brazil,Smithport,Returning,2022-10-15,Mobile
1955,Matthew,Collins,matthew.collins825@hotmail.com,62,Male,India,Carrberg,VIP,2022-03-06,Desktop
1956,Matthew,Brooks,matthew.brooks423@hotmail.com,27,Other,  Canada  ,West Annette,Returning,2021-11-03,Tablet
1957,Andrew,Wood,andrew.wood908@gmail.com,33,Other,Egypt,West Haley,VIP,2024-06-17,Tablet
1958,Rachel,Schultz,rachel.schultz307@yahoo.com,26,Other,Indonesia,Angelashire,New,2023-10-06,Tablet
1959,Holly,Winters,holly.winters882@yahoo.com,18,Female,France,Lake Brittany,At-Risk,2020-06-03,Tablet
1960,Lori,Burns,lori.burns755@yahoo.com,35,Other,Japan,West Williamville,At-Risk,2021-04-21,Tablet
1961,Eddie,Morris,eddie.morris223@hotmail.com,40,Male,USA,Fordview,At-Risk,2019-05-27,Desktop
1962,Perry,Lee,perry.lee640@yahoo.com,32,Other,Germany,West Melanie,Returning,2019-05-10,Mobile
1963,John,Schultz,john.schultz704@yahoo.com,44,Female,United States,Malloryfort,Returning,2022-05-16,Tablet
1964,  Kristen  ,Frye,kristen.frye136@yahoo.com,36,Other,Netherlands,Cassandraside,Returning,2020-03-14,Tablet
1965,Lisa,Lopez,lisa.lopez999@hotmail.com,31,Male,Germany,West Jessicaborough,Churned,2022-02-20,Tablet
1966,William,Wright,william.wright556@yahoo.com,19,Other,Egypt,Haynestown,Returning,2020-10-15,Tablet
1967,James,Phillips,james.phillips331@gmail.com,35,Other,United States,Millermouth,New,2023-08-27,Desktop
1968,Victoria,Griffin,victoria.griffin780@yahoo.com,39,Female,France,New Sean,New,2020-11-19,Tablet
1969,Sharon,Bryant,sharon.bryant492@gmail.com,43,Other,UAE,Mitchellshire,Churned,2019-10-09,Tablet
1970,Stephanie,Martinez,stephanie.martinez966@yahoo.com,18,Other,Nigeria,Woodmouth,Returning,2023-12-28,Tablet
1971,Nicholas,Johnson,nicholas.johnson428@yahoo.com,40,Other,India,Randallmouth,New,2022-09-05,Tablet
1972,Kathleen,Schneider,,53,Other,United States,New Brianberg,Returning,2021-12-24,Mobile
1973,Sara,Taylor,sara.taylor899@gmail.com,47,Female,Philippines,Lake Jimmy,Returning,2023-07-12,Desktop
1974,Teresa,Morgan,teresa.morgan536@yahoo.com,63,Male,US,Karenfort,Returning,2021-05-27,Desktop
1975,Bryan,Butler,bryan.butler391@yahoo.com,18,Male,south africa,New Mackenzie,New,2023-11-20,Desktop
1976,Shane,Wilson,shane.wilson687@yahoo.com,27,Male,Brazil,East Brian,Returning,2023-02-06,Desktop
1977,Andrew,Day,andrew.day274@hotmail.com,34,Male,Canada,South Bobby,VIP,2020-04-24,Mobile
1978,Jesse,Hernandez,jesse.hernandez700@gmail.com,31,Female,Philippines,Marcusfurt,New,2019-02-12,Desktop
1979,Kathy,Vasquez,kathy.vasquez860@hotmail.com,26,Male,Saudi Arabia,Pierceton,VIP,2020-03-14,Tablet
1980,Barry,Perez,barry.perez804@yahoo.com,36,Female,Mexico,West Jacquelineshire,At-Risk,2024-04-15,Desktop
1981,William,Calderon,william.calderon772@yahoo.com,38,Other,UAE,East Amanda,Churned,2024-06-28,Desktop
1982,JULIE,Campbell,julie.campbell368@hotmail.com,36,Female,India,Williamburgh,New,2024-01-04,Desktop
1983,Karen,Scott,karen.scott631@gmail.com,23,Other,Brazil,Rachaelfurt,Returning,2019-09-19,Tablet
1984,Justin,Johnson,justin.johnson576@hotmail.com,36,Male,Brazil,Harrisville,New,2019-04-02,Tablet
1985,Linda,Newton,linda.newton663@gmail.com,35,Other,Philippines,Port Ashley,Returning,2023-06-26,Mobile
1986,Marissa,Craig,marissa.craig244@hotmail.com,19,Other,France,Michaelton,VIP,2022-11-20,Tablet
1987,Jerry,Zamora,jerry.zamora295@yahoo.com,18,Other,France,New Andrew,New,2019-01-28,Tablet
1988,Maria,Dalton,maria.dalton49@gmail.com,45,Female,Philippines,Arroyofurt,New,2023-04-27,Mobile
1989,Stephen,Myers,stephen.myers427@gmail.com,32,Other,Britain,Castilloport,At-Risk,2023-10-08,Mobile
1990,Elizabeth,Pace,elizabeth.pace990@gmail.com,35,Other,United Kingdom,North Melissaton,New,2024-02-22,Desktop
1991,Stacey,Conrad,stacey.conrad14@yahoo.com,32,Other,United States,Jamesshire,At-Risk,2024-10-07,Mobile
1992,Colton,Richardson,colton.richardson208@hotmail.com,35,Other,Spain,South Judy,Churned,2021-03-27,Mobile
1993,Joshua,Valdez,joshua.valdez850@yahoo.com,41,Male,United States,North Kevinview,At-Risk,2021-09-28,Tablet
1994,Sarah,Lucero,sarah.lucero722@gmail.com,46,Other,Netherlands,Lake Julietown,At-Risk,2024-04-12,Tablet
1995,Sarah,Thompson,sarah.thompson377@gmail.com,18,Other,Netherlands,Lake Jimmyshire,VIP,2023-03-03,Tablet
1996,Joshua,Johnson,joshua.johnson757@hotmail.com,36,Other,Indonesia,Brownberg,New,2020-04-17,Desktop
1997,Raymond,Bennett,raymond.bennett795@gmail.com,27,Other,Spain,Reynoldsmouth,New,2021-06-22,Desktop
1998,Teresa,Ray,teresa.ray302@gmail.com,28,Female,United States,Port Nancyport,Churned,2023-04-25,Desktop
1999,James,Adams,james.adams700@hotmail.com,48,Male,INDIA,Sylviaborough,Churned,2020-05-29,Desktop
2000,Shane,Smith,shane.smith986@hotmail.com,31,Male,Saudi Arabia,Port Annachester,New,2022-05-09,Tablet
2001,Jacqueline,Conner,,34,Male,Mexico,West Michaelstad,At-Risk,2021-09-26,Mobile
2002,Thomas,Martin,thomas.martin42@hotmail.com,33,Female,Australia,Jessicaside,Returning,2019-11-16,Mobile
2003,Jill,Reed,jill.reed570@gmail.com,42,Female,Philippines,Watsonstad,New,2023-08-09,Desktop
2004,Dylan,Chambers,dylan.chambers165@yahoo.com,29,Other,Australia,Wardchester,New,2019-07-09,Mobile
2005,Jon,Taylor,jon.taylor6@yahoo.com,37,Female,United States,Hayesside,Returning,2024-03-03,Mobile
2006,Frank,Williams,frank.williams727@hotmail.com,71,Male,Germany,New Matthew,Returning,2022-10-18,Desktop
2007,Julie,Rosales,julie.rosales158@hotmail.com,34,Female,Egypt,Port Laura,VIP,2023-12-12,Tablet
2008,Randy,Colon,randy.colon53@gmail.com,36,Other,Germany,New Daletown,,2020-07-12,Tablet
2009,  Andrea  ,Dunlap,andrea.dunlap864@hotmail.com,26,Other,United Kingdom,Lake Jenna,Returning,2021-01-03,Mobile
2010,Daryl,Dennis,daryl.dennis503@yahoo.com,22,Other,United States,Millsfurt,Returning,2020-04-24,Tablet
2011,Michael,Russell,michael.russell367@gmail.com,42,Male,Germany,Lake Dawn,Returning,2019-12-08,Tablet
2012,Heather,Mullins,heather.mullins326@hotmail.com,57,Other,India,Port Tanyaville,New,2021-12-20,Desktop
2013,ruth,Neal,ruth.neal980@yahoo.com,38,Male,Saudi Arabia,Port Richard,New,2023-12-14,Tablet
2014,Amber,Davis,amber.davis70@gmail.com,30,Other,Germany,North Anthonyville,Returning,2020-03-29,Desktop
2015,Maria,Becker,maria.becker426@gmail.com,31,Other,Mexico,Shaunville,Returning,2021-07-13,Tablet
2016,Michael,Powell,michael.powell414@hotmail.com,38,Male,Australia,Matthewstad,New,2020-04-01,Mobile
2017,Roy,Lawrence,roy.lawrence227@yahoo.com,42,Male,Australia,Lake Traviston,Returning,2021-12-31,Tablet
2018,Michael,Scott,michael.scott340@yahoo.com,28,Female,Germany,Mullinsville,At-Risk,2021-07-15,Mobile
2019,Brenda,Gilmore,brenda.gilmore301@hotmail.com,25,Male,United States,Vangfurt,New,2019-03-26,Tablet
2020,Tony,Bullock,tony.bullock544@yahoo.com,47,Female,Saudi Arabia,Amyland,Returning,2020-06-21,Tablet
2021,Maria,Welch,maria.welch844@gmail.com,64,Other,Germany,Jamesmouth,At-Risk,2020-06-12,Desktop
2022,Tracey,Johnson,tracey.johnson118@yahoo.com,45,Other,India,Robinsonchester,New,2019-07-28,Mobile
2023,Gabriela,Watkins,gabriela.watkins457@hotmail.com,37,Male,Saudi Arabia,New Seanhaven,Returning,2020-02-02,Tablet
2024,Joshua,Cunningham,joshua.cunningham629@hotmail.com,23,Other,Nigeria,West Brendahaven,VIP,2021-12-11,Desktop
2025,Rachel,Carter,rachel.carter982@gmail.com,39,Male,United Kingdom,West Carolynchester,Returning,2019-08-29,Tablet
2026,Eric,Monroe,eric.monroe907@gmail.com,29,Female,India,Tuckertown,VIP,2021-04-28,Mobile
2027,Julie,Valdez,julie.valdez938@gmail.com,33,Male,Australia,Williamsburgh,Returning,2020-05-04,Mobile
2028,Michelle,Silva,michelle.silva263@yahoo.com,24,Other,ITALY,Lake Sean,New,2023-03-16,Tablet
2029,Rhonda,Garcia,rhonda.garcia290@gmail.com,43,Male,India,Lake Tiffany,VIP,2022-08-19,Tablet
2030,Andrew,Crawford,andrew.crawford842@hotmail.com,47,Female,France,Smithhaven,New,2024-05-20,Tablet
2031,micheal,Stephens,micheal.stephens823@yahoo.com,39,Other,Mexico,Johnsonchester,Returning,2022-05-06,Mobile
2032,Robert,Brown,robert.brown499@yahoo.com,60,Male,South Africa,Thomashaven,,2024-07-07,Mobile
2033,Rebecca,Hutchinson,rebecca.hutchinson920@gmail.com,34,Other,Egypt,East Christopherburgh,At-Risk,2022-12-27,Desktop
2034,Sean,Barajas,sean.barajas329@yahoo.com,25,Other,Australia,Timothyburgh,At-Risk,2022-06-29,Desktop
2035,Darrell,Williams,darrell.williams971@gmail.com,28,Male,South Africa,West Dean,At-Risk,2023-03-17,Desktop
2036,Alex,Brown,alex.brown995@gmail.com,18,Other,Japan,New Elizabethshire,,2022-03-08,Tablet
2037,Kevin,Cain,kevin.cain8@yahoo.com,24,Other,United Kingdom,Port Timothy,Returning,2020-04-12,Desktop
2038,Elizabeth,Mendoza,elizabeth.mendoza216@gmail.com,29,Other,United Kingdom,East Paulside,Returning,2024-02-25,Tablet
2039,Chad,Estrada,chad.estrada793@hotmail.com,31,Male,Brazil,Port Kathleen,Returning,2021-11-12,Tablet
2040,Veronica,Jones,veronica.jones435@gmail.com,27,Male,Germany,Lake Karen,VIP,2024-01-14,Desktop
2041,Michael,Perez,,39,Other,Germany,Brownchester,VIP,2019-04-05,Tablet
2042,Luke,Foster,luke.foster794@gmail.com,41,Female,United States,Peterbury,New,2023-06-29,Tablet
2043,David,Mendez,david.mendez837@hotmail.com,49,Male,United Kingdom,Lucasburgh,New,2020-06-12,Tablet
2044,Adriana,Crawford,adriana.crawford703@gmail.com,29,Male,United States,Greenechester,At-Risk,2019-05-26,Desktop
2045,Christopher,Snow,christopher.snow471@gmail.com,19,Other,India,West Joshuaview,Returning,2021-10-14,Mobile
2046,Lindsay,Stark,lindsay.stark39@yahoo.com,44,Male,Mexico,Samanthafort,New,2022-01-25,Desktop
2047,Paul,Pitts,paul.pitts56@hotmail.com,31,Male,JAPAN,South Matthew,New,2023-02-23,Mobile
2048,Theresa,Patel,theresa.patel572@hotmail.com,45,Male,Germany,West Crystalview,Returning,2024-03-31,Tablet
2049,Brooke,Perez,brooke.perez842@yahoo.com,26,Male,Spain,New James,New,2024-10-31,Mobile
2050,James,Rogers,james.rogers418@hotmail.com,36,Female,JAPAN,Ramirezchester,At-Risk,2023-01-07,Mobile
2051,Jacob,Austin,jacob.austin646@gmail.com,55,Female,Mexico,Jamesstad,Returning,2023-04-11,Mobile
2052,Angela,Harris,angela.harris324@yahoo.com,40,Male,Italy,North Jenny,New,2024-04-03,Mobile
2053,Danielle,Harris,danielle.harris690@hotmail.com,54,Male,Germany,Isaacfort,Returning,2021-04-01,Tablet
2054,Peter,Love,peter.love7@hotmail.com,41,Other,Australia,Medinaberg,At-Risk,2020-07-12,Tablet
2055,Charles,Martinez,charles.martinez634@yahoo.com,36,Male,Mexico,Smithborough,Churned,2023-11-15,Tablet
2056,Jonathan,Simpson,jonathan.simpson600@hotmail.com,45,Male,United States,Williamchester,New,2020-03-12,Tablet
2057,Brent,Patterson,brent.patterson869@yahoo.com,46,Male,Netherlands,South Samuelmouth,Returning,2019-09-19,Mobile
2058,Herbert,Ward,herbert.ward951@gmail.com,42,Other,United States,Port Chadville,Returning,2022-04-16,Desktop
2059,Joseph,Bowers,joseph.bowers297@hotmail.com,26,Other,,Harrisshire,New,2019-05-12,Mobile
2060,Daniel,Davila,daniel.davila622@hotmail.com,24,Male,italy,Justinbury,Returning,2020-05-19,Mobile
2061,christine,Duncan,christine.duncan784@yahoo.com,26,Female,Germany,Maryberg,New,2019-02-20,Mobile
2062,Breanna,Farmer,breanna.farmer405@gmail.com,38,Other,Philippines,Harristown,At-Risk,2024-09-22,Desktop
2063,Christopher,Yang,christopher.yang486@yahoo.com,18,Male,Saudi Arabia,Martinezbury,Returning,2024-01-27,Tablet
2064,Jeffrey,Stevens,jeffrey.stevens226@gmail.com,33,Male,United States,East Joshua,Returning,2019-01-07,Tablet
2065,Emily,Graham,emily.graham401@hotmail.com,49,Other,Australia,Griffinbury,Churned,2019-08-08,Mobile
2066,Christopher,Marquez,christopher.marquez984@yahoo.com,38,Other,Japan,Lake Pamela,New,2024-02-07,Desktop
2067,Karen,Johnson,karen.johnson306@yahoo.com,41,Other,Canada,Lake Travis,New,2023-09-26,Tablet
2068,Alexandria,Morris,alexandria.morris664@yahoo.com,18,Female,united states,Masseyborough,Returning,2021-03-28,Desktop
2069,Jade,Burke,jade.burke567@hotmail.com,39,Other,Indonesia,Jacksonfurt,New,2020-03-29,Desktop
2070,Leon,Sullivan,leon.sullivan127@gmail.com,50,Male,Canada,Rachelfurt,New,2022-08-08,Desktop
2071,Terry,Johnson,terry.johnson587@hotmail.com,29,Other,Spain,Lake Heidi,Churned,2021-09-17,Mobile
2072,LAUREN,Price,lauren.price551@yahoo.com,26,Other,Indonesia,Parkerfort,New,2021-08-13,Desktop
2073,Sean,Coleman,sean.coleman313@yahoo.com,31,Male,United States,Michaelview,At-Risk,2021-03-14,Tablet
2074,Wendy,Mendoza,wendy.mendoza760@gmail.com,45,Other,Mexico,Port Brenda,New,2022-02-07,Mobile
2075,ALYSSA,Gonzalez,alyssa.gonzalez217@gmail.com,18,Female,UAE,Diazbury,Returning,2019-07-17,Tablet
2076,Ruth,Davis,ruth.davis872@hotmail.com,29,Other,Indonesia,West Christianview,New,2021-09-19,Desktop
2077,Kelly,Garrison,kelly.garrison165@yahoo.com,32,Male,India,East Robert,Returning,2020-01-01,Desktop
2078,Carl,Wiggins,carl.wiggins632@hotmail.com,18,Female,United Arab Emirates,New Diamondburgh,,2020-09-23,Desktop
2079,Thomas,Henderson,thomas.henderson118@gmail.com,38,Male,Italy,North Lindsey,Returning,2020-03-04,Tablet
2080,Jennifer,Jones,,49,Other,France,Lisaburgh,Returning,2022-03-15,Desktop
2081,Kimberly,Tran,kimberly.tran872@yahoo.com,18,Other,Philippines,East Amanda,Returning,2020-02-14,Mobile
2082,Kristin,Nguyen,kristin.nguyen661@gmail.com,32,Other,United States,Williamtown,Returning,2022-01-02,Desktop
2083,Patricia,Long,patricia.long298@gmail.com,33,Other,France,South Ericberg,At-Risk,2020-06-14,Desktop
2084,Chelsea,Richardson,chelsea.richardson257@yahoo.com,18,Male,Egypt,Sanchezburgh,Returning,2023-04-06,Desktop
2085,JENNIFER,Martin,jennifer.martin744@hotmail.com,21,Other,Spain,North Tonyaberg,New,2019-01-02,Mobile
2086,Steven,Lindsey,steven.lindsey975@hotmail.com,22,Female,united states,Piercefurt,At-Risk,2024-05-01,Mobile
2087,Steven,Holland,steven.holland132@hotmail.com,22,Other,United Kingdom,Kristinshire,Churned,2023-04-23,Tablet
2088,Kara,Walton,kara.walton241@hotmail.com,35,Male,Netherlands,Jacksonfort,VIP,2019-10-04,Mobile
2089,Benjamin,Jones,benjamin.jones635@yahoo.com,66,Male,Indonesia,Darrellchester,Churned,2021-04-18,Desktop
2090,Kevin,Johnson,kevin.johnson326@yahoo.com,18,Female,United Kingdom,Port Allen,At-Risk,2021-08-12,Mobile
2091,Danielle,Thomas,danielle.thomas337@hotmail.com,28,Other,Japan,Lake Laura,Returning,2021-05-18,Tablet
2092,Douglas,Lester,douglas.lester314@yahoo.com,28,Other,Saudi Arabia,Tommymouth,New,2023-04-11,Tablet
2093,Nathan,Harris,nathan.harris157@gmail.com,46,Other,South Africa,Moyerbury,New,2024-09-07,Tablet
2094,Penny,Livingston,penny.livingston374@yahoo.com,36,Female,Germany,Brianmouth,Returning,2024-06-15,Mobile
2095,Paige,Wiggins,paige.wiggins173@gmail.com,20,Male,Brazil,Michaelhaven,New,2022-04-23,Mobile
2096,Billy,Jarvis,billy.jarvis253@yahoo.com,18,Male,United Kingdom,West Markport,Churned,2024-07-13,Tablet
2097,Gabriel,Gay,gabriel.gay758@gmail.com,37,Other,,Brianhaven,Returning,2020-04-24,Mobile
2098,Adriana,Johnson,adriana.johnson284@yahoo.com,37,Female,Mexico,Laurenmouth,New,2021-01-30,Desktop
2099,Mark,Richardson,mark.richardson696@hotmail.com,38,Other,United States,South Katherinechester,Churned,2023-08-01,Mobile
2100,Barry,Maxwell,barry.maxwell899@hotmail.com,44,Female,Philippines,East Sarahfurt,New,2020-12-24,Mobile
2101,Jennifer,Simon,jennifer.simon457@hotmail.com,18,Female,France,Douglasborough,New,2019-07-24,Mobile
2102,Patrick,Foster,patrick.foster499@gmail.com,39,Other,Brazil,West Alexanderberg,Churned,2020-03-02,Desktop
2103,Ashley,Butler,ashley.butler180@gmail.com,25,Other,Brazil,Payneview,Returning,2024-12-10,Tablet
2104,Jason,Ritter,jason.ritter84@gmail.com,36,Female,Netherlands,West Jessicaland,Returning,2020-04-25,Desktop
2105,Rose,Martin,rose.martin913@hotmail.com,29,Other,Spain,Wilsonmouth,New,2023-11-14,Desktop
2106,Matthew,Luna,matthew.luna270@yahoo.com,29,Other,Spain,Sosaview,New,2022-06-18,Tablet
2107,Amy,Valenzuela,amy.valenzuela79@hotmail.com,31,Other,Saudi Arabia,Crystalmouth,,2022-02-28,Desktop
2108,Elizabeth,Conley,elizabeth.conley914@hotmail.com,18,Male,United Kingdom,Lindabury,Returning,2020-05-10,Tablet
2109,Andrew,Webb,andrew.webb647@yahoo.com,36,Male,Australia,Victorfurt,Churned,2019-04-23,Tablet
2110,Brittany,Solis,brittany.solis593@yahoo.com,21,Female,Saudi Arabia,Port Earlbury,,2024-01-25,Tablet
2111,Jeffery,Blanchard,jeffery.blanchard218@yahoo.com,47,Male,Italy,North Heidi,New,2022-01-13,Tablet
2112,Robert,Ross,robert.ross267@hotmail.com,35,Other,Canada,Kerrybury,Returning,2019-12-22,Tablet
2113,Timothy,Hebert,timothy.hebert484@gmail.com,27,Other,U.S.A.,Saraton,Returning,2021-08-12,Desktop
2114,lisa,Moore,lisa.moore375@yahoo.com,28,Female,Canada,West Sharonville,New,2020-11-05,Desktop
2115,Tommy,Cuevas,tommy.cuevas913@yahoo.com,44,Other,Netherlands,South Russell,,2020-05-30,Tablet
2116,John,Ballard,john.ballard878@yahoo.com,28,Female,France,New Mark,Churned,2021-04-05,Desktop
2117,Christopher,Miller,christopher.miller476@hotmail.com,28,Other,Canada,East Amberfort,New,2024-05-18,Tablet
2118,Sarah,Leon,sarah.leon93@hotmail.com,28,Female,Germany,North Aaron,Churned,2020-01-25,Mobile
2119,Dennis,Terrell,dennis.terrell515@yahoo.com,19,Male,Saudi Arabia,Elizabethland,New,2019-03-30,Tablet
2120,Patricia,Rivera,patricia.rivera245@gmail.com,57,Other,Britain,North Christinaborough,Returning,2023-09-26,Tablet
2121,Penny,Holloway,penny.holloway170@yahoo.com,30,Other,,West Brittneyhaven,Returning,2019-06-07,Desktop
2122,Cheyenne,Taylor,cheyenne.taylor457@yahoo.com,37,Male,Japan,Erichaven,Returning,2019-07-30,Desktop
2123,Catherine,Barker,catherine.barker580@gmail.com,28,Other,France,Phelpsburgh,New,2023-03-03,Tablet
2124,Lisa,Howard,lisa.howard894@hotmail.com,32,Male,Philippines,Kellyfurt,Returning,2021-07-04,Tablet
2125,Sarah,Bauer,sarah.bauer750@yahoo.com,49,Female,India,Jasonmouth,Returning,2019-11-22,Mobile
2126,Eric,Miller,eric.miller42@hotmail.com,27,Male,,East Danielmouth,At-Risk,2019-10-04,Mobile
2127,Jennifer,Campbell,jennifer.campbell238@yahoo.com,32,Male,India,Bethfort,VIP,2021-08-11,Mobile
2128,David,Newman,david.newman379@hotmail.com,37,Male,  United States  ,Sharonborough,New,2024-05-16,Desktop
2129,Diana,Diaz,diana.diaz685@yahoo.com,33,Male,France,West Carl,New,2019-03-10,Tablet
2130,Melissa,King,melissa.king930@gmail.com,55,Female,Italy,Fordfurt,Returning,2023-09-14,Mobile
2131,Michelle,Cole,michelle.cole481@yahoo.com,59,Female,Japan,Barrettshire,Churned,2024-03-17,Desktop
2132,Jack,Booth,jack.booth41@gmail.com,41,Other,India,Robertfort,Returning,2024-04-02,Mobile
2133,Matthew,Williams,,37,Other,Canada,New Cassandra,New,2024-09-27,Tablet
2134,Rebecca,Le,rebecca.le649@yahoo.com,41,Female,Netherlands,Port Albertstad,Returning,2023-04-08,Tablet
2135,Lauren,Watson,lauren.watson270@gmail.com,31,Other,UK,South Kelseyhaven,Returning,2020-03-17,Tablet
2136,Dylan,Becker,dylan.becker584@hotmail.com,60,Male,US,Alyssahaven,Returning,2024-12-17,Mobile
2137,Cheyenne,Salazar,cheyenne.salazar670@yahoo.com,18,Female,Egypt,South Tamarashire,At-Risk,2022-04-13,Mobile
2138,Amber,Campos,amber.campos602@gmail.com,55,Other,Spain,Marvinchester,New,2022-07-15,Desktop
2139,Tammy,Brown,tammy.brown530@yahoo.com,37,Female,Saudi Arabia,Sloanshire,At-Risk,2020-05-21,Mobile
2140,leslie,Garza,leslie.garza997@yahoo.com,19,Male,,Kevinton,Returning,2023-11-25,Tablet
2141,Elizabeth,Riley,elizabeth.riley416@yahoo.com,23,Female,United States,Adambury,New,2019-03-30,Mobile
2142,Stephanie,Cole,stephanie.cole499@yahoo.com,18,Female,Philippines,South Brandonland,New,2023-10-25,Tablet
2143,Joshua,Olsen,joshua.olsen7@hotmail.com,33,Other,Saudi Arabia,Smithport,Returning,2023-08-12,Desktop
2144,Elizabeth,Crawford,elizabeth.crawford451@hotmail.com,34,Male,Mexico,New Donna,Churned,2020-09-22,Desktop
2145,Darrell,Young,darrell.young79@yahoo.com,50,Other,United States,Gregoryborough,New,2019-02-01,Tablet
2146,Ruben,Murphy,ruben.murphy288@gmail.com,18,Male,Italy,Smithberg,VIP,2024-08-02,Desktop
2147,Jessica,Jackson,jessica.jackson192@yahoo.com,21,Male,India,Robertchester,New,2020-03-23,Mobile
2148,Frank,Davis,frank.davis617@yahoo.com,18,Other,United Kingdom,Whitneyside,New,2022-11-01,Desktop
2149,Charles,Moore,charles.moore677@gmail.com,45,Male,Canada,East Cameronview,New,2024-10-15,Mobile
2150,Daniel,Hayes,daniel.hayes831@gmail.com,28,Female,India,Dixonfort,At-Risk,2023-01-03,Tablet
2151,Joshua,Miller,joshua.miller117@gmail.com,33,Female,Germany,Gregoryborough,VIP,2022-04-09,Tablet
2152,John,Smith,john.smith491@hotmail.com,34,Female,India,North Francismouth,At-Risk,2019-12-18,Desktop
2153,Lisa,Nichols,lisa.nichols605@yahoo.com,34,Male,United States,Anthonyfurt,Churned,2023-10-03,Tablet
2154,Ryan,Aguirre,ryan.aguirre854@yahoo.com,66,Female,Germany,East James,New,2022-10-28,Desktop
2155,Kiara,Adkins,kiara.adkins250@gmail.com,21,Male,Brazil,Port Diane,Returning,2024-06-23,Desktop
2156,troy,Townsend,troy.townsend588@yahoo.com,47,Other,France,Dawnborough,At-Risk,2024-05-25,Desktop
2157,Benjamin,Lopez,benjamin.lopez138@hotmail.com,31,Other,India,Andrestad,VIP,2022-11-22,Tablet
2158,Robert,Monroe,robert.monroe41@yahoo.com,18,Other,Spain,Millerville,Returning,2022-07-26,Desktop
2159,Anna,Wilson,anna.wilson58@gmail.com,24,Male,Saudi Arabia,Snyderside,Returning,2023-05-10,Mobile
2160,  Matthew  ,Weber,matthew.weber945@gmail.com,40,Male,United Arab Emirates,Johnside,New,2023-12-07,Tablet
2161,Kelly,Trevino,kelly.trevino982@gmail.com,35,Female,Nigeria,Elizabethberg,Returning,2023-03-05,Tablet
2162,Lisa,Kidd,lisa.kidd993@yahoo.com,18,Other,Saudi Arabia,Melissaland,Returning,2024-11-06,Tablet
2163,Michael,Jimenez,michael.jimenez20@hotmail.com,23,Other,Spain,Richardtown,New,2024-11-19,Tablet
2164,MARK,Joseph,mark.joseph678@gmail.com,35,Female,South Africa,West Danielview,Churned,2023-08-10,Desktop
2165,Lucas,Martinez,lucas.martinez222@hotmail.com,36,Female,Japan,New Lauren,At-Risk,2020-05-22,Tablet
2166,Joshua,Skinner,joshua.skinner483@hotmail.com,44,Female,United States,Port Jennifershire,Returning,2024-03-21,Desktop
2167,Amy,Escobar,amy.escobar225@hotmail.com,35,Female,United States,Craigfurt,New,2023-07-07,Tablet
2168,Billy,Ellison,billy.ellison147@yahoo.com,29,Other,Germany,Lake Mathewton,Returning,2019-10-27,Desktop
2169,Clinton,Duffy,clinton.duffy639@gmail.com,27,Other,India,South Bradstad,New,2021-06-08,Tablet
2170,Daniel,Moore,daniel.moore271@hotmail.com,38,Male,Brazil,North Matthew,Returning,2020-02-10,Tablet
2171,Samantha,Haynes,samantha.haynes703@gmail.com,55,Female,Germany,South Jefferyberg,VIP,2020-01-07,Mobile
2172,Susan,Shields,susan.shields611@hotmail.com,40,Other,France,South Adam,Returning,2022-02-19,Desktop
2173,Joshua,Norton,joshua.norton236@gmail.com,50,Female,Canada,Kelleyton,New,2021-07-30,Mobile
2174,Christina,Price,christina.price136@hotmail.com,54,Male,United States,Maxfurt,Churned,2024-11-03,Desktop
2175,Robert,Lane,robert.lane208@yahoo.com,26,Other,,New Melissa,Returning,2019-10-01,Tablet
2176,Robert,Wong,robert.wong701@yahoo.com,40,Female,,North Richardborough,,2023-06-25,Desktop
2177,Hayley,Ray,hayley.ray621@hotmail.com,40,Male,United States,Lake Johnton,New,2020-05-20,Desktop
2178,John,Williams,john.williams488@gmail.com,32,Other,philippines,Andersonborough,Returning,2020-08-28,Tablet
2179,Daniel,Smith,daniel.smith40@gmail.com,33,Other,United States,Port Heatherchester,New,2019-08-23,Tablet
2180,Jamie,Thomas,jamie.thomas771@hotmail.com,34,Male,Nigeria,Port Miguelchester,Returning,2021-04-09,Desktop
2181,April,Hill,april.hill494@hotmail.com,41,Other,France,Port Cynthia,New,2020-03-29,Desktop
2182,Michael,Berg,,38,Other,India,South Tracy,Churned,2020-08-23,Tablet
2183,Brandon,Smith,brandon.smith848@yahoo.com,43,Male,South Africa,North Kimberly,New,2024-01-01,Tablet
2184,Kaitlin,Warren,kaitlin.warren665@gmail.com,57,Female,India,Rodriguezport,At-Risk,2019-11-05,Tablet
2185,Joshua,Simmons,joshua.simmons431@gmail.com,29,Female,United States,Floydhaven,New,2019-05-24,Desktop
2186,Shawn,Turner,shawn.turner715@gmail.com,18,Other,Canada,Harrisview,Churned,2024-01-14,Mobile
2187,Tabitha,Nelson,tabitha.nelson235@yahoo.com,32,Female,Mexico,South Rebecca,New,2019-02-07,Mobile
2188,Jimmy,Tucker,jimmy.tucker359@gmail.com,18,Other,Australia,North Joseph,VIP,2021-03-23,Tablet
2189,Jonathan,Garcia,jonathan.garcia930@hotmail.com,39,Other,Mexico,Julietown,New,2019-05-18,Tablet
2190,Susan,Rodriguez,susan.rodriguez101@yahoo.com,47,Female,Philippines,Lisaside,New,2024-02-19,Desktop
2191,Autumn,Middleton,autumn.middleton261@gmail.com,27,Female,Saudi Arabia,Maddentown,VIP,2019-11-23,Desktop
2192,Andrew,Mack,andrew.mack932@hotmail.com,46,Male,Egypt,Bradleytown,New,2021-11-19,Mobile
2193,Jacob,Oconnor,,61,Other,Spain,Kingview,New,2022-07-08,Mobile
2194,Courtney,Santiago,courtney.santiago264@hotmail.com,23,Male,Philippines,Codyfort,At-Risk,2022-09-30,Desktop
2195,Pamela,Nguyen,pamela.nguyen727@yahoo.com,45,Other,India,Thomasbury,Returning,2022-03-12,Desktop
2196,Trevor,Jordan,trevor.jordan592@hotmail.com,29,Other,Canada,Lake Charlesshire,Returning,2024-05-16,Desktop
2197,Jesse,Delacruz,jesse.delacruz533@gmail.com,28,Male,Mexico,Gutierrezland,VIP,2019-08-13,Mobile
2198,Veronica,Dunn,,54,Male,United Arab Emirates,East Joann,New,2020-04-23,Tablet
2199,Collin,Scott,collin.scott824@hotmail.com,34,Female,Canada,Martinezview,New,2022-11-09,Mobile
2200,Pamela,Orozco,pamela.orozco371@gmail.com,49,Male,Australia,Sandraville,At-Risk,2019-07-24,Desktop
2201,John,George,john.george437@hotmail.com,52,Other,United States,North Thomas,Returning,2020-08-30,Tablet
2202,Gary,Todd,gary.todd260@hotmail.com,27,Female,Indonesia,Port Tracyborough,At-Risk,2023-10-10,Tablet
2203,Paige,Garcia,paige.garcia434@hotmail.com,36,Other,United Kingdom,New Joshua,Returning,2021-07-24,Mobile
2204,Michael,Kelly,michael.kelly627@yahoo.com,18,Female,Spain,North Joanne,At-Risk,2024-11-18,Tablet
2205,Ashley,Contreras,ashley.contreras407@gmail.com,18,Male,India,Port Eric,Returning,2023-06-04,Mobile
2206,Jessica,Gonzalez,jessica.gonzalez566@gmail.com,52,Other,India,East Kenneth,Returning,2019-05-15,Mobile
2207,Shannon,Montgomery,shannon.montgomery184@gmail.com,20,Female,Italy,Lake Rhondaborough,Returning,2021-03-14,Tablet
2208,Katherine,Juarez,katherine.juarez569@hotmail.com,36,Female,United States,Mooreland,VIP,2024-01-01,Mobile
2209,Erik,Gray,erik.gray315@gmail.com,24,Other,India,Austinburgh,New,2023-02-08,Mobile
2210,Patricia,Rodriguez,patricia.rodriguez793@gmail.com,31,Other,Saudi Arabia,North Eric,New,2019-08-26,Mobile
2211,Jermaine,Hess,jermaine.hess754@yahoo.com,29,Male,Germany,Oliviaburgh,At-Risk,2023-12-21,Tablet
2212,Brooke,Guerrero,brooke.guerrero122@gmail.com,18,Other,Australia,Colemanmouth,New,2020-09-03,Desktop
2213,Jorge,Lewis,jorge.lewis458@hotmail.com,36,Other,United States,East Richardfurt,Returning,2023-08-20,Desktop
2214,STEVEN,Davis,steven.davis103@hotmail.com,18,Male,india,Port Heatherton,VIP,2020-05-18,Tablet
2215,Isabella,Herring,isabella.herring411@gmail.com,31,Female,Nigeria,Fostershire,Churned,2023-04-10,Tablet
2216,Lisa,Brown,lisa.brown629@gmail.com,27,Other,Netherlands,Port David,New,2024-06-12,Tablet
2217,William,Lawson,william.lawson724@gmail.com,34,Male,United States,New Andrea,Returning,2021-01-12,Desktop
2218,Amanda,Green,amanda.green399@yahoo.com,43,Other,United States,Port Gregory,Returning,2021-07-26,Desktop
2219,Melissa,Harris,melissa.harris824@gmail.com,31,Male,Brazil,New Dylanmouth,At-Risk,2019-06-06,Desktop
2220,Jennifer,Payne,jennifer.payne483@hotmail.com,18,Other,Mexico,Stevenview,Returning,2024-12-15,Mobile
2221,Matthew,Johnson,matthew.johnson91@gmail.com,37,Male,Canada,Port Elizabethtown,New,2024-03-05,Mobile
2222,Jennifer,Miller,jennifer.miller228@gmail.com,23,Female,Mexico,North Haileyfort,At-Risk,2024-09-19,Desktop
2223,Corey,Bowers,corey.bowers624@hotmail.com,40,Male,Netherlands,Briantown,Churned,2023-04-25,Tablet
2224,Vanessa,Edwards,vanessa.edwards394@hotmail.com,30,Female,canada,Port Robinport,Churned,2023-07-07,Tablet
2225,Jose,Miller,,42,Other,US,Mitchellhaven,New,2024-06-17,Mobile
2226,Chase,Thompson,chase.thompson729@yahoo.com,18,Other,United Arab Emirates,West Nicolaston,Returning,2022-01-16,Desktop
2227,Tanner,Williams,tanner.williams969@gmail.com,26,Male,Mexico,Lake Josebury,New,2021-04-07,Tablet
2228,Dana,Davis,dana.davis507@hotmail.com,28,Female,Italy,Alyssafurt,New,2021-04-07,Desktop
2229,David,Gutierrez,david.gutierrez207@yahoo.com,30,Other,Australia,West Mike,Returning,2019-04-18,Tablet
2230,Kyle,Jackson,kyle.jackson293@hotmail.com,21,Male,Canada,Blairside,Churned,2023-04-15,Desktop
2231,Colleen,Brown,colleen.brown803@gmail.com,34,Other,France,South Carrie,At-Risk,2022-09-07,Tablet
2232,Steve,Kelly,steve.kelly529@gmail.com,36,Other,canada,East Caleb,New,2020-08-09,Desktop
2233,Brandon,Martinez,brandon.martinez630@yahoo.com,42,Male,Brazil,Maryville,New,2024-05-04,Tablet
2234,Rose,Rodgers,rose.rodgers37@yahoo.com,52,Female,United States,Suzanneburgh,Returning,2022-04-14,Desktop
2235,Thomas,Gilmore,thomas.gilmore671@gmail.com,36,Male,india,South Jennifer,New,2020-02-16,Desktop
2236,Deborah,Ross,deborah.ross89@gmail.com,18,Female,Philippines,Lake Cameron,At-Risk,2023-03-07,Mobile
2237,Christine,Phillips,,31,Other,United States,Rickeyburgh,Returning,2019-02-15,Mobile
2238,Natasha,Avila,natasha.avila416@gmail.com,38,Other,United States,Jenniferhaven,Churned,2021-08-02,Desktop
2239,Dalton,Yu,dalton.yu531@yahoo.com,35,Male,,South Morganfurt,Returning,2020-09-30,Tablet
2240,Tina,Price,tina.price721@yahoo.com,21,Male,USA,Katherineton,Returning,2020-02-13,Desktop
2241,Kristina,Griffith,kristina.griffith563@yahoo.com,42,Female,United States,Amyburgh,Churned,2020-10-05,Tablet
2242,Susan,Pruitt,susan.pruitt850@gmail.com,32,Other,Italy,South Nicholaschester,New,2023-10-02,Tablet
2243,Michelle,Palmer,michelle.palmer357@hotmail.com,36,Female,Canada,Port Jeremiahville,Returning,2021-03-18,Mobile
2244,Angela,Mason,angela.mason232@gmail.com,42,Other,united states,Martinberg,Churned,2021-10-17,Desktop
2245,Marie,Brown,marie.brown466@hotmail.com,37,Female,France,Benjaminton,Churned,2024-12-15,Tablet
2246,Kelly,Harris,kelly.harris5@gmail.com,32,Female,United Kingdom,Port Madison,Returning,2020-03-01,Desktop
2247,Alicia,Matthews,alicia.matthews417@hotmail.com,58,Other,united states,South Jessicaberg,New,2023-11-01,Desktop
2248,Christopher,Dawson,,34,Male,United Kingdom,Griffithville,VIP,2022-04-07,Tablet
2249,Catherine,Gonzalez,catherine.gonzalez302@hotmail.com,39,Female,United Kingdom,Lake Erikafort,At-Risk,2020-04-19,Desktop
2250,Richard,Morris,richard.morris823@gmail.com,20,Other,Saudi Arabia,South Melissaland,Returning,2024-09-26,Mobile
2251,Samantha,Carr,samantha.carr898@hotmail.com,21,Other,US,Changmouth,New,2024-12-12,Tablet
2252,Cody,Yu,cody.yu257@yahoo.com,27,Other,Mexico,North Rhondaborough,Returning,2023-12-03,Mobile
2253,Wendy,Johnson,wendy.johnson990@gmail.com,34,Female,Japan,Kimberlyville,Returning,2022-04-19,Tablet
2254,Mary,Warren,mary.warren496@gmail.com,43,Male,India,Lake Nicholas,New,2021-10-31,Mobile
2255,Jacqueline,Baker,jacqueline.baker985@yahoo.com,18,Female,Japan,Lake Rebeccatown,Churned,2024-04-17,Tablet
2256,erin,Myers,erin.myers472@hotmail.com,18,Other,Germany,Denniston,New,2019-06-17,Desktop
2257,Cassandra,Stokes,cassandra.stokes494@hotmail.com,73,Male,UK,Danielport,VIP,2020-05-09,Mobile
2258,Randy,Woods,randy.woods70@gmail.com,32,Female,Indonesia,Port Wendy,Churned,2020-03-02,Tablet
2259,Lisa,Moore,lisa.moore808@gmail.com,39,Male,Japan,North John,Returning,2020-08-25,Tablet
2260,Matthew,Jones,matthew.jones719@yahoo.com,33,Male,India,Lake Julieport,At-Risk,2019-10-12,Mobile
2261,Amanda,Shepard,amanda.shepard423@gmail.com,18,Female,Australia,Crystalmouth,Returning,2020-06-04,Tablet
2262,Selena,Patterson,selena.patterson549@hotmail.com,31,Male,United Kingdom,New Heatherville,Churned,2023-06-24,Tablet
2263,Ronald,Bradford,ronald.bradford853@gmail.com,49,Female,United States,Port Veronica,Returning,2022-02-13,Desktop
2264,James,Myers,james.myers295@hotmail.com,53,Male,U.S.A.,Port Monicatown,New,2021-04-26,Mobile
2265,Gail,Jones,gail.jones690@hotmail.com,18,Other,BRAZIL,North Stephanie,New,2023-08-09,Mobile
2266,Jonathan,Peterson,jonathan.peterson78@gmail.com,44,Other,France,Hicksburgh,New,2021-08-13,Desktop
2267,Daniel,Sims,daniel.sims488@yahoo.com,36,Female,Japan,Hinesberg,Returning,2022-09-23,Mobile
2268,Tracey,Guerra,tracey.guerra224@yahoo.com,39,Other,United States,North Johnside,Churned,2019-01-11,Mobile
2269,Allison,West,allison.west188@gmail.com,28,Other,MEXICO,Kennethfort,New,2024-03-05,Tablet
2270,Roberta,Doyle,roberta.doyle953@hotmail.com,18,Male,Italy,South Brandon,Returning,2020-05-27,Mobile
2271,Nicholas,Ramsey,nicholas.ramsey755@gmail.com,33,Male,United States,Lake Mitchelltown,At-Risk,2022-08-20,Desktop
2272,Brandon,Richardson,brandon.richardson754@hotmail.com,34,Male,Japan,Port Keithshire,New,2020-02-03,Mobile
2273,Alfred,Cowan,alfred.cowan212@yahoo.com,38,Male,Brazil,South Katelyn,Returning,2023-03-28,Desktop
2274,Cindy,Garrett,cindy.garrett855@hotmail.com,30,Male,Germany,Kaneport,New,2023-12-25,Tablet
2275,Darlene,Malone,darlene.malone365@hotmail.com,40,Male,France,Davishaven,Returning,2020-10-09,Desktop
2276,Amanda,Diaz,amanda.diaz123@yahoo.com,21,Male,U.K.,East Mark,At-Risk,2019-08-14,Tablet
2277,Andrew,Mason,andrew.mason979@yahoo.com,71,Other,Canada,East Pamela,New,2019-08-26,Mobile
2278,Mary,Roman,mary.roman629@gmail.com,24,Male,United States,Kimberlychester,VIP,2021-06-04,Tablet
2279,Anita,Pineda,anita.pineda981@yahoo.com,43,Male,Germany,New Thomasfurt,Returning,2022-11-03,Mobile
2280,Stephen,Butler,stephen.butler381@gmail.com,24,Other,Australia,Thompsonborough,Returning,2020-11-09,Mobile
2281,Sherry,Ramsey,sherry.ramsey505@hotmail.com,32,Other,Mexico,West Elizabeth,VIP,2022-08-12,Mobile
2282,MICHAEL,Sanchez,michael.sanchez503@hotmail.com,28,Male,Canada,Lake Penny,Returning,2023-07-17,Tablet
2283,Mary,Pollard,mary.pollard287@gmail.com,29,Female,USA,Susanville,At-Risk,2024-11-20,Desktop
2284,Rachel,Knight,rachel.knight769@yahoo.com,28,Other,Britain,Anthonyberg,New,2021-06-09,Desktop
2285,Kathryn,Stephens,kathryn.stephens56@gmail.com,28,Other,Mexico,Guerreroland,New,2023-09-13,Mobile
2286,Patrick,Gray,patrick.gray490@yahoo.com,31,Other,United States,Port Jayside,Returning,2021-11-21,Desktop
2287,Ronald,Powers,ronald.powers515@hotmail.com,51,Female,India,Port James,New,2022-03-03,Mobile
2288,Ashley,Hooper,ashley.hooper882@gmail.com,24,Other,Mexico,Meganview,New,2021-05-23,Desktop
2289,Edward,Matthews,edward.matthews469@yahoo.com,18,Male,Canada,Connieton,Returning,2024-02-16,Tablet
2290,Marissa,Martin,marissa.martin531@gmail.com,52,Female,Nigeria,North Elizabethhaven,Churned,2021-08-09,Mobile
2291,Peter,Mcclure,peter.mcclure706@gmail.com,18,Male,United Kingdom,North Marthafurt,New,2022-01-09,Desktop
2292,Charles,Barnett,charles.barnett691@hotmail.com,56,Male,Australia,Madisontown,Returning,2019-04-15,Mobile
2293,Carl,Rose,carl.rose595@hotmail.com,33,Male,Germany,Christopherland,Returning,2024-02-23,Mobile
2294,Manuel,Chavez,manuel.chavez371@gmail.com,44,Other,Italy,Port Brandi,VIP,2021-08-29,Mobile
2295,Robert,Thomas,robert.thomas192@hotmail.com,18,Other,,Jeffreyview,New,2020-08-14,Mobile
2296,Paula,Alexander,paula.alexander243@hotmail.com,48,Female,Nigeria,Peterton,Returning,2023-04-15,Mobile
2297,Shane,Taylor,shane.taylor982@yahoo.com,35,Other,Mexico,Powersberg,New,2021-01-24,Mobile
2298,Angela,Davis,angela.davis375@yahoo.com,18,Male,Nigeria,Livingstonton,Returning,2024-11-21,Mobile
2299,Ariana,Randolph,ariana.randolph435@gmail.com,25,Male,France,Andrewhaven,Returning,2023-01-18,Mobile
2300,jose,Waller,jose.waller718@gmail.com,31,Female,France,South Jesse,VIP,2024-08-15,Mobile
2301,Stephanie,Edwards,stephanie.edwards875@hotmail.com,42,Female,BRAZIL,East Melvin,At-Risk,2024-10-06,Mobile
2302,Daniel,Stephens,daniel.stephens462@gmail.com,34,Male,United States,Smithburgh,Returning,2023-01-25,Tablet
2303,Christian,Martin,christian.martin135@yahoo.com,45,Other,Netherlands,East Karenbury,New,2023-12-13,Tablet
2304,Tiffany,Stewart,tiffany.stewart235@yahoo.com,18,Male,United States,Paynestad,At-Risk,2021-04-03,Tablet
2305,James,West,james.west277@hotmail.com,43,Male,India,Kurtshire,At-Risk,2019-04-18,Tablet
2306,Susan,Lin,susan.lin443@yahoo.com,22,Female,United States,East Michelleport,New,2022-01-22,Desktop
2307,Teresa,Davis,teresa.davis150@yahoo.com,43,Other,France,Wandabury,Returning,2021-09-16,Desktop
2308,Evelyn,Collier,evelyn.collier485@yahoo.com,36,Male,Brazil,Fergusonberg,Churned,2024-06-05,Desktop
2309,Joyce,Porter,joyce.porter432@hotmail.com,50,Female,Canada,East Charles,New,2024-01-02,Desktop
2310,Danielle,Humphrey,danielle.humphrey915@hotmail.com,40,Other,SPAIN,North Courtney,New,2020-07-26,Tablet
2311,Sarah,Barnes,sarah.barnes547@hotmail.com,37,Other,India,Jessicafort,VIP,2023-09-15,Mobile
2312,Gloria,Kim,gloria.kim805@yahoo.com,18,Female,Germany,Port Lynn,Returning,2020-06-16,Mobile
2313,Danny,Robertson,danny.robertson257@hotmail.com,50,Other,Mexico,Rickymouth,New,2020-05-16,Tablet
2314,Karen,Moyer,karen.moyer49@gmail.com,62,Female,USA,Floydshire,New,2022-04-08,Desktop
2315,Dana,Powell,dana.powell708@gmail.com,36,Male,Italy,Mendozaton,VIP,2021-06-01,Desktop
2316,Sharon,Young,sharon.young221@yahoo.com,18,Female,Spain,Port Laura,Returning,2021-03-10,Mobile
2317,Aaron,Fernandez,aaron.fernandez860@gmail.com,18,Other,united kingdom,East Jeffrey,New,2021-02-04,Desktop
2318,Emily,Miller,emily.miller461@yahoo.com,18,Other,,Alexismouth,Churned,2022-03-27,Mobile
2319,Seth,Garcia,seth.garcia267@yahoo.com,27,Female,Italy,Hudsonland,VIP,2022-02-19,Mobile
2320,Kayla,Thompson,kayla.thompson574@hotmail.com,45,Other,Philippines,West Ashley,Returning,2024-10-23,Mobile
2321,  Kari  ,Friedman,kari.friedman353@hotmail.com,30,Male,,Joeside,Returning,2020-09-24,Mobile
2322,amy,Smith,amy.smith125@gmail.com,60,Female,United Kingdom,North Melissa,Returning,2023-10-16,Tablet
2323,Stephanie,Holt,stephanie.holt987@gmail.com,52,Other,United Arab Emirates,Proctorview,VIP,2022-01-16,Desktop
2324,KELLY,Anderson,kelly.anderson591@hotmail.com,37,Other,United States,Meghanhaven,VIP,2022-04-27,Tablet
2325,Cameron,Miller,cameron.miller665@yahoo.com,47,Other,Saudi Arabia,Garretthaven,New,2021-09-30,Desktop
2326,Lisa,Durham,lisa.durham800@hotmail.com,36,Female,Italy,Davisburgh,New,2020-05-30,Mobile
2327,Amy,West,amy.west333@yahoo.com,44,Other,,New Kayla,VIP,2022-12-09,Tablet
2328,Anthony,Gilbert,,18,Other,United States,Deleonland,New,2023-04-26,Mobile
2329,Elizabeth,Murray,elizabeth.murray911@hotmail.com,55,Male,Saudi Arabia,Cruzberg,VIP,2024-02-21,Mobile
2330,Autumn,Kim,autumn.kim629@yahoo.com,43,Female,Mexico,Port Mary,Returning,2020-12-02,Mobile
2331,Barbara,Snyder,,59,Male,France,Port Dawnmouth,VIP,2023-02-02,Desktop
2332,Aaron,Schneider,aaron.schneider656@hotmail.com,40,Female,India,West Brett,New,2020-08-13,Mobile
2333,Anthony,Kline,anthony.kline647@yahoo.com,41,Other,United Arab Emirates,Jamesmouth,At-Risk,2023-02-11,Tablet
2334,Ashley,Johnson,ashley.johnson415@gmail.com,31,Male,United States,West Rachel,Churned,2020-01-21,Desktop
2335,Julie,Phelps,,24,Female,Brazil,Ianhaven,,2021-05-11,Desktop
2336,Brittney,Gonzalez,brittney.gonzalez322@yahoo.com,42,Female,Canada,Jacobbury,VIP,2022-10-20,Tablet
2337,Dean,Patel,dean.patel299@hotmail.com,41,Other,Germany,Kristinebury,New,2024-03-13,Mobile
2338,James,Horne,james.horne620@hotmail.com,21,Other,Canada,West Richardview,New,2019-06-24,Mobile
2339,Erin,Murphy,erin.murphy278@hotmail.com,33,Female,,Jenniferfort,Returning,2020-01-25,Mobile
2340,Sierra,Price,sierra.price766@hotmail.com,46,Other,Canada,South Sophia,VIP,2020-04-30,Tablet
2341,heather,Cooper,heather.cooper989@hotmail.com,35,Female,Netherlands,Curtishaven,Returning,2019-08-21,Mobile
2342,Jennifer,Wood,jennifer.wood172@gmail.com,41,Male,united states,Stonefurt,VIP,2024-09-11,Desktop
2343,Angelica,Smith,angelica.smith129@yahoo.com,62,Other,Nigeria,Mejiaport,Returning,2023-12-13,Desktop
2344,Jeffrey,Lee,jeffrey.lee678@hotmail.com,38,Female,South Africa,Lake Patriciashire,VIP,2019-06-13,Tablet
2345,Marisa,Sloan,marisa.sloan718@hotmail.com,65,Other,Canada,Martinborough,Churned,2022-02-16,Desktop
2346,Janet,Perkins,janet.perkins216@yahoo.com,32,Male,MEXICO,North Maryborough,New,2021-05-14,Mobile
2347,Christopher,Carter,christopher.carter106@gmail.com,48,Male,united states,Mariaborough,New,2019-08-23,Desktop
2348,Jessica,Diaz,jessica.diaz960@gmail.com,18,Female,  Australia  ,Alvarezhaven,Returning,2019-08-02,Tablet
2349,Lauren,West,lauren.west56@yahoo.com,18,Male,US,North Susanview,VIP,2024-09-18,Mobile
2350,Edward,Lin,edward.lin537@gmail.com,30,Male,India,Stephanieland,New,2019-03-19,Desktop
2351,Michael,Bryant,michael.bryant269@hotmail.com,46,Other,United States,Lake Brittanyfort,New,2022-05-15,Desktop
2352,Cassie,Conley,cassie.conley87@yahoo.com,18,Other,US,West Michaelbury,At-Risk,2024-01-25,Mobile
2353,Alison,Gates,,45,Male,U.A.E.,Martinberg,VIP,2024-08-10,Desktop
2354,Angela,Durham,angela.durham756@yahoo.com,45,Female,Australia,Brownmouth,Returning,2024-03-08,Mobile
2355,Brandy,Perry,,37,Male,Spain,Ramirezburgh,Returning,2019-10-30,Desktop
2356,Janice,Dixon,janice.dixon540@hotmail.com,31,Male,Germany,Ambermouth,New,2023-05-25,Desktop
2357,Robert,Cox,robert.cox36@yahoo.com,52,Other,Nigeria,Gregoryberg,,2020-10-29,Mobile
2358,Christina,Wilson,christina.wilson882@gmail.com,48,Female,Spain,Duketown,Returning,2019-10-26,Mobile
2359,Melissa,Khan,melissa.khan479@gmail.com,36,Other,India,Port Kurt,Returning,2022-11-01,Mobile
2360,Brenda,Johns,brenda.johns562@gmail.com,48,Female,Egypt,East Dawn,Churned,2023-12-15,Desktop
2361,Vickie,Wilson,vickie.wilson993@yahoo.com,36,Other,Brazil,Chadtown,Returning,2020-12-10,Tablet
2362,Timothy,Boyd,timothy.boyd182@hotmail.com,44,Other,united states,Petersburgh,VIP,2023-02-03,Tablet
2363,Justin,Mitchell,justin.mitchell468@hotmail.com,25,Other,Canada,Cruzfort,At-Risk,2019-11-12,Tablet
2364,Sylvia,Vaughn,sylvia.vaughn652@gmail.com,49,Other,united states,Colemouth,At-Risk,2023-04-26,Mobile
2365,Kelly,Gutierrez,kelly.gutierrez537@hotmail.com,42,Other,Saudi Arabia,East Michaelhaven,VIP,2024-11-27,Tablet
2366,Jane,Calhoun,jane.calhoun547@yahoo.com,18,Female,,North Alicia,VIP,2023-10-31,Mobile
2367,Gerald,Daniels,gerald.daniels494@gmail.com,20,Other,Indonesia,East Mary,,2019-10-04,Desktop
2368,Catherine,Johns,catherine.johns825@hotmail.com,25,Male,Mexico,Lake Kevinland,Returning,2019-05-10,Mobile
2369,Joanna,Mcclure,joanna.mcclure316@hotmail.com,54,Female,India,South Jose,At-Risk,2019-12-17,Mobile
2370,Jennifer,Ford,jennifer.ford267@gmail.com,39,Male,United States,Port Thomas,Returning,2022-02-10,Mobile
2371,Christopher,Bryant,christopher.bryant11@gmail.com,32,Male,,Timothymouth,Churned,2020-07-24,Tablet
2372,Teresa,Hart,teresa.hart835@yahoo.com,18,Male,United Kingdom,Taylorberg,Churned,2024-03-05,Mobile
2373,Sheri,Nguyen,sheri.nguyen294@hotmail.com,39,Female,India,New Lisamouth,Churned,2021-04-17,Tablet
2374,Diane,Allen,diane.allen9@gmail.com,35,Other,U.S.A.,Brownburgh,VIP,2023-04-23,Mobile
2375,Susan,Brewer,susan.brewer970@gmail.com,34,Female,SAUDI ARABIA,South Graceborough,Returning,2021-08-28,Mobile
2376,Jennifer,Robinson,jennifer.robinson10@hotmail.com,25,Female,India,Port Sara,New,2020-12-14,Mobile
2377,Gerald,Ray,gerald.ray612@hotmail.com,38,Male,South Africa,Lake Robert,New,2020-01-11,Desktop
2378,Craig,Simmons,craig.simmons562@yahoo.com,27,Female,Mexico,Lake Kevinside,New,2022-04-21,Desktop
2379,Joel,Jackson,joel.jackson422@hotmail.com,22,Other,United Arab Emirates,Jacquelinebury,Returning,2023-09-26,Mobile
2380,Melissa,Fernandez,melissa.fernandez405@yahoo.com,40,Male,australia,Josephville,Returning,2021-12-07,Desktop
2381,Deanna,Mclaughlin,deanna.mclaughlin733@yahoo.com,42,Other,Canada,East Lindsey,VIP,2020-09-27,Tablet
2382,Sheri,Duncan,sheri.duncan400@yahoo.com,27,Female,United States,Beckyfort,VIP,2022-09-01,Desktop
2383,Jessica,White,jessica.white270@yahoo.com,33,Male,United Kingdom,Smithshire,VIP,2020-01-17,Mobile
2384,Chad,Brown,chad.brown641@gmail.com,23,Male,Canada,Wolffort,At-Risk,2023-04-24,Tablet
2385,Jason,Zimmerman,,34,Other,brazil,New Stephanie,New,2024-09-03,Tablet
2386,April,Anderson,april.anderson702@gmail.com,37,Female,Germany,East Laurafurt,VIP,2023-05-17,Mobile
2387,Jessica,Brown,jessica.brown665@gmail.com,50,Other,Canada,North Nicole,Returning,2020-08-04,Tablet
2388,Angela,Obrien,angela.obrien829@hotmail.com,53,Female,USA,Stonehaven,VIP,2024-03-07,Mobile
2389,Samuel,Sutton,samuel.sutton193@hotmail.com,58,Male,U.K.,Elizabethstad,Returning,2020-02-09,Desktop
2390,Dana,Foster,dana.foster140@gmail.com,36,Female,Germany,East Andreport,New,2020-06-01,Desktop
2391,Paul,Miller,paul.miller653@hotmail.com,49,Female,South Africa,Danielland,,2021-01-30,Tablet
2392,Monica,Finley,,29,Female,Australia,North Kimberlyshire,New,2020-01-02,Tablet
2393,Sara,Mcmahon,sara.mcmahon638@hotmail.com,35,Female,Germany,Elizabethland,Churned,2020-10-25,Desktop
2394,Timothy,Valdez,timothy.valdez329@hotmail.com,44,Male,US,North Cheryl,Returning,2020-03-06,Desktop
2395,Adam,Perry,,18,Other,France,East Gloriafort,VIP,2019-07-23,Desktop
2396,Tammy,Thomas,tammy.thomas191@gmail.com,39,Male,United Arab Emirates,Lake Edward,New,2020-03-30,Mobile
2397,David,Mcdaniel,david.mcdaniel276@hotmail.com,26,Male,UNITED STATES,Ortizberg,New,2019-04-28,Tablet
2398,Catherine,Reese,,25,Other,indonesia,North Patrickville,Returning,2019-10-11,Desktop
2399,Henry,Martinez,henry.martinez239@hotmail.com,44,Male,United Kingdom,South Derekmouth,New,2022-12-20,Desktop
2400,Sara,Wolf,sara.wolf16@gmail.com,41,Female,  United Kingdom  ,New Julie,New,2020-04-14,Desktop
2401,Kelly,Lee,kelly.lee351@yahoo.com,34,Female,Britain,Jaredtown,Returning,2022-12-17,Mobile
2402,STANLEY,Mcdowell,stanley.mcdowell805@yahoo.com,24,Female,United Kingdom,East Kathyport,Churned,2020-01-21,Mobile
2403,Christopher,Johnson,christopher.johnson475@hotmail.com,37,Other,Germany,Garrettberg,Returning,2024-07-12,Desktop
2404,Michelle,Ray,michelle.ray339@yahoo.com,46,Male,France,East Caitlyn,VIP,2021-04-02,Desktop
2405,Andre,Morrow,andre.morrow58@gmail.com,49,Female,Philippines,Virginiastad,Returning,2023-04-30,Mobile
2406,Mary,Jones,mary.jones74@hotmail.com,34,Other,India,Port Sarahshire,New,2022-07-30,Mobile
2407,David,Neal,david.neal186@yahoo.com,31,Male,United Kingdom,Port Coltonmouth,At-Risk,2019-09-17,Mobile
2408,Joshua,Coleman,joshua.coleman837@yahoo.com,20,Female,united states,Amberfurt,Returning,2020-11-03,Desktop
2409,Sandra,Lewis,sandra.lewis125@gmail.com,55,Other,Germany,Shellyberg,At-Risk,2019-02-26,Desktop
2410,Veronica,Conrad,veronica.conrad395@yahoo.com,46,Female,India,West Christinafort,Returning,2020-05-20,Desktop
2411,Troy,Brown,troy.brown756@hotmail.com,35,Male,Italy,South Jenniferland,Returning,2021-08-02,Desktop
2412,Michelle,Johnson,michelle.johnson472@gmail.com,27,Other,Italy,East Michelle,Returning,2022-03-09,Desktop
2413,Sierra,Rodriguez,sierra.rodriguez534@yahoo.com,48,Other,Spain,Stephanieburgh,New,2023-12-19,Desktop
2414,Gabrielle,May,gabrielle.may485@gmail.com,23,Female,India,Antonioton,Returning,2019-10-01,Tablet
2415,Christina,Velez,christina.velez985@yahoo.com,18,Female,United States,Elliottmouth,New,2021-03-18,Mobile
2416,Patricia,Parker,patricia.parker163@gmail.com,30,Other,United States,Scottstad,New,2021-03-25,Tablet
2417,Ronald,Thompson,,29,Other,Germany,Timothyville,New,2019-10-27,Tablet
2418,Lisa,Murray,lisa.murray534@gmail.com,22,Male,Italy,North Angelaville,New,2023-10-13,Mobile
2419,Willie,Williams,willie.williams493@gmail.com,63,Other,Mexico,Spencerville,Returning,2021-09-11,Mobile
2420,Joshua,Harding,joshua.harding204@yahoo.com,58,Female,Mexico,South Zachary,New,2022-04-07,Desktop
2421,Zachary,Burnett,zachary.burnett885@hotmail.com,35,Other,india,Sethberg,At-Risk,2022-07-22,Desktop
2422,Miranda,Rodriguez,miranda.rodriguez997@yahoo.com,28,Male,,South Christopherhaven,At-Risk,2019-04-04,Desktop
2423,SHAWN,Wright,shawn.wright649@yahoo.com,30,Female,Canada,West Christopher,Returning,2019-04-15,Mobile
2424,Monica,Ward,monica.ward16@hotmail.com,20,Male,US,Travisborough,Returning,2023-10-22,Mobile
2425,Gregory,Padilla,gregory.padilla599@gmail.com,32,Male,Australia,New Ryanstad,At-Risk,2022-03-10,Mobile
2426,Allison,Kelly,allison.kelly809@yahoo.com,52,Male,Japan,Carlsonfort,Returning,2019-03-07,Desktop
2427,David,Smith,david.smith993@gmail.com,42,Male,Brazil,New Richard,New,2023-12-08,Tablet
2428,Samantha,Gonzales,,32,Other,Canada,Prestonchester,At-Risk,2023-12-09,Mobile
2429,Christian,Richards,christian.richards705@hotmail.com,39,Other,France,Port Devon,Returning,2024-02-14,Desktop
2430,Andrew,Brown,andrew.brown381@yahoo.com,31,Male,Nigeria,Perryville,Returning,2020-11-11,Desktop
2431,Mark,Lawrence,mark.lawrence162@gmail.com,28,Female,United States,North Sergiofort,New,2022-12-31,Desktop
2432,David,King,david.king703@gmail.com,36,Other,Japan,Brendaside,New,2023-08-11,Mobile
2433,Andrea,Hoover,andrea.hoover954@hotmail.com,33,Other,Mexico,Audreymouth,VIP,2020-06-30,Desktop
2434,Whitney,Jones,whitney.jones62@gmail.com,24,Female,United Kingdom,West Cherylhaven,New,2019-03-25,Tablet
2435,Brittany,Lucas,brittany.lucas158@hotmail.com,28,Other,Italy,Noblefurt,VIP,2023-09-13,Tablet
2436,Allison,Vasquez,allison.vasquez811@gmail.com,41,Male,Brazil,East Stevenmouth,Returning,2023-02-10,Desktop
2437,Lisa,Reyes,lisa.reyes500@hotmail.com,29,Male,India,Curtisfurt,Returning,2024-09-24,Mobile
2438,Eddie,Washington,eddie.washington572@gmail.com,31,Other,Germany,Castilloview,Returning,2020-06-27,Mobile
2439,Mariah,Gill,mariah.gill825@yahoo.com,52,Female,South Africa,East Jillian,New,2024-10-19,Tablet
2440,Elizabeth,Larson,elizabeth.larson198@hotmail.com,19,Male,Germany,New Seantown,New,2019-05-27,Tablet
2441,Lynn,Baker,lynn.baker387@yahoo.com,52,Female,Saudi Arabia,North Jason,,2019-04-22,Tablet
2442,Steven,Strong,steven.strong138@gmail.com,45,Female,Philippines,North Robertburgh,New,2022-12-18,Desktop
2443,Donna,Mccoy,donna.mccoy497@hotmail.com,28,Other,Nigeria,Codyside,Returning,2024-08-29,Mobile
2444,Lauren,Young,lauren.young573@hotmail.com,37,Female,Mexico,Lesterville,At-Risk,2019-07-02,Tablet
2445,Sean,Johnson,sean.johnson714@hotmail.com,31,Female,united states,Sarahhaven,Returning,2019-03-08,Desktop
2446,Lori,Jones,lori.jones581@hotmail.com,44,Male,Brazil,Shannonport,New,2022-03-18,Tablet
2447,Eugene,Martinez,eugene.martinez357@yahoo.com,46,Female,Indonesia,New Tonya,Returning,2024-10-31,Tablet
2448,Nathaniel,Randolph,nathaniel.randolph480@hotmail.com,33,Female,United States,North Lisa,Churned,2020-07-22,Tablet
2449,Brandon,Wells,brandon.wells937@yahoo.com,21,Other,Saudi Arabia,Port Meganborough,VIP,2021-04-13,Desktop
2450,Christopher,Larson,christopher.larson71@gmail.com,36,Other,United Arab Emirates,East Williamfort,VIP,2023-01-17,Desktop
2451,Brittany,Moody,brittany.moody461@hotmail.com,28,Female,JAPAN,Castrohaven,,2019-11-26,Mobile
2452,Jessica,Myers,jessica.myers555@hotmail.com,28,Female,France,Beckton,At-Risk,2020-08-08,Mobile
2453,Brianna,Perez,brianna.perez1@gmail.com,33,Other,Spain,Rebeccaland,At-Risk,2023-09-28,Tablet
2454,Rodney,Gomez,rodney.gomez389@gmail.com,53,Other,Mexico,Lambury,New,2020-01-23,Desktop
2455,Justin,English,justin.english905@hotmail.com,24,Male,United States,West Jennifer,New,2021-02-14,Tablet
2456,Kimberly,Stevens,kimberly.stevens878@hotmail.com,22,Female,United Kingdom,Whiteton,Returning,2024-04-22,Tablet
2457,Sara,Miles,sara.miles245@yahoo.com,47,Female,United States,Reyesbury,Churned,2023-04-28,Tablet
2458,Selena,Patterson,selena.patterson65@yahoo.com,49,Other,India,Huntberg,Returning,2019-05-22,Tablet
2459,Alexander,Hoffman,alexander.hoffman839@gmail.com,26,Female,Japan,Thomasstad,New,2022-06-24,Desktop
2460,John,Mccoy,john.mccoy537@yahoo.com,46,Other,Italy,North Wayne,Returning,2022-06-11,Mobile
2461,Kristina,Walker,kristina.walker785@hotmail.com,21,Other,Japan,Patelhaven,At-Risk,2020-05-14,Desktop
2462,Blake,Graham,blake.graham628@yahoo.com,43,Female,Australia,Mendozahaven,Returning,2021-09-02,Mobile
2463,Barbara,Coleman,barbara.coleman420@hotmail.com,47,Other,India,North Kevinborough,At-Risk,2024-12-28,Mobile
2464,Daniel,Kemp,daniel.kemp114@hotmail.com,34,Male,Spain,West Donna,Returning,2024-12-02,Tablet
2465,Danielle,Martin,danielle.martin675@gmail.com,30,Male,Italy,Rodriguezborough,New,2021-11-06,Desktop
2466,Rickey,Smith,rickey.smith856@gmail.com,19,Male,India,North Samantha,At-Risk,2020-12-04,Desktop
2467,William,Morales,william.morales895@hotmail.com,51,Male,United Kingdom,East Michaelview,New,2023-07-03,Desktop
2468,Tyler,Baker,tyler.baker110@hotmail.com,19,Female,Spain,South Louiston,New,2024-03-27,Desktop
2469,Heidi,Hill,heidi.hill102@hotmail.com,44,Male,Germany,Moralesland,Churned,2021-10-26,Tablet
2470,Joy,Mosley,joy.mosley658@hotmail.com,30,Female,Indonesia,Port Zacharyview,New,2022-07-26,Tablet
2471,ASHLEY,Payne,ashley.payne502@gmail.com,24,Other,Japan,Port Richardside,New,2019-11-15,Tablet
2472,Joseph,Ramos,joseph.ramos719@yahoo.com,34,Other,Nigeria,Port Jeremymouth,New,2022-09-26,Mobile
2473,Samantha,Sims,samantha.sims51@yahoo.com,34,Female,Philippines,Jensenside,VIP,2022-09-14,Desktop
2474,Rose,Hale,rose.hale621@hotmail.com,34,Other,Spain,Hortonside,Returning,2021-08-22,Desktop
2475,Sarah,James,sarah.james14@yahoo.com,21,Male,Australia,West Matthewview,Returning,2024-11-14,Tablet
2476,Linda,Williams,linda.williams504@gmail.com,27,Male,MEXICO,Lake Carol,New,2020-01-31,Mobile
2477,Megan,Norman,megan.norman821@yahoo.com,18,Other,Australia,Lake Sarah,Returning,2024-05-02,Desktop
2478,Bradley,Wilson,bradley.wilson370@yahoo.com,33,Other,France,South Feliciaton,Returning,2020-05-12,Tablet
2479,Caitlin,Mullins,caitlin.mullins961@hotmail.com,46,Female,Italy,Clarkmouth,New,2020-06-28,Mobile
2480,Theresa,Holland,theresa.holland814@gmail.com,49,Other,Brazil,Markton,Returning,2021-04-10,Desktop
2481,Adrian,Johnson,adrian.johnson844@hotmail.com,33,Other,Canada,Lindsayport,New,2022-03-08,Mobile
2482,  Betty  ,White,betty.white542@yahoo.com,18,Male,UK,Lutzview,New,2023-09-18,Tablet
2483,Joy,Hawkins,joy.hawkins73@yahoo.com,49,Female,Philippines,Jimenezton,VIP,2020-12-17,Desktop
2484,Ryan,Martin,ryan.martin968@yahoo.com,51,Male,U.S.A.,Rodneystad,,2021-12-09,Tablet
2485,Scott,Medina,scott.medina100@gmail.com,33,Male,Brazil,Pattonport,Churned,2023-08-10,Tablet
2486,Tami,Lee,tami.lee237@hotmail.com,49,Other,India,South Davidstad,Churned,2020-07-19,Mobile
2487,Richard,James,richard.james195@gmail.com,60,Male,Italy,Port Robert,Churned,2023-03-16,Tablet
2488,Brian,Sanders,brian.sanders673@yahoo.com,18,Male,Germany,Jeremyton,New,2019-01-21,Tablet
2489,Sarah,Coleman,sarah.coleman641@gmail.com,41,Male,United Kingdom,East Edwinburgh,Returning,2024-10-11,Tablet
2490,Lauren,Patterson,lauren.patterson768@yahoo.com,51,Other,Egypt,Collinsberg,At-Risk,2023-08-01,Mobile
2491,Christina,Price,christina.price765@gmail.com,18,Male,Indonesia,East Juanville,VIP,2019-07-22,Tablet
2492,Renee,Christian,renee.christian591@yahoo.com,35,Female,France,Holdertown,,2023-07-25,Tablet
2493,Tiffany,Smith,tiffany.smith470@yahoo.com,25,Other,Britain,Olsonfort,Returning,2024-12-12,Tablet
2494,David,Baxter,david.baxter438@gmail.com,45,Male,Canada,Scotttown,Returning,2024-08-01,Desktop
2495,Joshua,Taylor,joshua.taylor812@hotmail.com,39,Male,Canada,Sparksburgh,New,2022-10-31,Tablet
2496,Ronald,Thomas,ronald.thomas412@gmail.com,26,Other,United States,North James,Churned,2020-07-04,Mobile
2497,Jill,Wilkerson,jill.wilkerson674@yahoo.com,31,Male,Spain,South Michael,Returning,2022-07-13,Tablet
2498,Paul,Goodwin,paul.goodwin615@gmail.com,42,Female,Philippines,Spencerburgh,Returning,2021-03-18,Mobile
2499,Joseph,Palmer,joseph.palmer925@yahoo.com,30,Female,France,North Emily,Churned,2023-03-03,Tablet
2500,Jesse,Nguyen,jesse.nguyen333@yahoo.com,38,Female,India,Lauraview,New,2019-04-14,Mobile
2501,Emma,Patterson,emma.patterson783@yahoo.com,40,Other,Mexico,Justinmouth,Returning,2021-01-11,Mobile
2502,Dustin,Gonzalez,dustin.gonzalez846@gmail.com,27,Other,Philippines,East Sherylberg,New,2024-08-09,Mobile
2503,Traci,Mitchell,traci.mitchell624@hotmail.com,41,Male,Canada,Flemingland,New,2021-09-14,Tablet
2504,Rachel,Sanders,rachel.sanders559@gmail.com,33,Male,India,Lake Kelly,At-Risk,2022-11-06,Mobile
2505,Julia,Burns,julia.burns785@gmail.com,29,Other,,Port Marissa,Returning,2022-03-26,Tablet
2506,Gina,Weiss,gina.weiss261@yahoo.com,42,Female,France,Jenniferside,At-Risk,2019-05-14,Mobile
2507,Melanie,Lawson,melanie.lawson459@yahoo.com,28,Female,Germany,Port Bobby,Returning,2020-12-21,Desktop
2508,Cynthia,Johnson,cynthia.johnson744@hotmail.com,18,Male,United States,West Jennifer,VIP,2022-01-07,Mobile
2509,Duane,Hanson,duane.hanson611@gmail.com,19,Male,Italy,Melanieport,At-Risk,2019-01-26,Tablet
2510,Michaela,Boyer,michaela.boyer139@hotmail.com,32,Female,Australia,New Cesarfurt,New,2021-08-23,Desktop
2511,William,Palmer,william.palmer308@gmail.com,19,Male,United Kingdom,Reedburgh,VIP,2020-09-02,Desktop
2512,Jonathan,Santiago,jonathan.santiago877@yahoo.com,46,Female,United States,Joseton,New,2023-12-15,Desktop
2513,Jason,Nichols,jason.nichols791@yahoo.com,26,Other,United Kingdom,South Carrieborough,Churned,2021-09-13,Mobile
2514,Kristen,Rodriguez,,30,Other,India,Johnville,Returning,2019-11-19,Tablet
2515,Stephen,Shaw,stephen.shaw570@hotmail.com,32,Other,Germany,Morganfurt,New,2023-10-28,Tablet
2516,Ashley,Coleman,ashley.coleman159@hotmail.com,47,Male,Germany,Port Hannah,Returning,2019-05-14,Desktop
2517,Victoria,Edwards,victoria.edwards472@hotmail.com,21,Female,Brazil,Port Timothy,New,2020-08-23,Desktop
2518,Shannon,Taylor,shannon.taylor142@yahoo.com,47,Female,UK,North Lisa,Returning,2024-03-03,Mobile
2519,Valerie,Fernandez,valerie.fernandez911@yahoo.com,33,Other,Mexico,Gregoryberg,New,2024-06-04,Desktop
2520,Marie,Wong,marie.wong239@hotmail.com,43,Female,United States,Martinbury,New,2020-06-06,Mobile
2521,Laura,Hernandez,,25,Other,UK,Johnsonburgh,VIP,2024-08-29,Mobile
2522,Ashley,Lucero,ashley.lucero583@hotmail.com,30,Male,,Lake Belindaborough,Returning,2020-01-03,Tablet
2523,David,Velasquez,david.velasquez80@gmail.com,37,Other,India,East Gregory,Returning,2019-01-05,Mobile
2524,Bryan,Boyd,bryan.boyd812@yahoo.com,18,Female,Canada,Grayton,VIP,2024-06-16,Desktop
2525,William,Welch,william.welch500@hotmail.com,33,Other,U.S.A.,Espinozaville,At-Risk,2019-01-25,Tablet
2526,Christopher,Phillips,christopher.phillips591@yahoo.com,39,Male,Germany,Roblesport,Returning,2019-05-16,Tablet
2527,Jenny,Hurst,jenny.hurst658@yahoo.com,25,Female,Brazil,Debraland,Returning,2022-07-15,Desktop
2528,Kari,Hartman,kari.hartman749@yahoo.com,32,Other,United Kingdom,Loganside,Returning,2022-11-06,Mobile
2529,  James  ,Parker,james.parker81@hotmail.com,40,Male,United States,Marilynville,Returning,2019-03-18,Mobile
2530,james,Mejia,james.mejia357@gmail.com,51,Female,Japan,Conleyfurt,At-Risk,2024-06-29,Mobile
2531,Adam,Roth,adam.roth953@yahoo.com,23,Male,Japan,Stephanieshire,VIP,2021-04-10,Desktop
2532,MARY,Rivera,mary.rivera766@hotmail.com,40,Other,United States,South Ryanfurt,Returning,2021-07-13,Tablet
2533,Christopher,Smith,christopher.smith951@hotmail.com,50,Male,U.K.,Hendricksport,Returning,2024-03-15,Tablet
2534,Jenna,Padilla,jenna.padilla797@gmail.com,21,Other,South Africa,Aaronmouth,At-Risk,2022-04-01,Mobile
2535,Craig,Mendez,craig.mendez56@hotmail.com,48,Female,UK,Kelseyfort,Churned,2019-04-02,Tablet
2536,Christina,Richardson,christina.richardson43@hotmail.com,32,Female,Brazil,South Robert,At-Risk,2020-03-19,Tablet
2537,Angela,Gray,angela.gray579@hotmail.com,21,Male,Brazil,Mooremouth,VIP,2023-09-16,Mobile
2538,Allison,Fernandez,allison.fernandez515@hotmail.com,53,Other,Germany,South Allisonfort,New,2023-09-09,Desktop
2539,Charles,Johnson,charles.johnson157@hotmail.com,37,Male,,Whitemouth,VIP,2024-01-23,Tablet
2540,Ashley,Mosley,ashley.mosley750@gmail.com,27,Female,India,East Andrew,,2019-07-10,Mobile
2541,ryan,Miles,ryan.miles771@yahoo.com,31,Other,Germany,Sweeneyhaven,Churned,2022-06-18,Tablet
2542,Mariah,Lopez,mariah.lopez517@gmail.com,35,Male,Nigeria,Tiffanyside,Returning,2024-02-16,Desktop
2543,Kathleen,Baird,kathleen.baird443@hotmail.com,49,Female,France,Sarahland,New,2023-09-14,Mobile
2544,Michael,Dixon,michael.dixon152@gmail.com,39,Male,United States,Tuckerport,,2023-03-27,Mobile
2545,Emily,Taylor,emily.taylor85@yahoo.com,42,Female,Brazil,Guzmanland,Returning,2019-07-31,Tablet
2546,Emily,Davenport,emily.davenport764@hotmail.com,41,Male,United States,West Christopher,At-Risk,2023-04-11,Tablet
2547,Richard,Taylor,richard.taylor409@yahoo.com,27,Female,Japan,East Donald,New,2024-08-28,Desktop
2548,Matthew,Matthews,matthew.matthews409@yahoo.com,45,Other,united states,Port Jasmineview,New,2023-04-29,Mobile
2549,Michael,Hendricks,michael.hendricks793@gmail.com,29,Other,France,Erinstad,Returning,2021-12-01,Desktop
2550,Mary,Flores,mary.flores781@hotmail.com,23,Male,Australia,North Megan,New,2019-11-07,Mobile
2551,Megan,Richardson,megan.richardson573@gmail.com,36,Male,France,Lake Brandonfurt,New,2020-04-26,Mobile
2552,Janet,Peterson,janet.peterson405@yahoo.com,31,Other,Netherlands,South Georgeberg,VIP,2020-09-02,Tablet
2553,Michelle,Braun,michelle.braun201@hotmail.com,35,Other,united states,New Cheryl,VIP,2024-04-28,Tablet
2554,Nicole,Ramirez,nicole.ramirez754@gmail.com,49,Other,Britain,South Abigailhaven,Returning,2020-02-05,Desktop
2555,HALEY,Love,haley.love249@gmail.com,34,Male,Egypt,East Victorialand,Returning,2021-05-03,Mobile
2556,Sarah,Glass,sarah.glass796@yahoo.com,49,Female,Spain,South Cameronstad,Returning,2024-08-28,Mobile
2557,Darlene,Mullins,darlene.mullins702@gmail.com,33,Other,Saudi Arabia,North Autumntown,Returning,2022-08-30,Desktop
2558,Megan,Blackwell,megan.blackwell116@gmail.com,53,Other,Australia,West Jacobland,At-Risk,2023-06-26,Mobile
2559,Bradley,Cox,bradley.cox434@yahoo.com,38,Female,United Kingdom,Port Ashleyborough,Returning,2019-04-07,Mobile
2560,Steven,Pacheco,steven.pacheco196@hotmail.com,51,Female,Philippines,Erintown,VIP,2024-09-27,Mobile
2561,Jonathan,Haynes,jonathan.haynes609@hotmail.com,61,Other,Italy,New Audreyport,,2022-05-15,Desktop
2562,Mark,Carter,mark.carter789@hotmail.com,30,Female,Netherlands,Port Ashley,Returning,2021-10-23,Desktop
2563,Brittany,Berry,brittany.berry359@yahoo.com,28,Other,Canada,Davidview,Returning,2020-09-03,Mobile
2564,Thomas,Wilson,thomas.wilson639@hotmail.com,23,Male,,New Laurahaven,New,2024-07-21,Mobile
2565,Tiffany,Harris,tiffany.harris46@yahoo.com,32,Male,UNITED KINGDOM,East Rachelland,Returning,2019-03-19,Desktop
2566,Martin,Hernandez,martin.hernandez702@hotmail.com,38,Female,India,Walkerburgh,VIP,2019-05-31,Desktop
2567,Patricia,Lewis,patricia.lewis776@hotmail.com,53,Other,Brazil,Samuelhaven,New,2023-08-01,Desktop
2568,madison,Rogers,madison.rogers116@gmail.com,32,Other,United States,Morenofurt,Returning,2024-03-03,Desktop
2569,Tiffany,Graham,tiffany.graham249@hotmail.com,53,Other,Brazil,Westshire,Returning,2022-04-15,Desktop
2570,Veronica,Davies,veronica.davies890@yahoo.com,28,Female,United Kingdom,New Kevin,New,2020-01-23,Desktop
2571,Lauren,Reyes,lauren.reyes352@hotmail.com,18,Other,India,Richardberg,New,2022-03-29,Desktop
2572,Mark,Brown,mark.brown313@yahoo.com,56,Female,MEXICO,Janetfurt,At-Risk,2021-02-27,Mobile
2573,Christine,Gomez,christine.gomez24@yahoo.com,35,Female,Indonesia,Mooreshire,Returning,2020-02-05,Desktop
2574,Makayla,Wheeler,makayla.wheeler758@hotmail.com,18,Other,Brazil,Rachelmouth,New,2019-08-23,Desktop
2575,Trevor,Graves,trevor.graves209@hotmail.com,26,Other,Philippines,Lake Veronicaville,VIP,2024-05-02,Tablet
2576,Cory,Miller,,38,Female,Spain,Maxwellfurt,VIP,2019-07-27,Tablet
2577,VALERIE,Smith,valerie.smith495@yahoo.com,21,Other,Netherlands,Janetmouth,Churned,2023-02-03,Tablet
2578,Brian,Park,brian.park145@gmail.com,62,Other,India,South Jenniferstad,Churned,2024-07-07,Tablet
2579,Leslie,Gillespie,leslie.gillespie685@yahoo.com,49,Male,Australia,Lake Gregorytown,New,2024-05-10,Mobile
2580,Elizabeth,White,elizabeth.white597@yahoo.com,64,Other,United States,Monicaton,New,2019-01-24,Tablet
2581,Michelle,Malone,michelle.malone45@hotmail.com,18,Female,France,North Luismouth,Churned,2020-04-15,Desktop
2582,Jennifer,White,jennifer.white62@yahoo.com,38,Female,Germany,Scottmouth,Returning,2019-03-12,Desktop
2583,Justin,Blanchard,justin.blanchard809@yahoo.com,40,Other,Egypt,Port Scottborough,New,2024-01-25,Tablet
2584,Steven,Pierce,steven.pierce278@yahoo.com,53,Male,Brazil,Dawnbury,New,2022-12-31,Mobile
2585,Maria,Williams,maria.williams671@yahoo.com,31,Male,,Susanborough,Churned,2024-10-25,Desktop
2586,Kendra,Smith,kendra.smith398@hotmail.com,26,Other,Canada,North Joshuaberg,New,2024-08-16,Mobile
2587,Natalie,Patterson,natalie.patterson679@hotmail.com,40,Other,USA,Calebside,At-Risk,2020-10-19,Mobile
2588,Christina,Davis,christina.davis886@gmail.com,20,Male,Philippines,Nicoleburgh,New,2024-10-04,Desktop
2589,michael,Wolf,michael.wolf300@gmail.com,31,Other,Mexico,Ginamouth,Returning,2019-11-17,Mobile
2590,Michael,Jones,michael.jones237@gmail.com,35,Female,Canada,Stuartshire,New,2024-08-22,Tablet
2591,Alexander,Smith,alexander.smith727@hotmail.com,24,Male,United Kingdom,Hahnside,VIP,2019-05-09,Mobile
2592,Amy,Love,amy.love497@yahoo.com,57,Other,India,Bradleybury,At-Risk,2024-12-22,Tablet
2593,Vincent,Benson,vincent.benson91@gmail.com,39,Male,Japan,Lake James,New,2024-02-02,Desktop
2594,Kristopher,Hale,kristopher.hale513@yahoo.com,31,Female,Japan,North Aaron,Returning,2021-12-11,Tablet
2595,Nicholas,Charles,nicholas.charles949@gmail.com,20,Other,Philippines,Markborough,Returning,2019-12-19,Desktop
2596,Michael,Smith,michael.smith41@yahoo.com,54,Male,Philippines,South Lawrence,Churned,2019-10-12,Tablet
2597,Peter,Mitchell,peter.mitchell313@yahoo.com,45,Female,Indonesia,Isaiahton,New,2022-10-07,Mobile
2598,Doris,Armstrong,doris.armstrong403@gmail.com,28,Other,France,Port Jeffrey,Returning,2020-12-26,Desktop
2599,Cody,Smith,cody.smith19@gmail.com,27,Female,France,Lake Pattychester,New,2024-01-13,Tablet
2600,Brandon,Sanchez,brandon.sanchez361@hotmail.com,24,Female,Nigeria,Dixonbury,VIP,2019-01-31,Tablet
2601,Olivia,Wilson,olivia.wilson310@yahoo.com,38,Male,Mexico,Wallaceberg,Churned,2022-09-12,Tablet
2602,Adam,Kemp,adam.kemp283@yahoo.com,28,Male,USA,Cookshire,New,2022-05-04,Tablet
2603,Tina,Hayes,tina.hayes264@hotmail.com,47,Female,U.S.A.,North George,Returning,2023-06-03,Desktop
2604,Kelli,Collins,kelli.collins967@yahoo.com,45,Other,United Kingdom,East Stephaniebury,,2021-07-07,Mobile
2605,Linda,White,linda.white231@gmail.com,32,Male,Australia,South Mitchell,Churned,2022-02-14,Mobile
2606,Chris,Murray,chris.murray919@yahoo.com,39,Female,United Kingdom,Lake Caitlintown,Churned,2024-06-10,Tablet
2607,Danny,Owen,danny.owen141@gmail.com,36,Male,United Kingdom,Lake Karen,Returning,2019-01-14,Tablet
2608,Jaime,Graves,jaime.graves392@gmail.com,37,Other,France,Lake Lauraburgh,Returning,2019-05-28,Tablet
2609,Rebecca,Warren,rebecca.warren628@gmail.com,41,Other,United States,Sharpstad,Returning,2022-05-24,Tablet
2610,Ryan,Mejia,ryan.mejia233@hotmail.com,27,Female,Saudi Arabia,Lewisstad,New,2020-12-29,Desktop
2611,Andrea,Cross,andrea.cross587@yahoo.com,42,Male,United Arab Emirates,Vaughnfort,VIP,2020-01-02,Mobile
2612,HANNAH,James,hannah.james994@hotmail.com,23,Female,Canada,Lake Brentmouth,New,2024-07-02,Tablet
2613,Timothy,Cannon,timothy.cannon338@hotmail.com,50,Female,Australia,North Amy,Returning,2021-04-02,Tablet
2614,Sherri,Romero,sherri.romero135@hotmail.com,34,Male,USA,Nolanhaven,Returning,2020-08-27,Tablet
2615,Suzanne,Collins,suzanne.collins142@gmail.com,31,Other,France,New Devinfort,At-Risk,2019-12-23,Tablet
2616,Brian,Arnold,brian.arnold701@hotmail.com,36,Male,Japan,Amandabury,Returning,2019-10-24,Desktop
2617,Sonia,Brown,sonia.brown317@gmail.com,53,Other,India,Joshuaview,Returning,2022-12-05,Tablet
2618,Jessica,Middleton,jessica.middleton921@hotmail.com,39,Other,USA,North Robertstad,At-Risk,2022-06-18,Desktop
2619,Jennifer,Haynes,jennifer.haynes441@hotmail.com,48,Male,BRAZIL,Lake Courtney,VIP,2019-01-29,Tablet
2620,Barry,Clark,barry.clark956@gmail.com,35,Other,Italy,Sharonberg,VIP,2020-04-24,Desktop
2621,David,Love,david.love326@yahoo.com,40,Male,Spain,Melissaberg,Returning,2023-03-04,Tablet
2622,Dakota,Watson,dakota.watson546@gmail.com,18,Other,Germany,Port Katherinehaven,New,2019-07-24,Desktop
2623,Matthew,Williams,matthew.williams189@yahoo.com,23,Female,France,Gonzalezton,VIP,2021-01-24,Desktop
2624,Laura,Hall,laura.hall745@yahoo.com,57,Male,united states,Stevensfurt,Returning,2024-06-01,Mobile
2625,Cody,Medina,cody.medina902@gmail.com,43,Female,United Kingdom,Lake Andrewburgh,At-Risk,2024-12-10,Mobile
2626,Christopher,Fleming,christopher.fleming311@hotmail.com,42,Female,Mexico,South Kennethton,At-Risk,2024-02-29,Tablet
2627,Erik,Curry,erik.curry957@hotmail.com,71,Other,Saudi Arabia,North Sherry,At-Risk,2019-03-05,Tablet
2628,John,Sanford,john.sanford281@hotmail.com,23,Male,France,Carlfurt,New,2021-05-08,Desktop
2629,Edward,Miller,edward.miller110@gmail.com,18,Male,Canada,South Tommyhaven,New,2019-05-03,Desktop
2630,Richard,Dyer,richard.dyer27@yahoo.com,18,Other,Netherlands,Stevenston,New,2021-04-19,Tablet
2631,Jackie,Spears,jackie.spears274@gmail.com,24,Other,Germany,Coxton,New,2020-10-26,Tablet
2632,Justin,Hines,justin.hines628@yahoo.com,42,Male,Canada,Dianamouth,VIP,2024-10-15,Tablet
2633,Peter,Gonzalez,peter.gonzalez238@yahoo.com,32,Male,Australia,Lake Jeffrey,Returning,2021-07-02,Tablet
2634,Alan,Holland,alan.holland27@yahoo.com,40,Female,Nigeria,South James,VIP,2024-01-29,Desktop
2635,Paul,Hamilton,paul.hamilton705@gmail.com,60,Female,Netherlands,West Tanyaview,New,2020-04-19,Desktop
2636,Robert,Taylor,robert.taylor515@hotmail.com,37,Other,,Shelleyside,Churned,2023-03-04,Mobile
2637,Joseph,Hernandez,joseph.hernandez730@hotmail.com,39,Other,India,New Jessicaville,Returning,2023-06-10,Mobile
2638,Sarah,Hernandez,sarah.hernandez189@gmail.com,56,Female,India,Rebeccaland,VIP,2022-12-12,Mobile
2639,ASHLEY,James,ashley.james486@gmail.com,55,Male,Netherlands,New Matthew,New,2020-06-08,Desktop
2640,Dennis,Sheppard,dennis.sheppard198@yahoo.com,28,Male,Australia,Dicksonburgh,Returning,2024-05-01,Desktop
2641,Elizabeth,Diaz,elizabeth.diaz419@gmail.com,22,Male,Mexico,East Jose,At-Risk,2020-03-19,Mobile
2642,Lisa,Lamb,lisa.lamb974@gmail.com,45,Female,France,North Jasminestad,Churned,2024-02-02,Desktop
2643,Allison,Sullivan,allison.sullivan761@yahoo.com,50,Other,US,Mitchellmouth,Returning,2023-09-02,Desktop
2644,Peter,Norris,,36,Male,Canada,Victormouth,At-Risk,2021-05-29,Desktop
2645,Jennifer,Le,jennifer.le182@yahoo.com,47,Female,Japan,Staceystad,New,2024-10-19,Tablet
2646,Samuel,Elliott,samuel.elliott502@yahoo.com,22,Other,united states,Hugheshaven,Returning,2021-04-17,Mobile
2647,Lindsay,Jordan,lindsay.jordan888@yahoo.com,46,Female,Spain,North Gregory,Returning,2020-09-17,Desktop
2648,ANDREW,Wolfe,andrew.wolfe438@gmail.com,28,Female,Brazil,Saraport,Returning,2022-01-18,Desktop
2649,Lisa,Lopez,lisa.lopez623@yahoo.com,32,Other,Canada,West Kristin,New,2021-03-24,Mobile
2650,Patrick,Turner,patrick.turner738@yahoo.com,50,Female,India,North Melissa,Returning,2020-06-08,Mobile
2651,Shawn,Pollard,shawn.pollard627@gmail.com,25,Other,United Arab Emirates,West Kimberly,New,2022-07-13,Tablet
2652,David,White,david.white609@gmail.com,34,Other,UK,Brianview,,2022-11-26,Tablet
2653,Brandy,Wright,brandy.wright657@gmail.com,41,Other,Germany,Velasquezport,Returning,2023-08-29,Desktop
2654,Olivia,Lewis,olivia.lewis534@gmail.com,18,Male,India,Knightbury,New,2022-12-12,Mobile
2655,Stephen,Garcia,stephen.garcia468@hotmail.com,18,Male,United States,North Amandaville,Returning,2021-12-22,Desktop
2656,Alyssa,Kelly,alyssa.kelly532@gmail.com,18,Other,India,North Christopher,Returning,2023-05-19,Mobile
2657,  Sean  ,Hendricks,,25,Male,United Kingdom,Lucasborough,At-Risk,2021-03-05,Tablet
2658,Tara,Ramirez,tara.ramirez397@gmail.com,42,Other,Philippines,Smallhaven,New,2023-10-14,Tablet
2659,Jordan,Richard,jordan.richard986@hotmail.com,18,Male,USA,Williamsfort,Returning,2020-03-01,Desktop
2660,Tammie,Kane,tammie.kane299@hotmail.com,35,Female,United States,Lake Allisonmouth,VIP,2024-04-01,Mobile
2661,Lori,Walker,lori.walker906@yahoo.com,22,Female,United States,Chavezshire,At-Risk,2021-07-31,Mobile
2662,Evelyn,Russell,evelyn.russell473@gmail.com,37,Male,United Kingdom,Smithview,Returning,2024-06-19,Mobile
2663,Debbie,Williams,debbie.williams302@hotmail.com,47,Other,Canada,Lisamouth,New,2024-08-04,Desktop
2664,Bryan,Pennington,bryan.pennington707@yahoo.com,18,Other,U.K.,Debraton,New,2019-03-21,Desktop
2665,Samantha,Webb,samantha.webb475@hotmail.com,58,Other,Canada,Lake David,New,2020-11-08,Mobile
2666,Luis,Bates,luis.bates93@gmail.com,25,Other,India,South Anthonyport,Returning,2020-05-11,Tablet
2667,Ashley,Conner,ashley.conner116@gmail.com,37,Male,Australia,Riceland,Returning,2021-12-19,Tablet
2668,Frank,Johnson,frank.johnson961@gmail.com,41,Other,Saudi Arabia,South Cindy,At-Risk,2021-02-08,Tablet
2669,Eric,Rowe,eric.rowe139@gmail.com,22,Female,Canada,New Deannashire,Returning,2023-05-11,Mobile
2670,MELISSA,Bowers,melissa.bowers332@yahoo.com,26,Female,Egypt,Lake Nathaniel,Returning,2022-09-10,Desktop
2671,Margaret,Heath,margaret.heath184@hotmail.com,37,Female,Italy,East Eddie,New,2019-11-27,Tablet
2672,Heather,Briggs,,32,Other,Mexico,New Carrie,Returning,2020-01-17,Desktop
2673,Justin,Farrell,justin.farrell904@hotmail.com,59,Female,nigeria,Port Michael,Returning,2019-10-11,Desktop
2674,Rodney,Miller,rodney.miller257@yahoo.com,39,Female,Canada,South Randyton,VIP,2022-04-22,Tablet
2675,Stephen,Dixon,stephen.dixon665@yahoo.com,29,Other,Netherlands,Frenchville,VIP,2023-08-03,Desktop
2676,Lindsay,Gallegos,lindsay.gallegos736@gmail.com,20,Other,France,Johnsontown,New,2021-12-12,Desktop
2677,Eric,Garcia,eric.garcia94@hotmail.com,19,Male,,New Erica,VIP,2022-10-16,Tablet
2678,Ian,Davis,,25,Other,united kingdom,Leblancview,Returning,2022-03-16,Mobile
2679,Jonathan,Powell,jonathan.powell88@gmail.com,38,Other,Germany,Scottview,New,2019-10-15,Tablet
2680,Jason,Booker,jason.booker394@gmail.com,35,Other,United States,East Stephanie,Returning,2024-07-07,Tablet
2681,William,Walters,william.walters627@hotmail.com,18,Male,France,Jonberg,New,2021-01-28,Mobile
2682,veronica,Hodge,veronica.hodge564@hotmail.com,57,Female,India,Lake Lisa,Returning,2024-12-10,Desktop
2683,Crystal,White,,21,Male,U.K.,Richardfurt,New,2020-02-06,Mobile
2684,Pamela,Haney,pamela.haney580@yahoo.com,41,Other,Philippines,West Diana,At-Risk,2024-05-26,Desktop
2685,John,Prince,john.prince167@hotmail.com,27,Male,United Kingdom,Linbury,Returning,2019-05-27,Desktop
2686,Deborah,Schmidt,deborah.schmidt788@yahoo.com,22,Other,U.S.A.,Suttonfort,VIP,2020-08-27,Desktop
2687,Maria,Smith,maria.smith430@hotmail.com,47,Female,united states,Jermaineside,At-Risk,2024-09-11,Mobile
2688,Kelsey,Delgado,kelsey.delgado748@yahoo.com,36,Female,Spain,North Pamela,New,2019-06-07,Mobile
2689,Kim,Thompson,kim.thompson642@hotmail.com,22,Male,U.K.,New Kristenfurt,New,2020-05-17,Desktop
2690,Maria,Wells,maria.wells921@yahoo.com,31,Male,India,Brownview,Returning,2023-09-29,Desktop
2691,Brandon,Flores,brandon.flores4@hotmail.com,27,Other,United States,Port Grantland,At-Risk,2021-03-17,Mobile
2692,Ronnie,Le,ronnie.le13@gmail.com,49,Female,Canada,New Katiemouth,VIP,2020-12-23,Mobile
2693,Joseph,Hudson,joseph.hudson876@hotmail.com,22,Female,India,New Jennifershire,VIP,2024-11-27,Tablet
2694,Brittany,Hayes,brittany.hayes827@yahoo.com,66,Male,United States,Lindaton,VIP,2021-11-11,Tablet
2695,Aaron,Taylor,aaron.taylor904@yahoo.com,41,Female,France,South Tiffany,Returning,2022-12-31,Desktop
2696,Charles,Camacho,,27,Other,United States,East Jessicaland,Returning,2019-11-24,Tablet
2697,Charles,Harris,charles.harris488@gmail.com,35,Female,Egypt,Bullockfurt,New,2021-10-10,Mobile
2698,Ashley,Gibson,ashley.gibson453@gmail.com,23,Male,Australia,Lewisburgh,Churned,2021-07-23,Tablet
2699,Patricia,Hall,patricia.hall615@hotmail.com,46,Male,France,East Samuel,VIP,2021-05-03,Desktop
2700,Kathy,Stevens,kathy.stevens904@yahoo.com,41,Other,United States,Wongchester,New,2021-02-11,Mobile
2701,Mary,Boyle,mary.boyle635@hotmail.com,30,Other,Netherlands,Jamesland,Returning,2022-10-12,Tablet
2702,Patrick,Parker,,20,Male,Mexico,Hunterville,VIP,2019-11-14,Desktop
2703,Eric,Willis,eric.willis190@yahoo.com,18,Male,Brazil,Port Michaelfurt,Returning,2020-08-19,Desktop
2704,Justin,Bowman,justin.bowman669@yahoo.com,48,Female,U.S.A.,Smithton,Churned,2019-01-03,Desktop
2705,Robert,Hoffman,robert.hoffman149@yahoo.com,31,Male,Mexico,Kylechester,Returning,2021-12-23,Tablet
2706,Kenneth,West,kenneth.west592@yahoo.com,44,Other,  Germany  ,Nicoleland,New,2021-07-08,Mobile
2707,James,Zamora,james.zamora340@yahoo.com,24,Male,United Arab Emirates,West Michaelaton,Returning,2019-02-20,Desktop
2708,John,Edwards,john.edwards112@gmail.com,18,Female,Saudi Arabia,Gonzalezshire,New,2023-06-08,Desktop
2709,Theresa,Cunningham,theresa.cunningham166@hotmail.com,68,Other,saudi arabia,South Scott,New,2019-08-29,Mobile
2710,Cynthia,Santos,cynthia.santos626@gmail.com,37,Other,Brazil,Walkerborough,At-Risk,2019-04-19,Tablet
2711,Nathan,Owens,nathan.owens717@gmail.com,41,Other,United States,West Michael,VIP,2019-12-20,Tablet
2712,Evan,Gutierrez,evan.gutierrez807@gmail.com,31,Other,Saudi Arabia,Evansland,VIP,2024-02-13,Desktop
2713,Christina,Hendricks,christina.hendricks990@hotmail.com,29,Female,Saudi Arabia,Cherylstad,Returning,2024-07-14,Tablet
2714,Robert,Hamilton,robert.hamilton593@yahoo.com,35,Female,United States,Karenport,VIP,2023-06-22,Desktop
2715,Kyle,Scott,kyle.scott96@gmail.com,23,Female,UK,Cherylfurt,New,2022-06-01,Mobile
2716,Carrie,Sanchez,carrie.sanchez378@hotmail.com,35,Female,Brazil,Port Janice,Returning,2024-02-23,Desktop
2717,Joshua,Hayes,joshua.hayes777@gmail.com,52,Female,Netherlands,Natalieview,Returning,2019-02-07,Tablet
2718,katherine,Copeland,,36,Female,United States,East Jeffrey,VIP,2022-07-23,Mobile
2719,Vincent,Anderson,vincent.anderson138@hotmail.com,54,Male,mexico,Cummingsborough,Returning,2024-12-05,Tablet
2720,Elizabeth,Patel,elizabeth.patel881@hotmail.com,18,Female,Saudi Arabia,Coryburgh,New,2019-08-16,Mobile
2721,Alan,Shannon,alan.shannon540@hotmail.com,32,Female,Germany,Andersonburgh,New,2019-09-10,Tablet
2722,Timothy,Williams,,27,Other,Brazil,Rachelhaven,Returning,2021-01-31,Desktop
2723,Justin,Mckinney,justin.mckinney627@yahoo.com,35,Male,Italy,Matthewshire,VIP,2019-10-17,Desktop
2724,Kimberly,Johnson,kimberly.johnson586@gmail.com,35,Other,United Arab Emirates,West Joshuachester,VIP,2024-02-02,Tablet
2725,Patrick,Brown,patrick.brown542@hotmail.com,28,Male,Canada,New Brian,At-Risk,2019-03-02,Mobile
2726,Phyllis,Baxter,phyllis.baxter742@gmail.com,32,Other,Indonesia,Port Danny,Returning,2023-05-27,Tablet
2727,Steven,Garrison,steven.garrison957@yahoo.com,45,Other,United States,Leeshire,Churned,2021-01-09,Mobile
2728,Erica,Ruiz,erica.ruiz438@gmail.com,18,Other,Germany,Arellanoland,Churned,2024-07-14,Mobile
2729,Chelsea,Blackburn,chelsea.blackburn266@yahoo.com,44,Other,Brazil,Angelaborough,Returning,2020-07-22,Tablet
2730,Mark,Hughes,mark.hughes639@gmail.com,45,Female,Mexico,East Sarahside,Returning,2021-03-23,Desktop
2731,Nicole,Phillips,nicole.phillips630@gmail.com,39,Other,United Arab Emirates,Port Rick,At-Risk,2024-08-05,Mobile
2732,Joyce,Johnson,joyce.johnson533@gmail.com,36,Other,Nigeria,West Stephen,New,2020-02-06,Tablet
2733,richard,Douglas,richard.douglas510@gmail.com,35,Female,India,Jessemouth,At-Risk,2023-04-14,Desktop
2734,Robert,Figueroa,robert.figueroa905@hotmail.com,25,Other,France,Harringtonside,Returning,2023-12-27,Desktop
2735,Antonio,Moody,antonio.moody726@hotmail.com,29,Female,Brazil,Jenniferberg,At-Risk,2022-05-31,Desktop
2736,Juan,Mullins,,36,Male,United States,Port Desiree,Returning,2022-11-17,Desktop
2737,Teresa,Kim,teresa.kim477@yahoo.com,22,Other,USA,South Josephton,Churned,2020-10-23,Desktop
2738,Mckenzie,Brown,mckenzie.brown756@gmail.com,39,Male,France,Staceyburgh,New,2019-12-21,Tablet
2739,Angie,Blackburn,angie.blackburn425@yahoo.com,42,Female,Brazil,Morganmouth,Returning,2023-07-05,Desktop
2740,Jessica,Molina,jessica.molina342@gmail.com,24,Female,united states,East Dennis,At-Risk,2024-12-17,Tablet
2741,cindy,Hall,,18,Other,Australia,East Markshire,Returning,2024-12-12,Desktop
2742,Jason,Rich,jason.rich12@gmail.com,24,Other,Netherlands,East Jameschester,Churned,2021-10-23,Desktop
2743,Carlos,Schwartz,carlos.schwartz707@hotmail.com,45,Female,Spain,Loganstad,Churned,2024-08-05,Mobile
2744,Alex,Chase,alex.chase810@gmail.com,31,Male,United Kingdom,Lynchstad,Returning,2023-07-04,Mobile
2745,Leslie,Roach,leslie.roach308@gmail.com,45,Other,United States,West Darlene,Returning,2020-04-06,Tablet
2746,christian,Berger,christian.berger332@gmail.com,29,Male,Germany,Lisaburgh,Returning,2020-05-29,Desktop
2747,Jay,Moran,jay.moran703@gmail.com,47,Female,Brazil,East Ambermouth,At-Risk,2019-05-30,Mobile
2748,Teresa,Perkins,teresa.perkins406@hotmail.com,40,Other,Canada,North Shawnburgh,Returning,2024-09-29,Tablet
2749,Dorothy,Anderson,dorothy.anderson631@gmail.com,32,Male,India,Brianchester,VIP,2024-06-30,Desktop
2750,Jonathon,Ware,jonathon.ware199@yahoo.com,35,Female,Brazil,Port Samanthafort,VIP,2020-12-04,Mobile
2751,Jorge,Rodriguez,jorge.rodriguez945@hotmail.com,27,Other,United States,West Brendan,Returning,2021-02-27,Mobile
2752,AMBER,Herrera,amber.herrera939@yahoo.com,37,Female,Canada,Port Erica,New,2022-10-09,Desktop
2753,Matthew,Brennan,matthew.brennan662@gmail.com,55,Male,Germany,East Levi,VIP,2019-03-29,Mobile
2754,Stephanie,Casey,stephanie.casey160@yahoo.com,18,Other,Mexico,Longside,Returning,2020-09-09,Mobile
2755,  Jonathan  ,Hunter,jonathan.hunter914@hotmail.com,44,Other,Mexico,East Todd,Returning,2022-10-06,Mobile
2756,Shannon,Hammond,,51,Female,united states,North David,,2019-07-08,Tablet
2757,Brandon,Schmidt,brandon.schmidt58@hotmail.com,42,Other,Italy,East Heidiside,Returning,2021-06-30,Mobile
2758,Samantha,Mendez,samantha.mendez579@hotmail.com,34,Other,United Kingdom,South Melissafort,New,2020-09-30,Tablet
2759,Barry,Soto,barry.soto324@gmail.com,32,Other,Canada,West Dale,Returning,2024-10-29,Tablet
2760,Christina,Benson,christina.benson20@gmail.com,18,Male,United States,Jillville,Churned,2021-12-18,Tablet
2761,Gerald,Thomas,gerald.thomas702@yahoo.com,36,Female,United Arab Emirates,Goodmanbury,Returning,2020-04-27,Mobile
2762,Shawn,Martin,shawn.martin68@yahoo.com,46,Male,Mexico,Edwardville,Returning,2021-04-03,Mobile
2763,Nicholas,Flores,nicholas.flores861@yahoo.com,44,Male,  India  ,Hornborough,Returning,2024-06-14,Mobile
2764,Jody,Smith,jody.smith385@hotmail.com,18,Other,Canada,East Theresa,Returning,2020-10-07,Tablet
2765,Scott,Stein,,33,Male,United States,Waynehaven,At-Risk,2021-12-29,Tablet
2766,Carol,Nielsen,carol.nielsen621@gmail.com,34,Female,United States,Stevenburgh,VIP,2019-01-23,Desktop
2767,Neil,Vega,neil.vega610@hotmail.com,43,Male,Australia,Charlesmouth,Returning,2020-02-20,Mobile
2768,Evelyn,Crawford,evelyn.crawford723@hotmail.com,31,Female,India,South Ronald,Returning,2022-12-12,Tablet
2769,ernest,Rich,ernest.rich33@hotmail.com,24,Female,Indonesia,Robertview,Returning,2020-02-10,Mobile
2770,Samantha,Wells,samantha.wells89@gmail.com,37,Female,germany,West Ashley,VIP,2019-02-08,Desktop
2771,Christopher,Ross,christopher.ross381@hotmail.com,48,Female,Australia,East Lisaberg,VIP,2019-03-02,Mobile
2772,Miguel,Hardy,miguel.hardy222@gmail.com,30,Other,US,New Justin,At-Risk,2019-06-06,Mobile
2773,Sandra,Friedman,sandra.friedman180@yahoo.com,25,Male,United States,North Edward,Returning,2020-11-27,Mobile
2774,Katherine,Haynes,katherine.haynes804@yahoo.com,44,Male,Indonesia,South John,New,2023-01-04,Desktop
2775,Lisa,Brewer,lisa.brewer936@gmail.com,30,Male,France,Elizabethburgh,Returning,2019-04-04,Mobile
2776,Nicholas,Rogers,,35,Male,Philippines,Lake Elizabethmouth,Returning,2019-08-01,Mobile
2777,Jamie,Rodriguez,jamie.rodriguez927@hotmail.com,38,Other,United States,North Josephside,Returning,2024-02-10,Desktop
2778,Jeffrey,Foley,jeffrey.foley195@gmail.com,51,Female,Brazil,East Melissaville,Churned,2024-09-11,Mobile
2779,Gerald,Jones,gerald.jones751@hotmail.com,31,Other,United Kingdom,Williamville,New,2023-04-08,Mobile
2780,Amanda,Kane,amanda.kane795@hotmail.com,42,Female,Saudi Arabia,Nicholsfurt,,2020-10-14,Desktop
2781,Alan,Gallagher,alan.gallagher788@gmail.com,29,Male,India,Joseside,Returning,2019-05-09,Tablet
2782,Kyle,Torres,kyle.torres693@gmail.com,52,Male,UK,North Lauraburgh,Returning,2022-06-02,Desktop
2783,Wayne,Randolph,,39,Male,France,Sanchezmouth,Returning,2022-02-15,Mobile
2784,Kimberly,Moyer,kimberly.moyer397@hotmail.com,41,Other,Germany,Campbellfurt,VIP,2023-06-29,Tablet
2785,Kimberly,Wilson,kimberly.wilson119@yahoo.com,44,Male,United Arab Emirates,East Kenneth,New,2020-01-31,Mobile
2786,Cheryl,Espinoza,cheryl.espinoza955@yahoo.com,44,Male,Germany,East Charles,Returning,2020-02-06,Tablet
2787,Kevin,Brown,kevin.brown869@yahoo.com,50,Other,Germany,New Johnny,New,2020-04-20,Desktop
2788,Teresa,Campbell,teresa.campbell342@yahoo.com,26,Female,France,North Thomasmouth,Churned,2019-12-03,Desktop
2789,Kathleen,Chapman,kathleen.chapman106@hotmail.com,42,Other,France,Barbarahaven,New,2019-07-31,Tablet
2790,Eugene,Hale,eugene.hale764@gmail.com,19,Female,Australia,North Jeffreychester,VIP,2021-07-14,Desktop
2791,andrew,Watts,andrew.watts592@gmail.com,49,Female,Canada,North Adamborough,New,2023-06-27,Tablet
2792,Amber,Lee,amber.lee914@yahoo.com,36,Male,Saudi Arabia,Port Cole,Returning,2020-12-05,Mobile
2793,Brandon,Pacheco,brandon.pacheco206@yahoo.com,52,Male,Canada,New Rachel,VIP,2022-04-19,Mobile
2794,Aaron,Kelly,aaron.kelly284@hotmail.com,40,Other,United States,South Megan,New,2022-09-11,Mobile
2795,Donna,Cunningham,,39,Female,Britain,North Shannonside,VIP,2023-03-09,Tablet
2796,Frank,Ellis,frank.ellis121@yahoo.com,31,Female,Saudi Arabia,Port Jeremy,Returning,2024-01-23,Desktop
2797,Victoria,Clark,victoria.clark162@hotmail.com,18,Female,  Canada  ,Nunezborough,Returning,2020-04-14,Desktop
2798,Timothy,Mccullough,timothy.mccullough16@gmail.com,61,Other,Brazil,Cynthiaside,Churned,2024-06-23,Tablet
2799,Karen,Tate,karen.tate527@gmail.com,35,Male,Mexico,Gibsonbury,,2021-08-09,Desktop
2800,Kevin,Waters,kevin.waters556@gmail.com,47,Female,,East Erichaven,Churned,2023-09-30,Tablet
2801,JAMES,Perez,james.perez327@hotmail.com,57,Female,Japan,North Emily,Churned,2024-02-04,Desktop
2802,Jessica,Walker,jessica.walker966@gmail.com,18,Other,United Kingdom,Mclaughlinland,VIP,2022-03-03,Mobile
2803,Mark,Pace,mark.pace588@hotmail.com,18,Male,Spain,South Stephaniefort,Returning,2021-12-16,Desktop
2804,Cody,Williams,cody.williams73@hotmail.com,37,Female,Mexico,Margaretburgh,Returning,2019-01-14,Tablet
2805,Rachel,Medina,rachel.medina914@gmail.com,64,Female,,Johnland,New,2022-09-22,Tablet
2806,Stuart,Wallace,stuart.wallace455@yahoo.com,31,Male,Philippines,South Samanthaville,Returning,2021-02-10,Desktop
2807,Brittney,Riley,brittney.riley30@hotmail.com,28,Female,Germany,New Heather,Returning,2021-02-05,Tablet
2808,Tyler,Navarro,tyler.navarro52@gmail.com,54,Male,,Lake Peter,Returning,2021-03-18,Mobile
2809,stephanie,Ross,stephanie.ross56@yahoo.com,33,Male,United States,New Molly,Returning,2022-06-13,Mobile
2810,Clinton,Morris,clinton.morris402@gmail.com,73,Male,UK,Christinashire,New,2022-05-24,Tablet
2811,Stephanie,Cooper,,37,Other,Mexico,Emilytown,Returning,2023-08-01,Tablet
2812,Joanna,Tanner,joanna.tanner857@hotmail.com,43,Other,South Africa,South Josephfort,Returning,2019-11-09,Tablet
2813,Christina,Henderson,christina.henderson457@yahoo.com,28,Other,,Port Samuelfurt,At-Risk,2021-11-27,Mobile
2814,Anna,Tran,anna.tran320@hotmail.com,51,Female,Netherlands,Parkerfort,New,2020-07-12,Desktop
2815,Michael,Williamson,michael.williamson731@hotmail.com,24,Other,Canada,Richardland,At-Risk,2024-09-20,Tablet
2816,James,Franklin,james.franklin81@hotmail.com,24,Female,United States,Danielmouth,New,2020-06-15,Tablet
2817,Mary,Stone,mary.stone135@hotmail.com,25,Male,United Kingdom,Jamieshire,At-Risk,2022-03-21,Tablet
2818,Amanda,Osborn,amanda.osborn480@yahoo.com,28,Male,India,West Kellytown,New,2023-10-03,Mobile
2819,Garrett,Bowman,garrett.bowman318@yahoo.com,18,Other,United States,West Tammieville,VIP,2024-01-06,Tablet
2820,Valerie,Martin,valerie.martin728@gmail.com,18,Female,Japan,Williamsfurt,VIP,2020-09-27,Mobile
2821,Carolyn,Brown,carolyn.brown238@hotmail.com,44,Male,Philippines,West Amanda,Returning,2020-07-07,Desktop
2822,Abigail,Carrillo,abigail.carrillo882@gmail.com,57,Other,Brazil,Port Elizabeth,Returning,2019-04-01,Mobile
2823,Timothy,Estrada,timothy.estrada935@hotmail.com,59,Female,Spain,New Brooke,Returning,2021-11-03,Mobile
2824,Martha,Paul,martha.paul188@gmail.com,36,Other,South Africa,Robertbury,Churned,2019-02-01,Tablet
2825,Sara,West,sara.west339@yahoo.com,34,Female,United States,North Aaronton,Returning,2023-01-29,Mobile
2826,Jennifer,Wolf,jennifer.wolf500@yahoo.com,28,Male,India,New Pamelastad,Churned,2022-11-14,Desktop
2827,Andre,Donaldson,andre.donaldson487@yahoo.com,38,Male,India,Carterside,New,2020-07-25,Mobile
2828,Annette,Petersen,annette.petersen491@hotmail.com,25,Female,South Africa,Ryanshire,Churned,2019-04-24,Desktop
2829,Kathleen,Sloan,kathleen.sloan290@gmail.com,46,Female,Germany,New Thomaschester,VIP,2024-04-08,Tablet
2830,Linda,Johnson,linda.johnson589@hotmail.com,33,Male,Australia,South Nathan,New,2023-02-16,Tablet
2831,Brandon,Nelson,brandon.nelson106@yahoo.com,35,Female,United Arab Emirates,Stephanieview,Returning,2019-10-16,Tablet
2832,Caitlin,Williams,caitlin.williams816@yahoo.com,45,Male,US,Elizabethchester,New,2022-05-08,Mobile
2833,Sarah,Cardenas,sarah.cardenas570@yahoo.com,59,Other,,West Shelby,VIP,2021-04-07,Desktop
2834,Kristin,Martinez,kristin.martinez812@yahoo.com,35,Female,JAPAN,Cherylchester,VIP,2024-03-26,Tablet
2835,Derrick,Randolph,derrick.randolph473@gmail.com,46,Female,Australia,Port Henry,Returning,2022-08-27,Tablet
2836,Martin,Lewis,martin.lewis424@hotmail.com,35,Male,,Scotttown,Returning,2020-07-20,Tablet
2837,Kyle,Lester,,37,Other,United Kingdom,Gailmouth,Returning,2021-03-26,Desktop
2838,jeffrey,Kim,jeffrey.kim998@gmail.com,30,Female,Spain,Port Madisonbury,Returning,2022-03-16,Mobile
2839,Larry,Burns,larry.burns68@gmail.com,28,Female,Spain,West Mason,New,2021-01-31,Desktop
2840,Craig,Miles,craig.miles834@hotmail.com,29,Other,Australia,North Joycefurt,Returning,2019-10-07,Tablet
2841,Jack,Davis,jack.davis442@gmail.com,48,Female,Italy,Youngberg,New,2022-10-19,Tablet
2842,Steven,Moore,steven.moore807@yahoo.com,53,Female,Canada,New Michael,,2020-12-04,Tablet
2843,Emily,Spencer,emily.spencer711@gmail.com,30,Male,Canada,New Elizabeth,Returning,2020-01-09,Desktop
2844,Meagan,Taylor,meagan.taylor679@yahoo.com,26,Other,Mexico,South Darrellhaven,Returning,2020-12-18,Desktop
2845,Micheal,Miller,micheal.miller758@gmail.com,24,Other,Canada,West Sabrinahaven,Returning,2024-02-10,Tablet
2846,Brandon,Parker,brandon.parker857@gmail.com,50,Female,United States,Shaneport,New,2020-08-12,Desktop
2847,Jerry,Diaz,jerry.diaz607@gmail.com,43,Other,United Arab Emirates,Kelseyport,New,2021-08-18,Mobile
2848,Allison,Paul,allison.paul334@hotmail.com,34,Other,Netherlands,Danielmouth,VIP,2019-09-18,Desktop
2849,Beverly,Park,beverly.park842@hotmail.com,50,Female,France,Gonzalezport,New,2024-01-31,Desktop
2850,Carrie,Johnson,carrie.johnson316@gmail.com,40,Female,India,Dixontown,Returning,2020-05-01,Desktop
2851,David,Robinson,david.robinson613@gmail.com,64,Male,Philippines,Lake Jameshaven,Churned,2024-07-05,Tablet
2852,Tina,Simmons,tina.simmons834@gmail.com,52,Other,Nigeria,Hunterburgh,At-Risk,2023-11-15,Mobile
2853,ANGELA,Gomez,angela.gomez336@gmail.com,35,Female,Netherlands,Danielsborough,Returning,2019-01-22,Tablet
2854,Margaret,Graham,margaret.graham677@yahoo.com,18,Male,Egypt,West Huntermouth,New,2023-02-24,Desktop
2855,Ricky,Decker,ricky.decker223@gmail.com,46,Male,United States,Jessicafort,Returning,2023-11-15,Tablet
2856,Kristen,Williams,kristen.williams925@hotmail.com,25,Other,CANADA,West Rogerfort,Returning,2020-02-16,Desktop
2857,Joshua,James,joshua.james776@gmail.com,25,Male,India,Ramosfurt,New,2024-08-07,Tablet
2858,BRITTANY,Sanders,brittany.sanders153@gmail.com,53,Female,Italy,Jeffreyfurt,Returning,2019-10-27,Tablet
2859,Cassandra,Scott,cassandra.scott299@yahoo.com,51,Female,united kingdom,Greenmouth,At-Risk,2019-04-26,Tablet
2860,Briana,Willis,briana.willis592@gmail.com,46,Female,Brazil,North Brandonside,Returning,2021-01-15,Desktop
2861,Jeremy,Smith,jeremy.smith211@gmail.com,26,Other,Germany,Frankland,At-Risk,2022-03-29,Mobile
2862,Robert,Boyd,robert.boyd307@yahoo.com,43,Other,Japan,Lake Kenneth,VIP,2020-08-29,Tablet
2863,Sharon,Frank,sharon.frank312@yahoo.com,56,Female,Germany,Aguilarmouth,New,2020-01-09,Tablet
2864,Renee,Watson,renee.watson938@yahoo.com,30,Female,Mexico,Cynthiashire,Churned,2021-02-02,Desktop
2865,April,Dougherty,,31,Male,Japan,Port Brittanyburgh,Returning,2019-11-11,Tablet
2866,Scott,Silva,scott.silva523@hotmail.com,18,Female,Netherlands,Port Devinhaven,VIP,2022-03-30,Desktop
2867,Danielle,Solomon,danielle.solomon873@yahoo.com,42,Female,Mexico,South Alexismouth,,2023-07-03,Desktop
2868,Allison,Moon,allison.moon379@yahoo.com,40,Other,United States,Lisaview,Returning,2023-10-08,Desktop
2869,Jamie,Crawford,jamie.crawford1@gmail.com,33,Other,United States,Hendrixville,At-Risk,2019-07-01,Tablet
2870,Jessica,Little,jessica.little841@gmail.com,39,Female,Italy,Karenside,New,2019-09-07,Desktop
2871,Christopher,Sanchez,christopher.sanchez882@yahoo.com,41,Female,INDIA,West Sierramouth,At-Risk,2022-06-16,Desktop
2872,PAIGE,Johnson,paige.johnson241@hotmail.com,45,Female,France,Port Daniel,New,2021-10-22,Tablet
2873,brandon,Stewart,brandon.stewart605@hotmail.com,36,Female,India,Middletonshire,At-Risk,2020-03-31,Tablet
2874,Madeline,Brooks,madeline.brooks326@hotmail.com,18,Other,,Julieside,Returning,2023-07-04,Mobile
2875,Karen,Marshall,karen.marshall416@hotmail.com,28,Female,United States,Port Marymouth,At-Risk,2020-03-03,Mobile
2876,Emily,Smith,emily.smith559@hotmail.com,42,Male,United States,North Barbarashire,New,2019-06-24,Tablet
2877,John,Mathews,john.mathews178@gmail.com,26,Female,Nigeria,Parkermouth,New,2021-02-04,Desktop
2878,John,Simmons,john.simmons193@hotmail.com,55,Other,,Lake Amandaside,Returning,2023-10-14,Mobile
2879,Melissa,Love,melissa.love864@gmail.com,18,Female,India,Markberg,At-Risk,2020-10-17,Mobile
2880,Jennifer,Clark,jennifer.clark158@gmail.com,50,Female,South Africa,Sarahhaven,New,2021-12-23,Tablet
2881,Nicholas,Morales,nicholas.morales129@yahoo.com,63,Male,philippines,East Hannahhaven,Churned,2023-04-28,Desktop
2882,Richard,Sanchez,richard.sanchez74@yahoo.com,18,Other,United Kingdom,Port Christine,VIP,2023-03-24,Desktop
2883,Courtney,Stephens,courtney.stephens148@yahoo.com,35,Other,Australia,West Cynthiaport,New,2021-09-13,Mobile
2884,John,Curtis,john.curtis674@yahoo.com,33,Female,Japan,Allenfort,New,2022-05-29,Desktop
2885,Michael,Clarke,michael.clarke87@gmail.com,18,Male,,South Kellyfurt,Returning,2024-09-26,Tablet
2886,Christina,Keller,christina.keller826@hotmail.com,42,Female,United Kingdom,South Todd,Returning,2021-09-28,Mobile
2887,Melissa,Stephens,melissa.stephens916@yahoo.com,36,Other,US,Ortizmouth,VIP,2024-06-25,Tablet
2888,Kenneth,Boyd,kenneth.boyd953@yahoo.com,18,Female,egypt,Jonathanchester,New,2019-06-17,Tablet
2889,Patricia,Hanson,patricia.hanson185@hotmail.com,26,Female,Brazil,Haleymouth,New,2022-10-22,Tablet
2890,Jamie,Nichols,jamie.nichols435@hotmail.com,35,Other,India,Robertview,Returning,2019-04-04,Mobile
2891,Nathaniel,Martinez,nathaniel.martinez394@gmail.com,37,Female,Brazil,East Tracyborough,Returning,2019-01-19,Desktop
2892,Douglas,Barnes,douglas.barnes191@yahoo.com,45,Female,Philippines,Port William,At-Risk,2019-08-13,Tablet
2893,Cynthia,Rhodes,cynthia.rhodes8@yahoo.com,45,Other,France,New Karibury,At-Risk,2022-07-21,Mobile
2894,Laura,House,laura.house868@hotmail.com,30,Other,Italy,Andrewston,New,2021-07-05,Desktop
2895,Richard,Neal,richard.neal730@hotmail.com,23,Other,Canada,New Glennhaven,New,2022-03-21,Mobile
2896,Michele,Mays,michele.mays421@hotmail.com,48,Other,United Arab Emirates,Hubbardmouth,New,2023-07-11,Tablet
2897,Michael,Foley,michael.foley376@gmail.com,28,Male,Australia,Amandamouth,New,2019-10-25,Desktop
2898,Travis,Chavez,travis.chavez582@gmail.com,19,Female,Philippines,Lake Tammyside,VIP,2024-10-04,Tablet
2899,Tracie,Mccormick,tracie.mccormick378@yahoo.com,21,Male,france,Kimberlyton,,2020-03-20,Tablet
2900,Stacey,Garza,stacey.garza494@hotmail.com,22,Other,United States,New Trevorside,New,2021-10-26,Desktop
2901,Denise,Howard,denise.howard146@hotmail.com,30,Other,Germany,Lake Jim,At-Risk,2021-06-05,Tablet
2902,Kathleen,Cole,kathleen.cole540@yahoo.com,43,Female,Mexico,East Jennifertown,Returning,2022-09-26,Mobile
2903,Daniel,Lynn,daniel.lynn530@gmail.com,34,Male,Italy,Costaburgh,Churned,2022-04-08,Tablet
2904,RANDY,Bailey,randy.bailey912@gmail.com,56,Other,Saudi Arabia,West Carlosburgh,Churned,2024-03-04,Desktop
2905,Jesse,Miller,jesse.miller252@gmail.com,18,Female,Australia,Shannonberg,VIP,2019-01-17,Tablet
2906,Katherine,Jones,katherine.jones760@gmail.com,38,Other,Nigeria,Norrisview,New,2019-08-07,Tablet
2907,Jason,Nelson,jason.nelson80@gmail.com,29,Other,United States,North Christineport,New,2019-08-05,Tablet
2908,Cynthia,Thomas,cynthia.thomas553@yahoo.com,32,Other,Brazil,Johnsonside,At-Risk,2021-11-06,Mobile
2909,Julie,Bird,julie.bird628@hotmail.com,39,Male,United States,Harrisburgh,New,2021-03-28,Mobile
2910,Victoria,Wilkinson,victoria.wilkinson548@gmail.com,45,Male,US,West Alexis,Returning,2023-12-29,Mobile
2911,Heather,Nunez,heather.nunez465@gmail.com,28,Other,Germany,Garciaside,New,2023-12-21,Mobile
2912,Brett,Lee,,36,Other,,Garciafurt,Returning,2020-04-16,Mobile
2913,Thomas,Hernandez,thomas.hernandez432@yahoo.com,18,Female,Philippines,Bensonburgh,New,2019-05-03,Mobile
2914,Sarah,Maxwell,sarah.maxwell297@gmail.com,33,Male,India,Kimberlybury,VIP,2021-05-06,Desktop
2915,Leah,Griffith,leah.griffith712@gmail.com,45,Other,Germany,Jamesside,Returning,2022-07-02,Tablet
2916,Alejandro,Marshall,alejandro.marshall312@hotmail.com,37,Other,united states,Anthonyville,Returning,2021-12-20,Tablet
2917,derrick,Moses,,26,Male,India,North Laurenborough,Returning,2022-09-10,Tablet
2918,Christopher,Goodwin,christopher.goodwin485@gmail.com,30,Other,United States,Jacksonland,VIP,2019-08-28,Desktop
2919,Amber,James,amber.james587@gmail.com,21,Male,Australia,Wilkersonfurt,VIP,2021-12-21,Tablet
2920,Jacob,Johnson,jacob.johnson299@yahoo.com,41,Other,India,Mollyview,Returning,2023-06-17,Tablet
2921,Laura,Lutz,laura.lutz28@gmail.com,47,Female,Saudi Arabia,New Lindsey,VIP,2024-10-14,Mobile
2922,Thomas,Smith,thomas.smith85@yahoo.com,18,Male,United States,Johnton,Returning,2024-11-24,Tablet
2923,Duane,Perez,duane.perez79@yahoo.com,48,Female,France,Melissaberg,Returning,2020-02-07,Mobile
2924,  Douglas  ,Wong,douglas.wong136@gmail.com,31,Other,Mexico,West Herbert,At-Risk,2024-06-19,Mobile
2925,Joseph,Miller,joseph.miller282@hotmail.com,37,Female,U.K.,New Josephmouth,Returning,2023-10-15,Desktop
2926,Thomas,White,thomas.white760@hotmail.com,30,Male,Germany,East Emilychester,Returning,2022-11-06,Tablet
2927,Michael,Davis,michael.davis179@gmail.com,27,Other,United States,Ortizmouth,New,2022-08-13,Tablet
2928,Kevin,Grant,kevin.grant155@hotmail.com,32,Other,Australia,West Stacy,Churned,2023-12-18,Mobile
2929,MICHAEL,Fernandez,michael.fernandez379@gmail.com,45,Male,Mexico,Johnsonville,At-Risk,2019-08-21,Mobile
2930,Elizabeth,Flores,elizabeth.flores802@hotmail.com,52,Other,United States,East Lindaside,Returning,2024-04-13,Desktop
2931,Victoria,Warner,victoria.warner497@hotmail.com,44,Male,Italy,Scottside,New,2021-07-26,Tablet
2932,Natasha,Hooper,natasha.hooper883@hotmail.com,56,Male,japan,Martinezmouth,Returning,2021-04-11,Mobile
2933,Brian,Smith,brian.smith87@hotmail.com,18,Male,Brazil,Larryview,At-Risk,2019-02-21,Tablet
2934,Kara,Gonzales,kara.gonzales957@hotmail.com,22,Male,India,New Danielton,At-Risk,2021-12-11,Mobile
2935,Christine,Bradley,christine.bradley771@gmail.com,25,Female,United States,Turnerton,New,2021-06-03,Mobile
2936,Jillian,Gallagher,jillian.gallagher244@gmail.com,33,Other,Germany,Franklinberg,Returning,2024-01-01,Mobile
2937,Kristen,Petty,kristen.petty744@yahoo.com,47,Other,U.S.A.,Williamview,New,2021-09-10,Desktop
2938,Stephanie,Gordon,stephanie.gordon216@gmail.com,46,Other,Canada,New Tammy,Returning,2021-06-17,Tablet
2939,Joshua,Lopez,joshua.lopez863@hotmail.com,31,Female,Germany,East Cameronburgh,At-Risk,2020-03-12,Desktop
2940,Jessica,Parks,jessica.parks658@hotmail.com,21,Female,India,Port Alexis,New,2024-05-31,Desktop
2941,Aaron,Clark,,28,Male,Canada,North Andrewside,Returning,2022-02-11,Mobile
2942,John,Carter,john.carter409@hotmail.com,53,Female,India,Chavezshire,Returning,2019-09-01,Mobile
2943,Adam,Black,adam.black488@hotmail.com,29,Other,US,North Johnnyfurt,At-Risk,2023-10-16,Tablet
2944,Andrew,Friedman,,18,Female,United Kingdom,Bradleyberg,New,2023-12-03,Tablet
2945,Dominic,Simpson,dominic.simpson723@yahoo.com,50,Female,Italy,Singhton,Returning,2021-04-30,Mobile
2946,Amber,Quinn,amber.quinn269@yahoo.com,44,Male,United Kingdom,Port Michelleside,VIP,2021-07-20,Tablet
2947,Zoe,Price,zoe.price892@gmail.com,23,Female,South Africa,North Sandrashire,New,2022-02-02,Desktop
2948,Gabrielle,Wright,gabrielle.wright296@gmail.com,45,Female,Indonesia,Lake Marymouth,At-Risk,2019-06-30,Mobile
2949,Cody,Khan,cody.khan695@yahoo.com,40,Female,United Arab Emirates,Lake Cassandrastad,New,2023-03-02,Tablet
2950,Mark,Thomas,mark.thomas700@hotmail.com,38,Male,France,Edwardtown,New,2020-02-19,Desktop
2951,Jordan,Abbott,jordan.abbott940@gmail.com,53,Other,Germany,West Jamesbury,Returning,2020-08-31,Tablet
2952,  Robert  ,Griffin,robert.griffin363@yahoo.com,28,Female,Brazil,Justinview,At-Risk,2024-03-06,Tablet
2953,Ryan,Hernandez,ryan.hernandez941@gmail.com,34,Other,United States,North Andreaview,VIP,2024-04-14,Mobile
2954,Jennifer,Patrick,jennifer.patrick344@hotmail.com,29,Female,United States,Lake Williamberg,VIP,2022-11-30,Mobile
2955,William,Carlson,william.carlson822@yahoo.com,25,Male,Saudi Arabia,East Susanfurt,New,2019-11-05,Mobile
2956,Alyssa,Mason,alyssa.mason671@gmail.com,28,Other,France,Bakermouth,New,2024-06-05,Mobile
2957,Taylor,Clarke,taylor.clarke473@yahoo.com,38,Other,Canada,South Larry,New,2024-09-14,Tablet
2958,Jeffrey,Forbes,jeffrey.forbes248@gmail.com,18,Other,Germany,West Christopherville,VIP,2024-12-14,Tablet
2959,Ann,Taylor,ann.taylor603@hotmail.com,37,Male,Brazil,Danielville,New,2023-02-13,Tablet
2960,Shawna,Fuller,shawna.fuller346@hotmail.com,53,Other,Canada,Michaeltown,New,2020-09-20,Tablet
2961,Michelle,Sanders,michelle.sanders185@gmail.com,26,Female,India,South Carolynbury,Returning,2019-05-02,Tablet
2962,Ronald,Johnson,ronald.johnson11@gmail.com,27,Other,Philippines,New John,New,2019-11-11,Desktop
2963,Christopher,Davis,christopher.davis852@hotmail.com,49,Male,India,East Tonya,New,2019-10-06,Desktop
2964,Jessica,Schaefer,jessica.schaefer422@yahoo.com,41,Male,Canada,West Christophertown,New,2022-12-05,Tablet
2965,  Joseph  ,Patel,,48,Other,,South Jillchester,New,2023-07-05,Mobile
2966,Jeffrey,Briggs,jeffrey.briggs360@hotmail.com,25,Male,JAPAN,Larryton,At-Risk,2024-10-27,Tablet
2967,Kevin,Thompson,kevin.thompson291@gmail.com,58,Female,Germany,Barnesbury,New,2024-02-11,Desktop
2968,Kevin,Bryan,kevin.bryan35@gmail.com,30,Male,France,New Christopherbury,Returning,2019-01-15,Tablet
2969,Victor,Paul,,18,Male,india,Lake Kyle,New,2024-01-27,Tablet
2970,Jordan,Bailey,jordan.bailey673@yahoo.com,37,Male,Canada,South Yvetteside,At-Risk,2020-01-06,Tablet
2971,Shelby,Sherman,shelby.sherman654@hotmail.com,18,Male,Canada,Port Stephen,New,2024-09-18,Tablet
2972,Phillip,Hatfield,,60,Male,Germany,Boonefurt,At-Risk,2024-08-10,Desktop
2973,Sarah,Logan,sarah.logan877@gmail.com,35,Other,,West Tonya,At-Risk,2024-09-26,Desktop
2974,Christine,Ramos,christine.ramos385@yahoo.com,41,Other,France,Dixonview,Returning,2023-09-28,Tablet
2975,Kelly,Mcdonald,kelly.mcdonald580@gmail.com,45,Male,India,New Brian,At-Risk,2020-03-31,Desktop
2976,Alexis,Gutierrez,alexis.gutierrez713@gmail.com,25,Male,Spain,Vincentfort,New,2024-12-16,Mobile
2977,Teresa,Martinez,teresa.martinez302@yahoo.com,46,Female,Germany,Lisaport,New,2019-04-28,Tablet
2978,Jessica,Koch,jessica.koch959@yahoo.com,43,Male,United States,North Edward,Returning,2021-01-06,Tablet
2979,Dana,Bridges,dana.bridges465@hotmail.com,44,Female,United Kingdom,Frankview,At-Risk,2022-06-13,Mobile
2980,George,Booker,george.booker709@hotmail.com,18,Other,Britain,Laurieland,New,2023-08-07,Mobile
2981,Craig,Page,craig.page264@yahoo.com,33,Male,United Kingdom,New Andrea,New,2022-03-09,Desktop
2982,Steven,Smith,steven.smith284@hotmail.com,18,Male,United Kingdom,Hallbury,VIP,2021-01-09,Mobile
2983,Brenda,Roberts,,33,Female,United Arab Emirates,Lake Calvin,VIP,2022-02-06,Desktop
2984,Brenda,Barnes,brenda.barnes265@gmail.com,54,Female,United States,Sullivantown,Churned,2021-01-30,Desktop
2985,COREY,Garcia,corey.garcia452@gmail.com,30,Male,United Kingdom,North Eugene,New,2024-04-08,Mobile
2986,Larry,Douglas,larry.douglas951@yahoo.com,42,Male,United States,Port Jessicabury,VIP,2024-03-06,Tablet
2987,David,Morales,david.morales403@yahoo.com,53,Male,Egypt,Smithbury,Returning,2021-12-24,Tablet
2988,Craig,Blair,craig.blair504@hotmail.com,34,Male,Japan,Brownton,New,2020-03-19,Desktop
2989,Bryan,Hale,bryan.hale554@gmail.com,48,Female,United States,Pierceshire,New,2022-09-26,Desktop
2990,Rita,Williams,rita.williams629@gmail.com,19,Other,Netherlands,Antoniotown,VIP,2020-04-04,Desktop
2991,Samantha,Wells,samantha.wells935@gmail.com,46,Female,spain,North Karen,Returning,2021-12-23,Tablet
2992,Corey,Carson,corey.carson266@hotmail.com,22,Male,USA,Williamsville,Churned,2024-04-22,Desktop
2993,Katherine,Henson,katherine.henson75@gmail.com,26,Male,Australia,Gabrielaton,VIP,2023-05-01,Tablet
2994,Jonathan,Perkins,jonathan.perkins746@yahoo.com,32,Female,United Kingdom,Underwoodmouth,,2024-03-15,Mobile
2995,Samantha,Fuller,samantha.fuller20@gmail.com,39,Female,Saudi Arabia,South Matthew,,2021-01-09,Desktop
2996,Gabriel,Wilson,gabriel.wilson669@yahoo.com,20,Other,Philippines,New Allison,Churned,2024-03-15,Desktop
2997,Scott,Garner,scott.garner956@yahoo.com,33,Male,Mexico,Port Taylor,VIP,2023-07-25,Tablet
2998,Jennifer,Mcdonald,jennifer.mcdonald400@yahoo.com,39,Female,Indonesia,South Anthonyhaven,New,2019-09-01,Desktop
2999,Christina,Daugherty,,27,Female,U.K.,East Erica,Returning,2024-04-10,Mobile
3000,Brianna,Travis,brianna.travis589@yahoo.com,50,Male,Spain,Henryville,Returning,2022-03-19,Tablet
3001,Todd,Monroe,todd.monroe725@gmail.com,37,Female,France,Johnsside,Returning,2024-03-06,Mobile
3002,Rachel,Smith,rachel.smith447@yahoo.com,36,Female,Germany,Lake Jenniferside,Returning,2021-03-13,Tablet
3003,Michael,Camacho,michael.camacho800@hotmail.com,40,Male,India,North Geoffreyview,VIP,2023-01-06,Tablet
3004,Kelly,Lindsey,kelly.lindsey232@gmail.com,37,Male,USA,South Tamara,New,2019-12-22,Mobile
3005,Madison,Myers,madison.myers978@gmail.com,31,Other,United Kingdom,Morrisonfurt,Returning,2022-04-23,Mobile
3006,Melanie,Green,melanie.green125@hotmail.com,36,Other,U.S.A.,Smithmouth,New,2023-02-03,Tablet
3007,Michael,Kim,michael.kim958@hotmail.com,68,Female,Saudi Arabia,East Belindastad,Returning,2023-03-08,Mobile
3008,Sheila,Harding,sheila.harding699@gmail.com,42,Female,France,Brianville,Churned,2024-01-12,Mobile
3009,Patricia,Colon,patricia.colon57@yahoo.com,28,Other,United States,North Timothytown,VIP,2020-04-21,Tablet
3010,Michael,Krause,michael.krause93@hotmail.com,43,Female,India,Patriciaburgh,At-Risk,2020-09-10,Tablet
3011,Jason,Adkins,jason.adkins874@gmail.com,44,Female,Indonesia,New Derrick,Returning,2022-04-02,Desktop
3012,Kelly,Jones,kelly.jones862@gmail.com,52,Female,  United States  ,West Robertachester,At-Risk,2022-08-09,Mobile
3013,Lisa,Cervantes,lisa.cervantes664@yahoo.com,45,Male,Philippines,North Dylan,VIP,2021-03-17,Desktop
3014,Charles,Alvarez,charles.alvarez568@yahoo.com,27,Male,Brazil,Wolfefurt,Returning,2023-04-11,Mobile
3015,John,Contreras,john.contreras677@hotmail.com,19,Male,Mexico,Jesseside,VIP,2019-07-18,Mobile
3016,Aaron,Smith,aaron.smith713@gmail.com,20,Female,Japan,Rhondachester,New,2020-07-22,Desktop
3017,Victoria,Henry,victoria.henry646@hotmail.com,53,Other,Australia,Foleyville,Returning,2020-12-02,Mobile
3018,John,Rogers,john.rogers499@hotmail.com,35,Male,Spain,East Amyland,VIP,2024-06-07,Tablet
3019,Rebecca,Rivera,rebecca.rivera449@gmail.com,46,Other,United States,East Brittany,Churned,2023-08-04,Desktop
3020,Tyler,Garcia,,33,Male,United States,Ericton,New,2023-07-29,Desktop
3021,Lisa,Murray,lisa.murray26@gmail.com,32,Other,UAE,Smithport,At-Risk,2023-09-20,Tablet
3022,RYAN,Rojas,ryan.rojas245@yahoo.com,41,Female,Netherlands,Robertomouth,Churned,2021-10-23,Mobile
3023,Benjamin,Brown,benjamin.brown65@gmail.com,48,Other,USA,South Jameshaven,Returning,2021-10-13,Tablet
3024,Michael,Trujillo,michael.trujillo316@hotmail.com,23,Female,Netherlands,Schmidtbury,Returning,2021-11-20,Tablet
3025,Jennifer,Robinson,jennifer.robinson989@yahoo.com,37,Female,MEXICO,Kurtbury,Churned,2022-03-07,Desktop
3026,Kimberly,Oneal,kimberly.oneal38@yahoo.com,67,Female,U.S.A.,Port Kevinmouth,Returning,2023-03-27,Desktop
3027,Emily,Reyes,emily.reyes346@gmail.com,35,Other,United States,West Jordan,Returning,2023-07-06,Desktop
3028,Gina,Powell,gina.powell416@gmail.com,49,Male,Germany,Lopezhaven,New,2024-01-02,Desktop
3029,wendy,West,wendy.west827@yahoo.com,36,Other,Saudi Arabia,Derekmouth,At-Risk,2022-12-01,Tablet
3030,Nicholas,Clark,nicholas.clark536@yahoo.com,50,Female,Japan,Port Maryborough,,2024-08-28,Tablet
3031,Jared,Kelley,jared.kelley892@yahoo.com,19,Other,South Africa,Butlerberg,New,2021-02-23,Desktop
3032,David,Barry,david.barry759@yahoo.com,32,Other,Canada,Lawsonchester,Returning,2024-05-16,Desktop
3033,heather,Salinas,heather.salinas948@hotmail.com,25,Male,Brazil,Garzabury,New,2020-01-22,Desktop
3034,HEATHER,Deleon,heather.deleon754@gmail.com,27,Male,United States,Adamtown,Returning,2023-02-14,Mobile
3035,Sherry,Munoz,sherry.munoz670@gmail.com,41,Male,France,Gonzalezchester,Returning,2023-06-15,Mobile
3036,Susan,Murphy,susan.murphy929@yahoo.com,56,Other,Germany,Lynntown,Churned,2020-11-19,Desktop
3037,Erin,Rojas,erin.rojas249@yahoo.com,37,Other,Nigeria,Brownfort,At-Risk,2021-12-31,Tablet
3038,Nicole,Porter,nicole.porter134@yahoo.com,31,Male,U.K.,Jonathanchester,New,2024-02-07,Desktop
3039,Brenda,Huffman,brenda.huffman648@gmail.com,30,Male,Italy,Dylanburgh,VIP,2021-11-10,Mobile
3040,Michelle,Brady,michelle.brady841@gmail.com,38,Male,UAE,Chandlerburgh,New,2019-05-11,Mobile
3041,Gregory,Acevedo,gregory.acevedo626@gmail.com,47,Male,italy,Garcialand,New,2024-01-06,Tablet
3042,Maria,Curtis,,49,Male,UNITED STATES,Lawsonfort,Returning,2019-08-22,Desktop
3043,frank,Chan,frank.chan510@gmail.com,38,Other,Saudi Arabia,Danielview,Returning,2024-01-09,Tablet
3044,Richard,Tran,richard.tran226@gmail.com,22,Male,Netherlands,Gregoryville,New,2024-01-05,Desktop
3045,Stephanie,Smith,stephanie.smith437@hotmail.com,43,Female,United States,East Anthony,Returning,2020-01-30,Tablet
3046,Robert,Woodward,robert.woodward695@hotmail.com,32,Female,Australia,North Wendyview,Churned,2020-02-08,Mobile
3047,Raymond,Simpson,raymond.simpson124@gmail.com,32,Other,United States,South Amyland,Returning,2021-09-14,Tablet
3048,Nicole,Malone,nicole.malone559@gmail.com,31,Male,CANADA,South Sandramouth,At-Risk,2024-04-27,Mobile
3049,  Benjamin  ,Peterson,benjamin.peterson857@gmail.com,55,Male,India,West Brandyborough,New,2020-02-09,Desktop
3050,Mary,White,mary.white608@yahoo.com,53,Male,France,Laneville,Churned,2024-03-05,Mobile
3051,Scott,Hart,scott.hart65@yahoo.com,28,Male,Australia,Wernerside,VIP,2019-01-12,Mobile
3052,Jeffrey,Hart,jeffrey.hart145@hotmail.com,32,Female,Nigeria,Avilamouth,VIP,2020-07-23,Desktop
3053,Eric,Bailey,eric.bailey714@hotmail.com,23,Female,Germany,Danielbury,New,2023-06-06,Tablet
3054,Jeffrey,Murray,jeffrey.murray169@gmail.com,25,Female,India,Whiteland,Returning,2019-12-17,Desktop
3055,Ashley,Short,ashley.short948@gmail.com,60,Other,Germany,Deniseport,New,2024-11-06,Desktop
3056,Anna,Patterson,anna.patterson137@gmail.com,37,Male,United States,Higginsmouth,Returning,2021-05-15,Tablet
3057,Mark,Jackson,mark.jackson628@gmail.com,46,Female,Mexico,Michaelborough,New,2022-07-12,Desktop
3058,Joseph,Curry,joseph.curry17@hotmail.com,45,Female,BRAZIL,Andrewtown,Returning,2022-01-12,Desktop
3059,Amy,Turner,amy.turner7@gmail.com,70,Male,Australia,Goodmanstad,Returning,2023-07-10,Desktop
3060,Meghan,Smith,meghan.smith949@gmail.com,25,Male,United Arab Emirates,Lake Jenniferville,New,2022-05-23,Tablet
3061,Megan,Jackson,megan.jackson668@gmail.com,29,Other,United States,East Kelsey,Churned,2024-06-03,Mobile
3062,Kimberly,Blackburn,kimberly.blackburn427@gmail.com,40,Other,  Philippines  ,West Jonathonshire,New,2024-06-25,Mobile
3063,Brenda,Thompson,brenda.thompson709@gmail.com,20,Male,Australia,Susanbury,At-Risk,2020-03-27,Desktop
3064,Adam,Jackson,adam.jackson147@yahoo.com,33,Other,Philippines,North Ericstad,Returning,2024-06-07,Mobile
3065,Linda,Cooper,linda.cooper536@gmail.com,50,Female,Canada,New Nicolebury,,2024-12-07,Mobile
3066,Justin,Hogan,justin.hogan245@hotmail.com,18,Male,Nigeria,East Melissashire,Returning,2022-01-09,Tablet
3067,Angela,Castro,angela.castro709@hotmail.com,21,Male,USA,New James,At-Risk,2023-08-27,Tablet
3068,James,Martin,,23,Other,Australia,Ellisonshire,Returning,2021-07-24,Mobile
3069,Adrian,Medina,adrian.medina627@yahoo.com,51,Male,United States,North David,At-Risk,2024-10-17,Tablet
3070,Joseph,Nelson,joseph.nelson847@gmail.com,34,Female,South Africa,South Kimberlyfurt,Churned,2020-11-16,Mobile
3071,Nancy,Burke,nancy.burke429@gmail.com,19,Male,Germany,North Douglasfort,Returning,2021-05-29,Tablet
3072,Charles,Stevens,charles.stevens242@hotmail.com,30,Male,Britain,Joshualand,Returning,2024-06-08,Desktop
3073,Patrick,Larson,patrick.larson543@yahoo.com,49,Male,United States,New Jamesmouth,Returning,2021-01-19,Tablet
3074,Valerie,Davis,valerie.davis371@gmail.com,35,Other,Egypt,South Sean,VIP,2023-03-21,Tablet
3075,Cory,Watson,cory.watson225@hotmail.com,40,Female,Saudi Arabia,Andersonchester,Returning,2024-02-17,Tablet
3076,Joshua,Flores,joshua.flores676@hotmail.com,42,Male,India,Kingville,New,2024-05-19,Mobile
3077,Donald,Johnson,donald.johnson55@hotmail.com,32,Male,United Kingdom,Martinezbury,New,2019-02-27,Desktop
3078,Ashley,Moore,ashley.moore816@hotmail.com,30,Male,South Africa,Leslieberg,New,2020-08-15,Tablet
3079,James,Thornton,james.thornton865@gmail.com,27,Female,South Africa,Hayleymouth,At-Risk,2021-02-15,Mobile
3080,Louis,Nelson,louis.nelson181@hotmail.com,41,Male,MEXICO,North Bonnie,VIP,2019-08-19,Tablet
3081,John,Skinner,john.skinner945@hotmail.com,20,Male,Nigeria,Washingtonshire,New,2021-10-07,Desktop
3082,Donald,Owens,donald.owens661@gmail.com,51,Female,India,Heatherview,New,2024-02-28,Mobile
3083,Eric,Davis,eric.davis215@hotmail.com,39,Female,Egypt,Lake Lori,Returning,2022-10-08,Mobile
3084,Emma,Graves,emma.graves343@hotmail.com,18,Other,United Kingdom,New Henrytown,New,2020-10-24,Mobile
3085,Amy,Vasquez,amy.vasquez45@yahoo.com,33,Male,South Africa,Waltersshire,Returning,2020-03-10,Tablet
3086,Jason,Young,jason.young54@gmail.com,52,Other,India,Gomezstad,Returning,2024-03-26,Desktop
3087,Sherri,Martin,sherri.martin162@yahoo.com,53,Male,india,Susanview,Returning,2019-05-06,Mobile
3088,April,Fields,,32,Male,United Kingdom,Port Joanne,New,2020-01-12,Desktop
3089,Kimberly,Lyons,kimberly.lyons917@hotmail.com,18,Male,United States,Taylorburgh,VIP,2019-02-09,Tablet
3090,William,Sanders,william.sanders456@gmail.com,41,Other,Japan,West Kevin,VIP,2020-04-19,Tablet
3091,Kimberly,Golden,,47,Female,Saudi Arabia,Christophershire,At-Risk,2021-05-08,Desktop
3092,Angela,Thompson,angela.thompson766@yahoo.com,36,Other,Mexico,Port Danielburgh,Returning,2021-02-11,Mobile
3093,Laura,Peck,laura.peck236@yahoo.com,32,Male,United States,Port Nicole,Churned,2020-10-19,Mobile
3094,George,Jenkins,,19,Male,Brazil,Nicoletown,Returning,2019-07-18,Desktop
3095,Sonya,Mcguire,sonya.mcguire756@gmail.com,35,Female,United States,Christophershire,Returning,2022-06-10,Desktop
3096,Brooke,French,brooke.french385@hotmail.com,61,Male,United Arab Emirates,Fostermouth,Returning,2019-03-29,Desktop
3097,Robert,Smith,robert.smith483@yahoo.com,26,Other,U.K.,New Michaelborough,New,2020-02-10,Mobile
3098,Thomas,Mitchell,thomas.mitchell56@gmail.com,44,Female,Germany,Lake Jesseland,At-Risk,2019-04-20,Desktop
3099,Kathleen,Andrews,kathleen.andrews222@gmail.com,31,Other,  Brazil  ,Kathrynside,VIP,2022-09-18,Mobile
3100,Dennis,Evans,dennis.evans183@yahoo.com,49,Female,United Kingdom,North Stefaniebury,New,2021-04-17,Mobile
3101,  Adam  ,Williams,adam.williams140@gmail.com,36,Female,Indonesia,South Todd,Returning,2019-03-23,Tablet
3102,Ricardo,Ross,ricardo.ross199@hotmail.com,39,Other,Japan,Guerraton,New,2021-11-04,Mobile
3103,Ryan,Anderson,ryan.anderson999@yahoo.com,37,Female,Canada,Lake Alicia,New,2024-08-20,Desktop
3104,Alex,Armstrong,alex.armstrong344@gmail.com,18,Male,canada,Thompsonview,New,2021-07-17,Desktop
3105,Sean,Coleman,sean.coleman709@gmail.com,35,Other,US,Lake Daniel,New,2024-11-23,Desktop
3106,Olivia,Buchanan,olivia.buchanan288@gmail.com,58,Male,U.S.A.,Lake Sharonview,Returning,2020-09-12,Desktop
3107,Christopher,Graham,christopher.graham873@gmail.com,38,Female,United States,Lake Cory,New,2021-02-03,Mobile
3108,Rachel,Roberts,rachel.roberts429@hotmail.com,31,Male,,South Guy,VIP,2021-10-26,Mobile
3109,Patricia,Mills,patricia.mills226@yahoo.com,50,Female,Brazil,Shannonton,VIP,2021-07-13,Tablet
3110,Heather,Tyler,heather.tyler161@hotmail.com,35,Other,Indonesia,Hectorton,New,2023-11-29,Tablet
3111,Nichole,Lamb,nichole.lamb928@yahoo.com,27,Male,United States,Micheleville,New,2022-01-25,Tablet
3112,Scott,Bolton,,62,Other,United States,East Kevin,Returning,2020-02-05,Desktop
3113,Nicole,Mitchell,nicole.mitchell89@gmail.com,55,Female,United States,Parkerview,Returning,2019-06-20,Tablet
3114,Tyler,Robinson,tyler.robinson501@yahoo.com,60,Male,Saudi Arabia,Normanborough,Returning,2022-01-02,Tablet
3115,Paul,Scott,paul.scott485@hotmail.com,51,Female,Spain,East Michaelport,Returning,2023-08-21,Mobile
3116,Mike,Perez,mike.perez15@gmail.com,42,Other,Netherlands,Hansenton,Returning,2020-09-07,Mobile
3117,Taylor,Gonzalez,taylor.gonzalez754@yahoo.com,32,Male,Canada,Bryantown,New,2024-11-15,Desktop
3118,Aaron,Morgan,aaron.morgan336@hotmail.com,41,Female,Spain,Conniemouth,Returning,2021-11-21,Tablet
3119,Sherry,Thompson,sherry.thompson228@yahoo.com,27,Other,South Africa,Jimmyshire,At-Risk,2022-08-15,Desktop
3120,Mary,Johnson,mary.johnson936@gmail.com,27,Other,India,Fergusonview,Returning,2023-01-12,Desktop
3121,Brendan,Burns,brendan.burns428@hotmail.com,18,Male,South Africa,Mclaughlinport,New,2020-05-01,Desktop
3122,William,Knox,william.knox482@yahoo.com,29,Other,France,Jasonton,Returning,2021-05-18,Tablet
3123,Nicholas,Daniels,nicholas.daniels35@yahoo.com,18,Female,India,Natalieview,New,2024-05-17,Tablet
3124,Melinda,Anderson,melinda.anderson404@yahoo.com,34,Female,India,South Angela,New,2023-11-08,Tablet
3125,Tami,Jones,tami.jones842@hotmail.com,31,Male,Mexico,Nicoleland,VIP,2022-02-12,Mobile
3126,Lisa,Francis,lisa.francis508@hotmail.com,54,Male,Japan,North Edwardfort,Returning,2024-07-18,Desktop
3127,Gary,Cameron,gary.cameron572@gmail.com,18,Male,Mexico,Matthewmouth,Returning,2022-11-24,Tablet
3128,Mary,Cruz,mary.cruz750@yahoo.com,19,Female,Netherlands,West Robert,At-Risk,2024-04-17,Desktop
3129,Arthur,Lam,arthur.lam136@gmail.com,33,Female,Mexico,South Joseph,Returning,2021-07-19,Mobile
3130,William,Lewis,william.lewis245@yahoo.com,33,Other,United States,Newmanborough,At-Risk,2019-02-18,Desktop
3131,Richard,Haynes,richard.haynes17@gmail.com,47,Female,Britain,East Jessica,New,2021-07-10,Tablet
3132,Pamela,Alvarez,pamela.alvarez313@hotmail.com,45,Male,India,Kimberlytown,New,2023-08-17,Tablet
3133,Shannon,Holland,shannon.holland471@yahoo.com,23,Other,United States,Jefferymouth,New,2023-01-21,Tablet
3134,Lindsey,Williams,lindsey.williams598@yahoo.com,21,Male,Spain,New Robert,New,2020-10-29,Mobile
3135,Lisa,Horton,lisa.horton475@hotmail.com,36,Male,Indonesia,Archertown,Returning,2023-06-14,Tablet
3136,Leslie,Gamble,leslie.gamble416@yahoo.com,32,Male,United States,Port Emilyport,Returning,2022-06-05,Mobile
3137,Don,Wilson,don.wilson642@yahoo.com,37,Female,Brazil,West Deborahside,Returning,2021-07-14,Tablet
3138,Isabel,Jones,isabel.jones649@yahoo.com,37,Male,India,Johnsonfurt,New,2020-03-27,Tablet
3139,Mary,Farmer,mary.farmer73@yahoo.com,49,Female,Philippines,New Sarah,New,2023-01-21,Tablet
3140,Nichole,Wells,nichole.wells341@hotmail.com,47,Other,United States,Port Mary,Returning,2024-01-13,Desktop
3141,Christopher,Carney,christopher.carney304@hotmail.com,47,Female,Britain,South David,New,2019-12-04,Mobile
3142,Jacqueline,Church,jacqueline.church715@gmail.com,44,Other,India,South Christopher,Returning,2023-06-04,Tablet
3143,Sandra,Ferguson,sandra.ferguson590@yahoo.com,35,Male,Spain,Georgeshire,Returning,2020-10-01,Tablet
3144,Anthony,Robbins,anthony.robbins83@hotmail.com,49,Other,Spain,North Emily,Returning,2020-06-04,Mobile
3145,mark,Mcdaniel,,29,Male,India,North Justinshire,New,2022-08-30,Tablet
3146,Robert,Johnson,robert.johnson969@yahoo.com,45,Other,Australia,North Christina,,2023-12-01,Mobile
3147,Scott,Smith,scott.smith910@yahoo.com,41,Male,Indonesia,West Jesse,New,2024-06-22,Desktop
3148,Julia,Ramirez,julia.ramirez393@gmail.com,29,Female,Japan,Lake Dwayneland,New,2021-10-17,Mobile
3149,Amber,Perry,amber.perry634@hotmail.com,34,Male,Saudi Arabia,South Cynthiaview,New,2022-12-24,Mobile
3150,Erica,Cooper,erica.cooper376@hotmail.com,30,Male,Brazil,North Noahview,Returning,2024-04-17,Tablet
3151,Beverly,Sharp,beverly.sharp573@gmail.com,49,Other,Mexico,West Aaronmouth,Churned,2023-08-25,Desktop
3152,Danny,Brown,danny.brown575@hotmail.com,49,Other,Italy,South Crystal,New,2019-04-04,Desktop
3153,Nichole,Harris,nichole.harris142@hotmail.com,18,Female,Canada,New Danielleland,Returning,2021-09-22,Desktop
3154,Richard,Rice,richard.rice553@hotmail.com,27,Male,Germany,Pierceport,Returning,2023-12-30,Tablet
3155,Megan,Nguyen,megan.nguyen490@gmail.com,35,Other,Brazil,South Dylanhaven,At-Risk,2022-12-16,Tablet
3156,Tammy,Bean,tammy.bean893@gmail.com,45,Other,Germany,Welchland,Returning,2019-06-14,Desktop
3157,Amber,Henderson,amber.henderson772@hotmail.com,18,Other,Saudi Arabia,Lake Carolfurt,,2024-02-25,Desktop
3158,George,Kennedy,george.kennedy329@yahoo.com,20,Female,U.S.A.,North Angela,New,2022-03-08,Mobile
3159,Mary,Allen,mary.allen516@gmail.com,25,Other,BRAZIL,Brownburgh,New,2024-12-18,Mobile
3160,Robert,Chambers,robert.chambers284@yahoo.com,34,Male,India,Josephmouth,New,2023-10-26,Desktop
3161,Patrick,Curtis,patrick.curtis382@hotmail.com,49,Female,Australia,Matthewhaven,Churned,2023-01-30,Mobile
3162,Nancy,Yoder,nancy.yoder498@gmail.com,21,Other,Nigeria,North Jill,Returning,2020-10-08,Tablet
3163,Dorothy,Barrett,dorothy.barrett850@yahoo.com,46,Male,South Africa,Lake Natalie,New,2020-04-15,Mobile
3164,Candice,Richards,candice.richards727@gmail.com,24,Other,South Africa,South Michael,Returning,2019-01-20,Tablet
3165,Andrea,Adams,andrea.adams846@yahoo.com,39,Other,Australia,Morrowton,New,2020-07-01,Mobile
3166,Nicholas,Juarez,nicholas.juarez463@gmail.com,57,Other,Japan,Port Kelly,New,2021-04-02,Mobile
3167,Dean,Hubbard,dean.hubbard820@hotmail.com,18,Other,Philippines,Bobbystad,New,2020-05-02,Tablet
3168,Kathryn,Scott,kathryn.scott829@gmail.com,40,Male,United Kingdom,Clarkeview,New,2023-01-29,Desktop
3169,Tara,Russo,tara.russo914@hotmail.com,18,Female,Australia,Maryhaven,At-Risk,2022-04-13,Desktop
3170,David,Sawyer,david.sawyer83@hotmail.com,30,Female,UAE,Boltonbury,Returning,2022-02-08,Desktop
3171,Joshua,Joseph,joshua.joseph296@yahoo.com,39,Male,United States,East Susan,At-Risk,2020-05-20,Desktop
3172,Benjamin,Powell,benjamin.powell169@yahoo.com,29,Female,Britain,Campbellland,Returning,2019-10-11,Desktop
3173,Bonnie,Bradley,bonnie.bradley714@yahoo.com,47,Male,United States,East Kaitlyn,Returning,2024-09-15,Mobile
3174,Jacob,Warren,jacob.warren155@gmail.com,31,Male,US,South Anne,VIP,2019-10-10,Tablet
3175,Patrick,Sanders,patrick.sanders975@yahoo.com,34,Other,Australia,Thompsonstad,Churned,2021-04-05,Desktop
3176,Tricia,Kerr,tricia.kerr301@hotmail.com,46,Female,India,New Robin,Returning,2022-08-14,Tablet
3177,STEPHANIE,Kelley,stephanie.kelley555@gmail.com,56,Male,United States,Karenfort,At-Risk,2024-03-10,Mobile
3178,ricardo,Robertson,ricardo.robertson356@hotmail.com,44,Female,France,Hayesburgh,New,2021-03-26,Mobile
3179,Kimberly,Smith,kimberly.smith756@gmail.com,29,Other,United States,West Alicia,Returning,2019-04-18,Desktop
3180,Stacey,Aguirre,stacey.aguirre299@hotmail.com,51,Male,Nigeria,North Mark,At-Risk,2022-08-14,Desktop
3181,Julie,Cherry,julie.cherry23@hotmail.com,30,Male,Brazil,East Vickiefurt,Returning,2019-01-22,Tablet
3182,Adam,Jones,adam.jones661@yahoo.com,49,Female,Germany,Lake Tiffanymouth,Churned,2024-07-30,Mobile
3183,Dylan,Jensen,dylan.jensen593@hotmail.com,18,Female,Indonesia,Port Kevinbury,Returning,2024-02-12,Tablet
3184,Monica,Simon,monica.simon662@hotmail.com,39,Female,United Kingdom,East Kevintown,Returning,2020-03-23,Mobile
3185,Lisa,Simpson,lisa.simpson608@gmail.com,42,Other,spain,Andersonshire,VIP,2022-09-04,Tablet
3186,Ryan,Murphy,,43,Other,United Kingdom,Phillipsberg,At-Risk,2020-10-12,Mobile
3187,ALEXANDER,Oliver,alexander.oliver469@hotmail.com,35,Female,United States,North April,Churned,2020-05-26,Tablet
3188,Marie,Johnson,marie.johnson136@yahoo.com,37,Female,Netherlands,Pattersonville,At-Risk,2022-09-25,Desktop
3189,Jose,Bullock,jose.bullock809@yahoo.com,37,Female,Mexico,New Shelby,Returning,2023-12-18,Desktop
3190,Amy,Kaufman,amy.kaufman496@gmail.com,47,Female,U.S.A.,Richardberg,VIP,2024-04-10,Mobile
3191,Christopher,Hopkins,christopher.hopkins789@gmail.com,62,Male,India,South Christinachester,Returning,2019-08-09,Desktop
3192,Alicia,Armstrong,alicia.armstrong362@yahoo.com,36,Female,United Kingdom,Port Kathy,New,2024-06-28,Mobile
3193,Dawn,Wise,dawn.wise980@gmail.com,31,Male,Indonesia,Johnport,New,2021-12-11,Tablet
3194,David,Martin,david.martin947@gmail.com,30,Male,Canada,Lake Jamesmouth,Returning,2024-02-07,Tablet
3195,Collin,Williams,collin.williams549@yahoo.com,23,Female,Spain,Gonzalezburgh,At-Risk,2019-06-10,Desktop
3196,Vicki,Bailey,vicki.bailey997@gmail.com,40,Male,United Kingdom,Millershire,New,2023-07-28,Tablet
3197,Harry,Williams,harry.williams710@hotmail.com,29,Other,France,Marthashire,Returning,2022-08-02,Desktop
3198,Chad,Gonzalez,chad.gonzalez166@yahoo.com,38,Male,United Kingdom,East Steve,Returning,2020-02-21,Desktop
3199,jessica,Patrick,jessica.patrick43@yahoo.com,18,Female,Spain,Melanieport,At-Risk,2022-04-19,Tablet
3200,Aaron,Nelson,aaron.nelson130@yahoo.com,47,Female,Canada,South Karaside,At-Risk,2021-06-30,Mobile
3201,David,Perez,david.perez379@gmail.com,30,Male,South Africa,Lake Marychester,Returning,2020-12-05,Desktop
3202,Kimberly,Franklin,kimberly.franklin576@yahoo.com,62,Other,Canada,Lake Angelastad,Returning,2019-07-16,Desktop
3203,Heather,Woodward,heather.woodward682@gmail.com,18,Female,Japan,Christianstad,VIP,2021-04-20,Mobile
3204,Teresa,Johnson,teresa.johnson152@gmail.com,29,Female,Netherlands,Williamstad,Churned,2021-01-28,Mobile
3205,Judy,Daniel,judy.daniel553@gmail.com,46,Male,France,Paulamouth,VIP,2020-07-24,Tablet
3206,Jennifer,Harvey,jennifer.harvey309@hotmail.com,24,Male,Australia,Johnville,Churned,2024-07-12,Desktop
3207,Brandon,Vasquez,,33,Female,UK,North Justinshire,Returning,2020-06-22,Desktop
3208,Maria,Smith,maria.smith971@yahoo.com,52,Female,United States,Patriciaville,Returning,2022-03-28,Mobile
3209,Traci,Vang,traci.vang160@gmail.com,75,Male,Indonesia,East Christopher,Churned,2022-03-28,Tablet
3210,Erin,Chapman,erin.chapman560@yahoo.com,44,Other,U.S.A.,Port Shelby,Returning,2023-05-22,Mobile
3211,John,Watson,john.watson663@hotmail.com,18,Other,Spain,Cohenview,Returning,2022-10-08,Mobile
3212,Heather,Smith,heather.smith486@yahoo.com,23,Female,Brazil,East Peterburgh,At-Risk,2022-08-25,Tablet
3213,Matthew,Arellano,matthew.arellano683@yahoo.com,32,Male,United Arab Emirates,Heatherborough,Returning,2024-03-14,Tablet
3214,jennifer,Cooper,jennifer.cooper747@yahoo.com,39,Female,,East Brian,New,2020-02-21,Mobile
3215,Tricia,Evans,tricia.evans706@gmail.com,18,Male,United Kingdom,Port Kaylachester,VIP,2021-12-03,Tablet
3216,William,Hanna,william.hanna491@hotmail.com,33,Male,Spain,Riddleton,New,2022-07-31,Desktop
3217,Blake,Shelton,,18,Other,United Kingdom,New Maryport,New,2024-03-11,Desktop
3218,Christian,Gonzalez,christian.gonzalez316@gmail.com,48,Male,United Kingdom,Grayville,New,2021-01-04,Mobile
3219,Joshua,Morgan,joshua.morgan633@gmail.com,22,Male,India,Frankfurt,Returning,2020-06-11,Mobile
3220,Dominique,Rodriguez,dominique.rodriguez366@hotmail.com,40,Male,Canada,Johnsonmouth,New,2023-10-16,Mobile
3221,Emily,Moore,emily.moore57@gmail.com,25,Other,Spain,Jeremiahfort,Returning,2023-01-25,Tablet
3222,Thomas,Crane,thomas.crane200@yahoo.com,49,Other,Australia,Kennethton,Returning,2024-03-07,Tablet
3223,Erika,Shelton,erika.shelton228@gmail.com,23,Female,United States,North Scott,Returning,2019-05-20,Desktop
3224,Peter,Jones,,47,Male,Canada,Jessicashire,Returning,2020-08-19,Tablet
3225,Nancy,Tucker,nancy.tucker870@yahoo.com,34,Female,Brazil,Andersonchester,Returning,2020-01-29,Tablet
3226,Mark,Blake,mark.blake688@yahoo.com,62,Male,Egypt,West Jessetown,VIP,2019-10-30,Tablet
3227,Patrick,Singh,patrick.singh404@yahoo.com,59,Male,Nigeria,East Nathanielside,Returning,2024-06-10,Mobile
3228,Adam,Meadows,adam.meadows326@hotmail.com,40,Other,France,Williamston,VIP,2021-05-11,Tablet
3229,Bob,Foster,bob.foster524@yahoo.com,27,Male,Nigeria,West Bradleyhaven,New,2024-04-27,Tablet
3230,Christopher,Schultz,christopher.schultz370@yahoo.com,37,Female,Egypt,New Amyville,VIP,2019-01-24,Desktop
3231,Javier,Williams,javier.williams734@gmail.com,18,Female,Germany,North Linda,New,2020-06-03,Mobile
3232,Anthony,Diaz,anthony.diaz396@gmail.com,58,Female,India,Matthewborough,Returning,2023-08-09,Desktop
3233,Steve,Watson,steve.watson292@yahoo.com,38,Female,United Arab Emirates,Jesseville,VIP,2022-06-12,Mobile
3234,Madison,Costa,madison.costa316@gmail.com,25,Female,South Africa,New Jenniferchester,Returning,2019-04-05,Tablet
3235,Michelle,Ford,michelle.ford90@yahoo.com,26,Male,France,Dorothyview,Returning,2023-11-13,Tablet
3236,Tina,Garza,tina.garza910@gmail.com,30,Female,Brazil,West Justinside,Returning,2024-10-10,Tablet
3237,Juan,Mitchell,juan.mitchell426@yahoo.com,36,Female,USA,New Christopher,At-Risk,2022-05-06,Mobile
3238,Crystal,Martinez,crystal.martinez168@hotmail.com,55,Other,Canada,Baileystad,Churned,2022-03-05,Mobile
3239,Justin,Combs,justin.combs747@yahoo.com,34,Female,United States,Raymondfurt,VIP,2019-12-10,Desktop
3240,Gary,Bauer,gary.bauer856@yahoo.com,33,Other,Netherlands,North Trevor,Returning,2021-12-20,Tablet
3241,Leslie,Russell,leslie.russell89@gmail.com,37,Male,Mexico,Port Ricky,At-Risk,2023-11-12,Desktop
3242,Mary,Collins,mary.collins311@yahoo.com,44,Female,Canada,South Alexmouth,Returning,2024-03-07,Tablet
3243,Eric,Fisher,eric.fisher344@yahoo.com,37,Male,,East Jamesland,Churned,2021-03-12,Tablet
3244,Michael,Jones,michael.jones775@gmail.com,33,Female,  Australia  ,North Scottland,Returning,2021-07-16,Desktop
3245,lisa,Stewart,lisa.stewart7@gmail.com,18,Female,united states,Alishashire,At-Risk,2019-05-16,Tablet
3246,David,Scott,david.scott937@gmail.com,39,Female,Spain,East Brittany,New,2020-11-04,Mobile
3247,Ashley,Brown,ashley.brown180@yahoo.com,43,Other,France,Jessicastad,New,2020-04-13,Mobile
3248,Erin,Flores,,51,Other,Netherlands,West Jenniferville,VIP,2022-06-08,Desktop
3249,Jill,Blake,jill.blake205@hotmail.com,62,Male,US,Grahamport,Returning,2024-02-01,Mobile
3250,Richard,Lewis,richard.lewis297@yahoo.com,47,Other,,Mcclureside,New,2020-05-29,Mobile
3251,Nicole,Reeves,nicole.reeves44@yahoo.com,43,Female,France,Courtneyside,New,2021-10-04,Tablet
3252,Amy,Smith,amy.smith312@hotmail.com,39,Female,Mexico,Williamsburgh,At-Risk,2024-10-27,Tablet
3253,Victoria,Benson,victoria.benson758@yahoo.com,42,Female,India,New Josephtown,VIP,2023-11-01,Desktop
3254,CRAIG,Lopez,craig.lopez28@gmail.com,40,Male,United States,Ryanbury,Returning,2020-04-20,Desktop
3255,Melissa,Thomas,melissa.thomas269@hotmail.com,38,Female,Saudi Arabia,Lewisberg,At-Risk,2020-04-05,Tablet
3256,Yesenia,Sullivan,yesenia.sullivan855@yahoo.com,18,Other,United States,East Mistyberg,New,2020-12-06,Mobile
3257,Kathryn,Ochoa,kathryn.ochoa128@yahoo.com,19,Other,Brazil,Williamsonshire,Churned,2022-12-01,Tablet
3258,  Jonathan  ,Gonzales,jonathan.gonzales915@gmail.com,24,Female,Philippines,East Jennifer,VIP,2024-03-15,Mobile
3259,Denise,Williams,denise.williams184@gmail.com,37,Female,UK,North Barbara,Returning,2020-07-04,Tablet
3260,Victoria,Brown,victoria.brown661@hotmail.com,50,Male,India,East Kathleen,VIP,2020-01-19,Desktop
3261,Joshua,Taylor,joshua.taylor123@yahoo.com,28,Female,GERMANY,Kellershire,Churned,2022-02-24,Mobile
3262,Pamela,Smith,pamela.smith994@hotmail.com,20,Male,France,Riveramouth,VIP,2024-03-03,Tablet
3263,Mark,Adams,mark.adams764@yahoo.com,25,Female,Brazil,South Brian,,2024-07-21,Tablet
3264,Mario,Carroll,mario.carroll493@hotmail.com,46,Other,Australia,East Andreabury,Churned,2019-09-30,Mobile
3265,Adam,Collier,adam.collier890@yahoo.com,38,Female,Germany,East Emily,Churned,2020-02-08,Tablet
3266,Katherine,Haney,katherine.haney703@hotmail.com,49,Female,France,East Trevor,Returning,2021-10-21,Tablet
3267,Jeffery,Crosby,jeffery.crosby838@yahoo.com,60,Male,Australia,South Richardport,New,2023-05-19,Mobile
3268,Anthony,Lang,anthony.lang525@gmail.com,18,Other,Nigeria,New Michael,Returning,2020-06-05,Tablet
3269,Lauren,Rogers,lauren.rogers18@yahoo.com,23,Female,U.S.A.,New Wesley,New,2020-10-28,Desktop
3270,Crystal,Miller,crystal.miller596@gmail.com,39,Male,Japan,Moodyport,New,2023-05-14,Desktop
3271,David,Crawford,david.crawford328@gmail.com,35,Female,United Kingdom,Kennedystad,New,2022-01-14,Tablet
3272,Ronnie,Fisher,,37,Female,United States,Port Saraburgh,At-Risk,2019-01-31,Desktop
3273,Billy,Mann,billy.mann55@gmail.com,39,Female,United Kingdom,Cynthiafurt,New,2024-04-18,Mobile
3274,Laura,Bautista,laura.bautista430@hotmail.com,47,Other,Australia,West Ashleyview,Churned,2020-11-21,Mobile
3275,Todd,Willis,todd.willis50@gmail.com,45,Female,France,New Holly,New,2022-06-04,Mobile
3276,Todd,Andrews,todd.andrews543@hotmail.com,25,Other,Australia,Meganland,New,2020-07-18,Desktop
3277,  Robin  ,Hunter,robin.hunter527@gmail.com,28,Male,United Arab Emirates,Lisatown,New,2024-03-14,Tablet
3278,Carla,Mcbride,carla.mcbride188@gmail.com,44,Male,Philippines,Port Robert,New,2024-03-26,Tablet
3279,Kenneth,Anderson,kenneth.anderson771@hotmail.com,37,Male,Philippines,New Jonathan,Returning,2021-04-14,Tablet
3280,David,Moore,david.moore331@hotmail.com,38,Female,UNITED ARAB EMIRATES,Lake Michelleville,Returning,2020-12-23,Tablet
3281,Keith,Cantu,keith.cantu820@gmail.com,33,Female,United States,Allenland,Churned,2020-02-04,Mobile
3282,Shannon,Figueroa,shannon.figueroa702@gmail.com,20,Other,united states,East Lisa,Returning,2024-10-31,Tablet
3283,Jacqueline,Torres,jacqueline.torres372@yahoo.com,43,Male,,Geraldburgh,New,2021-01-17,Tablet
3284,JENNIFER,Francis,,62,Female,India,Brownhaven,New,2023-08-24,Desktop
3285,Alicia,Stout,alicia.stout14@gmail.com,25,Male,U.S.A.,South Alicia,New,2022-04-11,Tablet
3286,Timothy,Rivera,timothy.rivera289@hotmail.com,28,Female,Japan,Carloshaven,New,2019-04-19,Mobile
3287,Heidi,Archer,heidi.archer422@gmail.com,48,Female,Japan,Barbarastad,Returning,2021-05-28,Desktop
3288,Taylor,Petty,taylor.petty105@hotmail.com,36,Male,Germany,Petermouth,Returning,2022-02-03,Desktop
3289,Gloria,Hanson,gloria.hanson516@hotmail.com,41,Male,Germany,Leeside,At-Risk,2020-06-12,Desktop
3290,Adam,Oliver,,22,Other,Egypt,East Randall,Returning,2019-09-19,Tablet
3291,mary,Brown,mary.brown707@gmail.com,21,Other,  Spain  ,Millerfurt,Returning,2019-10-18,Tablet
3292,  Corey  ,Morris,corey.morris730@yahoo.com,29,Other,UK,Cohenchester,New,2024-09-14,Tablet
3293,MARK,Wade,mark.wade775@hotmail.com,41,Male,Britain,Morrisstad,Returning,2024-04-30,Mobile
3294,Michael,Esparza,michael.esparza472@gmail.com,29,Male,Australia,Thomasview,Returning,2019-01-13,Desktop
3295,Brian,Mills,brian.mills839@yahoo.com,32,Male,France,Stokesberg,Returning,2020-09-29,Desktop
3296,Brian,Jones,brian.jones492@yahoo.com,35,Female,India,Jonathanville,VIP,2019-12-04,Mobile
3297,Patricia,Hensley,patricia.hensley708@yahoo.com,41,Female,United Kingdom,Port Williamfort,VIP,2024-08-06,Desktop
3298,Adam,Solis,adam.solis837@gmail.com,24,Female,Germany,New Richard,VIP,2022-03-16,Tablet
3299,Ronald,Hunt,ronald.hunt536@gmail.com,34,Female,Japan,Loriton,New,2023-05-19,Desktop
3300,Shawn,Mullen,shawn.mullen727@yahoo.com,29,Female,Spain,North Nicole,Returning,2020-10-15,Desktop
3301,Sharon,Moore,sharon.moore763@gmail.com,18,Male,Australia,Brownton,Returning,2023-10-13,Desktop
3302,Marvin,Williams,marvin.williams132@hotmail.com,48,Other,Australia,North Tonya,VIP,2023-08-30,Desktop
3303,Joshua,Jones,joshua.jones705@yahoo.com,19,Male,United Kingdom,New Kaylaland,New,2023-12-10,Mobile
3304,Thomas,Washington,thomas.washington129@hotmail.com,32,Male,canada,Taylorview,VIP,2021-01-07,Desktop
3305,Eric,Adams,eric.adams81@gmail.com,28,Female,philippines,Paulview,Returning,2022-02-27,Tablet
3306,Kent,Rocha,kent.rocha782@yahoo.com,43,Male,Saudi Arabia,West Karen,VIP,2021-04-07,Desktop
3307,Hayley,Evans,hayley.evans20@hotmail.com,30,Female,United Kingdom,New Marcbury,New,2022-06-09,Mobile
3308,Erica,Beasley,,38,Male,United Arab Emirates,East Dianechester,Returning,2019-01-03,Desktop
3309,Jennifer,King,jennifer.king34@gmail.com,28,Other,Italy,Port Jesusland,New,2021-02-14,Tablet
3310,ALYSSA,Proctor,alyssa.proctor608@gmail.com,49,Male,United Kingdom,Abigailtown,Returning,2021-10-23,Mobile
3311,Megan,Hernandez,megan.hernandez122@gmail.com,18,Female,,New Juliemouth,New,2021-10-29,Desktop
3312,Amanda,Stevens,amanda.stevens68@hotmail.com,23,Female,Germany,Stephanieville,At-Risk,2022-12-08,Tablet
3313,Carl,Lam,carl.lam11@hotmail.com,25,Male,Spain,Victoriahaven,Returning,2023-05-01,Desktop
3314,James,Mason,james.mason943@hotmail.com,18,Other,Mexico,Port Catherine,VIP,2023-09-20,Desktop
3315,Abigail,Sanders,abigail.sanders602@hotmail.com,43,Male,Nigeria,Danielchester,VIP,2019-12-15,Desktop
3316,Deborah,Robinson,deborah.robinson687@yahoo.com,56,Female,United Kingdom,Lake Dawnside,Returning,2021-04-05,Desktop
3317,Cindy,Ramirez,cindy.ramirez93@yahoo.com,27,Male,Philippines,Robersonport,New,2024-07-26,Tablet
3318,Jason,Sweeney,jason.sweeney965@yahoo.com,35,Female,Japan,Lake Aaron,Returning,2021-06-01,Tablet
3319,Megan,Lewis,megan.lewis357@hotmail.com,36,Female,United Kingdom,West Christopherhaven,New,2024-07-16,Desktop
3320,Lauren,Davis,lauren.davis876@hotmail.com,50,Other,Germany,West Kimberly,New,2024-04-26,Tablet
3321,Madeline,Underwood,madeline.underwood628@hotmail.com,42,Male,Brazil,Robertside,At-Risk,2022-07-24,Tablet
3322,Andrew,Fisher,andrew.fisher584@gmail.com,36,Male,Mexico,East Steve,Returning,2019-11-13,Desktop
3323,Desiree,Wilson,desiree.wilson840@hotmail.com,34,Other,Netherlands,East Nicolebury,New,2021-10-30,Desktop
3324,Maria,Brown,maria.brown542@hotmail.com,49,Male,United States,Stewartview,At-Risk,2024-03-27,Tablet
3325,Jennifer,Burton,jennifer.burton197@yahoo.com,47,Female,Saudi Arabia,Lake Pamelaview,New,2023-11-10,Desktop
3326,Tracey,Carpenter,tracey.carpenter924@hotmail.com,38,Other,India,Chadmouth,Returning,2021-07-10,Desktop
3327,Lee,Harris,lee.harris997@hotmail.com,50,Other,Canada,Port Natalieside,Returning,2022-03-30,Desktop
3328,Gina,Cameron,gina.cameron947@hotmail.com,42,Male,japan,South Willie,New,2021-02-11,Tablet
3329,Calvin,Snyder,calvin.snyder872@gmail.com,40,Other,Philippines,Mikefurt,Returning,2020-01-03,Mobile
3330,Margaret,Clark,margaret.clark376@yahoo.com,50,Other,U.S.A.,Jenkinshaven,,2019-02-20,Tablet
3331,Eric,Smith,eric.smith190@yahoo.com,18,Female,United States,Millerbury,Returning,2022-07-24,Tablet
3332,Erin,White,erin.white981@hotmail.com,41,Male,Brazil,Lake Melissaland,New,2022-04-13,Desktop
3333,Lindsay,Garcia,lindsay.garcia855@hotmail.com,32,Female,,Booneville,Returning,2022-01-24,Mobile
3334,Dennis,Stokes,dennis.stokes435@hotmail.com,42,Male,United States,Smithfurt,Churned,2021-04-30,Tablet
3335,Kathleen,Sheppard,kathleen.sheppard234@gmail.com,27,Female,Germany,North Shawnberg,Returning,2020-04-25,Desktop
3336,Kimberly,Lawrence,kimberly.lawrence780@gmail.com,33,Female,India,Tranbury,VIP,2020-05-05,Desktop
3337,Rebecca,Dixon,rebecca.dixon478@yahoo.com,34,Male,Italy,Catherinemouth,New,2024-07-11,Tablet
3338,John,Stewart,john.stewart140@yahoo.com,33,Female,Netherlands,Murphyhaven,New,2022-09-07,Mobile
3339,Michelle,Logan,michelle.logan722@gmail.com,30,Female,Brazil,West Michael,New,2021-09-04,Tablet
3340,Lauren,Ramos,lauren.ramos740@hotmail.com,48,Male,United States,Port Georgeborough,New,2019-08-08,Desktop
3341,Mark,Chen,mark.chen336@hotmail.com,31,Female,India,Scottton,Returning,2021-02-22,Desktop
3342,Dawn,Warren,dawn.warren395@hotmail.com,26,Female,Spain,New Joshua,VIP,2023-12-07,Mobile
3343,Jose,Collins,jose.collins615@hotmail.com,18,Other,Australia,North Teresa,Returning,2020-11-13,Mobile
3344,Kyle,Webb,kyle.webb704@gmail.com,57,Female,Netherlands,Port Elijahbury,New,2024-11-12,Desktop
3345,  Laura  ,Rosales,laura.rosales568@gmail.com,38,Female,Netherlands,Nicholsmouth,New,2019-09-07,Mobile
3346,Courtney,Long,,33,Female,US,Lake Benjaminmouth,Returning,2024-04-08,Desktop
3347,Shannon,Griffin,shannon.griffin878@gmail.com,18,Male,UAE,East Danielle,Returning,2020-10-24,Mobile
3348,Kimberly,Adams,,44,Other,Canada,Josefort,New,2022-06-12,Mobile
3349,Kelly,Herman,kelly.herman184@gmail.com,26,Male,Italy,Swansonchester,Returning,2024-09-20,Tablet
3350,  Lisa  ,Jones,lisa.jones504@gmail.com,44,Other,Brazil,New Luis,At-Risk,2020-04-24,Desktop
3351,Victor,Stanley,,31,Female,U.K.,Brandifort,At-Risk,2021-03-13,Tablet
3352,Jasmine,Moore,jasmine.moore675@hotmail.com,47,Other,France,Lake Scott,New,2019-08-17,Desktop
3353,Phillip,Hansen,phillip.hansen123@hotmail.com,54,Male,Canada,Lake Benjamin,Returning,2022-05-22,Mobile
3354,Christopher,Hansen,christopher.hansen411@hotmail.com,49,Other,Germany,Dawnbury,VIP,2020-05-11,Tablet
3355,Kevin,Bennett,kevin.bennett105@hotmail.com,42,Other,United Kingdom,Caseystad,New,2022-10-05,Desktop
3356,Jonathan,Wright,jonathan.wright67@yahoo.com,28,Female,Nigeria,Johnsonmouth,At-Risk,2024-06-17,Desktop
3357,Kevin,Norton,kevin.norton347@yahoo.com,55,Male,India,Paulville,At-Risk,2021-01-26,Tablet
3358,Crystal,Kelly,crystal.kelly865@yahoo.com,26,Female,Canada,Lake Tonyville,Returning,2021-07-19,Desktop
3359,Scott,Rogers,scott.rogers239@gmail.com,18,Female,Nigeria,North William,New,2019-07-26,Tablet
3360,Anne,Jones,anne.jones512@yahoo.com,33,Female,United States,East Kristinport,Returning,2024-01-10,Tablet
3361,Elizabeth,Hughes,elizabeth.hughes785@gmail.com,22,Other,Germany,Lisaborough,Churned,2023-03-01,Tablet
3362,Lisa,Roberts,lisa.roberts280@hotmail.com,42,Other,United Kingdom,New Lisa,VIP,2024-02-27,Mobile
3363,Amanda,Roberts,amanda.roberts365@hotmail.com,31,Female,SAUDI ARABIA,East Kelli,VIP,2019-03-04,Tablet
3364,Edward,Nixon,edward.nixon618@hotmail.com,55,Female,Australia,Tanyatown,Returning,2022-06-14,Mobile
3365,Debbie,Cruz,debbie.cruz524@gmail.com,45,Female,nigeria,New Pamelachester,Returning,2021-04-06,Desktop
3366,Steve,Greene,steve.greene787@yahoo.com,55,Female,Canada,Gutierrezland,New,2019-01-04,Desktop
3367,Wendy,Francis,wendy.francis126@gmail.com,40,Female,Mexico,Gordonton,Returning,2019-10-22,Mobile
3368,Melinda,Anderson,melinda.anderson510@hotmail.com,45,Male,Netherlands,West Christina,Returning,2022-04-07,Tablet
3369,Charles,Hinton,charles.hinton966@hotmail.com,31,Male,Saudi Arabia,Stantonside,VIP,2020-04-28,Desktop
3370,Robert,Howard,robert.howard102@hotmail.com,46,Other,United Kingdom,North Thomasmouth,Returning,2022-09-07,Desktop
3371,Mark,Reid,mark.reid851@yahoo.com,22,Male,Brazil,Martinezport,Returning,2019-02-28,Mobile
3372,Frank,Sanchez,frank.sanchez695@yahoo.com,37,Male,United States,South Kevinfurt,Churned,2024-06-12,Desktop
3373,Ryan,Parker,ryan.parker392@yahoo.com,46,Other,Japan,North Andreabury,Returning,2021-12-08,Tablet
3374,David,Robinson,david.robinson335@hotmail.com,39,Male,India,Jillfurt,VIP,2024-05-11,Mobile
3375,Cynthia,Kelly,cynthia.kelly637@gmail.com,42,Other,France,South Gina,Churned,2021-04-03,Desktop
3376,Nicole,Cain,nicole.cain779@yahoo.com,38,Male,Japan,North Javierside,New,2020-12-09,Tablet
3377,Teresa,Paul,teresa.paul770@yahoo.com,35,Other,Australia,Bryanborough,Returning,2023-12-28,Mobile
3378,KIMBERLY,Nelson,kimberly.nelson812@yahoo.com,46,Female,United States,Nancyfurt,Returning,2021-11-20,Desktop
3379,Henry,Lozano,henry.lozano301@gmail.com,55,Other,Spain,West Taylorbury,Churned,2024-09-27,Mobile
3380,Carl,Buckley,carl.buckley503@yahoo.com,28,Other,Brazil,Simonland,New,2021-03-29,Mobile
3381,Timothy,Carpenter,timothy.carpenter556@gmail.com,56,Female,Saudi Arabia,West Christopher,VIP,2020-07-25,Tablet
3382,Kimberly,Ellis,kimberly.ellis560@hotmail.com,43,Male,Germany,Lawrencemouth,VIP,2020-04-13,Desktop
3383,Dennis,Watts,dennis.watts441@yahoo.com,34,Male,France,New Marcobury,New,2021-08-23,Mobile
3384,Debra,Coleman,debra.coleman461@hotmail.com,30,Female,USA,North Holly,New,2023-10-29,Mobile
3385,Wayne,Brown,wayne.brown454@hotmail.com,49,Female,indonesia,Hannaland,Returning,2020-11-14,Desktop
3386,Brandi,Nguyen,brandi.nguyen34@gmail.com,42,Male,Brazil,Jeremyfort,Churned,2022-03-17,Tablet
3387,George,Garcia,george.garcia676@gmail.com,42,Female,egypt,Lindseyland,New,2022-04-17,Tablet
3388,Connor,Gilbert,connor.gilbert169@yahoo.com,26,Female,Netherlands,Rodneyberg,At-Risk,2020-12-25,Mobile
3389,Shawn,Brown,shawn.brown138@hotmail.com,34,Female,India,East Michelleshire,Returning,2022-12-09,Tablet
3390,John,Stokes,john.stokes399@gmail.com,31,Female,Canada,Sheriburgh,Churned,2023-03-29,Desktop
3391,James,Powell,james.powell583@gmail.com,30,Other,Canada,East Brian,Returning,2024-10-02,Mobile
3392,Ryan,Rogers,ryan.rogers676@hotmail.com,34,Other,France,Reneetown,New,2023-01-19,Tablet
3393,Ruth,Taylor,ruth.taylor553@yahoo.com,38,Other,Indonesia,North Keithberg,Returning,2019-03-01,Mobile
3394,ROBERT,Johnson,robert.johnson488@yahoo.com,33,Other,Germany,West Luisshire,Returning,2022-05-25,Desktop
3395,Andrew,Bird,andrew.bird519@yahoo.com,26,Male,South Africa,Orozcoborough,Returning,2024-02-03,Mobile
3396,April,Anderson,april.anderson270@gmail.com,54,Female,Australia,Benjaminmouth,Returning,2020-05-23,Tablet
3397,Tiffany,Anderson,tiffany.anderson995@hotmail.com,34,Female,AUSTRALIA,North Nathan,Returning,2019-11-03,Tablet
3398,Anthony,Woodward,anthony.woodward693@hotmail.com,32,Female,Japan,Port Charlesborough,At-Risk,2020-07-14,Mobile
3399,Kristopher,Walker,kristopher.walker329@gmail.com,43,Male,Spain,East Darlene,Returning,2021-03-07,Desktop
3400,Zachary,Moses,zachary.moses605@gmail.com,31,Male,united arab emirates,East John,New,2022-08-02,Desktop
3401,Matthew,Heath,matthew.heath858@hotmail.com,37,Female,Canada,Mathewborough,VIP,2020-10-28,Mobile
3402,Vincent,Evans,vincent.evans829@yahoo.com,53,Other,Mexico,Pattersontown,New,2020-01-15,Tablet
3403,Brandy,Jordan,brandy.jordan28@gmail.com,35,Other,India,Gordonton,At-Risk,2023-05-18,Mobile
3404,Brandy,Kelly,brandy.kelly390@yahoo.com,30,Male,saudi arabia,Fieldsfort,Returning,2022-10-01,Mobile
3405,Michelle,Sanchez,michelle.sanchez354@hotmail.com,31,Female,Egypt,Gregoryfort,New,2023-12-25,Mobile
3406,Michael,Davenport,michael.davenport360@gmail.com,54,Male,Germany,Haleyfurt,Returning,2024-11-21,Tablet
3407,Richard,Cervantes,richard.cervantes251@hotmail.com,31,Male,France,West Tonyfurt,At-Risk,2024-10-05,Desktop
3408,Mitchell,Sanchez,mitchell.sanchez664@hotmail.com,49,Female,Spain,New Sabrinachester,New,2020-10-19,Tablet
3409,Joseph,Patton,joseph.patton87@yahoo.com,50,Other,India,East Richard,New,2022-06-28,Desktop
3410,Nathan,Roberts,nathan.roberts890@yahoo.com,22,Female,Canada,Sandrafurt,At-Risk,2021-08-09,Desktop
3411,Louis,Hall,louis.hall346@gmail.com,44,Male,United States,Martinezshire,VIP,2022-04-23,Desktop
3412,Matthew,Wright,matthew.wright552@yahoo.com,27,Female,Australia,Lake Kari,Returning,2021-04-30,Desktop
3413,Sandra,Hernandez,sandra.hernandez472@gmail.com,36,Other,Germany,Thomasburgh,Returning,2022-11-05,Mobile
3414,Michelle,Wolfe,michelle.wolfe582@yahoo.com,32,Other,Italy,Lake Colleen,Returning,2024-08-02,Mobile
3415,Mario,Lewis,mario.lewis274@hotmail.com,51,Male,United Kingdom,Robertmouth,Returning,2021-12-31,Tablet
3416,Ruben,Barnett,ruben.barnett481@gmail.com,50,Other,Italy,Gloverfurt,VIP,2023-05-21,Desktop
3417,Dylan,Cunningham,dylan.cunningham325@hotmail.com,40,Female,United States,New Charlene,New,2024-05-02,Tablet
3418,Amy,Sandoval,amy.sandoval400@yahoo.com,18,Female,Australia,West Michellehaven,New,2019-07-02,Tablet
3419,Phillip,Harrington,phillip.harrington101@hotmail.com,41,Female,Saudi Arabia,Lake Steven,VIP,2019-03-06,Desktop
3420,Andrew,Drake,andrew.drake708@yahoo.com,45,Other,Saudi Arabia,South Brian,Returning,2023-02-23,Desktop
3421,Kimberly,Mejia,,39,Female,Mexico,Amandachester,New,2023-11-20,Tablet
3422,Susan,Mckee,susan.mckee831@gmail.com,36,Other,United Arab Emirates,South Jessica,Churned,2022-06-11,Mobile
3423,David,Krause,david.krause171@yahoo.com,40,Other,Mexico,Bowersshire,Churned,2023-08-11,Mobile
3424,Krista,Ramos,krista.ramos373@gmail.com,52,Female,united states,Dawnberg,VIP,2023-06-29,Desktop
3425,Victoria,Chen,victoria.chen509@yahoo.com,46,Other,  Brazil  ,Maxwellfurt,New,2020-03-25,Desktop
3426,Lisa,Harper,lisa.harper861@yahoo.com,19,Other,United Kingdom,Lake Sarah,Returning,2024-02-29,Desktop
3427,Brianna,Lam,brianna.lam295@gmail.com,31,Female,Italy,South Lori,Returning,2020-07-28,Desktop
3428,Meghan,Miller,meghan.miller305@hotmail.com,28,Other,Australia,East Dawnfurt,Churned,2023-04-24,Mobile
3429,Ashley,Davis,ashley.davis824@yahoo.com,29,Male,Brazil,Mayotown,VIP,2021-06-21,Tablet
3430,Pamela,Walker,pamela.walker761@yahoo.com,19,Male,South Africa,New Daniel,Churned,2019-08-18,Tablet
3431,Peter,Jackson,peter.jackson865@hotmail.com,27,Other,United States,North Richardbury,Returning,2022-05-28,Desktop
3432,Joseph,Richards,joseph.richards607@gmail.com,44,Female,United States,East Jesse,VIP,2024-10-30,Mobile
3433,Jason,Lowery,jason.lowery69@yahoo.com,31,Other,Italy,Douglasborough,New,2024-09-27,Tablet
3434,Joshua,Norton,joshua.norton487@yahoo.com,37,Female,France,Port Annaview,VIP,2019-07-14,Desktop
3435,Bryan,Jones,bryan.jones356@yahoo.com,18,Male,United States,Burketon,Returning,2019-06-11,Tablet
3436,John,Stephens,john.stephens844@gmail.com,18,Female,Egypt,Smithport,Churned,2022-06-21,Tablet
3437,Jennifer,Alvarado,jennifer.alvarado824@gmail.com,18,Female,Japan,North Melindaburgh,Churned,2024-05-11,Mobile
3438,Benjamin,Moreno,benjamin.moreno680@yahoo.com,18,Other,Canada,Frostfurt,Returning,2024-06-29,Mobile
3439,Yvette,Adkins,,41,Female,,East Kellyville,Returning,2024-09-22,Mobile
3440,Kayla,Scott,kayla.scott258@hotmail.com,51,Other,United Kingdom,Kevinview,Returning,2024-04-29,Tablet
3441,Wendy,Clark,wendy.clark465@gmail.com,48,Other,Australia,South Bryanfort,New,2022-05-23,Tablet
3442,Emily,Tucker,emily.tucker185@hotmail.com,36,Male,Britain,East Samanthafurt,At-Risk,2019-05-09,Tablet
3443,Mario,Castillo,mario.castillo721@hotmail.com,32,Other,United Kingdom,Port Tylerborough,At-Risk,2024-04-05,Desktop
3444,Kirsten,Davis,kirsten.davis591@hotmail.com,21,Female,Australia,Saratown,Returning,2024-12-23,Desktop
3445,Kevin,Marshall,kevin.marshall677@gmail.com,47,Other,India,New Angela,VIP,2022-12-06,Mobile
3446,Keith,Wilson,keith.wilson275@hotmail.com,31,Other,Nigeria,Rosalesport,Churned,2020-11-25,Tablet
3447,Regina,Peck,regina.peck829@gmail.com,40,Other,united states,South Thomas,Returning,2022-01-22,Mobile
3448,Travis,Phillips,travis.phillips958@yahoo.com,34,Other,Nigeria,New Charles,New,2022-04-29,Tablet
3449,Tamara,Johnson,tamara.johnson642@hotmail.com,24,Male,Brazil,Turnerville,Returning,2022-12-11,Tablet
3450,Nicholas,Patton,nicholas.patton206@yahoo.com,23,Female,UAE,East Darlene,At-Risk,2019-09-18,Mobile
3451,Justin,Williams,justin.williams152@hotmail.com,23,Male,Saudi Arabia,North Samantha,New,2020-04-22,Desktop
3452,Brett,Carlson,brett.carlson765@yahoo.com,43,Other,U.S.A.,South Carl,New,2022-04-15,Mobile
3453,Lisa,Rogers,lisa.rogers865@yahoo.com,24,Female,United States,Port Diana,Returning,2023-06-09,Mobile
3454,PATRICIA,Smith,patricia.smith327@hotmail.com,37,Male,Canada,Justinland,Returning,2024-08-08,Tablet
3455,Steven,Daniels,steven.daniels209@hotmail.com,42,Female,Canada,Abigailstad,New,2021-07-22,Mobile
3456,Cassandra,Hunter,cassandra.hunter844@hotmail.com,44,Female,Philippines,North Anthony,New,2019-08-21,Tablet
3457,Veronica,Haynes,veronica.haynes165@yahoo.com,33,Female,Philippines,Hayesfurt,Returning,2020-04-01,Tablet
3458,Michael,Wagner,michael.wagner616@gmail.com,39,Male,France,South Danielle,VIP,2019-07-09,Mobile
3459,  Eric  ,Powell,eric.powell245@hotmail.com,18,Male,India,Richardtown,VIP,2020-07-21,Desktop
3460,Morgan,Alvarez,morgan.alvarez197@hotmail.com,45,Male,United States,North Kellyview,New,2019-09-01,Desktop
3461,Jeffrey,Hatfield,jeffrey.hatfield817@yahoo.com,22,Female,Mexico,Callahanview,New,2019-03-30,Mobile
3462,Jackie,Wallace,jackie.wallace498@gmail.com,34,Other,France,North Tanyachester,New,2021-06-15,Mobile
3463,Carol,Chambers,carol.chambers433@gmail.com,23,Other,United States,Taylorberg,New,2019-01-17,Desktop
3464,rickey,Lee,rickey.lee207@hotmail.com,37,Male,philippines,North Michaelburgh,New,2019-11-03,Mobile
3465,Douglas,Hernandez,douglas.hernandez140@gmail.com,31,Male,US,West Alexander,Returning,2020-08-31,Mobile
3466,Mark,Moore,mark.moore809@gmail.com,38,Female,Australia,Zoeshire,Churned,2022-07-28,Tablet
3467,Anthony,Nelson,anthony.nelson564@gmail.com,24,Male,,Shaunville,Churned,2020-05-14,Tablet
3468,Pamela,Garcia,pamela.garcia873@gmail.com,62,Male,Brazil,West Elizabeth,Returning,2023-12-15,Tablet
3469,Sonya,Edwards,sonya.edwards498@yahoo.com,34,Male,France,Penningtonburgh,New,2023-08-06,Desktop
3470,Alyssa,Anderson,alyssa.anderson881@gmail.com,40,Male,Italy,Robertsstad,New,2024-09-26,Mobile
3471,Angela,Williams,angela.williams617@yahoo.com,33,Female,Nigeria,North David,VIP,2022-03-30,Desktop
3472,Melissa,Johnson,melissa.johnson923@yahoo.com,38,Female,US,New Keithmouth,Returning,2020-06-15,Mobile
3473,Chris,Cook,chris.cook688@gmail.com,24,Other,Netherlands,Lake Josefort,Returning,2022-05-02,Desktop
3474,Lauren,Roberts,lauren.roberts407@hotmail.com,29,Other,  France  ,New Benjamin,New,2019-07-06,Desktop
3475,William,Peters,william.peters242@hotmail.com,47,Male,Germany,North Paul,Churned,2023-07-15,Tablet
3476,Tyler,Durham,tyler.durham753@hotmail.com,32,Other,Philippines,Lake Wandamouth,New,2022-05-08,Desktop
3477,Kendra,Contreras,kendra.contreras535@gmail.com,39,Other,France,Port Donna,New,2023-05-09,Tablet
3478,Jennifer,King,jennifer.king973@gmail.com,33,Other,Canada,Carlsontown,Returning,2020-11-29,Mobile
3479,Martin,Morris,martin.morris509@yahoo.com,31,Male,united states,Muellershire,Churned,2022-06-07,Desktop
3480,Heidi,Smith,heidi.smith615@yahoo.com,39,Male,Egypt,New Patricia,Returning,2019-01-02,Mobile
3481,Robert,Oconnell,robert.oconnell338@hotmail.com,31,Other,Egypt,Lake Kennethberg,Returning,2022-02-12,Tablet
3482,Laurie,Patterson,laurie.patterson400@yahoo.com,53,Other,U.K.,Lake Brandonmouth,VIP,2021-07-10,Tablet
3483,John,Chavez,john.chavez242@yahoo.com,39,Female,Germany,Scottton,Churned,2019-07-01,Desktop
3484,Lucas,Wallace,lucas.wallace148@gmail.com,35,Male,Saudi Arabia,South Elizabeth,New,2019-06-01,Desktop
3485,Briana,Arnold,briana.arnold220@gmail.com,32,Female,Saudi Arabia,Jeffreytown,Returning,2022-01-26,Mobile
3486,  James  ,Sharp,james.sharp419@hotmail.com,52,Female,Egypt,Lake Chloe,Returning,2021-05-21,Tablet
3487,Joseph,Stevens,joseph.stevens58@yahoo.com,27,Female,France,West Leah,VIP,2023-11-14,Tablet
3488,Amanda,Leonard,amanda.leonard384@gmail.com,28,Other,Brazil,West Grant,VIP,2020-10-22,Desktop
3489,Adam,Johnson,adam.johnson325@gmail.com,34,Other,United States,Fletcherport,At-Risk,2019-08-31,Mobile
3490,Mark,Wright,mark.wright487@yahoo.com,18,Other,Indonesia,West Amandamouth,Returning,2021-10-01,Desktop
3491,Meghan,Richards,meghan.richards987@gmail.com,50,Female,Spain,Thompsonfort,New,2022-05-18,Desktop
3492,Nicholas,Martin,nicholas.martin372@gmail.com,55,Female,Egypt,Shannonbury,VIP,2024-12-23,Tablet
3493,Jason,Sandoval,jason.sandoval377@hotmail.com,41,Female,United States,Emmaport,Returning,2021-02-25,Desktop
3494,Sarah,Charles,sarah.charles661@yahoo.com,18,Other,Nigeria,New Paul,Returning,2019-04-11,Desktop
3495,Andrew,Clayton,andrew.clayton862@hotmail.com,39,Other,United Kingdom,Longland,Returning,2021-08-27,Tablet
3496,Cory,Phillips,cory.phillips819@gmail.com,49,Male,India,Port David,Returning,2020-10-23,Tablet
3497,Richard,Weaver,richard.weaver940@gmail.com,33,Other,United States,West Gabrielleshire,New,2020-01-21,Desktop
3498,Richard,Munoz,richard.munoz260@yahoo.com,24,Other,France,South Jeffreyberg,Returning,2023-12-01,Mobile
3499,Karen,Maddox,karen.maddox317@gmail.com,33,Other,Egypt,New Eric,Returning,2019-04-09,Tablet
3500,Amanda,Pace,,43,Other,Japan,East Edwardchester,New,2019-07-28,Desktop
3501,Brenda,Rodriguez,brenda.rodriguez548@gmail.com,36,Male,,East Nathaniel,Returning,2020-05-09,Mobile
3502,Cassandra,Miller,,44,Male,USA,North Debbieburgh,VIP,2023-04-02,Mobile
3503,Deborah,Jordan,deborah.jordan950@yahoo.com,35,Female,United Kingdom,East Meagan,Returning,2021-04-05,Mobile
3504,Jennifer,Campbell,jennifer.campbell93@yahoo.com,33,Male,INDONESIA,New Jodystad,Returning,2024-10-25,Mobile
3505,Kyle,Acosta,,36,Male,India,East Aaron,Churned,2023-10-06,Mobile
3506,Maurice,Lara,maurice.lara647@gmail.com,52,Female,Nigeria,Lake Jimmy,At-Risk,2024-10-09,Tablet
3507,Debra,Harrison,debra.harrison417@hotmail.com,40,Male,United Kingdom,West Martinport,Returning,2021-08-24,Mobile
3508,Keith,Sanchez,keith.sanchez888@gmail.com,18,Male,Australia,New Kennethstad,At-Risk,2020-03-05,Mobile
3509,Christina,Gaines,christina.gaines483@gmail.com,33,Other,US,Dicksonchester,At-Risk,2024-10-24,Mobile
3510,Jennifer,Morgan,jennifer.morgan949@yahoo.com,46,Female,United Kingdom,Lake Thomas,Returning,2024-05-17,Tablet
3511,Robert,Martinez,robert.martinez433@hotmail.com,35,Male,Indonesia,New Christopher,New,2023-03-15,Desktop
3512,Manuel,Kelley,manuel.kelley716@yahoo.com,31,Female,France,Port Jenniferton,Returning,2019-12-08,Tablet
3513,John,Leonard,john.leonard68@yahoo.com,33,Female,Mexico,Garrettmouth,Returning,2019-02-22,Mobile
3514,Crystal,Woods,crystal.woods617@yahoo.com,34,Other,Mexico,West John,New,2019-11-28,Tablet
3515,Gabriella,Martinez,gabriella.martinez756@yahoo.com,40,Female,United Kingdom,North Misty,At-Risk,2021-04-09,Mobile
3516,Cynthia,Le,cynthia.le712@hotmail.com,26,Male,United States,Robertfort,New,2019-07-03,Desktop
3517,Justin,Hernandez,justin.hernandez657@yahoo.com,25,Other,Brazil,North Billy,VIP,2024-08-19,Desktop
3518,John,Greer,john.greer646@gmail.com,42,Female,Canada,Port John,At-Risk,2023-03-08,Tablet
3519,Jamie,Green,jamie.green140@yahoo.com,18,Male,INDIA,Jamesborough,Returning,2019-10-05,Mobile
3520,Timothy,Brandt,timothy.brandt205@hotmail.com,53,Other,United States,Dakotaside,Returning,2020-03-17,Mobile
3521,Felicia,Gutierrez,felicia.gutierrez322@hotmail.com,23,Other,Egypt,West Paulahaven,Returning,2019-11-02,Desktop
3522,Clinton,Maxwell,,18,Male,Saudi Arabia,Port Paulstad,New,2019-12-25,Desktop
3523,RONNIE,Carter,ronnie.carter529@yahoo.com,52,Other,India,Glennbury,Returning,2024-03-24,Tablet
3524,Miguel,Trujillo,miguel.trujillo782@yahoo.com,31,Male,United States,West Leslie,Returning,2021-01-26,Tablet
3525,Suzanne,Browning,suzanne.browning703@yahoo.com,44,Female,Japan,Emilymouth,Returning,2024-07-31,Mobile
3526,Paul,Harrison,paul.harrison463@yahoo.com,31,Female,India,Allisonhaven,At-Risk,2020-10-05,Tablet
3527,Ronald,Martin,ronald.martin137@hotmail.com,20,Female,United States,Jeanville,Returning,2019-02-17,Desktop
3528,Richard,Taylor,richard.taylor704@gmail.com,21,Other,,Laneshire,Returning,2021-07-06,Mobile
3529,Patrick,Mcfarland,patrick.mcfarland819@gmail.com,44,Female,Germany,Port Emily,New,2024-03-13,Desktop
3530,Katie,Christensen,katie.christensen87@yahoo.com,52,Female,Japan,Whitebury,At-Risk,2023-06-09,Mobile
3531,Jacqueline,Austin,jacqueline.austin187@hotmail.com,54,Female,United States,West Gail,At-Risk,2020-08-13,Mobile
3532,Dillon,Anderson,dillon.anderson968@gmail.com,41,Other,India,Samuelstad,VIP,2024-05-28,Desktop
3533,Jacob,Cobb,jacob.cobb22@yahoo.com,48,Male,South Africa,Murraytown,Returning,2020-09-20,Tablet
3534,Michael,Vasquez,michael.vasquez663@hotmail.com,32,Other,Brazil,Hodgeberg,VIP,2021-03-29,Tablet
3535,Michelle,Carter,,35,Male,Australia,South Andrewbury,Returning,2022-11-24,Mobile
3536,Alyssa,Davis,alyssa.davis204@yahoo.com,52,Female,India,Port John,Churned,2021-09-01,Tablet
3537,Jessica,Moore,jessica.moore873@gmail.com,43,Male,United Kingdom,Levifurt,VIP,2021-12-05,Desktop
3538,Katie,Wallace,katie.wallace411@yahoo.com,36,Other,Italy,South Crystal,VIP,2023-01-09,Mobile
3539,Melinda,Bowers,melinda.bowers615@hotmail.com,50,Female,Netherlands,Gonzalezville,At-Risk,2019-05-28,Desktop
3540,Devon,Leon,devon.leon92@gmail.com,60,Female,USA,Port Stacyton,At-Risk,2024-05-06,Desktop
3541,Jennifer,Holmes,jennifer.holmes970@hotmail.com,18,Other,Nigeria,Davidview,Returning,2023-08-22,Desktop
3542,Molly,Harris,molly.harris15@gmail.com,29,Other,Italy,Sweeneyshire,New,2021-04-14,Tablet
3543,Stacey,Hicks,stacey.hicks446@hotmail.com,35,Female,United States,Jimenezland,VIP,2023-03-08,Tablet
3544,Patrick,Christian,patrick.christian507@hotmail.com,33,Male,Canada,Catherineport,Returning,2024-05-05,Desktop
3545,Nancy,Greene,nancy.greene731@gmail.com,33,Male,Spain,Samanthaview,New,2022-05-30,Desktop
3546,Mary,Wilson,mary.wilson969@gmail.com,30,Female,Mexico,West Christy,Churned,2023-08-01,Mobile
3547,Clayton,Elliott,clayton.elliott765@gmail.com,47,Female,United States,Brendantown,New,2019-06-19,Mobile
3548,Rachel,Carter,rachel.carter134@gmail.com,42,Female,Nigeria,Cooperhaven,VIP,2023-04-17,Desktop
3549,Patricia,May,patricia.may615@hotmail.com,52,Male,France,East Stephaniehaven,New,2022-06-18,Mobile
3550,Katherine,Moss,katherine.moss745@yahoo.com,50,Other,spain,Danielleton,VIP,2020-09-09,Desktop
3551,Joseph,Brown,,47,Male,Germany,Englishmouth,New,2019-06-16,Mobile
3552,Jason,Rivera,jason.rivera812@hotmail.com,35,Male,Nigeria,West Zacharyborough,At-Risk,2021-11-11,Desktop
3553,Stephen,Bell,stephen.bell298@gmail.com,22,Female,U.K.,North Claudia,VIP,2019-01-27,Desktop
3554,Sandra,Black,sandra.black633@yahoo.com,36,Female,Germany,Campbellville,At-Risk,2021-12-03,Desktop
3555,Lisa,Dunn,lisa.dunn379@gmail.com,51,Other,Germany,New Benjaminmouth,New,2023-09-28,Tablet
3556,Diane,Sullivan,diane.sullivan663@hotmail.com,29,Female,United States,South Jacqueline,Returning,2021-08-13,Desktop
3557,Daniel,Black,daniel.black11@yahoo.com,33,Female,United Kingdom,Pollardhaven,Churned,2024-11-12,Desktop
3558,Daniel,Carroll,daniel.carroll893@yahoo.com,40,Female,United States,Gonzalesshire,At-Risk,2023-06-01,Tablet
3559,Adrienne,Beck,adrienne.beck408@gmail.com,33,Other,Saudi Arabia,Joneston,New,2023-04-26,Desktop
3560,Michelle,Cook,michelle.cook731@hotmail.com,35,Female,India,West Jake,New,2021-02-20,Tablet
3561,Amber,Chapman,amber.chapman434@yahoo.com,34,Other,Germany,Scottberg,Returning,2022-04-10,Tablet
3562,John,Crane,john.crane263@gmail.com,55,Male,Saudi Arabia,West Erik,Churned,2021-05-26,Desktop
3563,Douglas,Mcdonald,douglas.mcdonald571@hotmail.com,43,Male,Canada,Rogerston,Returning,2019-05-26,Desktop
3564,Mark,Olsen,mark.olsen341@yahoo.com,40,Male,Brazil,Kelleyborough,Returning,2019-01-10,Mobile
3565,Nancy,Harris,nancy.harris931@gmail.com,18,Female,Indonesia,Jamesmouth,At-Risk,2020-01-27,Tablet
3566,Karen,Jordan,karen.jordan962@hotmail.com,30,Other,France,West Levi,VIP,2022-10-29,Tablet
3567,Lisa,Mckinney,,30,Other,Germany,Davidhaven,Returning,2021-03-23,Desktop
3568,Kevin,Rodriguez,kevin.rodriguez6@gmail.com,32,Female,U.S.A.,Port Amyborough,At-Risk,2024-08-24,Tablet
3569,Adrian,Moon,adrian.moon635@yahoo.com,48,Female,United States,Lake Megan,New,2022-10-31,Mobile
3570,Kathy,Walker,kathy.walker405@hotmail.com,18,Other,Nigeria,South Laura,Returning,2021-10-24,Mobile
3571,Samantha,Clements,samantha.clements136@gmail.com,18,Other,Netherlands,Port Walterberg,Churned,2020-11-30,Desktop
3572,heather,Castillo,heather.castillo595@hotmail.com,24,Male,Mexico,Gonzalezton,,2019-01-19,Mobile
3573,Rebecca,Thomas,rebecca.thomas174@gmail.com,28,Other,Brazil,Lake Meredith,,2019-11-05,Mobile
3574,Kenneth,Roberts,kenneth.roberts953@gmail.com,50,Female,Japan,West Joannefort,,2024-02-03,Mobile
3575,Heather,West,heather.west136@yahoo.com,25,Male,U.K.,Port Christinechester,Churned,2024-08-09,Mobile
3576,Erica,Aguilar,erica.aguilar728@yahoo.com,31,Other,United States,South Michaelchester,New,2021-02-05,Mobile
3577,Raymond,Carrillo,raymond.carrillo146@yahoo.com,47,Female,India,Billyfurt,New,2022-02-22,Desktop
3578,Jimmy,Roberts,jimmy.roberts321@yahoo.com,18,Male,United States,North Christinastad,New,2019-11-30,Desktop
3579,Sharon,Franco,sharon.franco512@gmail.com,18,Female,Philippines,Flemingstad,Returning,2020-03-06,Tablet
3580,Stephen,Gonzalez,stephen.gonzalez370@hotmail.com,36,Female,United States,East Mary,VIP,2022-06-23,Mobile
3581,Kathleen,Sanchez,kathleen.sanchez925@hotmail.com,50,Female,Canada,South Andrewport,Returning,2021-11-13,Tablet
3582,JOHN,Williams,john.williams850@gmail.com,20,Female,SPAIN,Trevorshire,Churned,2019-09-08,Tablet
3583,Rebecca,Murphy,rebecca.murphy321@hotmail.com,25,Female,Australia,North Chadberg,Churned,2021-07-07,Desktop
3584,Anthony,Johnson,,21,Other,South Africa,Annborough,New,2023-01-06,Mobile
3585,MEGAN,Browning,megan.browning783@hotmail.com,35,Male,United States,Boyerborough,Returning,2020-04-28,Tablet
3586,Keith,Mason,keith.mason874@gmail.com,22,Other,United States,Travisland,Returning,2022-08-07,Tablet
3587,Daniel,Duncan,,51,Female,Netherlands,Port Johnnybury,New,2024-10-26,Desktop
3588,Jennifer,Glass,,18,Male,Japan,Farrellbury,Returning,2023-11-15,Desktop
3589,Andrew,Clark,andrew.clark236@yahoo.com,30,Male,United States,Port Diane,VIP,2021-07-16,Desktop
3590,Dustin,Stone,dustin.stone482@yahoo.com,20,Female,United Kingdom,Ryanview,Returning,2024-02-24,Desktop
3591,Brittany,Jackson,brittany.jackson723@hotmail.com,69,Female,India,Santiagoport,Returning,2019-01-06,Mobile
3592,Lisa,Norris,lisa.norris119@hotmail.com,32,Female,United Kingdom,North Amy,VIP,2022-12-25,Desktop
3593,Christopher,Estrada,christopher.estrada453@yahoo.com,24,Female,Canada,West Christophertown,Returning,2022-05-10,Tablet
3594,matthew,Clark,matthew.clark575@gmail.com,44,Female,Australia,Richfurt,VIP,2024-09-21,Mobile
3595,James,Brown,james.brown505@hotmail.com,53,Male,U.A.E.,East Luke,New,2021-07-10,Tablet
3596,Diana,Robinson,diana.robinson888@hotmail.com,51,Male,Canada,Port Alexander,Returning,2024-06-10,Desktop
3597,Brian,Johnson,brian.johnson358@gmail.com,30,Male,United States,North Angela,New,2022-02-15,Desktop
3598,Jessica,Pacheco,,40,Female,UK,East Alisonbury,New,2021-01-06,Desktop
3599,Stephanie,Brown,stephanie.brown855@hotmail.com,49,Male,United Arab Emirates,New Felicia,New,2022-09-24,Tablet
3600,Jerry,Mclean,jerry.mclean521@hotmail.com,37,Female,France,Lake Scott,Returning,2021-07-19,Tablet
3601,John,Butler,john.butler913@gmail.com,41,Other,South Africa,New Kristinaland,Returning,2019-11-04,Tablet
3602,Derrick,Reid,derrick.reid218@hotmail.com,40,Other,Japan,West Melissashire,New,2020-10-26,Desktop
3603,Stephen,Terry,stephen.terry539@yahoo.com,18,Other,france,Bradfordstad,Returning,2024-06-19,Desktop
3604,Jeffrey,Holder,jeffrey.holder427@gmail.com,40,Male,UK,West Erinborough,New,2023-01-17,Desktop
3605,Judith,Smith,judith.smith787@hotmail.com,26,Female,Indonesia,Crawfordborough,Returning,2022-08-17,Tablet
3606,Christine,Roberts,christine.roberts97@gmail.com,27,Female,USA,New Brendaville,Returning,2023-06-25,Desktop
3607,Donald,Henderson,donald.henderson292@gmail.com,41,Other,Canada,Lutzstad,Returning,2022-11-19,Tablet
3608,Katherine,Garcia,katherine.garcia125@yahoo.com,46,Female,United Arab Emirates,Mendozaville,VIP,2022-01-20,Mobile
3609,Timothy,Kane,timothy.kane605@gmail.com,45,Male,Nigeria,South Sara,Returning,2021-08-05,Mobile
3610,Alicia,Ortega,alicia.ortega158@yahoo.com,40,Male,France,North Jessicafurt,Returning,2024-04-10,Desktop
3611,kimberly,Martin,kimberly.martin472@yahoo.com,48,Other,Britain,New Erik,Returning,2021-07-20,Tablet
3612,Ryan,Robertson,ryan.robertson492@hotmail.com,34,Female,USA,New Hollyborough,Returning,2021-09-07,Tablet
3613,Randy,Herring,randy.herring979@yahoo.com,30,Female,Germany,East Andrea,Churned,2022-11-05,Tablet
3614,Erica,Klein,erica.klein674@hotmail.com,22,Male,Indonesia,South Kellyshire,New,2020-06-13,Mobile
3615,Louis,Nichols,louis.nichols994@gmail.com,30,Male,United Kingdom,Matthewfort,Returning,2021-11-18,Tablet
3616,Edwin,Morris,edwin.morris638@hotmail.com,31,Female,INDIA,Jamestown,New,2022-04-17,Mobile
3617,Jacob,Hawkins,jacob.hawkins971@hotmail.com,26,Other,Saudi Arabia,West Anthonyland,VIP,2024-07-05,Tablet
3618,Shelly,Carter,shelly.carter929@yahoo.com,48,Other,France,Port Paulfort,At-Risk,2022-04-23,Desktop
3619,Jacob,Jones,jacob.jones217@gmail.com,29,Male,Germany,Michellestad,Churned,2023-10-22,Tablet
3620,Amanda,Alexander,amanda.alexander290@hotmail.com,46,Female,US,Port Tiffanyhaven,New,2021-07-27,Desktop
3621,Brian,Pearson,brian.pearson762@gmail.com,52,Male,Spain,Lake Carrieview,Churned,2020-08-14,Tablet
3622,Jane,White,jane.white975@yahoo.com,33,Other,India,Baileymouth,New,2024-12-14,Mobile
3623,Courtney,Day,courtney.day95@gmail.com,52,Female,United States,North David,New,2023-05-21,Mobile
3624,Edward,Schultz,edward.schultz183@gmail.com,41,Male,United States,Houstonton,Returning,2021-12-17,Mobile
3625,George,Webster,george.webster92@gmail.com,39,Male,Indonesia,Stanleystad,New,2019-11-23,Desktop
3626,Howard,Perez,howard.perez167@gmail.com,44,Female,South Africa,Jacobsville,At-Risk,2022-10-21,Mobile
3627,Alfred,Jackson,alfred.jackson292@gmail.com,43,Other,Nigeria,Port Stephanieborough,VIP,2019-02-13,Tablet
3628,Derek,Green,derek.green158@gmail.com,32,Male,India,Curtischester,New,2019-11-01,Mobile
3629,Jacqueline,Andrews,jacqueline.andrews503@yahoo.com,18,Female,Spain,South Sierra,VIP,2023-05-29,Tablet
3630,Keith,Johnson,keith.johnson826@yahoo.com,41,Female,,Hensonland,New,2023-11-03,Tablet
3631,Kathryn,Torres,kathryn.torres618@hotmail.com,31,Male,United States,Rachelfort,New,2020-07-14,Mobile
3632,Jennifer,Daniels,jennifer.daniels682@yahoo.com,39,Male,Mexico,West Debbie,Returning,2020-07-08,Mobile
3633,Nathan,King,,35,Male,Germany,West Oscarchester,Returning,2024-05-17,Mobile
3634,Theresa,Bates,theresa.bates457@yahoo.com,37,Female,,Sarahaven,Churned,2020-03-11,Mobile
3635,Julie,Adams,julie.adams275@gmail.com,32,Other,Mexico,Annabury,At-Risk,2022-12-20,Tablet
3636,sara,Pena,,52,Male,Australia,Port Robert,New,2021-12-19,Mobile
3637,Ryan,Myers,ryan.myers831@yahoo.com,28,Female,United Kingdom,Johntown,New,2024-02-29,Tablet
3638,Lisa,Kennedy,lisa.kennedy191@hotmail.com,39,Female,India,Smithhaven,Returning,2024-05-28,Tablet
3639,Kelly,Moore,kelly.moore437@hotmail.com,31,Male,U.S.A.,Wiseside,Returning,2020-04-23,Desktop
3640,Maria,King,maria.king526@gmail.com,37,Female,Germany,Sheamouth,New,2024-03-13,Mobile
3641,Anthony,Johnson,anthony.johnson693@hotmail.com,27,Male,United States,Luiston,Churned,2021-03-02,Tablet
3642,Jennifer,Carlson,jennifer.carlson703@hotmail.com,40,Other,Japan,Richardburgh,Returning,2023-05-25,Desktop
3643,Alan,Ellis,alan.ellis954@yahoo.com,48,Female,Spain,Port Carrie,Returning,2020-03-05,Tablet
3644,Brandon,Mcdonald,brandon.mcdonald645@gmail.com,45,Other,France,Meadowsshire,New,2020-11-20,Tablet
3645,Cynthia,Weeks,cynthia.weeks86@hotmail.com,38,Female,United Kingdom,East Annatown,Churned,2019-05-19,Mobile
3646,Devin,Hansen,devin.hansen448@yahoo.com,44,Male,,West Benjaminberg,Churned,2023-02-18,Mobile
3647,Cynthia,Evans,cynthia.evans308@yahoo.com,43,Male,Italy,Lake Jacksonside,New,2019-07-26,Desktop
3648,Jason,Perez,jason.perez701@gmail.com,30,Female,,South Candace,Churned,2023-08-18,Desktop
3649,Gloria,Cohen,gloria.cohen536@gmail.com,44,Female,United States,Olivermouth,New,2020-02-17,Mobile
3650,Lauren,Hardy,lauren.hardy583@gmail.com,31,Male,Australia,East Johnstad,New,2022-06-16,Tablet
3651,Joshua,Melton,joshua.melton79@yahoo.com,43,Male,United States,Jackmouth,New,2023-11-26,Tablet
3652,Edward,Hamilton,edward.hamilton111@hotmail.com,57,Other,Germany,Escobarstad,New,2019-09-01,Mobile
3653,Brent,Cox,brent.cox423@gmail.com,31,Male,United States,New Jennifer,Returning,2021-02-06,Mobile
3654,Kelly,Blevins,kelly.blevins677@yahoo.com,52,Other,United States,Davilaland,New,2022-07-04,Tablet
3655,Mario,Miller,mario.miller833@hotmail.com,42,Female,,Mauricestad,At-Risk,2020-11-16,Mobile
3656,Gabrielle,Barker,gabrielle.barker261@hotmail.com,31,Other,Germany,Port Robertfort,New,2020-02-13,Desktop
3657,Megan,Perry,megan.perry788@gmail.com,56,Other,Indonesia,South John,New,2019-07-29,Desktop
3658,Megan,Singleton,megan.singleton117@hotmail.com,40,Other,UNITED STATES,Mariastad,VIP,2024-10-11,Tablet
3659,Jennifer,Farmer,jennifer.farmer474@hotmail.com,39,Male,Japan,Port Ronald,Churned,2024-04-18,Desktop
3660,Glenn,Coleman,glenn.coleman864@hotmail.com,39,Female,India,Aliciahaven,Churned,2024-11-07,Desktop
3661,Diana,Myers,diana.myers86@gmail.com,24,Female,India,South Ashleyland,Returning,2022-08-15,Tablet
3662,Ryan,Smith,ryan.smith305@gmail.com,28,Female,Nigeria,Stephaniechester,New,2023-06-20,Tablet
3663,Shelley,Collins,shelley.collins742@gmail.com,46,Female,united states,Jennifershire,Returning,2022-03-28,Tablet
3664,Samantha,Martinez,samantha.martinez461@hotmail.com,26,Other,Germany,Alexanderville,Returning,2024-09-07,Mobile
3665,Stephanie,Lewis,stephanie.lewis350@gmail.com,37,Male,France,West Wayneland,Churned,2022-12-11,Desktop
3666,Debra,Brown,debra.brown190@yahoo.com,34,Male,  Australia  ,South Kenneth,New,2019-04-12,Tablet
3667,Erin,Tran,erin.tran619@hotmail.com,24,Female,Germany,North John,Returning,2019-10-18,Tablet
3668,Michael,Watson,michael.watson109@yahoo.com,36,Female,Canada,Lopezland,New,2019-08-30,Tablet
3669,Mark,Garza,mark.garza19@hotmail.com,31,Male,Saudi Arabia,Courtneyborough,Returning,2024-05-15,Mobile
3670,Adrienne,Mann,adrienne.mann120@hotmail.com,44,Male,Mexico,Johnstad,New,2020-05-08,Desktop
3671,Laura,Tanner,,45,Female,India,Lake Tina,Churned,2021-11-26,Mobile
3672,David,Day,david.day709@yahoo.com,27,Female,France,South Dylanshire,At-Risk,2019-09-09,Tablet
3673,Emily,Mcdonald,emily.mcdonald989@gmail.com,40,Other,Philippines,Bergermouth,Returning,2023-11-08,Tablet
3674,Renee,Lewis,renee.lewis744@gmail.com,35,Female,Nigeria,Port Ronaldland,At-Risk,2023-06-18,Mobile
3675,Jessica,Burns,jessica.burns634@hotmail.com,42,Other,United States,East Corey,At-Risk,2022-04-19,Mobile
3676,Randy,Yoder,randy.yoder708@yahoo.com,21,Other,Britain,Robinsonmouth,New,2021-08-11,Tablet
3677,Timothy,Mejia,,53,Female,Netherlands,New Willie,Churned,2021-09-15,Mobile
3678,Aaron,Schneider,aaron.schneider90@yahoo.com,18,Male,France,West Michelleton,New,2020-07-11,Desktop
3679,Louis,Smith,louis.smith15@gmail.com,40,Male,france,East Kimberlyfurt,Returning,2023-06-15,Desktop
3680,Abigail,Castro,abigail.castro836@hotmail.com,54,Male,India,East Julieport,Returning,2022-10-29,Tablet
3681,Nicole,Jackson,nicole.jackson994@yahoo.com,39,Male,Nigeria,Chavezfurt,Returning,2019-04-14,Desktop
3682,Deborah,Williams,deborah.williams215@gmail.com,55,Female,Britain,West Ricky,At-Risk,2023-02-20,Tablet
3683,Erin,Evans,erin.evans149@gmail.com,19,Other,Brazil,East Kristina,Returning,2022-04-01,Desktop
3684,Cole,Jones,cole.jones447@gmail.com,39,Other,Netherlands,South Gerald,Returning,2019-04-17,Tablet
3685,Karen,Garcia,karen.garcia196@gmail.com,30,Male,France,Nicholasville,Churned,2022-04-10,Mobile
3686,Erik,Smith,erik.smith789@gmail.com,39,Female,,West Laura,New,2020-01-16,Desktop
3687,Kelli,Singh,kelli.singh486@hotmail.com,24,Female,Mexico,Port Emilyhaven,VIP,2019-09-24,Desktop
3688,Kimberly,Jenkins,kimberly.jenkins120@yahoo.com,21,Male,Egypt,East Amandaland,Returning,2022-11-21,Desktop
3689,Jacqueline,Mooney,jacqueline.mooney757@hotmail.com,32,Other,United States,Burkemouth,Returning,2023-06-30,Mobile
3690,brittany,Torres,brittany.torres987@yahoo.com,51,Female,Philippines,Olsonton,At-Risk,2019-04-04,Mobile
3691,Michael,Miller,michael.miller21@hotmail.com,58,Female,saudi arabia,Port Brentfort,Returning,2024-06-24,Tablet
3692,Stephen,Hamilton,stephen.hamilton249@yahoo.com,47,Male,Germany,Monicatown,Churned,2023-10-07,Mobile
3693,Emily,Massey,emily.massey584@yahoo.com,31,Female,AUSTRALIA,East Jaytown,Returning,2022-03-05,Desktop
3694,Christopher,Rodriguez,christopher.rodriguez342@hotmail.com,45,Male,United States,New Josephport,Churned,2021-03-03,Desktop
3695,Sarah,Fisher,sarah.fisher646@yahoo.com,47,Other,United Kingdom,New Randall,Returning,2021-01-11,Mobile
3696,Mackenzie,Greene,mackenzie.greene426@yahoo.com,33,Female,US,Jimenezbury,VIP,2021-08-20,Tablet
3697,Jessica,Cochran,jessica.cochran593@hotmail.com,58,Other,United States,Bradychester,New,2020-06-10,Tablet
3698,Michael,Rodriguez,michael.rodriguez568@hotmail.com,50,Female,,Hubbardfurt,New,2024-07-16,Desktop
3699,Scott,Robinson,scott.robinson500@gmail.com,48,Female,Brazil,Michaelborough,Returning,2021-10-02,Mobile
3700,James,Mathis,james.mathis526@hotmail.com,59,Other,Canada,Burgesston,New,2019-12-30,Tablet
3701,Donald,Mcdaniel,donald.mcdaniel627@hotmail.com,21,Other,U.K.,Elizabethland,At-Risk,2020-10-23,Mobile
3702,Kristin,Blackwell,kristin.blackwell238@gmail.com,41,Other,Egypt,Colemanborough,VIP,2019-01-02,Desktop
3703,Stephanie,Rodriguez,stephanie.rodriguez541@yahoo.com,18,Male,Indonesia,Maxwellport,At-Risk,2020-01-17,Mobile
3704,Emily,Brooks,emily.brooks591@yahoo.com,28,Female,Canada,North Carolyn,At-Risk,2024-12-09,Tablet
3705,Jillian,Clark,jillian.clark66@yahoo.com,26,Female,France,Timothyview,New,2021-04-30,Tablet
3706,Nicholas,Davila,,48,Female,U.S.A.,Mcintoshborough,VIP,2021-04-06,Desktop
3707,Angelica,Ali,angelica.ali507@gmail.com,45,Other,Indonesia,West Amberfort,New,2023-02-05,Tablet
3708,Samantha,Perez,samantha.perez356@hotmail.com,29,Female,Australia,Lake Megan,At-Risk,2023-08-05,Tablet
3709,Barbara,White,barbara.white447@gmail.com,44,Male,Germany,Lake Dawnfort,Returning,2024-08-10,Desktop
3710,Patrick,George,patrick.george295@yahoo.com,44,Other,Brazil,North Rebeccaton,Churned,2021-04-06,Desktop
3711,Sharon,Thomas,sharon.thomas481@gmail.com,42,Female,Canada,New Shannonberg,Churned,2022-01-30,Mobile
3712,Juan,Martinez,juan.martinez238@gmail.com,33,Other,Mexico,North Amandamouth,Returning,2023-03-07,Desktop
3713,Kendra,Shah,kendra.shah602@hotmail.com,18,Other,Canada,Port Mariamouth,New,2023-01-23,Mobile
3714,Alicia,Daniel,alicia.daniel944@hotmail.com,44,Other,United States,Marissafort,Returning,2024-05-13,Tablet
3715,Bonnie,Cole,bonnie.cole673@hotmail.com,42,Female,united states,West Evanberg,At-Risk,2019-08-22,Desktop
3716,David,Ramirez,david.ramirez905@yahoo.com,52,Female,Brazil,Vanessastad,Churned,2022-02-06,Tablet
3717,Cody,Harvey,cody.harvey729@hotmail.com,24,Female,Australia,North Ryanfort,Returning,2020-04-07,Mobile
3718,Lauren,Dickerson,lauren.dickerson854@hotmail.com,42,Other,U.S.A.,Richardbury,New,2019-07-27,Tablet
3719,Ricky,Calderon,ricky.calderon753@gmail.com,31,Female,France,Zavalastad,Returning,2023-12-30,Mobile
3720,Shane,Thompson,shane.thompson819@yahoo.com,29,Male,US,South Candicechester,VIP,2020-04-22,Tablet
3721,Robin,Hunter,robin.hunter213@gmail.com,18,Female,United States,New Melissa,New,2023-04-06,Tablet
3722,Deborah,Eaton,deborah.eaton768@gmail.com,45,Male,Germany,Morenoburgh,New,2023-03-09,Tablet
3723,Daniel,Clark,daniel.clark495@gmail.com,53,Male,India,Jonesfort,New,2021-02-01,Desktop
3724,Laura,Dominguez,laura.dominguez205@gmail.com,19,Male,Germany,Walkerborough,Returning,2021-07-12,Tablet
3725,David,Monroe,david.monroe504@gmail.com,40,Male,India,Austinhaven,Returning,2020-12-22,Mobile
3726,Beth,Webster,beth.webster966@gmail.com,42,Female,Germany,Hannahton,,2020-06-15,Mobile
3727,Emily,Guzman,emily.guzman241@hotmail.com,51,Male,U.S.A.,Nathanmouth,Returning,2022-01-08,Tablet
3728,Matthew,Fisher,matthew.fisher49@gmail.com,49,Male,Australia,East Timothyview,New,2024-12-29,Mobile
3729,Jeffery,Chen,jeffery.chen903@gmail.com,42,Female,India,Kimberlymouth,Returning,2019-08-20,Mobile
3730,Lindsey,Jones,lindsey.jones694@hotmail.com,32,Male,United States,West Angela,VIP,2024-04-08,Desktop
3731,Crystal,Cameron,crystal.cameron848@yahoo.com,46,Other,India,Dillonburgh,Returning,2024-06-04,Desktop
3732,Daniel,Warner,daniel.warner827@gmail.com,54,Male,Brazil,South Lisa,New,2019-09-24,Mobile
3733,Amber,Hall,amber.hall441@hotmail.com,37,Male,Canada,Michaelville,Returning,2023-12-13,Tablet
3734,Jennifer,Peters,jennifer.peters233@yahoo.com,43,Male,Italy,North Lee,New,2020-04-21,Tablet
3735,Brian,Allen,brian.allen230@yahoo.com,48,Female,Canada,Boydmouth,At-Risk,2023-08-26,Mobile
3736,Christy,Curtis,christy.curtis349@yahoo.com,21,Female,united states,Michaelshire,VIP,2022-03-25,Desktop
3737,Derek,Ramirez,derek.ramirez789@hotmail.com,38,Other,  Germany  ,New Triciaburgh,New,2023-03-20,Mobile
3738,Steven,Fields,steven.fields918@gmail.com,46,Male,Brazil,Debraland,Returning,2021-07-06,Tablet
3739,WILLIAM,Jones,william.jones895@gmail.com,25,Other,Australia,New Thomas,VIP,2024-08-09,Tablet
3740,Shawn,Mendoza,shawn.mendoza686@gmail.com,60,Male,United States,South Dianeport,Returning,2024-11-05,Tablet
3741,Jasmine,White,jasmine.white52@gmail.com,35,Female,Spain,Lake George,Returning,2024-02-08,Mobile
3742,Joseph,Barker,,19,Male,GERMANY,Port Lisa,New,2021-06-21,Desktop
3743,Rita,Lopez,rita.lopez801@gmail.com,18,Other,Brazil,Edwardstown,Churned,2019-07-26,Tablet
3744,AMY,Banks,,40,Male,U.S.A.,Josephport,New,2023-07-25,Tablet
3745,Angela,Farrell,angela.farrell43@gmail.com,42,Other,Spain,East Heatherbury,At-Risk,2023-11-07,Desktop
3746,Karen,Smith,karen.smith172@hotmail.com,35,Other,Germany,Scottstad,Churned,2023-03-18,Desktop
3747,Sharon,Wilson,sharon.wilson892@hotmail.com,49,Male,Spain,Sandovalmouth,Returning,2021-07-01,Mobile
3748,Joshua,Salazar,joshua.salazar161@hotmail.com,44,Other,Spain,Dakotafort,Returning,2021-02-09,Mobile
3749,Christine,Harvey,christine.harvey726@gmail.com,43,Female,India,South Benjamin,At-Risk,2020-11-12,Tablet
3750,Daisy,Evans,daisy.evans511@yahoo.com,18,Other,Indonesia,Lake Cynthiaton,Returning,2022-01-19,Desktop
3751,Makayla,Cruz,makayla.cruz158@gmail.com,31,Other,Spain,North Dawnmouth,Returning,2021-04-19,Mobile
3752,Christina,White,christina.white343@hotmail.com,38,Male,United States,North Cynthia,Returning,2020-01-18,Desktop
3753,Timothy,Dawson,timothy.dawson869@yahoo.com,24,Male,Saudi Arabia,Greeneburgh,New,2022-06-02,Mobile
3754,Jesus,Medina,jesus.medina993@gmail.com,39,Female,Saudi Arabia,Christopherland,VIP,2022-10-01,Desktop
3755,Amber,Webster,amber.webster252@hotmail.com,23,Female,EGYPT,Port Christinebury,Returning,2023-09-13,Mobile
3756,Kevin,Ramirez,kevin.ramirez294@hotmail.com,18,Other,Mexico,West Aaron,Returning,2021-07-19,Desktop
3757,Gregory,Garner,gregory.garner88@yahoo.com,39,Female,United Kingdom,Leeport,Returning,2023-01-17,Mobile
3758,Amber,Hall,amber.hall733@gmail.com,35,Female,Canada,Jasonstad,VIP,2019-08-13,Mobile
3759,Susan,Rose,susan.rose645@yahoo.com,26,Other,United States,Jessicahaven,New,2021-08-10,Desktop
3760,Lindsey,Cain,lindsey.cain156@gmail.com,47,Other,France,Johnside,Returning,2020-01-22,Mobile
3761,Sherry,Duffy,sherry.duffy807@hotmail.com,35,Male,United Kingdom,Matthewmouth,At-Risk,2020-08-12,Desktop
3762,  Matthew  ,Wall,matthew.wall822@hotmail.com,39,Female,Australia,Frankside,Returning,2022-10-20,Mobile
3763,Sharon,Roman,sharon.roman941@yahoo.com,33,Female,Philippines,Natashafort,Returning,2024-01-23,Mobile
3764,Michelle,Wright,michelle.wright975@yahoo.com,26,Other,GERMANY,Campbellborough,Returning,2020-12-08,Tablet
3765,Cody,Atkins,cody.atkins371@yahoo.com,33,Male,India,Bradleymouth,Churned,2019-10-01,Mobile
3766,Andrea,Harris,andrea.harris150@gmail.com,41,Male,United Kingdom,Joshuaside,VIP,2022-01-19,Tablet
3767,Spencer,Michael,spencer.michael826@yahoo.com,54,Other,Germany,Estradahaven,Returning,2024-10-10,Desktop
3768,RUSSELL,Chapman,russell.chapman87@hotmail.com,47,Female,JAPAN,Stephenchester,New,2023-03-16,Mobile
3769,Stephen,Castaneda,stephen.castaneda412@hotmail.com,20,Male,United States,Port Michellechester,Churned,2022-07-04,Mobile
3770,Christopher,Green,christopher.green63@yahoo.com,32,Female,France,North Anthonyborough,Churned,2023-10-16,Desktop
3771,Jorge,Bean,jorge.bean677@hotmail.com,39,Other,Britain,Garciafurt,At-Risk,2021-11-18,Desktop
3772,Michael,Reynolds,michael.reynolds925@yahoo.com,23,Other,Spain,Lake Matthewside,New,2023-05-14,Desktop
3773,Robert,Smith,robert.smith647@gmail.com,37,Other,Nigeria,Henryport,Churned,2020-07-25,Tablet
3774,Olivia,Vega,olivia.vega897@gmail.com,36,Other,Germany,Heatherstad,New,2022-08-31,Mobile
3775,Danielle,Graham,,36,Female,Spain,Andrewview,New,2020-12-11,Tablet
3776,Regina,Brewer,regina.brewer718@yahoo.com,19,Other,Mexico,Vincentshire,Returning,2023-09-30,Mobile
3777,Jerome,Cooper,jerome.cooper739@gmail.com,51,Other,Australia,Port Jennifer,At-Risk,2024-05-28,Mobile
3778,Rachel,Pope,rachel.pope932@yahoo.com,21,Female,United States,South Marieside,At-Risk,2022-07-11,Desktop
3779,Rachel,Solis,rachel.solis847@gmail.com,47,Female,United Kingdom,Susanberg,Returning,2020-12-24,Tablet
3780,TINA,Fleming,tina.fleming626@gmail.com,40,Male,India,Monicafort,New,2021-07-26,Tablet
3781,Gerald,Bennett,gerald.bennett414@yahoo.com,42,Female,US,Lake Robertbury,Returning,2022-02-07,Tablet
3782,Karl,Sanchez,karl.sanchez211@hotmail.com,43,Other,Spain,Villarrealton,Returning,2023-01-10,Tablet
3783,James,Hunt,james.hunt808@gmail.com,30,Other,Brazil,Lake Marytown,New,2023-08-14,Tablet
3784,Melissa,Thomas,melissa.thomas453@hotmail.com,37,Other,Italy,Burkeland,Returning,2024-10-19,Mobile
3785,Cheryl,Clark,cheryl.clark909@yahoo.com,45,Other,united states,Dylanfort,Returning,2021-10-04,Mobile
3786,Alexandria,Blake,alexandria.blake795@gmail.com,30,Male,Germany,South Mark,New,2019-11-18,Mobile
3787,Sierra,Burgess,sierra.burgess87@gmail.com,38,Male,United States,Kevinport,VIP,2020-04-07,Tablet
3788,Brooke,Powell,brooke.powell343@hotmail.com,39,Female,India,Burgessbury,Churned,2020-05-24,Tablet
3789,Amanda,Craig,amanda.craig737@gmail.com,44,Other,India,East Nathan,Returning,2023-01-29,Desktop
3790,Christopher,Klein,christopher.klein533@hotmail.com,18,Other,Australia,South Nicoleville,New,2024-04-25,Mobile
3791,Kevin,Delacruz,kevin.delacruz219@yahoo.com,32,Male,Philippines,Mercadoburgh,New,2023-01-19,Tablet
3792,Pamela,Hughes,pamela.hughes566@yahoo.com,55,Female,Japan,Medinaton,Churned,2022-01-21,Tablet
3793,Rachel,Spencer,rachel.spencer349@hotmail.com,46,Other,Italy,Cervantesview,Returning,2023-09-13,Desktop
3794,Tammy,Trevino,tammy.trevino24@hotmail.com,40,Male,Brazil,Gabriellebury,New,2024-08-23,Tablet
3795,Mary,Marquez,mary.marquez607@gmail.com,18,Female,Egypt,Melindamouth,Returning,2023-07-02,Desktop
3796,Kristin,Humphrey,kristin.humphrey853@gmail.com,38,Female,France,South Paul,New,2021-07-08,Tablet
3797,Thomas,Johnson,thomas.johnson433@gmail.com,45,Other,,Port Timothymouth,Churned,2021-02-16,Desktop
3798,Kyle,Wallace,kyle.wallace750@gmail.com,40,Male,United States,Christophermouth,New,2023-07-11,Mobile
3799,Katie,Pearson,katie.pearson266@gmail.com,38,Other,Spain,New Briannaton,Returning,2022-11-10,Tablet
3800,Brandon,Rosales,brandon.rosales363@hotmail.com,24,Male,Indonesia,Port Robertfurt,Returning,2021-02-21,Desktop
3801,William,Allen,william.allen775@yahoo.com,34,Other,Japan,Matthewhaven,At-Risk,2024-11-24,Desktop
3802,Lauren,Pena,lauren.pena460@yahoo.com,21,Female,Australia,Johnburgh,Returning,2024-06-25,Tablet
3803,Michelle,Anderson,michelle.anderson755@yahoo.com,45,Male,Indonesia,Riggstown,New,2024-03-02,Mobile
3804,Benjamin,Owens,benjamin.owens348@hotmail.com,20,Male,Nigeria,North Brianbury,Returning,2023-11-21,Tablet
3805,Brenda,Molina,brenda.molina596@yahoo.com,18,Other,Britain,Millerhaven,New,2022-05-28,Tablet
3806,Jill,Bass,jill.bass916@gmail.com,33,Other,Italy,New Cristianmouth,,2022-01-05,Tablet
3807,Kaitlyn,West,kaitlyn.west547@yahoo.com,34,Other,united states,Simmonsport,New,2023-05-19,Desktop
3808,Thomas,Coleman,,38,Female,India,Dixontown,Churned,2020-09-06,Mobile
3809,Steven,Silva,steven.silva683@yahoo.com,22,Other,Nigeria,Kelleyberg,At-Risk,2023-04-01,Tablet
3810,Alfred,Watson,alfred.watson689@gmail.com,49,Male,USA,Richardshire,At-Risk,2021-04-01,Tablet
3811,Alison,Montgomery,alison.montgomery387@yahoo.com,26,Other,United Kingdom,Lake Jesse,Returning,2020-05-22,Tablet
3812,Jessica,Andrews,jessica.andrews254@gmail.com,30,Male,France,Hendersonport,New,2024-02-18,Mobile
3813,Leslie,Massey,leslie.massey529@hotmail.com,42,Other,Indonesia,New Amanda,At-Risk,2020-01-18,Desktop
3814,Eric,King,eric.king843@yahoo.com,28,Female,Canada,East Nancyside,New,2021-05-01,Mobile
3815,Antonio,Washington,,30,Male,India,East Andrea,Returning,2024-01-11,Tablet
3816,Jon,Quinn,jon.quinn436@hotmail.com,31,Female,Japan,Garymouth,VIP,2020-10-17,Desktop
3817,Kevin,Anderson,kevin.anderson95@gmail.com,24,Male,Japan,Catherineport,Returning,2019-08-14,Mobile
3818,Sarah,Francis,sarah.francis910@hotmail.com,21,Male,United Kingdom,Lake Jeremy,Returning,2022-01-10,Mobile
3819,Deanna,Massey,deanna.massey220@gmail.com,30,Female,Italy,Gutierrezfort,At-Risk,2021-11-15,Desktop
3820,Cody,Davis,cody.davis379@gmail.com,33,Other,United Kingdom,Charlesborough,New,2019-01-19,Tablet
3821,Michael,Brooks,michael.brooks413@yahoo.com,26,Other,France,Bartonside,New,2023-11-21,Tablet
3822,Michael,Tapia,michael.tapia532@hotmail.com,44,Female,United Kingdom,Danaville,At-Risk,2021-12-07,Mobile
3823,Carrie,Cooper,carrie.cooper599@hotmail.com,29,Female,Germany,Port Barbaraport,New,2023-03-27,Tablet
3824,Erica,Mcpherson,,43,Female,USA,Riverahaven,Churned,2024-01-14,Tablet
3825,Teresa,Rodriguez,teresa.rodriguez954@yahoo.com,42,Female,Egypt,Katherineburgh,At-Risk,2020-04-16,Tablet
3826,Jamie,Nash,jamie.nash997@hotmail.com,60,Female,Italy,West Amanda,New,2024-09-22,Desktop
3827,Christopher,Snow,christopher.snow148@gmail.com,42,Other,Germany,East Susanland,Churned,2023-11-30,Desktop
3828,Michelle,Lopez,michelle.lopez497@gmail.com,23,Other,,West Robin,,2019-08-14,Mobile
3829,Charlene,Wood,charlene.wood133@yahoo.com,40,Other,Canada,Port Melanie,Churned,2024-01-16,Tablet
3830,Jill,Garcia,,32,Other,United States,Ericborough,,2020-10-08,Desktop
3831,Veronica,Phillips,veronica.phillips712@yahoo.com,32,Male,Australia,East Johnmouth,Churned,2024-04-17,Mobile
3832,Michael,Gonzalez,michael.gonzalez485@gmail.com,52,Male,France,West Jeffreyborough,Returning,2019-05-10,Tablet
3833,Kyle,Smith,kyle.smith161@yahoo.com,22,Other,United States,Lake Jenniferton,Returning,2022-09-13,Mobile
3834,Pamela,Russell,pamela.russell944@hotmail.com,56,Male,U.S.A.,Elizabethmouth,New,2020-12-01,Tablet
3835,Richard,Franco,richard.franco873@yahoo.com,21,Female,United Kingdom,Lake Lauren,VIP,2020-12-14,Desktop
3836,Olivia,Wilson,olivia.wilson124@hotmail.com,41,Female,United States,New Brittany,Returning,2019-11-06,Tablet
3837,Sheila,Mathews,sheila.mathews297@hotmail.com,39,Male,Mexico,Matthewton,VIP,2021-07-02,Tablet
3838,Gabrielle,Donovan,gabrielle.donovan157@hotmail.com,22,Male,United Kingdom,North Robertville,New,2024-07-03,Mobile
3839,Kaitlin,Hendrix,kaitlin.hendrix313@yahoo.com,34,Female,Philippines,North Brianhaven,New,2022-10-26,Mobile
3840,Ernest,Wright,ernest.wright302@hotmail.com,26,Female,UK,South Amandachester,New,2023-12-11,Desktop
3841,Sara,Hernandez,sara.hernandez811@gmail.com,55,Male,Mexico,Kellyfurt,At-Risk,2020-01-09,Desktop
3842,Kimberly,Houston,kimberly.houston803@hotmail.com,47,Other,Australia,Blevinstown,New,2022-03-05,Mobile
3843,Crystal,Crawford,crystal.crawford50@hotmail.com,47,Female,Brazil,Lake Adamstad,Returning,2022-05-31,Mobile
3844,Donald,Marsh,donald.marsh221@hotmail.com,20,Male,Japan,Travisberg,Returning,2022-04-22,Tablet
3845,Stephen,Warner,stephen.warner501@gmail.com,38,Male,Spain,North Brandon,New,2022-11-15,Desktop
3846,Steven,Bruce,steven.bruce561@hotmail.com,47,Female,Japan,Christinaberg,Churned,2020-07-10,Desktop
3847,James,Ford,james.ford892@gmail.com,51,Male,United Arab Emirates,New Michael,New,2020-10-08,Mobile
3848,Jacob,Love,jacob.love493@gmail.com,29,Other,Brazil,Ericahaven,New,2024-04-22,Mobile
3849,Leah,Johnson,leah.johnson580@gmail.com,18,Female,United States,Smithfurt,Returning,2019-04-07,Mobile
3850,Andrea,Thompson,andrea.thompson801@gmail.com,48,Female,Germany,Alexanderstad,New,2024-01-31,Mobile
3851,Olivia,Baker,olivia.baker855@yahoo.com,44,Other,United Kingdom,Bobbyshire,New,2019-02-21,Tablet
3852,Monica,Walters,monica.walters136@hotmail.com,42,Male,United Kingdom,Ryanview,VIP,2020-03-23,Tablet
3853,Clayton,Price,clayton.price652@hotmail.com,36,Female,Nigeria,Ryanberg,Returning,2020-04-28,Mobile
3854,ANGELICA,Schmidt,angelica.schmidt684@hotmail.com,37,Female,Germany,Lunafurt,Returning,2021-01-31,Desktop
3855,Heidi,Pruitt,heidi.pruitt888@hotmail.com,29,Other,India,North Jamie,Returning,2022-12-14,Mobile
3856,Brian,Holland,brian.holland92@gmail.com,57,Other,Canada,North Victoriaborough,Returning,2022-05-03,Tablet
3857,Albert,Ramirez,albert.ramirez639@hotmail.com,18,Female,Italy,Elizabethmouth,Returning,2024-05-31,Mobile
3858,Christopher,Ray,christopher.ray239@gmail.com,28,Female,Brazil,New Allen,At-Risk,2020-12-22,Mobile
3859,Kathleen,Cross,kathleen.cross554@hotmail.com,25,Male,South Africa,Jessicaside,Returning,2020-01-05,Tablet
3860,Jennifer,Roberts,jennifer.roberts912@gmail.com,24,Female,United States,West Steveshire,New,2023-05-21,Tablet
3861,Susan,Hall,susan.hall285@yahoo.com,40,Other,United Arab Emirates,New John,At-Risk,2021-02-24,Desktop
3862,Christopher,Moss,christopher.moss887@yahoo.com,23,Male,Saudi Arabia,Lake Brian,New,2022-05-21,Tablet
3863,Jessica,Martinez,jessica.martinez26@hotmail.com,23,Other,Germany,Snyderside,Churned,2020-07-14,Tablet
3864,William,Holmes,william.holmes816@hotmail.com,26,Other,Brazil,Davenportmouth,VIP,2021-04-12,Mobile
3865,Donna,Watkins,donna.watkins575@gmail.com,30,Other,US,Kimside,Returning,2022-12-24,Desktop
3866,Monique,Moore,monique.moore660@gmail.com,35,Other,U.A.E.,Port Kathrynhaven,New,2020-04-23,Desktop
3867,John,Clark,john.clark198@yahoo.com,46,Other,France,Ronaldport,VIP,2023-02-02,Tablet
3868,Marie,Washington,marie.washington591@yahoo.com,43,Male,France,Shawfurt,VIP,2020-09-02,Tablet
3869,Laurie,Robinson,laurie.robinson535@yahoo.com,23,Male,United States,Autumnshire,New,2021-11-06,Mobile
3870,Dwayne,Hall,dwayne.hall515@hotmail.com,18,Male,Japan,North Sharon,Churned,2020-12-07,Desktop
3871,Melvin,Cobb,melvin.cobb675@yahoo.com,21,Other,Canada,New Holly,Returning,2021-12-06,Desktop
3872,Amanda,Ellis,amanda.ellis986@yahoo.com,31,Male,Canada,Lake Calebport,New,2024-10-27,Mobile
3873,Paul,Clay,paul.clay806@gmail.com,53,Male,canada,Wallaceville,Returning,2024-01-13,Desktop
3874,Denise,Tyler,denise.tyler850@hotmail.com,38,Other,Mexico,Colemanmouth,VIP,2020-05-05,Tablet
3875,Christie,Kelly,christie.kelly455@yahoo.com,18,Male,Italy,Port Michaelchester,VIP,2020-11-11,Tablet
3876,Daniel,Powell,daniel.powell622@hotmail.com,27,Female,Canada,Youngtown,New,2024-06-24,Mobile
3877,Brendan,Moses,brendan.moses604@yahoo.com,28,Male,Germany,North Mary,VIP,2021-05-17,Mobile
3878,James,Johnson,james.johnson883@hotmail.com,37,Male,Canada,Barbaraberg,VIP,2020-01-14,Mobile
3879,Juan,Martinez,juan.martinez448@yahoo.com,25,Male,United Arab Emirates,West Kelsey,VIP,2022-08-08,Mobile
3880,Timothy,Ortiz,timothy.ortiz25@gmail.com,45,Other,France,Ryanton,New,2024-09-23,Mobile
3881,Linda,Sawyer,linda.sawyer392@gmail.com,45,Female,Mexico,Alanborough,New,2020-03-06,Desktop
3882,Kevin,Smith,kevin.smith118@yahoo.com,36,Male,Japan,South Julie,Returning,2021-04-01,Tablet
3883,Nicole,Ross,,54,Female,India,Garciastad,At-Risk,2020-12-15,Desktop
3884,Joseph,Gilmore,joseph.gilmore188@yahoo.com,43,Female,UAE,New Eric,Returning,2021-05-10,Desktop
3885,Christina,Kim,christina.kim158@yahoo.com,38,Female,Saudi Arabia,Schultzberg,New,2021-12-22,Mobile
3886,Brandon,Cook,brandon.cook695@gmail.com,32,Male,Australia,Schaeferport,New,2022-09-29,Desktop
3887,Bryan,Greene,bryan.greene630@gmail.com,45,Female,United States,Rileyberg,At-Risk,2023-10-26,Desktop
3888,Michael,Williams,michael.williams28@gmail.com,47,Other,United Kingdom,Taraborough,At-Risk,2022-05-05,Desktop
3889,Michelle,Nunez,michelle.nunez306@yahoo.com,18,Female,United States,Nancyside,New,2019-11-01,Desktop
3890,Robin,Hughes,robin.hughes328@yahoo.com,30,Male,Mexico,Jeffstad,Returning,2021-05-21,Mobile
3891,Danielle,Adams,danielle.adams915@hotmail.com,37,Female,U.A.E.,Smithside,New,2022-08-28,Mobile
3892,Marilyn,Guerra,marilyn.guerra385@yahoo.com,33,Male,India,Lake Kimberlyshire,New,2023-03-08,Desktop
3893,  Sharon  ,Lawson,sharon.lawson208@gmail.com,41,Male,,Webbstad,At-Risk,2019-05-31,Tablet
3894,Ashley,Watts,ashley.watts601@yahoo.com,38,Male,India,Port Kurtburgh,Returning,2021-01-12,Mobile
3895,Emily,Jordan,emily.jordan521@yahoo.com,27,Other,Mexico,New Katherine,New,2023-07-24,Mobile
3896,Zachary,Schneider,zachary.schneider973@hotmail.com,22,Male,United Kingdom,Nelsonmouth,Returning,2021-08-09,Mobile
3897,Nicholas,Flores,nicholas.flores63@gmail.com,41,Female,Saudi Arabia,Smithmouth,VIP,2020-10-25,Mobile
3898,Cheyenne,Wong,cheyenne.wong567@hotmail.com,18,Female,Mexico,Lake Mary,Returning,2020-05-02,Desktop
3899,Katie,Herrera,katie.herrera496@hotmail.com,19,Male,Nigeria,Garciachester,New,2023-10-21,Mobile
3900,Gregg,Thomas,gregg.thomas649@gmail.com,35,Male,United States,Katrinaton,VIP,2021-12-02,Desktop
3901,Stacey,Benson,stacey.benson276@yahoo.com,30,Other,USA,West Jasonshire,New,2021-10-13,Tablet
3902,David,Williams,david.williams692@gmail.com,22,Male,UK,North Stephanieview,New,2021-10-09,Desktop
3903,Michele,Miranda,michele.miranda782@hotmail.com,47,Other,Germany,Johnland,At-Risk,2023-11-29,Tablet
3904,Donna,Benson,,41,Male,United Kingdom,East Michael,Returning,2021-03-11,Mobile
3905,Suzanne,Rogers,suzanne.rogers582@yahoo.com,40,Female,France,East Matthewfort,Returning,2020-11-08,Mobile
3906,Phillip,Murphy,phillip.murphy86@hotmail.com,23,Other,Egypt,Taylormouth,Returning,2019-11-29,Tablet
3907,Michelle,Herrera,michelle.herrera209@yahoo.com,43,Male,Canada,Angelashire,Returning,2023-09-18,Mobile
3908,Mary,Tucker,mary.tucker554@hotmail.com,38,Male,,Marissastad,Returning,2024-07-26,Desktop
3909,Connor,Ortiz,connor.ortiz551@gmail.com,30,Female,Australia,Port Rachael,Returning,2022-03-09,Tablet
3910,Regina,Fuller,regina.fuller463@gmail.com,22,Male,United Kingdom,South Gary,Churned,2020-04-12,Desktop
3911,Jill,Cobb,jill.cobb833@hotmail.com,34,Female,Japan,Scottport,At-Risk,2019-02-09,Tablet
3912,Cristian,Morales,cristian.morales297@hotmail.com,55,Other,United States,Schultzville,New,2020-07-11,Desktop
3913,tiffany,Caldwell,tiffany.caldwell1@yahoo.com,52,Male,USA,West David,Churned,2021-02-04,Mobile
3914,Luis,Peterson,luis.peterson280@gmail.com,38,Other,Australia,South Sheila,Returning,2021-03-27,Mobile
3915,Katie,Johnson,katie.johnson860@yahoo.com,25,Other,Spain,East Charlottefurt,Churned,2019-08-09,Mobile
3916,Christian,Bailey,christian.bailey360@hotmail.com,29,Other,France,Lake Meghanville,Churned,2021-08-18,Desktop
3917,Austin,Reyes,austin.reyes600@hotmail.com,35,Other,Japan,Autumnfort,Returning,2022-04-04,Mobile
3918,Jaclyn,Thompson,jaclyn.thompson47@hotmail.com,51,Male,,Leeville,New,2021-05-21,Tablet
3919,Jane,Rodriguez,jane.rodriguez547@yahoo.com,32,Other,Italy,Lake Andrea,At-Risk,2023-10-01,Desktop
3920,Brenda,Wallace,brenda.wallace308@hotmail.com,37,Male,United Kingdom,West Whitney,Returning,2023-09-29,Mobile
3921,Tommy,Allen,tommy.allen716@hotmail.com,66,Male,Canada,Jacquelinechester,Returning,2019-04-10,Desktop
3922,Brian,Anderson,brian.anderson743@hotmail.com,30,Other,Canada,West Kimberly,New,2024-10-19,Mobile
3923,Jerry,Reed,,41,Female,United States,New Adrian,Returning,2020-08-19,Desktop
3924,Brandon,Mcdonald,brandon.mcdonald626@yahoo.com,18,Other,United States,South Cynthia,Returning,2024-11-07,Mobile
3925,Jeremy,Sullivan,jeremy.sullivan906@hotmail.com,25,Other,Germany,West Timothy,New,2023-08-19,Mobile
3926,Ashley,Alexander,ashley.alexander651@gmail.com,32,Female,Germany,Abigailtown,Returning,2020-03-05,Tablet
3927,Katrina,Mcpherson,katrina.mcpherson464@hotmail.com,48,Female,Saudi Arabia,Lake Brettmouth,Returning,2023-01-15,Desktop
3928,Jeremy,Diaz,jeremy.diaz679@hotmail.com,20,Female,United Kingdom,Bridgesside,New,2023-11-18,Mobile
3929,Peter,Johnson,peter.johnson216@gmail.com,38,Female,Australia,Howardchester,New,2020-06-03,Tablet
3930,Jessica,Pacheco,jessica.pacheco337@yahoo.com,49,Male,Australia,East Oliviahaven,New,2021-05-05,Tablet
3931,Sheila,Garcia,sheila.garcia137@gmail.com,36,Other,United Kingdom,East Laura,Returning,2019-12-31,Desktop
3932,Joseph,Sandoval,joseph.sandoval624@yahoo.com,25,Female,Nigeria,Port Nicholas,Returning,2024-07-15,Desktop
3933,Brenda,Clarke,brenda.clarke924@hotmail.com,22,Male,Spain,Port Mason,Returning,2022-09-17,Tablet
3934,kevin,Davila,kevin.davila178@yahoo.com,28,Female,Australia,Stuartview,New,2021-04-07,Tablet
3935,Nathan,Lewis,nathan.lewis917@yahoo.com,39,Other,India,Joshualand,Returning,2019-08-28,Tablet
3936,Connor,Barton,connor.barton501@hotmail.com,34,Female,India,Christopherfurt,At-Risk,2024-07-11,Tablet
3937,Jacob,Burch,jacob.burch84@hotmail.com,23,Other,brazil,Drewborough,VIP,2022-04-25,Tablet
3938,Deborah,Fernandez,deborah.fernandez80@hotmail.com,29,Other,United Arab Emirates,South Mary,At-Risk,2023-05-02,Desktop
3939,William,Deleon,william.deleon914@hotmail.com,28,Other,Philippines,Michelleland,Returning,2020-07-24,Mobile
3940,Emily,Martin,emily.martin689@gmail.com,33,Male,Brazil,Dorothybury,VIP,2020-03-10,Mobile
3941,Mario,Proctor,mario.proctor996@gmail.com,18,Female,Egypt,East Scottside,At-Risk,2020-03-29,Tablet
3942,Paul,Gonzalez,paul.gonzalez367@hotmail.com,38,Female,India,Johnsfurt,Returning,2024-07-09,Desktop
3943,Taylor,Webb,taylor.webb860@hotmail.com,20,Other,Philippines,South Dorisfort,At-Risk,2021-08-12,Desktop
3944,Teresa,Young,teresa.young128@yahoo.com,23,Female,Mexico,Thomasstad,Returning,2019-01-06,Mobile
3945,Robert,Webb,,25,Male,Australia,Lopezville,At-Risk,2021-12-29,Mobile
3946,Bobby,Gardner,bobby.gardner10@hotmail.com,32,Male,Nigeria,Hoffmanport,New,2019-08-14,Tablet
3947,Peter,Andrews,peter.andrews21@gmail.com,31,Female,united states,Port Emily,At-Risk,2021-04-28,Tablet
3948,Kenneth,Murphy,kenneth.murphy944@yahoo.com,42,Other,Netherlands,Christinamouth,Returning,2020-10-16,Mobile
3949,Brianna,Miller,brianna.miller197@gmail.com,51,Male,Spain,Jenniferbury,At-Risk,2022-08-27,Tablet
3950,Andrew,Mueller,andrew.mueller641@yahoo.com,39,Female,India,New Jenniferfort,Churned,2022-11-14,Tablet
3951,Jerome,Anderson,jerome.anderson227@hotmail.com,35,Male,Germany,Lake Susanmouth,Returning,2023-02-04,Mobile
3952,David,Jones,david.jones991@yahoo.com,50,Female,USA,East Randyside,Returning,2019-11-08,Desktop
3953,Peter,Best,peter.best288@yahoo.com,32,Female,France,Gregorymouth,Churned,2024-07-13,Tablet
3954,Carl,Wright,carl.wright724@yahoo.com,40,Other,France,Port Nancy,Returning,2024-09-18,Desktop
3955,Richard,Smith,richard.smith8@gmail.com,46,Male,Mexico,South Ashleytown,At-Risk,2022-04-20,Tablet
3956,William,Richardson,william.richardson406@yahoo.com,18,Male,Australia,East Michellebury,At-Risk,2020-03-11,Mobile
3957,Victoria,Gardner,victoria.gardner583@hotmail.com,18,Other,Mexico,Jamesland,VIP,2019-01-10,Mobile
3958,Michael,Allen,michael.allen175@yahoo.com,41,Other,India,South Larryview,New,2021-04-06,Desktop
3959,Jeff,Vaughn,jeff.vaughn676@yahoo.com,29,Other,Canada,North Nancyland,VIP,2020-10-28,Tablet
3960,Rebecca,Hubbard,rebecca.hubbard689@gmail.com,26,Other,U.S.A.,East Christopher,VIP,2020-12-24,Tablet
3961,William,Walters,william.walters579@hotmail.com,25,Male,  India  ,Knighttown,New,2024-08-03,Desktop
3962,Matthew,Chang,matthew.chang603@hotmail.com,22,Male,nigeria,Garciafort,,2019-06-28,Tablet
3963,Todd,Johnson,todd.johnson67@gmail.com,49,Male,Brazil,Robertmouth,New,2024-06-11,Mobile
3964,Patricia,Turner,patricia.turner956@gmail.com,33,Other,France,Reneefurt,VIP,2019-01-11,Desktop
3965,Christopher,Myers,christopher.myers903@hotmail.com,30,Other,united states,Port Cynthia,New,2022-05-01,Tablet
3966,Manuel,Allen,manuel.allen802@yahoo.com,42,Female,France,Dariusside,VIP,2021-09-20,Desktop
3967,Marissa,Ellis,marissa.ellis869@hotmail.com,20,Other,India,Mathewstown,Churned,2021-04-29,Desktop
3968,Jeffrey,Nguyen,jeffrey.nguyen994@hotmail.com,43,Other,Italy,Rhodesbury,Returning,2024-01-21,Tablet
3969,Danielle,Kennedy,danielle.kennedy546@gmail.com,42,Other,United Kingdom,East Jeremiahview,Returning,2022-06-25,Mobile
3970,Robert,Poole,robert.poole698@hotmail.com,26,Other,United States,Cookfort,Churned,2024-05-17,Mobile
3971,Joseph,Oneill,joseph.oneill3@gmail.com,44,Female,Philippines,West Amyside,New,2024-02-25,Tablet
3972,Brenda,Haynes,brenda.haynes690@yahoo.com,32,Other,Australia,Port Dave,New,2019-07-23,Desktop
3973,maxwell,Smith,maxwell.smith875@yahoo.com,36,Female,United States,Franciston,New,2021-09-23,Mobile
3974,Kimberly,Silva,kimberly.silva865@yahoo.com,46,Female,Germany,Leahchester,Churned,2023-12-28,Mobile
3975,Daniel,Williams,daniel.williams125@hotmail.com,45,Other,Germany,Myersmouth,New,2021-03-04,Tablet
3976,Emily,Bell,emily.bell478@yahoo.com,40,Female,Indonesia,Hernandezshire,New,2023-09-28,Mobile
3977,Edward,Hughes,edward.hughes530@hotmail.com,34,Male,United States,West William,VIP,2020-08-10,Tablet
3978,Vanessa,Johnson,vanessa.johnson230@gmail.com,42,Male,Indonesia,New Williamfurt,Churned,2022-03-03,Mobile
3979,Michael,Butler,michael.butler941@yahoo.com,31,Female,India,Cummingsburgh,Returning,2024-07-13,Tablet
3980,Stephanie,Robbins,stephanie.robbins460@yahoo.com,31,Female,Egypt,East Aprilchester,New,2023-09-09,Desktop
3981,Thomas,Weber,thomas.weber402@yahoo.com,37,Male,Netherlands,Zamoramouth,Returning,2022-07-30,Mobile
3982,Taylor,Sherman,taylor.sherman84@gmail.com,40,Other,France,Thomasbury,Churned,2021-12-24,Desktop
3983,Bridget,Suarez,bridget.suarez756@yahoo.com,48,Male,PHILIPPINES,Lake Kristenton,VIP,2024-09-04,Tablet
3984,Katherine,Mcneil,katherine.mcneil434@gmail.com,38,Male,India,New Carla,New,2020-01-13,Desktop
3985,  Donna  ,Johnson,donna.johnson202@hotmail.com,28,Male,Canada,West James,Returning,2020-05-22,Mobile
3986,Gabrielle,Parsons,gabrielle.parsons319@gmail.com,26,Male,France,East Christina,New,2024-07-28,Tablet
3987,Johnny,Gray,johnny.gray641@yahoo.com,37,Male,India,Port Melaniefurt,Returning,2022-05-25,Desktop
3988,Terri,Zimmerman,terri.zimmerman492@hotmail.com,32,Female,Mexico,South Cherylberg,At-Risk,2020-02-22,Desktop
3989,Samuel,Hobbs,,58,Other,Philippines,New Kevin,At-Risk,2019-10-27,Mobile
3990,Matthew,Olson,matthew.olson861@gmail.com,24,Female,France,Port Patrickview,Returning,2020-07-10,Desktop
3991,Nina,Peters,,38,Female,Indonesia,Chanmouth,Returning,2020-06-21,Desktop
3992,Darren,Lane,darren.lane982@hotmail.com,20,Female,Saudi Arabia,West Garrettstad,Returning,2024-10-11,Desktop
3993,Rebecca,Moreno,rebecca.moreno842@gmail.com,37,Female,Canada,Johnmouth,New,2021-06-17,Tablet
3994,Victoria,Arellano,victoria.arellano814@yahoo.com,29,Male,ITALY,Laurenfort,New,2022-05-05,Desktop
3995,Tasha,Coleman,tasha.coleman795@hotmail.com,28,Other,United Kingdom,Stephenstown,Churned,2023-01-27,Tablet
3996,Bobby,Bowen,,46,Male,Germany,North John,Returning,2019-06-14,Tablet
3997,Timothy,Winters,timothy.winters458@gmail.com,49,Other,South Africa,Annchester,VIP,2024-07-14,Desktop
3998,Stephanie,Rowe,stephanie.rowe88@hotmail.com,60,Male,France,New Lisa,At-Risk,2022-05-24,Desktop
3999,Kimberly,Moore,kimberly.moore387@hotmail.com,38,Female,Philippines,Harrisland,Returning,2020-07-05,Tablet
4000,Eric,Collins,eric.collins67@yahoo.com,20,Male,Italy,Thompsonville,VIP,2021-11-04,Desktop
4001,Elizabeth,Long,elizabeth.long942@yahoo.com,26,Female,Australia,South Alanborough,VIP,2023-07-24,Desktop
4002,Amber,Hunter,amber.hunter309@yahoo.com,29,Other,United Kingdom,North Marioton,New,2020-01-27,Tablet
4003,Tony,Morgan,tony.morgan443@gmail.com,38,Male,Japan,North Dylan,,2019-12-15,Desktop
4004,Jacqueline,Goodwin,jacqueline.goodwin694@gmail.com,35,Male,United Kingdom,Wardstad,Returning,2024-09-06,Tablet
4005,Carl,Hill,carl.hill54@yahoo.com,30,Female,UK,Lake Michelle,Returning,2019-05-30,Mobile
4006,Miranda,Adams,miranda.adams412@yahoo.com,18,Male,United Kingdom,Port Steven,At-Risk,2022-11-25,Tablet
4007,Andrew,Davis,andrew.davis771@gmail.com,46,Female,Germany,Beckershire,Churned,2021-09-07,Desktop
4008,Joshua,Bryan,joshua.bryan886@gmail.com,52,Other,philippines,Brownside,New,2024-06-13,Tablet
4009,Matthew,Moss,matthew.moss639@gmail.com,37,Male,united states,North Ashley,Returning,2021-03-27,Mobile
4010,Stephanie,Thomas,stephanie.thomas394@gmail.com,18,Female,Brazil,South Amanda,Returning,2022-11-12,Mobile
4011,Ronald,Flynn,ronald.flynn902@yahoo.com,41,Other,PHILIPPINES,Seanberg,New,2020-05-17,Tablet
4012,Richard,Jones,richard.jones104@hotmail.com,18,Female,Mexico,Vincentville,New,2022-09-22,Tablet
4013,Steven,Davis,,37,Other,United States,New Ryanfort,New,2023-01-06,Desktop
4014,Anthony,Anderson,anthony.anderson465@gmail.com,27,Other,United Kingdom,North David,Returning,2022-05-17,Mobile
4015,Andrea,Le,andrea.le602@gmail.com,24,Male,Mexico,East Janet,New,2024-10-25,Desktop
4016,Shannon,Smith,shannon.smith106@yahoo.com,43,Male,Brazil,Port Thomas,Returning,2021-01-15,Tablet
4017,Evan,Blankenship,evan.blankenship731@yahoo.com,26,Male,United States,Robinville,VIP,2019-06-19,Tablet
4018,Megan,Pham,megan.pham809@hotmail.com,33,Male,Philippines,Millerburgh,Returning,2024-11-03,Tablet
4019,Rebecca,Owens,rebecca.owens130@yahoo.com,47,Other,Canada,Heatherville,New,2024-12-19,Tablet
4020,Sylvia,Melendez,sylvia.melendez263@yahoo.com,45,Female,United States,Serranoshire,Returning,2021-06-21,Mobile
4021,Paul,Reed,paul.reed493@gmail.com,33,Other,South Africa,Lake Chad,New,2020-10-20,Tablet
4022,Barbara,Davila,barbara.davila456@yahoo.com,34,Male,india,Youngchester,Returning,2023-04-01,Desktop
4023,Steven,Jackson,steven.jackson141@yahoo.com,24,Male,Canada,Jamesport,New,2020-03-08,Desktop
4024,Nicole,Heath,nicole.heath131@hotmail.com,37,Female,France,Stoneburgh,New,2022-08-15,Tablet
4025,Michelle,Cox,michelle.cox447@gmail.com,57,Other,India,Rebeccaport,Returning,2020-05-03,Tablet
4026,April,Rhodes,april.rhodes773@gmail.com,42,Female,Germany,New Ruth,At-Risk,2019-04-13,Mobile
4027,Linda,Nelson,linda.nelson598@hotmail.com,44,Other,egypt,Lake Kennethport,Returning,2021-10-28,Desktop
4028,  Michelle  ,Woodward,michelle.woodward151@hotmail.com,25,Female,Canada,Lake Brendanport,,2019-01-21,Mobile
4029,Cameron,Hale,cameron.hale618@yahoo.com,35,Female,India,South Robert,At-Risk,2020-09-22,Mobile
4030,Gary,Reyes,gary.reyes378@hotmail.com,35,Male,United Kingdom,East Michael,Churned,2022-07-25,Tablet
4031,Sandra,Walker,sandra.walker601@hotmail.com,30,Other,United States,North Caitlin,Returning,2019-07-05,Tablet
4032,Susan,Leblanc,susan.leblanc149@hotmail.com,48,Male,India,North Erikaberg,At-Risk,2021-10-19,Desktop
4033,Daniel,Page,daniel.page520@yahoo.com,36,Other,Germany,Port Ian,New,2020-11-11,Desktop
4034,Cameron,Henry,cameron.henry433@yahoo.com,38,Female,United States,Duncantown,Returning,2024-04-09,Desktop
4035,Cynthia,Boyd,cynthia.boyd206@gmail.com,51,Other,India,East Tiffany,Churned,2022-08-31,Desktop
4036,Traci,Nelson,traci.nelson805@yahoo.com,38,Male,Mexico,East Barbara,At-Risk,2022-10-28,Mobile
4037,Mary,Estes,mary.estes194@hotmail.com,36,Other,Japan,Christinachester,New,2024-06-20,Mobile
4038,Timothy,Woods,timothy.woods712@gmail.com,35,Other,United Kingdom,Johntown,Churned,2023-09-27,Mobile
4039,Gabriel,Hammond,gabriel.hammond615@gmail.com,35,Other,Canada,Stevenbury,VIP,2021-06-01,Mobile
4040,Alex,Cortez,alex.cortez873@gmail.com,29,Other,Italy,New Benjaminton,Returning,2021-08-05,Tablet
4041,Megan,Russell,megan.russell987@hotmail.com,39,Female,Spain,Kevinmouth,At-Risk,2022-01-07,Tablet
4042,John,Mclaughlin,john.mclaughlin307@yahoo.com,35,Female,France,Jordanton,New,2023-04-15,Mobile
4043,justin,Davidson,justin.davidson167@gmail.com,55,Male,United States,Harveyberg,New,2023-05-06,Mobile
4044,Karen,Navarro,karen.navarro898@yahoo.com,28,Male,United States,Lisaview,Returning,2024-09-03,Mobile
4045,Jeffrey,Gonzalez,jeffrey.gonzalez225@gmail.com,41,Male,United Kingdom,Matthewsview,VIP,2020-11-30,Tablet
4046,Jason,Strickland,jason.strickland229@hotmail.com,38,Other,Indonesia,Port Victoria,Churned,2021-01-29,Desktop
4047,William,Grant,william.grant478@gmail.com,31,Other,United States,Stephenbury,VIP,2023-12-18,Desktop
4048,Margaret,Garcia,margaret.garcia245@gmail.com,33,Female,United Arab Emirates,North Sarah,VIP,2020-05-24,Tablet
4049,Matthew,Soto,matthew.soto787@hotmail.com,24,Female,Brazil,North Henry,Returning,2020-05-18,Tablet
4050,KYLE,Bruce,kyle.bruce385@gmail.com,30,Male,United Arab Emirates,Katherineview,Returning,2019-02-17,Mobile
4051,Ashley,Brooks,ashley.brooks189@hotmail.com,20,Male,United Kingdom,Moorebury,New,2020-05-19,Mobile
4052,Bradley,Moon,bradley.moon11@yahoo.com,24,Male,United States,East Johnberg,Returning,2020-12-16,Mobile
4053,Lori,Freeman,lori.freeman31@gmail.com,26,Other,Mexico,Staceymouth,VIP,2022-03-16,Desktop
4054,Victor,Brock,victor.brock146@yahoo.com,49,Female,Brazil,West Edwinport,Churned,2024-09-04,Mobile
4055,Phillip,Jones,,30,Other,United Kingdom,West Lisa,Returning,2024-02-19,Tablet
4056,David,Hall,david.hall935@gmail.com,24,Female,United Arab Emirates,Townsendland,Returning,2022-07-08,Desktop
4057,Megan,Short,megan.short999@hotmail.com,58,Male,France,Rebeccastad,At-Risk,2023-04-17,Desktop
4058,JEFFREY,Barker,jeffrey.barker203@hotmail.com,40,Female,Spain,Sarahland,New,2022-09-12,Desktop
4059,Nancy,Rodriguez,nancy.rodriguez225@hotmail.com,19,Female,India,Garrisonmouth,Churned,2021-02-23,Tablet
4060,Stacy,Shannon,stacy.shannon179@yahoo.com,43,Female,Nigeria,Salinasburgh,Returning,2024-10-01,Tablet
4061,Crystal,Anderson,crystal.anderson252@yahoo.com,24,Male,India,Sanchezchester,New,2019-09-21,Desktop
4062,Robert,Bruce,robert.bruce23@gmail.com,26,Male,India,Patriciachester,New,2020-06-04,Mobile
4063,david,Sawyer,david.sawyer933@gmail.com,22,Male,Philippines,Grahamland,VIP,2020-11-16,Desktop
4064,Keith,Brown,keith.brown852@hotmail.com,27,Other,Germany,Masonstad,New,2023-01-02,Desktop
4065,Robert,Griffin,robert.griffin389@gmail.com,18,Other,India,Jamesborough,At-Risk,2023-02-26,Desktop
4066,Roberto,Durham,roberto.durham347@hotmail.com,37,Male,Brazil,Lake Kathyton,Returning,2019-08-28,Mobile
4067,Christian,Mitchell,christian.mitchell468@yahoo.com,45,Male,Saudi Arabia,Port Brendanborough,Returning,2022-08-07,Mobile
4068,Todd,Palmer,todd.palmer829@hotmail.com,36,Female,Canada,New Brittneyton,Returning,2020-09-07,Tablet
4069,Terri,Myers,terri.myers176@gmail.com,41,Other,India,Maysside,New,2022-02-19,Tablet
4070,Rickey,Romero,rickey.romero903@hotmail.com,22,Female,Britain,Christopherstad,Returning,2024-08-05,Tablet
4071,Sarah,Williams,sarah.williams67@yahoo.com,37,Male,Japan,Lake Brittanymouth,Returning,2024-12-16,Desktop
4072,Katherine,Herrera,katherine.herrera904@gmail.com,47,Male,Brazil,Mendozahaven,Returning,2019-03-17,Desktop
4073,Timothy,Moore,timothy.moore197@yahoo.com,31,Other,Australia,Port Aaron,New,2022-10-30,Mobile
4074,Angela,Nunez,angela.nunez712@yahoo.com,37,Female,Canada,Mooreborough,Churned,2021-09-30,Mobile
4075,Michael,Campbell,michael.campbell614@yahoo.com,29,Female,,Lake Jennifer,At-Risk,2023-09-08,Tablet
4076,Susan,Walker,susan.walker251@yahoo.com,24,Male,France,Farleyhaven,VIP,2023-07-24,Tablet
4077,Brandy,Hinton,brandy.hinton602@yahoo.com,30,Male,France,Lake Jonathanport,Returning,2022-08-24,Tablet
4078,James,Murray,,45,Male,italy,Paulview,New,2022-05-21,Mobile
4079,Sherry,Gray,sherry.gray254@hotmail.com,49,Male,India,Coleland,Returning,2024-03-17,Tablet
4080,Matthew,Henry,,21,Female,India,South Kevinchester,New,2019-04-10,Desktop
4081,Elizabeth,Flynn,,36,Other,South Africa,West John,New,2023-07-03,Tablet
4082,William,Moon,william.moon908@hotmail.com,18,Female,Netherlands,Clarkberg,Returning,2019-02-05,Desktop
4083,ANTONIO,Bailey,antonio.bailey745@yahoo.com,31,Male,United Kingdom,Riveraborough,Returning,2020-06-10,Mobile
4084,Terry,Woods,terry.woods810@gmail.com,44,Other,Germany,Lake Jamesfurt,Returning,2021-12-20,Tablet
4085,Angela,Rodriguez,angela.rodriguez67@gmail.com,48,Male,United States,Rodriguezport,At-Risk,2022-04-14,Tablet
4086,Emily,Smith,emily.smith398@gmail.com,18,Other,Italy,West Elizabeth,Returning,2019-10-31,Tablet
4087,Nicholas,Meyers,nicholas.meyers384@yahoo.com,30,Female,,Andrewton,Returning,2024-12-23,Tablet
4088,Kenneth,Riddle,kenneth.riddle476@hotmail.com,43,Male,Australia,Lake Annaside,Returning,2024-01-21,Mobile
4089,Ashley,Crawford,ashley.crawford730@hotmail.com,51,Female,United States,Younghaven,New,2021-11-13,Tablet
4090,Kyle,Davis,kyle.davis712@gmail.com,43,Female,United Arab Emirates,East Laurenport,Returning,2020-06-28,Tablet
4091,Jeffrey,Lambert,jeffrey.lambert979@gmail.com,18,Female,Brazil,New Christopherbury,New,2020-11-16,Mobile
4092,Christina,Montgomery,christina.montgomery275@gmail.com,29,Other,Mexico,South Heatherview,New,2019-08-22,Mobile
4093,Victoria,Knight,,33,Other,United Kingdom,Edwardsview,At-Risk,2021-06-24,Tablet
4094,Paul,Hunt,paul.hunt38@yahoo.com,30,Male,US,West Cory,New,2022-08-19,Desktop
4095,Nicholas,Thomas,nicholas.thomas917@gmail.com,22,Male,USA,Stricklandfurt,New,2019-05-03,Mobile
4096,Gabriel,Wright,gabriel.wright884@gmail.com,69,Male,Indonesia,West Benjamin,VIP,2021-04-17,Mobile
4097,Taylor,Castaneda,taylor.castaneda224@gmail.com,30,Female,Canada,West Christian,Returning,2021-03-19,Mobile
4098,Anne,Williams,anne.williams911@yahoo.com,18,Female,Mexico,New Melissaburgh,At-Risk,2023-08-19,Tablet
4099,William,Odonnell,william.odonnell161@yahoo.com,40,Female,United States,South Richardton,New,2023-04-04,Mobile
4100,Laurie,Horn,laurie.horn564@gmail.com,31,Male,United States,South Alison,New,2020-10-05,Desktop
4101,Joshua,Reid,,35,Male,USA,Marshchester,Churned,2019-07-01,Mobile
4102,Donald,Myers,donald.myers456@yahoo.com,46,Other,Nigeria,Kevinberg,VIP,2019-02-02,Mobile
4103,Ernest,Rowland,,41,Other,Nigeria,West Amanda,At-Risk,2024-01-07,Desktop
4104,James,Jones,james.jones477@yahoo.com,46,Other,Germany,South Chase,At-Risk,2021-03-15,Tablet
4105,Jeremy,Jones,jeremy.jones345@gmail.com,25,Female,United States,Lake Elijahfurt,,2022-10-15,Mobile
4106,Lisa,Mora,lisa.mora479@gmail.com,21,Female,Canada,Lake Audrey,Returning,2019-01-15,Mobile
4107,Christopher,Baker,christopher.baker377@gmail.com,41,Female,Germany,Port Curtisshire,At-Risk,2023-10-29,Mobile
4108,Christina,Gross,christina.gross280@yahoo.com,34,Female,Netherlands,West Jessica,Returning,2021-06-15,Desktop
4109,Andrea,Waters,andrea.waters184@yahoo.com,52,Female,South Africa,North Jeffreyland,VIP,2020-09-07,Desktop
4110,James,Jones,james.jones272@gmail.com,27,Other,United Kingdom,Port Yvonneside,At-Risk,2022-10-19,Desktop
4111,Larry,Rush,larry.rush368@yahoo.com,51,Male,Italy,Lake Janeburgh,New,2020-11-20,Mobile
4112,Darrell,Russo,,18,Other,Spain,West Larryton,Returning,2022-01-05,Tablet
4113,Robert,Armstrong,robert.armstrong560@yahoo.com,50,Other,United States,Port Yvonnefurt,New,2021-09-20,Desktop
4114,Kenneth,Roth,kenneth.roth805@yahoo.com,32,Female,Indonesia,North Andrew,New,2019-08-18,Desktop
4115,Lisa,Gomez,lisa.gomez101@yahoo.com,51,Male,Mexico,Leroyberg,Returning,2024-09-04,Desktop
4116,Elijah,Murphy,,27,Male,India,Krystalmouth,At-Risk,2023-05-09,Tablet
4117,Anthony,Lewis,anthony.lewis206@yahoo.com,32,Female,USA,Jonathanshire,Returning,2022-09-06,Desktop
4118,Tara,Cole,tara.cole692@hotmail.com,18,Female,United Kingdom,East Charlene,Returning,2023-04-01,Mobile
4119,Phillip,Booker,phillip.booker310@hotmail.com,30,Other,United States,Christopherfurt,VIP,2024-10-11,Tablet
4120,Chad,Bass,chad.bass866@gmail.com,35,Female,france,East Ronald,At-Risk,2023-11-08,Desktop
4121,Michael,Bentley,michael.bentley723@hotmail.com,26,Other,SPAIN,West Tracyfurt,Churned,2020-06-12,Desktop
4122,Gina,Johnson,gina.johnson876@gmail.com,38,Other,India,Schneiderport,VIP,2021-06-10,Tablet
4123,Cody,Morris,cody.morris557@yahoo.com,31,Female,Netherlands,South Sarahtown,New,2019-05-15,Desktop
4124,Scott,Sampson,scott.sampson789@yahoo.com,18,Female,Canada,Greeneside,Returning,2021-04-09,Mobile
4125,Cynthia,Silva,cynthia.silva843@hotmail.com,25,Female,Saudi Arabia,Williamhaven,New,2019-06-01,Mobile
4126,alexander,Banks,alexander.banks969@yahoo.com,53,Female,Germany,North Vanessamouth,VIP,2023-10-15,Tablet
4127,Adam,Jones,adam.jones776@yahoo.com,44,Other,U.S.A.,Lake Timothy,New,2022-06-11,Desktop
4128,Kyle,Gonzalez,kyle.gonzalez484@gmail.com,21,Other,United States,South Allisonville,Churned,2024-08-03,Tablet
4129,Charles,Rodriguez,charles.rodriguez780@hotmail.com,52,Male,Germany,Collierton,Returning,2020-09-01,Mobile
4130,Andrew,Weeks,andrew.weeks234@yahoo.com,38,Male,,Kellystad,Churned,2021-01-02,Tablet
4131,Brittany,West,brittany.west768@gmail.com,46,Male,USA,East Elizabeth,Returning,2022-02-11,Mobile
4132,Elizabeth,Cross,,46,Other,Australia,Nathanielburgh,Churned,2020-05-16,Tablet
4133,Valerie,Castillo,valerie.castillo805@hotmail.com,25,Other,France,Port Jasonbury,New,2021-02-28,Mobile
4134,Rebecca,Walter,,24,Female,United States,Christinashire,At-Risk,2022-07-02,Mobile
4135,Paul,Powell,paul.powell811@yahoo.com,49,Male,Italy,Lake Paul,New,2019-09-02,Mobile
4136,Jodi,Woods,jodi.woods867@yahoo.com,38,Male,,North Virginia,New,2020-04-19,Mobile
4137,Ashley,Turner,ashley.turner789@yahoo.com,33,Other,France,West William,Returning,2023-04-22,Mobile
4138,Edwin,Hull,edwin.hull215@hotmail.com,45,Female,Australia,Meganfurt,New,2024-02-23,Mobile
4139,Tara,Sanchez,tara.sanchez874@hotmail.com,50,Other,Italy,Port Timothy,Returning,2023-11-15,Desktop
4140,Angela,Beck,angela.beck384@yahoo.com,29,Male,Australia,East Joshuaborough,At-Risk,2023-09-30,Tablet
4141,Patricia,Olson,patricia.olson895@hotmail.com,44,Male,Brazil,Alexanderton,Returning,2021-08-01,Mobile
4142,Michael,Hansen,michael.hansen966@gmail.com,23,Other,Netherlands,Salasmouth,New,2021-10-10,Desktop
4143,David,Gilmore,david.gilmore512@gmail.com,42,Other,Italy,Taylortown,New,2021-05-11,Mobile
4144,Lisa,Grant,lisa.grant348@gmail.com,18,Male,Spain,Karenfurt,Returning,2020-10-24,Mobile
4145,Jason,Watkins,jason.watkins436@hotmail.com,43,Other,United States,Smithport,Returning,2022-12-22,Mobile
4146,Courtney,Murphy,courtney.murphy782@yahoo.com,27,Other,United States,Port Morganbury,,2020-07-02,Tablet
4147,David,Dominguez,david.dominguez307@gmail.com,50,Female,France,Sandersshire,Returning,2024-10-15,Tablet
4148,MICHAEL,Martinez,michael.martinez24@hotmail.com,61,Other,United Kingdom,West Andrewburgh,,2021-05-03,Desktop
4149,Brian,Williams,brian.williams945@gmail.com,36,Male,India,Lake Kelliton,At-Risk,2019-07-02,Desktop
4150,Mark,Jones,mark.jones976@gmail.com,44,Female,Canada,Leeview,Returning,2023-09-23,Tablet
4151,Tammy,Burgess,tammy.burgess645@hotmail.com,36,Other,United States,East Staceybury,New,2019-01-03,Tablet
4152,Emily,Hawkins,emily.hawkins588@gmail.com,36,Female,United Kingdom,New Melissa,VIP,2022-12-30,Mobile
4153,Nicholas,Berry,nicholas.berry210@gmail.com,30,Female,Saudi Arabia,Woodsborough,At-Risk,2023-01-16,Desktop
4154,Jeffery,Brown,jeffery.brown548@hotmail.com,18,Female,Australia,Allisonfort,Returning,2023-01-21,Desktop
4155,Sherry,Owens,sherry.owens487@hotmail.com,18,Male,US,Lake Victoria,Churned,2024-02-19,Mobile
4156,Sheila,Montes,sheila.montes584@hotmail.com,40,Female,Britain,Jonesberg,New,2019-10-05,Tablet
4157,Charles,Esparza,charles.esparza917@hotmail.com,24,Female,United States,East Andrew,New,2020-04-12,Desktop
4158,Christopher,Acosta,christopher.acosta176@yahoo.com,18,Male,GERMANY,Davidfurt,VIP,2019-05-19,Tablet
4159,Crystal,Proctor,crystal.proctor567@gmail.com,31,Male,India,East Jakeview,At-Risk,2023-08-03,Desktop
4160,Hannah,Graham,hannah.graham847@gmail.com,18,Other,Canada,Huntermouth,New,2024-06-23,Tablet
4161,Chelsea,Jones,chelsea.jones501@yahoo.com,56,Male,United States,Hillbury,Returning,2019-11-19,Desktop
4162,Kimberly,Estrada,kimberly.estrada204@hotmail.com,35,Male,U.S.A.,Lake Hector,New,2021-01-22,Mobile
4163,Kristina,Ferguson,kristina.ferguson291@hotmail.com,18,Male,Netherlands,Trujilloville,Returning,2020-01-18,Desktop
4164,Pamela,Allen,pamela.allen299@hotmail.com,34,Other,australia,Cassidyshire,Returning,2020-12-04,Tablet
4165,Michelle,Mayer,michelle.mayer72@yahoo.com,29,Female,Nigeria,New Robert,Churned,2020-07-17,Desktop
4166,Kevin,Meyer,kevin.meyer378@gmail.com,35,Other,United Kingdom,Wangside,New,2021-08-11,Desktop
4167,Daniel,Stanton,daniel.stanton176@gmail.com,40,Female,Mexico,West Kristabury,At-Risk,2020-04-28,Mobile
4168,Ronald,Johnson,ronald.johnson401@hotmail.com,25,Male,Egypt,West Annafort,Returning,2019-07-06,Desktop
4169,Matthew,Park,matthew.park133@hotmail.com,54,Other,India,Port Daniellefurt,Returning,2023-03-11,Mobile
4170,Garrett,Olson,garrett.olson490@yahoo.com,47,Other,Mexico,East Sandrashire,Returning,2019-08-03,Desktop
4171,Edwin,Reeves,edwin.reeves399@yahoo.com,50,Male,United Arab Emirates,Mckaymouth,Returning,2020-01-04,Desktop
4172,Robert,Mercado,robert.mercado892@yahoo.com,54,Male,India,Hardyborough,VIP,2019-11-16,Mobile
4173,mario,Phillips,mario.phillips443@hotmail.com,18,Other,United States,East Cindystad,Returning,2022-12-12,Tablet
4174,Bridget,Bean,bridget.bean487@yahoo.com,32,Male,Brazil,Lake Stanley,Churned,2024-07-02,Tablet
4175,Ashley,Guzman,ashley.guzman589@yahoo.com,21,Female,United Kingdom,Farrellmouth,New,2023-08-01,Tablet
4176,Carlos,Nixon,carlos.nixon208@gmail.com,18,Other,Spain,Jenniferview,New,2023-02-03,Tablet
4177,Charles,Mendoza,charles.mendoza702@gmail.com,54,Female,Australia,Richmondmouth,At-Risk,2019-01-26,Mobile
4178,Jennifer,Simmons,jennifer.simmons207@yahoo.com,46,Male,France,Rosariomouth,New,2024-03-05,Desktop
4179,Dalton,Martin,dalton.martin457@hotmail.com,32,Male,Indonesia,Jessicaburgh,Returning,2020-03-25,Mobile
4180,Anthony,Smith,anthony.smith620@gmail.com,30,Male,Germany,Raymondbury,At-Risk,2019-03-12,Tablet
4181,STACIE,Lyons,stacie.lyons337@hotmail.com,18,Other,Saudi Arabia,Lake Johnny,At-Risk,2022-10-28,Mobile
4182,Donald,Owens,donald.owens472@gmail.com,30,Female,NETHERLANDS,North Pamelahaven,Returning,2022-02-23,Tablet
4183,Christopher,Fields,christopher.fields41@gmail.com,29,Other,Brazil,Jarvisport,Churned,2022-04-08,Desktop
4184,Edward,Smith,edward.smith295@gmail.com,42,Other,Canada,North Christinatown,At-Risk,2022-04-20,Mobile
4185,Devin,Harrison,devin.harrison356@hotmail.com,29,Other,Egypt,South Evelynburgh,New,2021-12-09,Tablet
4186,Helen,Gill,helen.gill812@gmail.com,35,Female,Mexico,Nguyenburgh,New,2022-09-30,Mobile
4187,Jessica,Gomez,jessica.gomez628@gmail.com,34,Male,United Kingdom,North Susanland,New,2019-03-12,Mobile
4188,Danny,Torres,danny.torres256@hotmail.com,38,Male,Philippines,Jenniferberg,VIP,2021-07-29,Tablet
4189,gerald,Vaughn,gerald.vaughn751@gmail.com,35,Female,,South Alex,New,2021-09-16,Mobile
4190,David,Morris,david.morris394@gmail.com,56,Other,India,North Janice,New,2020-02-22,Desktop
4191,Joseph,Thomas,joseph.thomas716@hotmail.com,22,Other,Spain,Jamesmouth,New,2020-12-25,Desktop
4192,JAMIE,Wilson,jamie.wilson403@yahoo.com,32,Other,UNITED KINGDOM,Port Sue,New,2019-03-08,Desktop
4193,Catherine,Pitts,catherine.pitts246@hotmail.com,53,Male,Canada,Walkerchester,New,2024-01-15,Mobile
4194,Kristen,Salazar,kristen.salazar904@hotmail.com,39,Other,Australia,Acostaport,VIP,2019-01-21,Tablet
4195,Jamie,Smith,jamie.smith299@yahoo.com,27,Other,,Reneeland,Churned,2024-08-27,Desktop
4196,perry,Graham,perry.graham715@yahoo.com,27,Other,Indonesia,Smithside,At-Risk,2020-09-21,Tablet
4197,Kristina,Rivera,kristina.rivera924@gmail.com,29,Male,Germany,West Jessicaville,Returning,2021-12-09,Mobile
4198,Kevin,Carpenter,kevin.carpenter422@yahoo.com,28,Other,Philippines,New Adam,At-Risk,2019-10-11,Desktop
4199,Cody,Howard,,26,Male,South Africa,Lake Chelseachester,At-Risk,2022-09-10,Desktop
4200,Tiffany,Perry,tiffany.perry517@hotmail.com,43,Female,United States,North Mark,At-Risk,2019-12-22,Mobile
4201,Mark,Moore,,31,Male,Mexico,East Donna,VIP,2024-11-16,Mobile
4202,Selena,Nguyen,selena.nguyen213@hotmail.com,33,Other,United States,South Deborah,Returning,2022-10-25,Desktop
4203,jimmy,Morse,jimmy.morse474@hotmail.com,25,Male,United States,Lake Melissaport,New,2021-12-24,Desktop
4204,Richard,Mays,richard.mays655@hotmail.com,44,Other,United Kingdom,New Michael,New,2023-08-18,Tablet
4205,Christopher,Melendez,christopher.melendez768@gmail.com,39,Female,Germany,Luischester,At-Risk,2024-01-04,Mobile
4206,Steven,Padilla,steven.padilla352@hotmail.com,20,Other,U.K.,South Billy,Returning,2019-06-30,Mobile
4207,Sean,Schmidt,sean.schmidt877@gmail.com,35,Male,  United States  ,North Jonathan,Churned,2024-10-12,Mobile
4208,Leah,Ferguson,leah.ferguson39@hotmail.com,32,Male,Spain,Lake Katherinefort,Returning,2019-09-15,Mobile
4209,Amy,Jones,amy.jones118@yahoo.com,38,Other,Egypt,East Chelsea,New,2024-05-10,Desktop
4210,Micheal,Park,micheal.park335@hotmail.com,26,Other,India,Donnastad,At-Risk,2022-07-30,Tablet
4211,Herbert,Nguyen,herbert.nguyen476@yahoo.com,44,Female,Nigeria,Ramosmouth,Churned,2021-12-22,Mobile
4212,Catherine,Phelps,catherine.phelps70@gmail.com,43,Male,France,Port Shane,,2022-07-21,Tablet
4213,Amy,Smith,amy.smith673@yahoo.com,44,Male,Indonesia,Taylorberg,,2021-08-26,Tablet
4214,John,Wang,john.wang973@hotmail.com,47,Female,Germany,North Wendytown,New,2022-04-18,Desktop
4215,Tiffany,Sweeney,tiffany.sweeney483@hotmail.com,25,Female,Japan,Buckton,New,2023-10-15,Desktop
4216,Daniel,Bailey,daniel.bailey175@gmail.com,27,Male,EGYPT,North Kimberly,VIP,2020-03-17,Tablet
4217,Jenna,Larson,jenna.larson103@yahoo.com,25,Male,Mexico,North Roseborough,VIP,2020-08-19,Mobile
4218,Ryan,Goodman,ryan.goodman128@gmail.com,25,Other,Nigeria,North Gloria,At-Risk,2024-07-10,Tablet
4219,Juan,Orr,juan.orr401@hotmail.com,36,Male,South Africa,Lake Johnshire,At-Risk,2022-08-17,Desktop
4220,Danielle,Ray,danielle.ray688@hotmail.com,41,Male,Nigeria,South Daniel,New,2024-06-08,Tablet
4221,Mark,Long,mark.long280@gmail.com,35,Male,Spain,East Abigail,New,2021-11-30,Mobile
4222,Amber,Stone,amber.stone367@yahoo.com,42,Male,France,New Michael,New,2022-11-09,Desktop
4223,Sherry,Valencia,sherry.valencia732@hotmail.com,27,Male,italy,Huntville,New,2022-04-11,Tablet
4224,Katie,Parsons,katie.parsons546@hotmail.com,31,Male,Canada,Fosterbury,New,2019-04-23,Mobile
4225,Regina,Carroll,regina.carroll714@hotmail.com,18,Male,United Kingdom,South Johnshire,Returning,2020-09-15,Tablet
4226,Brandi,Carr,brandi.carr831@hotmail.com,42,Other,Mexico,Kimberlymouth,New,2021-10-10,Tablet
4227,Rachel,Hopkins,rachel.hopkins679@yahoo.com,29,Other,Indonesia,Danielton,Returning,2021-09-17,Tablet
4228,Bonnie,Clayton,bonnie.clayton919@hotmail.com,27,Male,Brazil,Taylormouth,New,2020-09-16,Mobile
4229,Jesse,Mack,jesse.mack707@yahoo.com,26,Female,United States,Lake Peterview,Returning,2020-06-30,Mobile
4230,Bethany,Gillespie,bethany.gillespie54@gmail.com,35,Other,France,Stephanieshire,New,2023-06-12,Desktop
4231,Steven,Obrien,steven.obrien50@hotmail.com,55,Female,Philippines,Coxmouth,At-Risk,2021-09-13,Desktop
4232,Katelyn,Weeks,katelyn.weeks952@yahoo.com,19,Male,Australia,Robertside,VIP,2019-06-07,Mobile
4233,Thomas,Parker,thomas.parker931@gmail.com,36,Male,Canada,Ericafort,New,2024-01-17,Desktop
4234,Heather,Brown,heather.brown94@yahoo.com,22,Male,France,Port Gloriamouth,New,2021-10-17,Mobile
4235,Paul,Beard,paul.beard29@hotmail.com,31,Male,India,West Diane,New,2022-11-07,Mobile
4236,Aaron,Romero,aaron.romero841@gmail.com,58,Male,United States,Silvaberg,Returning,2020-02-22,Tablet
4237,Jennifer,Mason,jennifer.mason686@yahoo.com,44,Male,United States,East Rebeccachester,At-Risk,2022-06-28,Desktop
4238,Cassandra,Anderson,cassandra.anderson982@hotmail.com,31,Male,India,Evelynton,Returning,2023-05-15,Tablet
4239,JEFFREY,Hubbard,jeffrey.hubbard172@gmail.com,22,Other,Canada,Edwardsburgh,At-Risk,2021-10-01,Desktop
4240,Lawrence,Lambert,lawrence.lambert46@yahoo.com,23,Female,United Arab Emirates,West Cindyberg,VIP,2020-07-29,Tablet
4241,Hannah,Lopez,hannah.lopez111@gmail.com,28,Female,Brazil,West Timothy,Returning,2019-06-13,Mobile
4242,Rodney,Salazar,rodney.salazar576@gmail.com,45,Other,Spain,Lake Michael,Returning,2021-03-17,Desktop
4243,Heather,Hatfield,heather.hatfield640@gmail.com,46,Male,France,North Blake,New,2019-09-06,Tablet
4244,John,Lee,,39,Female,India,Sharonstad,Returning,2022-05-19,Desktop
4245,Lauren,Lloyd,lauren.lloyd238@gmail.com,40,Male,Australia,North Andrea,Returning,2020-06-30,Desktop
4246,Elaine,Davis,elaine.davis366@hotmail.com,37,Female,Mexico,South Erica,New,2023-07-15,Desktop
4247,Alexis,Barnes,alexis.barnes16@gmail.com,39,Female,Mexico,Mossville,New,2024-06-08,Tablet
4248,Gary,Hernandez,gary.hernandez324@hotmail.com,33,Male,United Kingdom,Lake Jennifer,VIP,2019-02-27,Mobile
4249,Paul,Campbell,paul.campbell218@hotmail.com,43,Female,Canada,Johntown,Churned,2024-08-14,Desktop
4250,Nathan,Nguyen,nathan.nguyen68@yahoo.com,41,Other,India,Brentchester,VIP,2020-04-10,Mobile
4251,Marvin,Smith,marvin.smith666@yahoo.com,24,Other,Philippines,Tateport,New,2024-07-15,Mobile
4252,Javier,Lucas,javier.lucas45@yahoo.com,38,Male,U.K.,Hodgeborough,At-Risk,2022-06-17,Desktop
4253,Caroline,Baker,,49,Female,India,North Aprilbury,Returning,2021-05-27,Tablet
4254,Nicholas,Guerrero,nicholas.guerrero512@gmail.com,40,Male,Saudi Arabia,Wushire,New,2019-02-08,Tablet
4255,Stacey,White,stacey.white550@gmail.com,31,Other,Netherlands,Brooksmouth,New,2023-01-22,Desktop
4256,Richard,Ellis,richard.ellis258@hotmail.com,42,Male,Brazil,South Dawnmouth,At-Risk,2019-02-22,Tablet
4257,Jennifer,Blanchard,jennifer.blanchard333@hotmail.com,55,Other,Italy,East Benjaminborough,VIP,2022-07-03,Tablet
4258,Jason,Parker,jason.parker398@gmail.com,33,Other,Saudi Arabia,Grahamfort,Returning,2024-05-12,Tablet
4259,Rita,Reyes,rita.reyes137@hotmail.com,28,Female,India,New Deborahbury,New,2023-07-13,Desktop
4260,Lisa,Chapman,lisa.chapman651@hotmail.com,30,Other,United States,Lake Caitlynshire,New,2024-07-08,Mobile
4261,Krista,Lynch,krista.lynch872@gmail.com,39,Other,Germany,Port Matthewtown,At-Risk,2021-11-18,Mobile
4262,Erik,Gillespie,erik.gillespie70@gmail.com,50,Female,United States,New Davidberg,Churned,2022-01-24,Desktop
4263,Denise,Wallace,denise.wallace624@yahoo.com,21,Other,Japan,South Kimberly,VIP,2020-11-22,Mobile
4264,Christine,Nguyen,christine.nguyen392@hotmail.com,41,Other,France,Mccormickside,At-Risk,2024-08-07,Tablet
4265,Bryan,Lee,bryan.lee760@gmail.com,30,Male,,North Tinaburgh,New,2021-07-12,Tablet
4266,Barbara,Brown,barbara.brown602@yahoo.com,27,Other,United Kingdom,Robertchester,Churned,2021-03-12,Desktop
4267,Bethany,Taylor,bethany.taylor239@yahoo.com,34,Male,India,Ortizshire,At-Risk,2021-07-02,Tablet
4268,Heather,Smith,heather.smith778@yahoo.com,26,Male,Indonesia,Scottview,VIP,2024-07-01,Mobile
4269,Yvonne,Thompson,yvonne.thompson243@yahoo.com,33,Other,Mexico,South Andrea,Returning,2023-03-03,Mobile
4270,Taylor,Kelley,taylor.kelley776@hotmail.com,27,Male,Canada,Alexistown,Returning,2023-11-11,Tablet
4271,Holly,Nelson,holly.nelson82@yahoo.com,45,Male,Philippines,Mcdonaldton,Churned,2024-12-17,Desktop
4272,Christopher,Stein,christopher.stein384@hotmail.com,47,Female,egypt,Ashleyberg,Returning,2022-04-10,Mobile
4273,Eric,Boyd,eric.boyd207@hotmail.com,38,Male,Egypt,New Laura,At-Risk,2019-11-18,Mobile
4274,Richard,Ball,richard.ball210@hotmail.com,18,Other,Spain,Scottmouth,New,2019-02-28,Desktop
4275,Matthew,Glenn,matthew.glenn244@gmail.com,18,Other,United States,Johnsonfurt,New,2023-05-16,Tablet
4276,Raymond,Robertson,raymond.robertson969@gmail.com,47,Female,United States,Lake Maryfurt,At-Risk,2021-04-08,Tablet
4277,Yvonne,Montes,yvonne.montes899@hotmail.com,25,Female,Philippines,Cynthiaberg,Returning,2021-10-18,Desktop
4278,Alexandra,Merritt,alexandra.merritt285@gmail.com,24,Female,United States,Dennisstad,New,2020-06-05,Tablet
4279,Nathan,Jennings,nathan.jennings806@gmail.com,37,Male,UK,Connerland,Returning,2022-06-17,Tablet
4280,Christopher,Jensen,christopher.jensen811@hotmail.com,27,Female,Netherlands,Angelahaven,Returning,2021-08-22,Tablet
4281,Sarah,Wilson,sarah.wilson833@gmail.com,35,Female,,Tuckerville,VIP,2021-03-15,Desktop
4282,Benjamin,Mcdonald,benjamin.mcdonald235@gmail.com,46,Other,US,South Margaretton,New,2020-09-16,Mobile
4283,Jeffrey,Proctor,jeffrey.proctor351@hotmail.com,33,Male,Spain,Jessicafurt,Churned,2021-09-19,Desktop
4284,Edward,Barr,edward.barr553@yahoo.com,62,Male,Germany,Lake Brianland,Returning,2019-07-20,Tablet
4285,Sara,Duncan,,40,Other,Italy,Lake Taylorville,Churned,2021-12-23,Tablet
4286,Jillian,Johnson,jillian.johnson737@gmail.com,36,Male,United Kingdom,West Brandonstad,At-Risk,2022-12-28,Tablet
4287,Annette,Martin,annette.martin894@hotmail.com,25,Female,Philippines,Lake Felicia,New,2020-01-20,Tablet
4288,Christopher,Fritz,christopher.fritz330@gmail.com,27,Male,Philippines,Diazfort,,2020-08-12,Mobile
4289,Steven,Schwartz,steven.schwartz645@hotmail.com,29,Male,Germany,Daniellechester,New,2020-12-04,Desktop
4290,Michelle,Huerta,michelle.huerta891@hotmail.com,45,Female,Brazil,Jonathanburgh,Returning,2021-01-29,Desktop
4291,Patrick,Gregory,patrick.gregory977@hotmail.com,51,Male,Nigeria,Elizabethburgh,New,2019-05-04,Desktop
4292,Christopher,Mitchell,christopher.mitchell650@yahoo.com,32,Male,Brazil,South Kelly,VIP,2024-08-24,Desktop
4293,kristin,Rosales,kristin.rosales129@gmail.com,27,Male,India,East Stephen,New,2023-09-08,Desktop
4294,Cheyenne,Hall,,18,Other,United States,Hoganfurt,New,2023-06-13,Desktop
4295,Kelsey,Mcdaniel,kelsey.mcdaniel242@yahoo.com,28,Other,United Kingdom,Fergusonfurt,Returning,2023-08-08,Desktop
4296,Adam,Moreno,adam.moreno437@yahoo.com,38,Other,U.S.A.,Wangmouth,New,2020-10-21,Mobile
4297,Diane,Marsh,diane.marsh319@hotmail.com,21,Male,Mexico,Christinafurt,Returning,2022-02-05,Tablet
4298,Christian,Nelson,christian.nelson203@hotmail.com,54,Male,United Kingdom,New Brianmouth,At-Risk,2022-01-07,Mobile
4299,George,Navarro,george.navarro181@hotmail.com,51,Other,France,Seanview,Churned,2020-12-25,Desktop
4300,Annette,Lane,annette.lane311@yahoo.com,35,Female,spain,East Jonathan,Churned,2023-08-03,Tablet
4301,Logan,Dickson,logan.dickson460@hotmail.com,18,Other,Egypt,North Rachelland,At-Risk,2023-02-24,Desktop
4302,Brian,Haynes,brian.haynes279@yahoo.com,55,Female,Philippines,New Johnchester,Returning,2024-05-19,Desktop
4303,Chelsea,Barnett,chelsea.barnett974@hotmail.com,28,Female,India,Candaceburgh,New,2019-06-17,Mobile
4304,Michael,Ray,michael.ray387@gmail.com,43,Male,Germany,North Lori,Churned,2021-09-21,Mobile
4305,Heather,Curtis,heather.curtis452@hotmail.com,40,Female,Brazil,Port Billberg,New,2019-11-20,Tablet
4306,Michele,Baker,michele.baker625@yahoo.com,24,Other,Canada,Batesberg,Returning,2019-01-19,Mobile
4307,Melissa,Phillips,melissa.phillips779@gmail.com,42,Male,Indonesia,Morseside,New,2024-03-09,Mobile
4308,Jennifer,Thomas,jennifer.thomas21@gmail.com,29,Female,United Kingdom,Thomasview,Returning,2022-08-26,Mobile
4309,Amber,Griffin,amber.griffin875@yahoo.com,25,Male,USA,West Gregbury,Returning,2024-08-11,Mobile
4310,Susan,Olson,susan.olson610@hotmail.com,47,Other,Philippines,Evelynburgh,Returning,2019-06-26,Desktop
4311,Russell,Ellis,russell.ellis567@yahoo.com,41,Other,Japan,Amandaview,VIP,2021-01-24,Desktop
4312,Douglas,Collier,douglas.collier264@gmail.com,35,Female,India,Griffinchester,Churned,2022-09-19,Mobile
4313,Wesley,Banks,wesley.banks314@yahoo.com,43,Female,Japan,Shepardmouth,VIP,2020-10-04,Mobile
4314,Mark,Scott,mark.scott385@yahoo.com,39,Other,Canada,Tammybury,Returning,2020-08-31,Tablet
4315,Darrell,Bishop,darrell.bishop493@gmail.com,27,Male,India,South Wanda,New,2024-07-02,Mobile
4316,Hayley,Estes,hayley.estes140@yahoo.com,47,Other,Italy,Lake Shawn,New,2022-12-24,Mobile
4317,Caleb,Wolfe,caleb.wolfe201@gmail.com,40,Male,United Kingdom,Nicholasbury,Returning,2022-02-04,Desktop
4318,Anthony,Hernandez,,49,Male,Canada,Kristinfort,Returning,2022-08-16,Tablet
4319,Robert,Kramer,robert.kramer748@yahoo.com,29,Other,Indonesia,Wilsonland,New,2024-11-19,Mobile
4320,Robert,Pratt,robert.pratt504@gmail.com,33,Female,Mexico,Lake Sandra,Returning,2024-03-16,Mobile
4321,Bryan,Mcmahon,bryan.mcmahon963@yahoo.com,20,Female,Japan,Lake Robertview,VIP,2022-02-09,Tablet
4322,Michelle,Faulkner,michelle.faulkner383@gmail.com,52,Female,Japan,Johnsonberg,New,2021-09-11,Mobile
4323,Sandra,Allen,sandra.allen316@gmail.com,20,Other,United States,Port Scott,Returning,2023-01-19,Tablet
4324,Lindsey,Mcintyre,lindsey.mcintyre73@hotmail.com,46,Female,France,Joneschester,Returning,2022-10-24,Desktop
4325,Fernando,Evans,fernando.evans944@yahoo.com,23,Male,Canada,Lopezland,New,2023-10-19,Mobile
4326,Daniel,Garrett,daniel.garrett955@gmail.com,49,Other,Japan,South Amyburgh,Returning,2022-05-06,Desktop
4327,Tracy,Chang,tracy.chang199@gmail.com,51,Female,India,Butlermouth,Returning,2023-03-08,Mobile
4328,Kent,Dean,kent.dean790@hotmail.com,24,Other,India,Williamfurt,Returning,2020-05-22,Mobile
4329,Ryan,Erickson,ryan.erickson522@yahoo.com,20,Other,United States,New Sarahburgh,New,2022-10-08,Mobile
4330,Andrea,Boyd,andrea.boyd651@yahoo.com,47,Other,Mexico,North Sharon,At-Risk,2024-06-27,Mobile
4331,Alexandra,Fernandez,alexandra.fernandez714@yahoo.com,21,Male,Egypt,West Maryview,At-Risk,2021-05-04,Tablet
4332,Sandra,Obrien,sandra.obrien395@yahoo.com,32,Female,Nigeria,New Walter,Returning,2019-12-09,Tablet
4333,Heather,Patel,heather.patel253@yahoo.com,31,Male,India,Stephensonmouth,Returning,2019-12-04,Mobile
4334,John,Santiago,john.santiago36@hotmail.com,38,Female,Canada,Port Christina,At-Risk,2022-05-02,Tablet
4335,Rebecca,Davis,rebecca.davis724@hotmail.com,30,Other,SPAIN,East Julie,New,2024-07-04,Desktop
4336,Jared,Reynolds,jared.reynolds715@yahoo.com,23,Other,Japan,Bairdberg,At-Risk,2023-09-22,Tablet
4337,Sarah,Curry,sarah.curry152@hotmail.com,45,Female,United States,Taylorside,New,2023-03-20,Tablet
4338,Kimberly,Lopez,kimberly.lopez467@gmail.com,18,Other,U.S.A.,Rodgerstown,Returning,2023-05-02,Desktop
4339,Edward,Wagner,edward.wagner261@yahoo.com,31,Male,,Hoffmanview,Returning,2021-08-16,Tablet
4340,Christopher,Paul,christopher.paul593@yahoo.com,46,Other,australia,Lake Amanda,Churned,2023-12-11,Desktop
4341,  Joseph  ,Schultz,joseph.schultz13@hotmail.com,46,Male,France,Timothymouth,New,2024-05-05,Desktop
4342,Glenn,Finley,glenn.finley660@gmail.com,18,Other,Australia,Porterton,At-Risk,2019-05-03,Mobile
4343,Mark,Morgan,mark.morgan408@yahoo.com,41,Other,U.A.E.,Robinsonberg,,2023-08-28,Tablet
4344,Jeffrey,Fields,jeffrey.fields998@gmail.com,28,Male,Australia,New Maxwell,At-Risk,2024-07-18,Tablet
4345,Shane,Buck,shane.buck932@yahoo.com,44,Male,Italy,Port Jonathan,Returning,2023-07-31,Mobile
4346,Tasha,Rivera,tasha.rivera170@yahoo.com,42,Female,Australia,Rebekahhaven,At-Risk,2022-08-15,Mobile
4347,Kristine,Sutton,kristine.sutton709@hotmail.com,43,Female,germany,Staffordmouth,New,2022-11-23,Tablet
4348,Kelly,Garcia,kelly.garcia991@yahoo.com,31,Other,United States,West Kristinachester,New,2022-10-29,Tablet
4349,Michelle,Ross,michelle.ross908@hotmail.com,35,Female,Japan,Hallfurt,Churned,2024-01-18,Tablet
4350,Valerie,Cooper,valerie.cooper316@hotmail.com,18,Other,France,West Tamaraview,Returning,2022-02-02,Mobile
4351,Sara,Baker,sara.baker771@hotmail.com,68,Other,India,Porterbury,New,2020-03-30,Desktop
4352,Jennifer,Hanson,jennifer.hanson112@gmail.com,54,Other,United States,West Amy,New,2020-12-24,Tablet
4353,Amanda,Hardin,amanda.hardin796@yahoo.com,39,Female,United Kingdom,North Donnachester,At-Risk,2024-05-06,Desktop
4354,John,Mendez,john.mendez276@yahoo.com,28,Other,Saudi Arabia,Susanchester,Churned,2020-08-24,Desktop
4355,Tracy,Johnson,tracy.johnson953@hotmail.com,34,Other,India,Jamieland,New,2019-10-10,Mobile
4356,Jennifer,Perez,jennifer.perez716@gmail.com,38,Female,Italy,Lake Davidhaven,At-Risk,2021-12-28,Desktop
4357,Michelle,Bennett,michelle.bennett173@hotmail.com,33,Female,Egypt,East Michael,New,2022-04-19,Desktop
4358,Brian,Vance,brian.vance100@hotmail.com,49,Male,United States,North Ambertown,VIP,2024-09-05,Tablet
4359,Michael,Robinson,michael.robinson428@yahoo.com,51,Other,Italy,Maryborough,Churned,2020-12-15,Mobile
4360,Stephen,Anderson,stephen.anderson671@hotmail.com,35,Female,Canada,Henryhaven,Churned,2023-08-08,Tablet
4361,Chad,Flores,chad.flores442@yahoo.com,50,Male,Australia,Cathystad,At-Risk,2021-10-10,Desktop
4362,Sabrina,Contreras,sabrina.contreras384@yahoo.com,32,Male,United Arab Emirates,Susanmouth,New,2022-05-30,Tablet
4363,Cheryl,Wood,cheryl.wood138@yahoo.com,32,Male,INDIA,West Mariobury,Returning,2023-02-17,Mobile
4364,Paul,Hart,paul.hart187@hotmail.com,43,Other,United Kingdom,South Dannyhaven,Returning,2021-03-09,Desktop
4365,Pamela,Larsen,pamela.larsen462@gmail.com,29,Other,United Kingdom,New Michael,Returning,2019-12-18,Desktop
4366,Lawrence,Stevenson,lawrence.stevenson191@hotmail.com,29,Male,Spain,Douglaston,Returning,2024-08-26,Desktop
4367,Patricia,Ayala,patricia.ayala768@hotmail.com,39,Male,Japan,Port Katherine,VIP,2021-05-14,Desktop
4368,Lawrence,Russo,lawrence.russo266@hotmail.com,45,Female,Australia,North Kevin,VIP,2024-06-11,Mobile
4369,Travis,Page,travis.page642@yahoo.com,27,Other,SPAIN,North Linda,New,2019-03-30,Desktop
4370,Lindsay,Taylor,lindsay.taylor890@hotmail.com,45,Other,UK,Hubbardview,New,2021-10-11,Desktop
4371,Anthony,Cross,anthony.cross82@hotmail.com,44,Female,ITALY,West Stephanie,New,2020-02-18,Desktop
4372,Jessica,Vega,jessica.vega387@gmail.com,45,Male,India,Lake Sharon,VIP,2023-09-18,Mobile
4373,Joann,Mitchell,joann.mitchell66@yahoo.com,41,Female,United States,Lake Jacquelineshire,,2020-03-14,Desktop
4374,Kendra,Hall,kendra.hall600@hotmail.com,24,Male,Australia,New Johnburgh,VIP,2023-10-13,Mobile
4375,Christopher,Arnold,christopher.arnold497@gmail.com,32,Other,United Kingdom,Jenniferburgh,New,2021-02-13,Desktop
4376,Ashley,Aguilar,ashley.aguilar10@gmail.com,31,Male,United Kingdom,West Sarafort,Returning,2022-08-24,Mobile
4377,Johnny,Taylor,johnny.taylor770@hotmail.com,26,Male,Spain,East Mark,VIP,2021-06-09,Tablet
4378,Christopher,Yoder,,59,Male,USA,East Laurenbury,New,2020-07-28,Desktop
4379,Wayne,Richardson,wayne.richardson217@gmail.com,50,Other,Indonesia,East Carolyn,,2023-02-11,Desktop
4380,Ryan,Thompson,ryan.thompson385@yahoo.com,58,Other,FRANCE,Payneland,Returning,2020-02-11,Tablet
4381,John,Weiss,john.weiss986@gmail.com,26,Female,United States,East Anthonyburgh,New,2022-09-18,Mobile
4382,Nicole,Zimmerman,nicole.zimmerman485@hotmail.com,30,Female,United States,East Benjaminport,New,2022-07-21,Tablet
4383,KEVIN,Johnson,kevin.johnson440@hotmail.com,38,Female,Germany,New Amyhaven,Returning,2023-04-08,Mobile
4384,Beth,Byrd,beth.byrd699@yahoo.com,36,Female,Canada,Ericville,New,2023-12-12,Mobile
4385,Daniel,Johnston,daniel.johnston837@hotmail.com,33,Male,United Kingdom,New Ericborough,Returning,2020-02-26,Mobile
4386,Philip,Hoffman,philip.hoffman682@hotmail.com,22,Female,United States,North Scott,Returning,2019-11-29,Mobile
4387,Kathleen,Ibarra,kathleen.ibarra626@hotmail.com,25,Male,united states,Burnsport,Returning,2024-11-03,Mobile
4388,Jennifer,Dominguez,jennifer.dominguez895@gmail.com,20,Female,Indonesia,Millerborough,Returning,2023-02-22,Desktop
4389,Rachel,Davis,rachel.davis4@gmail.com,46,Female,US,Robertsmouth,Returning,2023-11-17,Tablet
4390,Anthony,Allen,anthony.allen412@gmail.com,40,Other,Indonesia,North Kathryn,VIP,2024-11-30,Desktop
4391,Joseph,Lloyd,joseph.lloyd27@hotmail.com,40,Other,Egypt,Russellfort,Returning,2019-06-17,Desktop
4392,Patricia,Wells,patricia.wells890@yahoo.com,44,Other,Saudi Arabia,Brianfort,At-Risk,2021-09-21,Mobile
4393,Karen,Hernandez,karen.hernandez974@hotmail.com,41,Other,Canada,Hernandezland,New,2023-12-14,Desktop
4394,Katelyn,Clark,katelyn.clark378@yahoo.com,46,Female,Saudi Arabia,Port Jamesfort,Returning,2024-10-03,Tablet
4395,William,Jones,william.jones703@hotmail.com,26,Other,Italy,West Kayleemouth,At-Risk,2024-11-09,Mobile
4396,Tasha,Finley,tasha.finley528@hotmail.com,30,Female,Italy,Heathborough,Returning,2019-05-13,Tablet
4397,Raymond,Murray,raymond.murray193@gmail.com,18,Male,United States,Brittneyview,At-Risk,2021-06-01,Tablet
4398,Carla,Hood,carla.hood981@yahoo.com,24,Female,united states,Parksbury,Returning,2024-03-02,Desktop
4399,Derrick,Cannon,derrick.cannon649@gmail.com,75,Female,Saudi Arabia,Brownfort,New,2019-08-25,Desktop
4400,Erin,Mills,erin.mills993@gmail.com,42,Other,Spain,New Tylerland,New,2020-08-24,Mobile
4401,Brandon,Fisher,brandon.fisher695@gmail.com,35,Female,united states,East Kenneth,At-Risk,2024-01-25,Desktop
4402,lauren,Sullivan,lauren.sullivan622@hotmail.com,29,Female,India,Carterside,New,2023-02-28,Mobile
4403,Andrea,Dean,andrea.dean757@hotmail.com,37,Other,Italy,East Taylor,Returning,2022-08-07,Desktop
4404,Adam,Lane,adam.lane357@gmail.com,30,Female,India,New Melissa,At-Risk,2020-12-13,Mobile
4405,Amber,Schwartz,amber.schwartz675@hotmail.com,19,Other,Brazil,Andreamouth,Returning,2023-06-16,Desktop
4406,Michael,Duarte,michael.duarte752@gmail.com,42,Female,United Arab Emirates,New Kayla,Returning,2024-05-13,Mobile
4407,Stephanie,Harrington,stephanie.harrington622@gmail.com,36,Male,Mexico,Aprilburgh,New,2023-09-02,Tablet
4408,Joe,Simpson,joe.simpson147@hotmail.com,43,Other,Germany,New Jennifer,VIP,2020-03-04,Tablet
4409,Natalie,Randall,natalie.randall804@gmail.com,25,Other,Indonesia,East Amanda,At-Risk,2019-03-13,Tablet
4410,Heather,Jenkins,heather.jenkins33@yahoo.com,37,Male,United States,Aprilchester,At-Risk,2021-07-11,Mobile
4411,Lauren,Holmes,lauren.holmes816@hotmail.com,33,Male,United Arab Emirates,Acevedoview,Returning,2019-08-04,Mobile
4412,Jerry,Wang,jerry.wang853@gmail.com,43,Other,,South Jeremymouth,Returning,2020-12-30,Tablet
4413,Pamela,Andrews,pamela.andrews896@yahoo.com,26,Female,U.S.A.,Johnsonview,At-Risk,2021-02-24,Desktop
4414,Kevin,Hunt,kevin.hunt918@gmail.com,18,Female,Germany,Johnnyland,Returning,2021-03-21,Desktop
4415,Gregory,Rodriguez,gregory.rodriguez494@yahoo.com,35,Other,India,Lake Nicholas,Churned,2019-05-30,Tablet
4416,Robert,James,robert.james247@gmail.com,47,Male,Nigeria,Paultown,New,2024-02-27,Desktop
4417,Natalie,Jones,natalie.jones175@hotmail.com,41,Other,Germany,South Kaitlyn,Returning,2019-02-18,Tablet
4418,Marvin,Morgan,marvin.morgan92@hotmail.com,35,Male,United Kingdom,Nicholasstad,New,2024-06-16,Mobile
4419,Gregory,Sanders,gregory.sanders733@gmail.com,46,Male,,Hunterview,At-Risk,2024-07-19,Desktop
4420,Sherry,Maddox,sherry.maddox952@gmail.com,45,Female,United Kingdom,Hayesview,New,2023-11-04,Mobile
4421,James,Wiley,james.wiley785@hotmail.com,43,Female,Brazil,Crystalmouth,New,2020-09-07,Desktop
4422,Matthew,Knight,matthew.knight737@hotmail.com,32,Female,Nigeria,Frenchtown,Churned,2019-01-20,Tablet
4423,victoria,York,victoria.york488@gmail.com,42,Other,South Africa,Schneiderberg,Churned,2019-11-30,Desktop
4424,Kimberly,Huber,kimberly.huber682@hotmail.com,18,Male,Canada,Marshfort,New,2024-06-10,Tablet
4425,Gloria,Vaughn,gloria.vaughn649@hotmail.com,37,Other,U.S.A.,Manningborough,Returning,2021-05-05,Mobile
4426,Alyssa,Nichols,alyssa.nichols93@hotmail.com,26,Other,US,New Markmouth,Returning,2019-02-17,Mobile
4427,Kristy,Lee,kristy.lee893@gmail.com,28,Male,Nigeria,South Feliciastad,VIP,2019-03-14,Tablet
4428,Daniel,Lopez,daniel.lopez785@hotmail.com,23,Other,Britain,Melissatown,New,2020-06-11,Desktop
4429,Lisa,Fuller,lisa.fuller660@hotmail.com,26,Female,Egypt,Jacobfort,Returning,2023-11-17,Mobile
4430,Austin,Vazquez,austin.vazquez933@gmail.com,54,Other,Germany,Reillymouth,Returning,2023-04-11,Tablet
4431,Barbara,Walter,barbara.walter754@gmail.com,40,Other,United States,Lisastad,Returning,2020-07-12,Mobile
4432,Chloe,Hughes,chloe.hughes670@hotmail.com,38,Other,United States,Kellyland,Returning,2024-11-19,Tablet
4433,Karen,Alvarez,karen.alvarez990@hotmail.com,32,Female,Saudi Arabia,Meganberg,Returning,2021-11-05,Desktop
4434,Gary,Smith,gary.smith229@gmail.com,46,Female,Saudi Arabia,South Tammyland,VIP,2022-11-21,Desktop
4435,sean,Nelson,sean.nelson298@yahoo.com,33,Male,France,Heidimouth,New,2022-07-05,Desktop
4436,Jim,Craig,jim.craig92@yahoo.com,31,Female,,New Jeremy,Returning,2019-12-22,Tablet
4437,Joshua,Oconnor,joshua.oconnor607@hotmail.com,35,Male,Spain,Higginston,Churned,2019-04-27,Tablet
4438,Sean,Marshall,,42,Male,Nigeria,Lake Jennifer,New,2020-09-13,Tablet
4439,Diana,West,diana.west377@gmail.com,18,Male,France,North Melissa,Returning,2024-03-29,Mobile
4440,Kimberly,Case,kimberly.case977@yahoo.com,35,Female,Italy,Christopherport,Returning,2020-01-16,Tablet
4441,Janice,Walsh,janice.walsh755@gmail.com,40,Male,United States,Jenniferberg,Returning,2023-09-21,Mobile
4442,Olivia,Mcclain,olivia.mcclain64@gmail.com,36,Other,Spain,South Gary,New,2022-03-17,Tablet
4443,Thomas,Howard,thomas.howard195@yahoo.com,19,Female,  Netherlands  ,Berryside,Returning,2019-10-01,Mobile
4444,Jared,Hull,jared.hull328@yahoo.com,43,Female,Germany,Nicholasmouth,Returning,2024-09-13,Tablet
4445,Thomas,Clayton,thomas.clayton957@yahoo.com,29,Male,France,Lake Jessica,Returning,2019-05-22,Tablet
4446,Alicia,Travis,alicia.travis680@yahoo.com,25,Other,India,Lake Pamelaview,Returning,2019-06-09,Tablet
4447,Jennifer,Smith,jennifer.smith228@hotmail.com,59,Male,Canada,North Vanessaville,New,2019-06-16,Mobile
4448,Sarah,Scott,sarah.scott10@yahoo.com,45,Other,Egypt,North Yvonnehaven,At-Risk,2020-06-12,Mobile
4449,katherine,Ellis,katherine.ellis324@yahoo.com,29,Male,India,Lake Katrina,,2024-03-28,Mobile
4450,Tracy,Moyer,tracy.moyer858@hotmail.com,18,Male,Mexico,Taraburgh,New,2020-06-12,Mobile
4451,  Zoe  ,Caldwell,zoe.caldwell697@yahoo.com,33,Female,Australia,Elliston,At-Risk,2021-10-24,Desktop
4452,Ann,Martinez,,37,Female,australia,Johnmouth,New,2024-08-02,Desktop
4453,Eric,Potter,eric.potter765@hotmail.com,30,Other,United Kingdom,New Tanyaburgh,Churned,2021-06-08,Tablet
4454,Ashley,Richards,ashley.richards36@hotmail.com,53,Other,India,Wadechester,At-Risk,2023-05-15,Mobile
4455,Eddie,Jordan,eddie.jordan317@hotmail.com,20,Other,Indonesia,New Victoria,Returning,2023-12-22,Tablet
4456,Deborah,Ward,deborah.ward127@gmail.com,21,Female,United States,Parkerhaven,New,2019-10-20,Tablet
4457,Daniel,Love,daniel.love588@gmail.com,28,Female,Australia,Lake Victoria,Returning,2021-10-31,Tablet
4458,Marilyn,Curry,marilyn.curry849@gmail.com,35,Male,Spain,Williamsbury,Returning,2021-12-03,Mobile
4459,Kimberly,Rose,kimberly.rose299@hotmail.com,26,Other,U.A.E.,Ellisonchester,Churned,2023-07-05,Mobile
4460,Sheila,Walker,sheila.walker61@gmail.com,38,Female,Italy,Mcbrideton,Returning,2022-06-04,Desktop
4461,Pamela,Robertson,pamela.robertson848@yahoo.com,51,Other,Saudi Arabia,Brittneychester,Churned,2021-12-13,Desktop
4462,Kevin,Alexander,kevin.alexander869@yahoo.com,35,Other,France,New Robert,Churned,2019-05-10,Desktop
4463,Thomas,Mitchell,thomas.mitchell718@yahoo.com,30,Other,United States,Randallmouth,New,2019-10-19,Desktop
4464,Thomas,Ward,thomas.ward946@yahoo.com,28,Male,Spain,Port Carlyburgh,At-Risk,2022-01-05,Mobile
4465,Sean,Willis,sean.willis745@yahoo.com,43,Female,India,Raytown,VIP,2024-02-26,Mobile
4466,Lindsay,Lee,lindsay.lee835@yahoo.com,51,Other,Germany,Port Edward,At-Risk,2020-02-12,Desktop
4467,Theresa,Sanders,theresa.sanders23@gmail.com,50,Other,,East Davidfurt,At-Risk,2022-12-24,Mobile
4468,Rebecca,Reed,rebecca.reed346@yahoo.com,48,Female,United Kingdom,Walkertown,Returning,2022-09-02,Tablet
4469,Jennifer,Johnson,jennifer.johnson485@yahoo.com,35,Female,Nigeria,Kimberlyton,Returning,2023-05-24,Mobile
4470,JEREMY,Miller,jeremy.miller401@hotmail.com,54,Male,Germany,Dwayneberg,At-Risk,2020-08-18,Tablet
4471,Ricardo,Mendoza,ricardo.mendoza745@gmail.com,51,Female,Germany,West Jean,New,2020-03-14,Mobile
4472,Kathleen,Andrews,kathleen.andrews714@gmail.com,18,Male,Mexico,Lake Laurenborough,New,2021-05-25,Tablet
4473,Sandra,Russell,sandra.russell877@gmail.com,39,Other,United Kingdom,East Travis,VIP,2020-05-20,Mobile
4474,Victoria,Anderson,victoria.anderson100@hotmail.com,40,Male,Brazil,Heidiburgh,New,2023-08-22,Mobile
4475,Kelli,Hall,kelli.hall771@gmail.com,28,Other,Japan,South Emily,Returning,2020-02-13,Desktop
4476,Karen,Clark,karen.clark871@gmail.com,18,Other,India,Port Jerome,VIP,2021-10-30,Mobile
4477,Katie,Hale,katie.hale469@gmail.com,43,Other,Spain,New Heatherport,Returning,2019-11-09,Desktop
4478,Jared,Walls,jared.walls592@gmail.com,52,Male,Nigeria,Lake Sean,Returning,2020-08-08,Mobile
4479,James,Eaton,james.eaton713@gmail.com,38,Female,United Kingdom,Lake Courtneyhaven,Returning,2020-04-06,Mobile
4480,Juan,Ross,juan.ross919@gmail.com,51,Male,Germany,West Debbie,VIP,2024-05-05,Desktop
4481,Connie,Smith,connie.smith224@yahoo.com,51,Other,Japan,South Craig,VIP,2022-02-21,Desktop
4482,Jennifer,Sims,jennifer.sims753@hotmail.com,34,Other,United Kingdom,South Stefanieshire,Churned,2022-12-14,Desktop
4483,Amber,English,amber.english371@hotmail.com,41,Other,Germany,Phillipsstad,Returning,2020-11-03,Tablet
4484,Jessica,Vazquez,jessica.vazquez105@gmail.com,42,Other,United States,Tracyside,Returning,2023-10-01,Desktop
4485,Steven,Barnett,steven.barnett386@yahoo.com,38,Female,Mexico,Anthonyborough,Returning,2023-04-12,Tablet
4486,Crystal,Cole,crystal.cole862@hotmail.com,22,Male,India,Boydstad,At-Risk,2022-09-13,Desktop
4487,Jose,Nixon,jose.nixon99@hotmail.com,38,Female,United Kingdom,Lake Leah,New,2019-03-25,Mobile
4488,Carrie,Austin,carrie.austin184@hotmail.com,33,Male,Britain,Mcintyrehaven,VIP,2024-03-04,Desktop
4489,Erica,Miller,erica.miller528@yahoo.com,47,Other,India,East Frederickhaven,New,2021-03-30,Mobile
4490,Bonnie,Craig,bonnie.craig608@yahoo.com,32,Female,United Arab Emirates,Kimberlytown,New,2019-10-07,Desktop
4491,Alexander,Graham,alexander.graham643@hotmail.com,29,Other,Germany,Littleton,VIP,2021-06-02,Mobile
4492,Stephen,Mooney,stephen.mooney251@yahoo.com,41,Male,Philippines,Ruizport,Returning,2023-12-21,Desktop
4493,Barbara,Patel,barbara.patel247@gmail.com,30,Female,Italy,New Brandy,VIP,2023-05-06,Mobile
4494,Christopher,Cross,christopher.cross310@gmail.com,41,Other,Britain,Jacobberg,Returning,2024-02-20,Tablet
4495,Patrick,Hernandez,,32,Male,United Kingdom,Ashleefurt,Returning,2020-06-14,Tablet
4496,Erica,Phillips,erica.phillips764@hotmail.com,24,Female,Indonesia,Perezview,New,2022-09-09,Tablet
4497,Sally,Roberts,sally.roberts815@gmail.com,63,Other,South Africa,Lukeport,Returning,2021-06-27,Tablet
4498,ryan,Bates,ryan.bates92@yahoo.com,51,Female,India,North Terry,Returning,2022-01-30,Tablet
4499,Jeff,Brown,jeff.brown392@hotmail.com,28,Female,India,North Eileenmouth,Returning,2024-08-21,Tablet
4500,Omar,Bennett,omar.bennett669@hotmail.com,34,Female,India,West Jill,New,2022-12-10,Mobile
4501,Steven,Cortez,steven.cortez12@gmail.com,29,Male,Brazil,Lake James,New,2024-07-04,Desktop
4502,Shannon,Elliott,shannon.elliott85@hotmail.com,23,Male,Germany,South Elizabethtown,New,2023-10-13,Mobile
4503,Betty,Johnson,betty.johnson657@gmail.com,43,Other,Saudi Arabia,Anachester,Churned,2021-05-18,Tablet
4504,  Tara  ,Johnson,tara.johnson231@yahoo.com,67,Male,Philippines,Port Julie,New,2021-06-24,Tablet
4505,Kevin,Campos,kevin.campos587@hotmail.com,41,Other,India,Lake Taylor,New,2021-02-22,Mobile
4506,Michael,Ayers,michael.ayers281@gmail.com,24,Other,United States,Freyton,At-Risk,2023-09-21,Tablet
4507,Christina,Johnson,christina.johnson97@gmail.com,31,Other,Nigeria,Davischester,Returning,2020-10-03,Desktop
4508,Sharon,Mann,sharon.mann394@hotmail.com,46,Female,Italy,Danielleside,,2019-08-24,Tablet
4509,Justin,Potter,justin.potter720@gmail.com,34,Female,Australia,Robertshire,Returning,2024-01-05,Mobile
4510,Jonathan,Snyder,jonathan.snyder586@gmail.com,24,Male,United States,New Scott,Churned,2022-04-18,Desktop
4511,Brian,Wise,brian.wise334@hotmail.com,27,Male,India,Davidshire,Returning,2019-03-07,Tablet
4512,Martin,Kim,martin.kim931@gmail.com,28,Other,France,South Amy,At-Risk,2024-05-12,Desktop
4513,Jody,Ramos,jody.ramos416@hotmail.com,65,Other,U.A.E.,South Joshua,,2023-11-22,Desktop
4514,Michael,Obrien,michael.obrien404@yahoo.com,40,Other,Brazil,Christinehaven,At-Risk,2019-03-30,Tablet
4515,Eric,Morris,eric.morris803@gmail.com,35,Other,Saudi Arabia,North William,Returning,2022-06-04,Mobile
4516,Brittany,Nunez,brittany.nunez66@yahoo.com,32,Other,Australia,Phamburgh,Churned,2020-08-04,Tablet
4517,Jeffrey,Hampton,jeffrey.hampton552@gmail.com,54,Other,Italy,Johnfurt,VIP,2022-07-27,Tablet
4518,Gregory,Rodriguez,gregory.rodriguez128@gmail.com,18,Male,Canada,Paulbury,New,2022-01-10,Tablet
4519,Bryan,Boyd,bryan.boyd920@gmail.com,49,Male,Nigeria,West Mindy,Churned,2021-07-08,Desktop
4520,Kelly,Simmons,kelly.simmons883@yahoo.com,35,Other,Nigeria,East Thomasview,Returning,2021-08-24,Tablet
4521,Stephen,Navarro,stephen.navarro185@hotmail.com,53,Male,Egypt,Lake Judithland,Returning,2021-07-22,Tablet
4522,Jacob,Wilson,jacob.wilson458@yahoo.com,32,Female,United States,Port Johnshire,,2023-11-24,Desktop
4523,Richard,Edwards,richard.edwards41@yahoo.com,18,Male,Mexico,Mckinneyland,VIP,2022-10-30,Tablet
4524,Rebecca,Williams,rebecca.williams212@yahoo.com,27,Other,United Kingdom,West Adrianabury,At-Risk,2020-04-15,Desktop
4525,Nathan,Bruce,nathan.bruce90@yahoo.com,25,Other,France,Smithbury,VIP,2022-02-03,Mobile
4526,Leslie,Smith,leslie.smith872@gmail.com,28,Male,Philippines,New Matthew,At-Risk,2024-02-16,Desktop
4527,James,Stone,james.stone128@gmail.com,37,Other,Canada,North Jackport,At-Risk,2023-11-12,Mobile
4528,Melissa,Davis,melissa.davis373@hotmail.com,26,Other,Mexico,West Angelicafurt,Churned,2023-06-27,Desktop
4529,Destiny,Davis,destiny.davis434@yahoo.com,34,Other,India,East Robinstad,New,2019-03-21,Desktop
4530,Michael,Martinez,michael.martinez255@gmail.com,18,Female,Brazil,Port Sarah,Returning,2021-06-21,Desktop
4531,Samuel,Shaw,samuel.shaw969@hotmail.com,18,Other,United States,Jonestown,Returning,2022-03-20,Mobile
4532,Dawn,Bishop,dawn.bishop675@gmail.com,26,Other,Germany,Lake Frank,New,2024-01-05,Mobile
4533,Susan,Hansen,susan.hansen144@hotmail.com,22,Other,France,Andreville,New,2022-08-07,Mobile
4534,Christopher,Estes,christopher.estes712@gmail.com,24,Female,India,Port Donald,VIP,2023-07-29,Tablet
4535,Joshua,Gomez,,50,Female,Australia,New Monicaview,Returning,2019-04-01,Tablet
4536,Brett,Braun,brett.braun552@gmail.com,42,Other,Italy,Salasland,Returning,2024-08-11,Desktop
4537,Thomas,Cox,thomas.cox705@hotmail.com,29,Male,France,Paulmouth,VIP,2020-07-12,Tablet
4538,Adam,Ross,adam.ross840@gmail.com,57,Male,Britain,South Kristina,Returning,2023-06-11,Desktop
4539,Jennifer,Santos,jennifer.santos38@gmail.com,28,Male,United Kingdom,Vargasstad,Returning,2024-08-28,Desktop
4540,Ruben,Henry,ruben.henry307@gmail.com,21,Male,Spain,North David,At-Risk,2021-08-03,Desktop
4541,marie,Brown,marie.brown617@gmail.com,18,Other,Italy,Lake Jessicabury,VIP,2024-03-31,Desktop
4542,Christina,Franklin,christina.franklin606@gmail.com,54,Female,Egypt,North Ian,New,2021-02-21,Mobile
4543,Nancy,Romero,nancy.romero132@yahoo.com,49,Other,India,North Ruben,VIP,2019-11-27,Tablet
4544,Danny,Mitchell,danny.mitchell433@hotmail.com,34,Male,Brazil,Carolside,At-Risk,2022-12-12,Tablet
4545,William,Jacobs,william.jacobs262@gmail.com,43,Female,United States,New Janeville,VIP,2022-06-04,Mobile
4546,Richard,Kelley,richard.kelley666@yahoo.com,18,Male,United Arab Emirates,Anthonyburgh,New,2019-07-15,Mobile
4547,Donald,Williams,,25,Male,United States,Smithville,Returning,2021-06-06,Mobile
4548,Joshua,Garcia,joshua.garcia693@hotmail.com,56,Female,UK,West Jonathanchester,Returning,2024-01-15,Tablet
4549,Nancy,Miles,nancy.miles147@hotmail.com,53,Other,Spain,Meadowsview,Returning,2019-03-25,Desktop
4550,Kim,Randall,kim.randall73@yahoo.com,27,Other,United States,Elliottview,Churned,2020-09-06,Tablet
4551,Nancy,Johnson,nancy.johnson276@yahoo.com,29,Other,Brazil,New Erinmouth,Returning,2023-12-21,Tablet
4552,Rhonda,Johnson,rhonda.johnson662@gmail.com,42,Male,France,Bakerfurt,At-Risk,2021-08-04,Tablet
4553,Angela,Sutton,angela.sutton382@hotmail.com,26,Other,Philippines,Ashleyton,Churned,2021-12-03,Tablet
4554,Donald,Mcgrath,donald.mcgrath664@gmail.com,34,Other,Japan,Douglastown,Returning,2020-09-28,Tablet
4555,Michael,Spears,michael.spears168@hotmail.com,21,Female,United States,Velezburgh,Returning,2020-11-23,Desktop
4556,James,Juarez,james.juarez324@hotmail.com,37,Female,United States,Shawnfurt,New,2022-08-18,Mobile
4557,Natalie,Drake,natalie.drake27@gmail.com,46,Other,,North Peterport,Returning,2021-12-21,Desktop
4558,Alice,Mccoy,alice.mccoy80@gmail.com,43,Female,US,Haysfurt,New,2024-05-04,Desktop
4559,Luke,Knox,luke.knox545@gmail.com,39,Male,Egypt,Andersonmouth,Returning,2024-09-28,Tablet
4560,Christopher,Blake,christopher.blake562@yahoo.com,18,Female,,Port Jennifer,New,2021-05-24,Desktop
4561,Alan,Lopez,alan.lopez338@hotmail.com,28,Other,U.A.E.,West Lindsey,Returning,2021-05-26,Desktop
4562,Amy,Lowery,amy.lowery372@hotmail.com,50,Female,Egypt,Webbton,Churned,2019-10-01,Mobile
4563,MIKE,Moore,mike.moore150@yahoo.com,36,Male,India,Underwoodport,New,2019-04-09,Mobile
4564,Bryan,Cox,bryan.cox11@yahoo.com,45,Male,Saudi Arabia,East Christopher,Returning,2024-08-16,Mobile
4565,Marco,Hill,marco.hill993@gmail.com,33,Male,United States,Edwardfurt,Returning,2023-12-27,Mobile
4566,Aaron,Morris,aaron.morris975@hotmail.com,23,Male,India,Carolineland,,2021-09-18,Desktop
4567,Daniel,Sosa,daniel.sosa180@gmail.com,42,Other,Germany,Kendratown,VIP,2022-10-03,Tablet
4568,Rebekah,Prince,rebekah.prince897@yahoo.com,41,Female,Australia,Port Christopher,New,2023-04-25,Tablet
4569,Zachary,Watson,zachary.watson842@yahoo.com,31,Female,united states,West Cheyennebury,Churned,2020-09-23,Desktop
4570,Edward,Hernandez,edward.hernandez542@hotmail.com,25,Female,United States,North Cassandraberg,Returning,2024-07-11,Tablet
4571,Beth,Hendricks,beth.hendricks586@hotmail.com,18,Female,Brazil,Lake Daniel,New,2023-11-20,Tablet
4572,Regina,Davidson,regina.davidson278@gmail.com,30,Other,Spain,Michelleside,Returning,2024-07-22,Desktop
4573,Todd,Walker,todd.walker919@hotmail.com,55,Male,Nigeria,Lake Megan,At-Risk,2021-10-17,Desktop
4574,Mary,Vargas,mary.vargas326@hotmail.com,44,Female,Brazil,Lake Morgan,Returning,2019-04-09,Desktop
4575,Edgar,Reilly,edgar.reilly354@yahoo.com,54,Other,nigeria,East Christopher,New,2021-12-14,Tablet
4576,Shelby,Glenn,shelby.glenn992@hotmail.com,36,Other,Germany,New Danieltown,At-Risk,2024-10-04,Tablet
4577,Linda,Knight,linda.knight609@gmail.com,18,Female,France,Franciscochester,Returning,2021-01-23,Mobile
4578,Steven,Barton,,26,Male,Indonesia,Lake Martin,Returning,2022-01-09,Mobile
4579,Shannon,Campbell,shannon.campbell10@yahoo.com,29,Other,USA,South Jason,Returning,2023-03-19,Tablet
4580,Wayne,Clements,wayne.clements731@gmail.com,30,Male,India,Lake Katherine,New,2021-12-18,Tablet
4581,Courtney,Edwards,courtney.edwards130@yahoo.com,48,Male,United Kingdom,East Danielle,Returning,2020-03-19,Mobile
4582,Darryl,Nolan,darryl.nolan582@hotmail.com,46,Other,Indonesia,New Anthony,Returning,2019-04-11,Mobile
4583,John,Rogers,john.rogers55@gmail.com,32,Other,Spain,New Suzanne,VIP,2019-12-15,Tablet
4584,Valerie,Alexander,valerie.alexander998@yahoo.com,54,Female,,Jamesfurt,At-Risk,2023-04-02,Tablet
4585,Amanda,Fernandez,amanda.fernandez797@yahoo.com,37,Male,United Kingdom,Manuelhaven,Returning,2021-09-05,Tablet
4586,Jennifer,Anderson,jennifer.anderson624@hotmail.com,43,Female,Egypt,Edwardsland,VIP,2023-02-07,Tablet
4587,Lorraine,Love,lorraine.love469@yahoo.com,22,Male,India,Cassandraville,VIP,2021-03-24,Mobile
4588,Karen,Taylor,karen.taylor363@gmail.com,45,Female,India,Lake Dianafort,New,2024-01-18,Tablet
4589,Jennifer,Shepard,jennifer.shepard294@yahoo.com,29,Female,UK,Jeffreyville,Returning,2019-02-03,Mobile
4590,Paul,Ramirez,,28,Other,India,Douglasfurt,New,2024-08-02,Desktop
4591,Michael,Murray,michael.murray313@yahoo.com,35,Other,Netherlands,East Cesar,At-Risk,2023-10-10,Desktop
4592,Melissa,Davis,melissa.davis971@gmail.com,40,Female,India,Jeremybury,VIP,2024-04-27,Mobile
4593,Kristen,Cantu,kristen.cantu790@gmail.com,43,Female,Canada,Wilkinsonmouth,At-Risk,2019-03-04,Desktop
4594,Anthony,Williams,anthony.williams650@gmail.com,24,Male,united states,Jeremyport,At-Risk,2022-08-07,Desktop
4595,Tyler,Rodgers,tyler.rodgers748@hotmail.com,48,Male,,Lisachester,Returning,2022-10-05,Desktop
4596,Jessica,Mills,jessica.mills170@gmail.com,20,Other,Mexico,Huntton,Churned,2024-09-08,Desktop
4597,WENDY,Lamb,wendy.lamb87@gmail.com,50,Other,Germany,West Ashleyberg,Returning,2021-12-29,Mobile
4598,Jonathan,Bryant,jonathan.bryant568@gmail.com,41,Female,Netherlands,South Rebecca,Returning,2022-07-02,Desktop
4599,Brandon,Gillespie,brandon.gillespie986@gmail.com,31,Female,U.S.A.,East Garybury,Returning,2024-03-23,Tablet
4600,Marc,Hawkins,marc.hawkins521@yahoo.com,36,Other,United Arab Emirates,West Shannonville,Returning,2024-11-18,Desktop
4601,Jessica,Johns,jessica.johns492@hotmail.com,33,Female,Germany,Port Randy,Returning,2021-10-12,Tablet
4602,Steve,Sharp,steve.sharp702@yahoo.com,22,Other,Nigeria,Adamtown,At-Risk,2020-04-29,Tablet
4603,Paul,Heath,paul.heath715@yahoo.com,56,Male,,Smithmouth,VIP,2021-04-07,Mobile
4604,Jennifer,Martin,jennifer.martin15@hotmail.com,33,Other,United Kingdom,North Michelle,Returning,2020-02-01,Desktop
4605,Grace,Ryan,grace.ryan933@gmail.com,33,Other,U.S.A.,Port Melissa,VIP,2021-06-29,Desktop
4606,Susan,Martin,susan.martin732@hotmail.com,32,Female,USA,Kathrynberg,Returning,2021-07-23,Tablet
4607,Jeanette,Lewis,jeanette.lewis548@gmail.com,32,Other,Saudi Arabia,Port Alex,Returning,2020-10-17,Mobile
4608,Kimberly,Schneider,kimberly.schneider251@yahoo.com,36,Other,United States,Lake Kathleen,Returning,2024-05-26,Tablet
4609,RICHARD,Levy,richard.levy974@gmail.com,33,Other,Mexico,Amybury,Returning,2019-07-27,Tablet
4610,James,Valdez,james.valdez624@yahoo.com,27,Male,Germany,West Adriana,New,2023-05-12,Tablet
4611,Beth,Key,beth.key460@gmail.com,31,Male,italy,New Dianechester,New,2021-02-09,Tablet
4612,Eric,Green,eric.green953@gmail.com,33,Other,Brazil,Port Paulbury,Returning,2021-10-21,Desktop
4613,Evelyn,Wells,evelyn.wells180@hotmail.com,43,Male,Australia,West Angiebury,Returning,2023-09-26,Mobile
4614,Johnny,Herring,johnny.herring860@gmail.com,21,Male,Brazil,Lake Robertmouth,Returning,2022-06-23,Tablet
4615,Sara,Rojas,sara.rojas362@hotmail.com,42,Male,Mexico,Ashleyview,New,2020-01-01,Mobile
4616,Cindy,Porter,cindy.porter508@gmail.com,18,Female,Australia,East Kathrynchester,New,2020-02-28,Desktop
4617,Hannah,Rogers,hannah.rogers383@yahoo.com,39,Male,Netherlands,South Ricardo,At-Risk,2021-07-26,Mobile
4618,Travis,Freeman,travis.freeman936@hotmail.com,20,Other,USA,West Kristina,Returning,2021-07-20,Desktop
4619,Jason,Rowe,jason.rowe852@gmail.com,22,Other,Egypt,Scottland,VIP,2022-07-05,Desktop
4620,jeffrey,Cervantes,jeffrey.cervantes298@hotmail.com,39,Female,south africa,New Deniseport,New,2020-01-28,Mobile
4621,Kristin,Wyatt,kristin.wyatt301@gmail.com,42,Female,,New Catherine,At-Risk,2023-01-28,Desktop
4622,Tracy,Sullivan,tracy.sullivan3@yahoo.com,30,Other,United States,North Cliffordland,Returning,2020-05-05,Tablet
4623,Daniel,Parker,daniel.parker583@gmail.com,30,Female,India,Justinborough,Returning,2021-06-23,Desktop
4624,John,Montgomery,john.montgomery946@gmail.com,36,Female,United Kingdom,Victoriatown,New,2019-07-10,Tablet
4625,Michelle,Warren,michelle.warren528@yahoo.com,30,Male,Netherlands,Port Sarahview,Returning,2023-12-14,Mobile
4626,Jane,Smith,jane.smith914@hotmail.com,62,Other,Canada,West Tinafort,Churned,2020-05-06,Mobile
4627,Doris,Johnson,doris.johnson59@yahoo.com,31,Female,United States,Murraybury,New,2021-04-28,Desktop
4628,Hunter,Johnson,hunter.johnson631@hotmail.com,39,Female,Canada,Wilsonburgh,At-Risk,2023-07-27,Mobile
4629,Stephen,Reynolds,stephen.reynolds306@gmail.com,28,Female,Japan,North Michael,Churned,2023-10-16,Desktop
4630,Ashley,Gonzales,ashley.gonzales6@gmail.com,55,Female,Japan,Rhondafort,VIP,2019-08-15,Tablet
4631,megan,Brewer,megan.brewer191@yahoo.com,45,Female,Philippines,Williamsonburgh,New,2023-08-11,Mobile
4632,Tracy,Smith,tracy.smith10@gmail.com,41,Male,India,Kyleville,VIP,2024-01-01,Mobile
4633,Steven,Porter,steven.porter504@hotmail.com,42,Male,United Kingdom,Lake Mary,Returning,2021-06-25,Desktop
4634,Lisa,Willis,lisa.willis542@hotmail.com,18,Other,France,Richardside,Returning,2023-02-16,Desktop
4635,Mikayla,Parks,mikayla.parks421@yahoo.com,31,Male,Canada,North Sarahhaven,New,2021-01-21,Mobile
4636,Cassidy,Gonzalez,cassidy.gonzalez8@yahoo.com,18,Male,US,Downsfort,New,2024-03-03,Tablet
4637,Lisa,Rivas,lisa.rivas257@yahoo.com,52,Male,United Kingdom,Lake Ruth,New,2024-12-15,Mobile
4638,Robert,Nelson,robert.nelson405@yahoo.com,40,Female,Egypt,East Patrickberg,Returning,2021-12-09,Mobile
4639,Mary,Barrett,mary.barrett374@yahoo.com,36,Female,Canada,Stokesview,New,2023-05-31,Desktop
4640,April,Rios,april.rios550@yahoo.com,36,Female,India,Montgomeryshire,New,2022-10-18,Desktop
4641,Teresa,Garner,,36,Other,United States,Meaganbury,VIP,2020-08-25,Mobile
4642,Scott,King,scott.king166@yahoo.com,54,Male,France,Lake Danielleview,Returning,2019-02-21,Mobile
4643,MICHAEL,Ramos,michael.ramos766@gmail.com,39,Female,Indonesia,New Jessicahaven,New,2022-09-01,Desktop
4644,Leslie,Perez,leslie.perez368@hotmail.com,18,Other,Canada,Marvintown,New,2020-06-03,Desktop
4645,Linda,Bailey,linda.bailey114@hotmail.com,28,Male,Italy,Port Tammyhaven,Churned,2019-01-16,Mobile
4646,Jerome,Robinson,jerome.robinson42@hotmail.com,19,Male,UK,Sarashire,Returning,2020-02-17,Mobile
4647,Jennifer,Martinez,jennifer.martinez432@yahoo.com,40,Other,France,Turnerhaven,New,2019-04-04,Mobile
4648,Samantha,Shepherd,samantha.shepherd923@gmail.com,62,Male,Australia,Walkerborough,,2019-05-02,Desktop
4649,Leah,Hill,leah.hill683@yahoo.com,43,Male,United States,Lake Nicholeborough,New,2020-01-23,Mobile
4650,Veronica,Scott,veronica.scott983@gmail.com,44,Other,South Africa,Daleberg,Returning,2021-06-12,Mobile
4651,Zachary,Booth,zachary.booth122@yahoo.com,66,Female,Netherlands,Harrisport,New,2024-07-18,Mobile
4652,Tanner,Holland,tanner.holland564@yahoo.com,56,Female,UK,Shieldston,Returning,2020-06-26,Tablet
4653,Melissa,Lynn,melissa.lynn732@yahoo.com,31,Male,Italy,Port Kristen,At-Risk,2022-09-18,Mobile
4654,Joseph,Rogers,joseph.rogers770@gmail.com,24,Female,United Kingdom,Lake Stephanieshire,Returning,2020-09-13,Tablet
4655,Lisa,Brown,lisa.brown744@gmail.com,35,Other,US,East Courtneychester,Returning,2019-04-09,Mobile
4656,Linda,Rodriguez,linda.rodriguez135@hotmail.com,46,Male,Germany,Dannyport,Returning,2024-11-10,Desktop
4657,Jose,Ibarra,jose.ibarra812@yahoo.com,32,Male,Indonesia,Harrisborough,Returning,2024-12-21,Desktop
4658,Michelle,Johnson,michelle.johnson160@gmail.com,35,Female,Australia,Johnmouth,Churned,2021-09-06,Tablet
4659,Diana,Adams,diana.adams14@yahoo.com,31,Other,Italy,Port Matthew,New,2024-09-03,Desktop
4660,Rhonda,Barnett,rhonda.barnett54@hotmail.com,31,Other,Spain,South Anthony,New,2023-07-25,Mobile
4661,Anthony,Powell,anthony.powell440@hotmail.com,36,Other,United Kingdom,Cookfort,VIP,2019-05-13,Tablet
4662,Christopher,Mathis,christopher.mathis9@hotmail.com,29,Female,Mexico,East Carolbury,Churned,2024-04-18,Mobile
4663,Raymond,Davis,raymond.davis297@gmail.com,28,Female,Spain,East Jacobmouth,Returning,2020-07-09,Mobile
4664,Carmen,Chapman,carmen.chapman85@yahoo.com,42,Female,MEXICO,Lake Jillborough,At-Risk,2024-06-15,Desktop
4665,John,Jenkins,john.jenkins633@hotmail.com,22,Male,Mexico,Smithhaven,New,2023-09-02,Tablet
4666,Alexander,Riley,alexander.riley524@gmail.com,65,Male,UK,Kirkstad,Returning,2019-09-18,Desktop
4667,Anthony,Simmons,anthony.simmons288@gmail.com,34,Male,United States,Johnsonmouth,Returning,2022-03-02,Mobile
4668,Kathleen,Becker,kathleen.becker718@yahoo.com,35,Male,Germany,Schmidtview,VIP,2022-01-27,Tablet
4669,James,Smith,james.smith841@yahoo.com,32,Female,,Stevenchester,VIP,2024-07-29,Desktop
4670,Mark,Mitchell,mark.mitchell486@hotmail.com,18,Other,Germany,Port Kellyview,Churned,2022-09-20,Desktop
4671,Timothy,Palmer,timothy.palmer718@hotmail.com,34,Other,India,East Davidmouth,VIP,2022-04-28,Tablet
4672,Lori,Sanchez,lori.sanchez626@hotmail.com,45,Male,Japan,Laraview,At-Risk,2020-06-22,Desktop
4673,Stacy,Patterson,stacy.patterson876@hotmail.com,48,Other,Japan,Juliehaven,VIP,2023-12-21,Tablet
4674,Stacy,Mcknight,stacy.mcknight650@gmail.com,30,Male,Canada,Wendyshire,At-Risk,2020-04-17,Desktop
4675,James,Lopez,james.lopez124@hotmail.com,33,Male,Brazil,South Conniestad,Returning,2021-08-12,Mobile
4676,Megan,Summers,megan.summers40@gmail.com,38,Female,Indonesia,Harveyton,Returning,2019-09-30,Desktop
4677,Michael,Clark,michael.clark952@hotmail.com,29,Male,Mexico,East Catherinefurt,New,2021-04-14,Mobile
4678,Jeffery,Chung,jeffery.chung19@gmail.com,20,Other,Brazil,West Melissa,Churned,2021-05-25,Desktop
4679,Joseph,Smith,joseph.smith94@gmail.com,40,Male,United States,South Carlashire,New,2019-09-15,Mobile
4680,Michael,Trujillo,michael.trujillo418@gmail.com,31,Other,Egypt,Lake Steven,Returning,2024-07-18,Mobile
4681,Anthony,Thomas,anthony.thomas717@hotmail.com,44,Other,United States,Jasonside,At-Risk,2024-11-09,Desktop
4682,Mark,Johnson,mark.johnson228@gmail.com,45,Female,United Kingdom,North Elizabeth,Returning,2022-03-10,Mobile
4683,holly,Chang,holly.chang491@hotmail.com,23,Male,,Mahoneyberg,Returning,2023-11-05,Tablet
4684,Brian,Rice,brian.rice438@gmail.com,41,Other,United States,New Johnton,Churned,2024-06-15,Desktop
4685,Michael,Schmidt,michael.schmidt312@hotmail.com,56,Male,India,Robinsonhaven,At-Risk,2021-02-25,Mobile
4686,Katherine,Washington,katherine.washington373@yahoo.com,44,Female,United States,New Lisa,New,2024-08-24,Mobile
4687,Edward,Guerra,edward.guerra729@yahoo.com,26,Female,Japan,Joelville,Returning,2021-04-01,Desktop
4688,Christopher,Moore,christopher.moore328@gmail.com,35,Male,Canada,Port Zachary,New,2019-10-30,Desktop
4689,Sarah,Christian,sarah.christian42@hotmail.com,45,Male,France,Mirandaville,Returning,2022-01-10,Desktop
4690,Jack,Cox,jack.cox677@hotmail.com,42,Other,UK,Jenningshaven,Returning,2023-09-13,Mobile
4691,Doris,Miller,doris.miller218@yahoo.com,35,Female,Mexico,East Brianhaven,,2019-09-29,Mobile
4692,Rodney,Acosta,rodney.acosta287@hotmail.com,32,Other,Germany,Meganview,VIP,2023-06-14,Desktop
4693,Shawn,Garcia,shawn.garcia442@yahoo.com,44,Male,France,Port Jeanetteport,Returning,2022-01-27,Mobile
4694,Juan,Stevenson,juan.stevenson972@hotmail.com,37,Female,Nigeria,Jillianhaven,New,2022-06-07,Mobile
4695,Destiny,Roberts,destiny.roberts343@hotmail.com,34,Female,United States,Blakemouth,Returning,2019-02-28,Desktop
4696,Sarah,Gutierrez,sarah.gutierrez100@yahoo.com,49,Other,UK,Kristenborough,Returning,2021-03-17,Desktop
4697,Marvin,Dixon,marvin.dixon700@gmail.com,34,Other,United States,Lake Elijah,VIP,2021-08-19,Desktop
4698,Mark,West,mark.west340@yahoo.com,60,Female,Netherlands,Peckview,VIP,2021-03-26,Tablet
4699,Morgan,Wood,morgan.wood830@hotmail.com,30,Female,Nigeria,East Jaymouth,Returning,2019-11-22,Tablet
4700,Keith,Willis,keith.willis798@gmail.com,42,Other,United States,Carlsonton,At-Risk,2019-02-07,Tablet
4701,Bryan,Mitchell,,38,Female,United Kingdom,Carolport,New,2022-04-14,Desktop
4702,Lance,Watts,lance.watts666@yahoo.com,41,Female,,Mosleyville,At-Risk,2021-08-14,Desktop
4703,David,Byrd,david.byrd599@yahoo.com,39,Female,Canada,Hopkinsfort,At-Risk,2019-09-15,Desktop
4704,Mark,Willis,,32,Male,Saudi Arabia,East Kimberlychester,Returning,2021-09-05,Desktop
4705,Claire,Moody,claire.moody645@yahoo.com,50,Other,India,Davidberg,VIP,2024-06-19,Tablet
4706,Valerie,Henry,valerie.henry124@hotmail.com,29,Male,Brazil,Sandersborough,New,2023-10-31,Tablet
4707,Sheri,Montoya,sheri.montoya992@gmail.com,31,Other,Saudi Arabia,West Dakota,New,2024-06-08,Desktop
4708,Dana,Williams,dana.williams198@yahoo.com,41,Other,United Arab Emirates,Susanmouth,New,2022-05-02,Mobile
4709,Kristy,Gomez,kristy.gomez948@hotmail.com,22,Male,Egypt,Pamstad,Returning,2024-07-16,Desktop
4710,Laurie,Mullen,laurie.mullen965@yahoo.com,22,Other,Nigeria,East Nathan,Returning,2024-10-26,Tablet
4711,Diane,Lyons,diane.lyons352@yahoo.com,48,Female,USA,Hicksside,Returning,2023-12-03,Tablet
4712,Cheyenne,Blake,cheyenne.blake486@yahoo.com,45,Male,Australia,North Wesleyton,Returning,2020-10-05,Tablet
4713,Christopher,Davis,christopher.davis739@yahoo.com,50,Male,United Kingdom,Hansenburgh,VIP,2019-07-24,Desktop
4714,Jennifer,Bryant,jennifer.bryant131@gmail.com,22,Male,Saudi Arabia,South Angela,Returning,2024-04-27,Mobile
4715,Kimberly,Jensen,kimberly.jensen564@gmail.com,28,Other,Netherlands,Lake Erinton,New,2022-02-21,Mobile
4716,Stephanie,Ware,stephanie.ware913@hotmail.com,38,Other,Brazil,Debbietown,Churned,2024-11-16,Mobile
4717,Arthur,Watson,,54,Female,France,New Christian,New,2019-08-25,Mobile
4718,Maureen,Thompson,maureen.thompson645@gmail.com,43,Other,Spain,Mitchellton,New,2022-08-31,Desktop
4719,James,Byrd,james.byrd933@gmail.com,35,Female,India,New Ryan,Returning,2021-12-31,Desktop
4720,Brad,Browning,brad.browning495@hotmail.com,36,Female,Australia,New Ann,Returning,2021-09-07,Tablet
4721,Gavin,Pena,gavin.pena954@gmail.com,18,Other,France,New Kenneth,Returning,2024-09-18,Desktop
4722,Shannon,Garcia,shannon.garcia171@yahoo.com,32,Other,India,Reynoldsbury,,2023-06-27,Mobile
4723,Joshua,Bridges,joshua.bridges714@gmail.com,36,Male,United Kingdom,New Jessehaven,Returning,2023-03-13,Mobile
4724,Jacob,Lopez,jacob.lopez47@yahoo.com,39,Other,Netherlands,Carterview,New,2019-11-23,Desktop
4725,Lisa,Parker,lisa.parker814@gmail.com,42,Other,United Kingdom,Stevenside,At-Risk,2020-03-01,Desktop
4726,Gabrielle,Jackson,gabrielle.jackson759@yahoo.com,59,Female,Germany,Russellmouth,New,2022-07-25,Mobile
4727,Denise,Holmes,denise.holmes702@hotmail.com,41,Other,South Africa,Wallaceport,Returning,2020-08-20,Tablet
4728,Ashley,Collins,ashley.collins995@hotmail.com,48,Male,Egypt,Alvaradoport,At-Risk,2024-08-04,Desktop
4729,Jonathan,Ochoa,jonathan.ochoa449@gmail.com,28,Other,India,Johnmouth,New,2020-12-24,Mobile
4730,Samuel,Collins,samuel.collins576@gmail.com,38,Female,UAE,New Joshua,Returning,2024-08-24,Mobile
4731,Courtney,Sparks,courtney.sparks622@hotmail.com,20,Female,Brazil,Port Angelashire,VIP,2023-10-31,Desktop
4732,Joseph,Friedman,joseph.friedman189@yahoo.com,41,Male,United Arab Emirates,Barneshaven,At-Risk,2019-05-20,Desktop
4733,Phyllis,Stanley,phyllis.stanley586@hotmail.com,51,Male,India,Port Don,New,2023-09-09,Tablet
4734,Dustin,Ortega,dustin.ortega714@hotmail.com,22,Male,India,West Patrick,Returning,2021-12-11,Tablet
4735,Jacob,Williams,jacob.williams467@yahoo.com,50,Other,France,East Todd,New,2022-05-07,Tablet
4736,Joseph,Zavala,joseph.zavala738@hotmail.com,30,Other,United States,East Xavierfort,At-Risk,2024-07-08,Mobile
4737,Jasmine,Mayo,jasmine.mayo311@yahoo.com,36,Male,Germany,Masonton,Churned,2024-07-26,Mobile
4738,Kristin,Murphy,kristin.murphy726@yahoo.com,37,Female,Mexico,Emmamouth,At-Risk,2022-12-22,Tablet
4739,Denise,Wade,denise.wade122@yahoo.com,28,Male,Australia,Shawside,New,2023-01-23,Desktop
4740,Brian,Gomez,brian.gomez47@gmail.com,52,Other,Canada,South Dana,At-Risk,2021-11-15,Desktop
4741,Roger,Fowler,roger.fowler299@hotmail.com,39,Male,AUSTRALIA,Jasonchester,New,2024-06-28,Tablet
4742,Gabriel,Johnson,gabriel.johnson152@yahoo.com,42,Female,U.S.A.,West Suzannestad,Returning,2020-02-27,Desktop
4743,John,King,john.king277@gmail.com,63,Male,United States,West Edwardhaven,Churned,2021-08-02,Tablet
4744,John,Baldwin,john.baldwin255@yahoo.com,26,Male,Germany,North John,At-Risk,2019-07-01,Tablet
4745,autumn,Armstrong,autumn.armstrong119@hotmail.com,22,Male,Spain,Emilytown,VIP,2023-10-29,Tablet
4746,Robert,Burton,robert.burton356@gmail.com,37,Other,India,West Natasha,Returning,2022-04-14,Tablet
4747,Brandon,Miller,brandon.miller996@yahoo.com,39,Female,South Africa,East Marissa,New,2023-04-04,Mobile
4748,Vincent,Hickman,vincent.hickman86@yahoo.com,28,Other,Canada,Mckinneyborough,Churned,2020-02-12,Tablet
4749,Tracy,Garza,tracy.garza271@hotmail.com,47,Other,India,Port Joshuaborough,Returning,2020-03-23,Desktop
4750,Cody,Morales,cody.morales419@hotmail.com,20,Other,france,Lake Madisonton,New,2019-03-25,Mobile
4751,Edward,Morrison,edward.morrison333@hotmail.com,45,Male,Mexico,Michaelport,New,2022-06-25,Tablet
4752,Katie,Cox,katie.cox836@hotmail.com,50,Male,USA,West Melaniefort,At-Risk,2019-02-11,Mobile
4753,Henry,Jensen,henry.jensen225@yahoo.com,18,Other,US,North Laurieborough,New,2020-11-24,Mobile
4754,Tina,Underwood,tina.underwood181@gmail.com,34,Female,Germany,Sheritown,At-Risk,2022-10-06,Desktop
4755,Timothy,Prince,timothy.prince551@hotmail.com,18,Other,Spain,Davidton,New,2021-07-26,Tablet
4756,Alex,Potter,alex.potter109@gmail.com,37,Other,Canada,South Andreamouth,New,2020-09-21,Tablet
4757,Linda,Harris,,18,Female,United States,West Yeseniabury,Returning,2024-10-18,Tablet
4758,Eric,Campbell,eric.campbell264@gmail.com,38,Other,Nigeria,South Julian,Returning,2023-10-19,Tablet
4759,Hayden,Coleman,hayden.coleman619@yahoo.com,33,Other,united states,Chaseburgh,Returning,2020-04-30,Desktop
4760,Richard,Strong,,39,Female,Australia,Williamchester,VIP,2023-07-30,Desktop
4761,John,Nguyen,john.nguyen333@yahoo.com,43,Female,Saudi Arabia,South Stephen,Returning,2019-11-01,Desktop
4762,Brian,Allen,brian.allen596@hotmail.com,45,Other,United Kingdom,Burgessberg,Returning,2021-09-23,Mobile
4763,Lee,Smith,lee.smith160@yahoo.com,32,Female,United Kingdom,Pierceton,Returning,2021-07-22,Desktop
4764,Aaron,Ford,aaron.ford748@gmail.com,28,Other,United States,East Christopherhaven,New,2019-07-20,Mobile
4765,Patrick,Kane,patrick.kane378@hotmail.com,49,Male,japan,Port Henry,VIP,2020-06-11,Mobile
4766,Lauren,Lopez,lauren.lopez96@gmail.com,55,Female,United States,North Crystal,New,2021-03-22,Desktop
4767,Alyssa,Gross,alyssa.gross471@hotmail.com,26,Male,Germany,Tanyachester,Churned,2020-12-25,Desktop
4768,Lisa,Kemp,,43,Other,Brazil,Jacobville,At-Risk,2023-03-28,Mobile
4769,Jeremy,Hernandez,jeremy.hernandez966@gmail.com,25,Other,Spain,Vegachester,VIP,2023-07-01,Desktop
4770,Kristen,Fuller,kristen.fuller664@hotmail.com,27,Female,Japan,Jocelynshire,Returning,2019-02-23,Desktop
4771,Jennifer,Torres,jennifer.torres318@hotmail.com,55,Male,Canada,West Jenniferside,Returning,2022-01-10,Desktop
4772,Kimberly,Garcia,kimberly.garcia838@hotmail.com,41,Female,Nigeria,East Justin,Returning,2023-08-25,Tablet
4773,Jennifer,Walker,jennifer.walker623@yahoo.com,57,Male,,Port John,Returning,2020-11-22,Desktop
4774,Jeanne,Richardson,jeanne.richardson147@yahoo.com,41,Male,France,South Jackie,At-Risk,2019-04-26,Mobile
4775,Becky,Fernandez,becky.fernandez252@yahoo.com,43,Female,  Australia  ,South Kelliview,Returning,2020-05-26,Tablet
4776,Sarah,Johnson,sarah.johnson994@hotmail.com,45,Female,Brazil,North Kristie,At-Risk,2019-01-24,Desktop
4777,Tammy,Adams,tammy.adams742@gmail.com,21,Other,Indonesia,Port Ivanburgh,VIP,2022-04-23,Desktop
4778,Erin,Ballard,erin.ballard745@gmail.com,18,Male,France,Davisside,New,2021-03-30,Tablet
4779,Allison,Gibson,allison.gibson103@hotmail.com,25,Female,Italy,Brooksstad,VIP,2022-08-17,Mobile
4780,Tristan,Stevenson,,37,Male,Australia,North Kathryn,Returning,2019-06-01,Desktop
4781,Brian,Reed,brian.reed782@yahoo.com,32,Other,United Kingdom,Port Nicholasside,Churned,2020-02-19,Desktop
4782,Jennifer,Jones,jennifer.jones136@hotmail.com,42,Male,Italy,South Karl,At-Risk,2021-12-30,Desktop
4783,April,Reeves,april.reeves275@yahoo.com,31,Male,US,Bradleystad,New,2023-03-23,Tablet
4784,Laurie,Phillips,laurie.phillips615@yahoo.com,32,Male,Spain,Lake Matthew,New,2020-03-19,Desktop
4785,Mary,Mcdonald,mary.mcdonald981@hotmail.com,24,Male,France,Phelpsfurt,Churned,2024-03-10,Tablet
4786,Adam,Green,adam.green754@gmail.com,46,Female,United Kingdom,South Amandamouth,Returning,2021-07-21,Tablet
4787,Denise,Griffith,denise.griffith88@yahoo.com,28,Male,Australia,New Dorothyburgh,Returning,2021-06-18,Desktop
4788,Kathleen,Spence,kathleen.spence492@hotmail.com,32,Other,Japan,Frenchland,At-Risk,2019-09-23,Mobile
4789,Ryan,Valencia,ryan.valencia836@gmail.com,30,Male,Brazil,North Veronicabury,New,2021-08-13,Mobile
4790,Aaron,Banks,aaron.banks340@hotmail.com,36,Female,Brazil,Megantown,VIP,2023-11-20,Desktop
4791,Carlos,Mcdonald,carlos.mcdonald250@gmail.com,42,Male,South Africa,East Victor,At-Risk,2021-06-09,Tablet
4792,Gary,Johnson,gary.johnson709@hotmail.com,30,Female,Canada,Marshallfort,Returning,2024-02-08,Tablet
4793,Kristen,Miller,kristen.miller557@hotmail.com,32,Male,Italy,Andersonfurt,New,2022-01-14,Desktop
4794,Nicole,Garcia,nicole.garcia845@hotmail.com,43,Male,USA,Ronaldfurt,VIP,2020-11-01,Desktop
4795,ANTHONY,Henry,anthony.henry558@gmail.com,44,Female,Saudi Arabia,Suzannestad,New,2021-05-05,Desktop
4796,  Lauren  ,Jennings,lauren.jennings524@hotmail.com,44,Female,United Kingdom,East Benjamin,Churned,2024-03-10,Desktop
4797,Rachel,Wilson,rachel.wilson2@gmail.com,42,Male,India,Richardshire,New,2024-08-07,Desktop
4798,Elizabeth,Robles,elizabeth.robles233@hotmail.com,24,Female,Canada,West Brady,Returning,2021-12-22,Mobile
4799,Daniel,Owens,daniel.owens151@yahoo.com,41,Female,Brazil,Fowlerborough,Returning,2021-03-06,Tablet
4800,david,Anderson,david.anderson294@gmail.com,45,Male,Canada,Acostaview,,2022-01-21,Tablet
4801,Sherry,Campbell,sherry.campbell394@yahoo.com,31,Other,United Kingdom,West Michelle,Returning,2022-09-07,Tablet
4802,Cindy,Gregory,cindy.gregory843@yahoo.com,35,Male,France,Javierbury,New,2021-03-27,Mobile
4803,Cassandra,Garza,cassandra.garza174@gmail.com,50,Male,USA,West Duane,Churned,2019-03-21,Desktop
4804,Christopher,Gonzalez,christopher.gonzalez105@hotmail.com,62,Female,United States,Mcclainchester,At-Risk,2022-11-04,Mobile
4805,David,James,david.james79@yahoo.com,52,Other,France,New Christopherchester,New,2024-10-09,Mobile
4806,Barbara,Clark,barbara.clark122@gmail.com,26,Female,Spain,East Courtneybury,New,2023-08-03,Desktop
4807,Timothy,Robinson,timothy.robinson918@yahoo.com,57,Male,France,Morenohaven,New,2023-10-15,Tablet
4808,Jennifer,Woods,jennifer.woods155@gmail.com,34,Male,,West Megan,At-Risk,2020-01-25,Mobile
4809,Hannah,Brown,hannah.brown544@hotmail.com,33,Female,India,Kimberlyfort,Returning,2020-07-09,Tablet
4810,William,Wilson,,44,Other,United Kingdom,South Brittany,VIP,2022-12-26,Mobile
4811,James,Reese,james.reese154@gmail.com,25,Other,France,Hallburgh,VIP,2023-10-21,Tablet
4812,Derrick,Walker,derrick.walker309@yahoo.com,18,Other,Saudi Arabia,Dixonmouth,VIP,2024-06-07,Mobile
4813,Alan,Sanchez,alan.sanchez357@hotmail.com,54,Male,,Ginamouth,New,2021-03-29,Mobile
4814,Katherine,Wong,katherine.wong939@yahoo.com,34,Female,United States,Tammyfort,New,2023-05-07,Tablet
4815,Kimberly,Hart,kimberly.hart378@yahoo.com,51,Female,Canada,Jamesberg,Returning,2023-01-06,Tablet
4816,Jason,Davidson,jason.davidson818@gmail.com,33,Male,South Africa,Johnland,At-Risk,2019-05-31,Desktop
4817,Mark,Bell,mark.bell883@hotmail.com,21,Male,United States,South Eric,New,2022-09-18,Tablet
4818,Zachary,Quinn,zachary.quinn151@gmail.com,46,Female,United States,Vargasstad,New,2021-09-14,Desktop
4819,Michael,Butler,michael.butler400@hotmail.com,27,Female,United States,Jamesshire,New,2019-08-09,Tablet
4820,Amanda,Wu,amanda.wu816@yahoo.com,37,Female,Mexico,Port Abigailmouth,Returning,2020-12-12,Desktop
4821,Ricardo,Blake,ricardo.blake116@gmail.com,18,Other,Germany,Josephville,New,2019-05-13,Mobile
4822,Jennifer,Smith,jennifer.smith983@gmail.com,39,Other,United Kingdom,Chanshire,At-Risk,2021-11-04,Mobile
4823,Cindy,Bailey,cindy.bailey149@hotmail.com,38,Male,USA,North Samantha,Churned,2019-01-04,Mobile
4824,Melissa,Marsh,melissa.marsh131@hotmail.com,44,Male,United States,Carrville,VIP,2020-04-14,Mobile
4825,Eric,Abbott,eric.abbott362@hotmail.com,28,Female,Mexico,West Shane,Returning,2024-09-19,Mobile
4826,Jason,Parker,jason.parker435@hotmail.com,18,Female,United Kingdom,North Christopherfort,Returning,2019-03-24,Tablet
4827,Jacob,Ellis,jacob.ellis997@yahoo.com,39,Female,Spain,Lake Christopherchester,Returning,2020-09-19,Tablet
4828,Sarah,Mcdaniel,sarah.mcdaniel813@yahoo.com,34,Other,UK,West Marilyn,At-Risk,2021-01-02,Mobile
4829,Marcus,Butler,,30,Other,Germany,East Suzannebury,At-Risk,2021-01-18,Desktop
4830,John,Price,john.price393@hotmail.com,29,Female,United States,East Elizabeth,,2022-06-02,Tablet
4831,Adam,Copeland,adam.copeland510@gmail.com,18,Other,India,Sanchezport,Returning,2020-05-16,Tablet
4832,Paul,Gentry,paul.gentry505@hotmail.com,35,Other,France,Marissaview,New,2021-10-31,Tablet
4833,Brandon,Stanley,brandon.stanley842@yahoo.com,39,Male,Nigeria,Port Laceyshire,New,2022-02-25,Mobile
4834,Tricia,Williams,tricia.williams86@hotmail.com,32,Other,united states,Danielborough,New,2021-01-09,Tablet
4835,Charles,Chen,charles.chen432@hotmail.com,54,Other,Germany,Lake Gregoryburgh,VIP,2019-12-29,Tablet
4836,Cynthia,Freeman,cynthia.freeman796@yahoo.com,45,Other,,South Xaviermouth,Churned,2021-08-13,Tablet
4837,Elizabeth,Miller,elizabeth.miller225@hotmail.com,40,Other,United States,Josephborough,New,2020-04-23,Desktop
4838,James,Myers,james.myers241@hotmail.com,52,Female,Canada,East Aprilland,Returning,2020-12-21,Desktop
4839,Ryan,Blake,,33,Male,United Arab Emirates,South Deborahville,New,2023-01-01,Mobile
4840,Jessica,Dunn,jessica.dunn572@hotmail.com,34,Female,Australia,Lake Markport,New,2022-07-22,Desktop
4841,George,Olsen,george.olsen944@gmail.com,39,Male,South Africa,Lake Justinshire,Returning,2022-07-01,Desktop
4842,Cathy,Gordon,,52,Female,Saudi Arabia,West Adamland,At-Risk,2020-04-19,Mobile
4843,William,Cox,william.cox870@hotmail.com,44,Male,Canada,Valenzuelashire,Returning,2020-02-20,Mobile
4844,David,Bond,david.bond472@yahoo.com,37,Male,United States,Ericville,Returning,2023-12-22,Tablet
4845,Lori,Johnson,lori.johnson996@yahoo.com,47,Female,United States,Pamelaberg,Returning,2019-04-24,Desktop
4846,Rachel,Lucas,rachel.lucas216@hotmail.com,44,Male,United Kingdom,Ryanhaven,VIP,2022-01-30,Desktop
4847,Abigail,Powell,abigail.powell765@hotmail.com,26,Male,Netherlands,Amyside,Returning,2019-11-18,Desktop
4848,Jacob,Lloyd,jacob.lloyd986@gmail.com,24,Other,UNITED STATES,Lake Paul,Returning,2024-04-27,Tablet
4849,Mark,Lawson,mark.lawson147@gmail.com,18,Female,India,Collinsview,New,2023-03-01,Tablet
4850,Barbara,Ferrell,barbara.ferrell27@yahoo.com,42,Other,Spain,Port Edward,Churned,2019-09-07,Mobile
4851,Diamond,Stafford,diamond.stafford381@gmail.com,31,Male,Canada,North Zachary,New,2024-04-17,Tablet
4852,Jeff,Howard,jeff.howard109@hotmail.com,46,Other,Mexico,East Keith,Returning,2022-04-05,Tablet
4853,Sarah,Dudley,sarah.dudley76@hotmail.com,46,Female,United States,East Nicole,New,2024-04-04,Tablet
4854,Samantha,Foster,samantha.foster892@yahoo.com,34,Male,United States,Bassbury,New,2024-12-28,Desktop
4855,Eric,Cooley,eric.cooley151@yahoo.com,36,Female,Canada,Port Tammy,New,2024-04-14,Desktop
4856,Erik,Herrera,erik.herrera81@yahoo.com,29,Male,Egypt,Port Shanefurt,New,2019-03-06,Desktop
4857,Kendra,Montgomery,kendra.montgomery13@hotmail.com,23,Other,India,Lake Victoria,Churned,2024-08-07,Mobile
4858,Donna,Potter,donna.potter154@yahoo.com,51,Male,U.S.A.,Ericksonfort,Returning,2020-10-24,Mobile
4859,Teresa,Haynes,teresa.haynes762@yahoo.com,39,Male,Canada,Boyerland,Returning,2019-03-29,Tablet
4860,Debra,White,debra.white541@yahoo.com,49,Other,Japan,North Johnborough,At-Risk,2023-03-12,Mobile
4861,Nicole,Wood,nicole.wood482@gmail.com,22,Female,Canada,Lake Emilyfort,New,2024-10-18,Tablet
4862,Duane,Yates,duane.yates346@gmail.com,27,Female,Britain,Joshuachester,New,2021-01-28,Tablet
4863,Nicole,Kim,nicole.kim712@hotmail.com,28,Male,Saudi Arabia,New Gregory,VIP,2024-12-26,Mobile
4864,Ryan,Ramsey,,26,Male,Spain,New Andrea,New,2023-03-13,Desktop
4865,Jeffrey,Sandoval,jeffrey.sandoval903@hotmail.com,32,Other,Canada,Port Sarah,Returning,2022-06-17,Desktop
4866,Rebecca,Wong,rebecca.wong619@hotmail.com,49,Male,Italy,Port Mary,At-Risk,2022-04-18,Tablet
4867,Ronald,Smith,ronald.smith165@hotmail.com,30,Male,United States,West Henrybury,At-Risk,2021-02-10,Mobile
4868,Robin,Mejia,robin.mejia853@gmail.com,18,Female,United States,New Christinastad,,2022-06-22,Tablet
4869,Chad,Miller,,22,Female,United States,Lake Christopher,Returning,2020-02-23,Tablet
4870,John,Mann,john.mann729@hotmail.com,18,Female,Nigeria,West Adamfort,New,2024-11-24,Tablet
4871,Wendy,Smith,wendy.smith514@yahoo.com,30,Female,Germany,Adamside,New,2022-04-23,Tablet
4872,Kim,Evans,kim.evans233@yahoo.com,34,Female,United Kingdom,Gonzalezstad,At-Risk,2021-09-26,Desktop
4873,William,Bush,william.bush279@yahoo.com,18,Male,Brazil,Port Chad,New,2022-04-13,Tablet
4874,Alexander,Nguyen,alexander.nguyen387@hotmail.com,30,Male,U.K.,Charlesview,Returning,2022-04-25,Tablet
4875,Jodi,Ramirez,jodi.ramirez217@gmail.com,45,Female,Australia,West Brandi,At-Risk,2021-01-07,Tablet
4876,  James  ,Mathis,james.mathis58@gmail.com,22,Male,Philippines,Lake Markland,New,2021-02-08,Mobile
4877,Cole,Gutierrez,cole.gutierrez189@hotmail.com,21,Other,USA,Danielville,At-Risk,2019-02-26,Tablet
4878,robert,Parker,robert.parker620@gmail.com,22,Male,Egypt,Port Lindsay,Returning,2021-07-28,Tablet
4879,Richard,Kelly,richard.kelly480@hotmail.com,27,Female,India,Port Matthewtown,At-Risk,2020-07-05,Mobile
4880,Travis,Crawford,travis.crawford669@gmail.com,36,Other,Brazil,East Jose,New,2021-07-08,Mobile
4881,Jacqueline,Bridges,jacqueline.bridges848@yahoo.com,22,Female,India,Lake Jamesburgh,Returning,2020-04-19,Desktop
4882,Margaret,Rodriguez,margaret.rodriguez56@hotmail.com,52,Female,Germany,South Bryanhaven,VIP,2023-11-23,Tablet
4883,Desiree,Hudson,desiree.hudson435@gmail.com,36,Male,Japan,Shirleyport,At-Risk,2023-01-18,Mobile
4884,Judy,York,judy.york112@yahoo.com,45,Male,,Port David,At-Risk,2024-06-01,Desktop
4885,Scott,Stewart,scott.stewart372@hotmail.com,31,Other,Mexico,Sanchezfort,At-Risk,2024-05-06,Mobile
4886,Jeff,Miller,jeff.miller29@hotmail.com,31,Male,Nigeria,East Vicki,Returning,2019-08-19,Mobile
4887,Allen,Nichols,allen.nichols167@yahoo.com,18,Other,Indonesia,East Brian,,2021-08-04,Desktop
4888,KATIE,Harrington,,39,Male,Egypt,Emilytown,Returning,2019-02-28,Tablet
4889,Lisa,Patel,lisa.patel12@hotmail.com,18,Female,Philippines,East Janetport,Returning,2022-04-13,Desktop
4890,Nathan,Davis,nathan.davis565@gmail.com,54,Male,Saudi Arabia,East Carlosberg,New,2020-10-29,Tablet
4891,Jasmine,Johnson,jasmine.johnson952@gmail.com,56,Male,Egypt,Williamshaven,,2020-07-27,Desktop
4892,Roberto,Coleman,roberto.coleman276@hotmail.com,42,Male,United States,Patelborough,New,2020-02-07,Tablet
4893,Caleb,Bradley,caleb.bradley579@hotmail.com,30,Male,Indonesia,Atkinstown,New,2020-04-04,Tablet
4894,David,Smith,david.smith810@gmail.com,35,Female,Australia,Elizabethview,New,2020-04-11,Desktop
4895,Jamie,Torres,jamie.torres50@gmail.com,18,Female,UNITED STATES,South Michaelton,Returning,2023-10-30,Desktop
4896,Kelly,Foster,kelly.foster967@gmail.com,41,Female,Germany,Lake Kellyborough,Churned,2019-09-25,Desktop
4897,Matthew,Cook,matthew.cook366@hotmail.com,38,Female,Indonesia,Duncanberg,At-Risk,2019-04-14,Mobile
4898,Thomas,Daugherty,thomas.daugherty513@gmail.com,18,Male,Indonesia,Lake Jesse,Churned,2024-10-04,Mobile
4899,Rodney,Valencia,rodney.valencia770@hotmail.com,59,Female,United States,Andersonland,Returning,2021-12-07,Tablet
4900,Laura,Jones,laura.jones365@hotmail.com,34,Male,Italy,Espinozamouth,Returning,2021-12-12,Tablet
4901,Thomas,Kim,thomas.kim691@yahoo.com,48,Male,United Kingdom,East Vincentmouth,At-Risk,2022-12-08,Mobile
4902,David,Lewis,david.lewis418@hotmail.com,46,Other,Australia,New Tashabury,New,2022-09-08,Tablet
4903,Dawn,Marsh,dawn.marsh104@gmail.com,33,Other,Egypt,Williambury,Returning,2019-03-27,Desktop
4904,Michael,Matthews,michael.matthews25@yahoo.com,48,Other,Germany,Jocelynchester,At-Risk,2024-07-29,Mobile
4905,Lindsey,Miller,lindsey.miller489@hotmail.com,18,Other,United States,Claytonbury,At-Risk,2020-09-06,Desktop
4906,Amanda,Roach,amanda.roach298@gmail.com,52,Male,united states,Nixonshire,At-Risk,2022-12-11,Desktop
4907,Kimberly,Luna,kimberly.luna699@gmail.com,52,Female,Saudi Arabia,Lake Cynthia,New,2019-08-23,Desktop
4908,Nancy,Ballard,nancy.ballard907@hotmail.com,19,Other,India,Christineshire,VIP,2019-08-21,Desktop
4909,Tracey,Walsh,tracey.walsh976@gmail.com,37,Other,Brazil,Cortezton,VIP,2021-03-03,Desktop
4910,Joshua,Torres,joshua.torres906@gmail.com,55,Male,Italy,New Ian,VIP,2019-06-27,Tablet
4911,Anna,King,anna.king670@yahoo.com,31,Male,Germany,New Lee,New,2021-07-10,Tablet
4912,Stephen,Taylor,stephen.taylor165@gmail.com,35,Other,,Stuartland,New,2023-08-10,Tablet
4913,James,Hansen,james.hansen747@yahoo.com,37,Other,,North Gloria,New,2021-01-28,Tablet
4914,Faith,Bailey,faith.bailey536@yahoo.com,32,Female,United States,Lake Luis,New,2020-09-10,Mobile
4915,Katherine,Johnson,katherine.johnson805@hotmail.com,42,Male,PHILIPPINES,Bryanthaven,At-Risk,2024-03-31,Mobile
4916,Amanda,Lang,amanda.lang298@gmail.com,18,Female,Nigeria,Port Daniel,New,2024-07-19,Tablet
4917,Jody,Gibson,jody.gibson877@gmail.com,32,Female,Spain,West Andrewport,New,2021-12-19,Desktop
4918,Tara,Benitez,tara.benitez913@gmail.com,33,Other,India,Richardmouth,New,2021-03-15,Tablet
4919,Travis,Schwartz,travis.schwartz397@yahoo.com,43,Male,Brazil,North Stephanieport,At-Risk,2022-04-24,Desktop
4920,Robert,Miller,robert.miller626@yahoo.com,41,Other,Mexico,Stephanieberg,Churned,2024-10-04,Desktop
4921,David,Carter,david.carter982@yahoo.com,44,Male,Japan,Lake Jonathanside,Returning,2021-06-27,Tablet
4922,Christopher,Trujillo,christopher.trujillo643@gmail.com,18,Female,Nigeria,Owenstown,Churned,2020-05-20,Desktop
4923,Eric,Ford,,18,Male,Australia,Donnabury,At-Risk,2023-09-18,Desktop
4924,Anthony,Sanchez,anthony.sanchez785@yahoo.com,34,Female,Mexico,Hopkinshaven,New,2022-05-25,Tablet
4925,Christina,Webb,christina.webb889@yahoo.com,31,Male,Spain,Port Jasonton,Returning,2020-07-25,Mobile
4926,Susan,Palmer,susan.palmer97@gmail.com,36,Female,Australia,Ramoshaven,At-Risk,2024-08-07,Mobile
4927,Ashley,Green,ashley.green174@hotmail.com,19,Female,Germany,West Tanner,Churned,2020-09-10,Desktop
4928,Alison,Garcia,alison.garcia70@hotmail.com,29,Female,Italy,North Christopher,At-Risk,2021-07-22,Tablet
4929,Tiffany,Sanchez,tiffany.sanchez373@gmail.com,33,Female,Canada,Port Josephstad,New,2023-02-19,Desktop
4930,Lisa,Davis,lisa.davis73@gmail.com,42,Male,Italy,South Michael,VIP,2019-06-26,Tablet
4931,Lisa,Brown,lisa.brown791@gmail.com,28,Female,India,Johnmouth,Returning,2020-08-16,Mobile
4932,Jessica,Moore,jessica.moore485@yahoo.com,20,Female,Nigeria,Phillipsmouth,Returning,2020-04-05,Mobile
4933,Devin,Davis,devin.davis666@hotmail.com,34,Male,Egypt,East David,Churned,2023-12-06,Desktop
4934,Jonathan,Walsh,jonathan.walsh996@gmail.com,46,Other,South Africa,Lake Derrickfurt,New,2019-01-26,Mobile
4935,Curtis,Mclaughlin,curtis.mclaughlin41@hotmail.com,34,Female,France,North Kristen,Returning,2021-02-28,Mobile
4936,David,Jones,david.jones411@hotmail.com,18,Female,Philippines,Josephchester,New,2023-09-15,Tablet
4937,Samuel,Downs,samuel.downs940@gmail.com,19,Other,Nigeria,Lisaside,Churned,2020-08-04,Desktop
4938,Derek,Hampton,derek.hampton452@gmail.com,33,Female,Australia,Port Robertmouth,New,2023-01-03,Tablet
4939,Christine,Baldwin,christine.baldwin866@yahoo.com,44,Other,Germany,Jessicachester,At-Risk,2023-10-02,Mobile
4940,Christopher,Hill,christopher.hill383@yahoo.com,47,Male,indonesia,Jasonmouth,Returning,2022-03-18,Tablet
4941,Eric,Moreno,eric.moreno424@hotmail.com,18,Other,Brazil,Brianville,Returning,2020-08-13,Mobile
4942,  Cheryl  ,Montoya,cheryl.montoya270@hotmail.com,42,Other,Canada,Tammyburgh,New,2023-10-17,Desktop
4943,Dennis,Reed,dennis.reed636@yahoo.com,26,Other,India,Port Michael,Returning,2019-05-03,Desktop
4944,Jamie,Caldwell,jamie.caldwell759@hotmail.com,28,Male,Brazil,Nancyburgh,Returning,2022-01-17,Tablet
4945,anthony,Johnson,anthony.johnson841@yahoo.com,50,Other,Australia,Brandonfort,Churned,2023-04-18,Desktop
4946,William,Willis,william.willis159@hotmail.com,32,Male,France,Stokesstad,Returning,2020-07-22,Mobile
4947,Kristy,Phillips,kristy.phillips385@gmail.com,37,Male,Netherlands,Henryfort,Churned,2021-12-14,Tablet
4948,Timothy,Mitchell,timothy.mitchell409@yahoo.com,30,Male,Indonesia,Bakershire,New,2020-06-21,Desktop
4949,Kevin,Campbell,kevin.campbell398@gmail.com,18,Female,India,South Alanshire,New,2022-03-11,Tablet
4950,William,Taylor,william.taylor96@yahoo.com,62,Female,Netherlands,Martinezmouth,Churned,2021-03-08,Mobile
4951,Michael,Clark,michael.clark480@yahoo.com,18,Other,United States,Port Norma,VIP,2024-12-25,Tablet
4952,Michael,Pearson,michael.pearson922@yahoo.com,31,Female,Canada,Smithville,Churned,2019-11-03,Desktop
4953,Andrew,Mathis,andrew.mathis88@gmail.com,49,Male,India,Moorestad,New,2020-07-08,Tablet
4954,Tiffany,Simon,tiffany.simon111@hotmail.com,52,Female,Saudi Arabia,Williamschester,Returning,2019-05-13,Mobile
4955,Mary,Mendez,mary.mendez205@gmail.com,36,Female,Japan,Port Crystal,New,2020-07-08,Mobile
4956,Anthony,Elliott,anthony.elliott67@yahoo.com,38,Female,MEXICO,West Elizabeth,VIP,2024-05-10,Mobile
4957,Dalton,Woods,dalton.woods619@gmail.com,44,Female,United Kingdom,Lake Phillipton,Churned,2020-04-21,Desktop
4958,Nathan,Banks,nathan.banks720@gmail.com,44,Other,Indonesia,Johnhaven,New,2024-08-09,Mobile
4959,Jonathan,Adams,jonathan.adams118@gmail.com,34,Female,Japan,Hawkinsstad,Returning,2019-12-07,Mobile
4960,Sandy,Simmons,sandy.simmons40@yahoo.com,39,Other,Philippines,Ashleyview,New,2021-01-06,Desktop
4961,Lauren,Munoz,lauren.munoz972@hotmail.com,18,Female,Canada,Jenniferstad,Returning,2024-01-21,Desktop
4962,Jessica,Liu,jessica.liu656@gmail.com,34,Male,USA,Hardyville,VIP,2021-12-16,Mobile
4963,Morgan,Becker,morgan.becker582@hotmail.com,31,Male,Canada,South Jessica,Returning,2022-03-05,Tablet
4964,David,Thomas,david.thomas793@hotmail.com,47,Female,United States,Rachelburgh,Churned,2020-04-12,Desktop
4965,Tammie,Long,tammie.long959@hotmail.com,24,Female,United Arab Emirates,South Paul,Returning,2021-10-08,Mobile
4966,Samantha,Nelson,samantha.nelson485@gmail.com,47,Male,United States,Tiffanyview,Churned,2023-05-15,Desktop
4967,Pedro,Beck,pedro.beck217@gmail.com,56,Male,India,East Andreabury,Returning,2022-01-10,Tablet
4968,Susan,Hanna,susan.hanna434@yahoo.com,31,Female,Canada,East Jasmineberg,New,2022-03-11,Mobile
4969,Carrie,Johnson,carrie.johnson651@hotmail.com,18,Male,Germany,Erinmouth,VIP,2022-07-11,Desktop
4970,Gene,Shah,gene.shah146@hotmail.com,55,Male,Japan,South Kimberly,New,2024-05-25,Mobile
4971,Tracy,Norton,tracy.norton415@gmail.com,24,Male,United States,New Jason,New,2023-03-12,Mobile
4972,Jay,Walton,jay.walton895@hotmail.com,18,Other,united states,Leeberg,,2023-04-17,Mobile
4973,Abigail,Robinson,abigail.robinson893@yahoo.com,31,Female,United States,North Mallory,VIP,2021-01-25,Tablet
4974,Blake,Taylor,blake.taylor220@gmail.com,38,Other,France,Alexanderburgh,At-Risk,2019-05-29,Mobile
4975,James,Burton,james.burton189@yahoo.com,38,Male,United Kingdom,Hubershire,At-Risk,2022-12-31,Desktop
4976,Patrick,Tyler,patrick.tyler917@yahoo.com,44,Female,Philippines,Port Tyler,Returning,2021-03-02,Mobile
4977,michael,Wright,michael.wright987@gmail.com,22,Female,Germany,Hunterside,VIP,2022-05-29,Desktop
4978,James,Hawkins,james.hawkins204@gmail.com,51,Female,Saudi Arabia,Lake Lisastad,Returning,2019-04-24,Mobile
4979,Cindy,Skinner,cindy.skinner494@yahoo.com,29,Female,United Kingdom,Hornbury,Returning,2019-08-20,Tablet
4980,David,Alvarez,david.alvarez706@gmail.com,41,Male,United Kingdom,Shellyport,Returning,2022-02-07,Tablet
4981,Brett,Irwin,brett.irwin448@gmail.com,47,Female,Italy,Santiagostad,Returning,2022-08-21,Tablet
4982,Maria,Horton,maria.horton585@hotmail.com,27,Female,UK,South Amy,Returning,2019-02-10,Desktop
4983,Cathy,Kennedy,cathy.kennedy575@gmail.com,23,Other,  Italy  ,New Dianafort,At-Risk,2019-07-07,Desktop
4984,  Eric  ,Mullins,eric.mullins80@hotmail.com,28,Other,U.K.,Michaelbury,Returning,2022-07-30,Tablet
4985,Dawn,Morris,dawn.morris593@yahoo.com,39,Other,India,East Jimmyland,VIP,2023-11-16,Desktop
4986,Lisa,Meadows,lisa.meadows332@hotmail.com,33,Other,France,Shahville,Returning,2021-10-05,Tablet
4987,Sean,Oliver,sean.oliver761@gmail.com,18,Other,Mexico,East Alexander,Returning,2024-08-12,Tablet
4988,Alicia,Brown,alicia.brown325@yahoo.com,22,Male,Canada,New Justinland,New,2021-10-15,Desktop
4989,Alexander,Blevins,alexander.blevins919@hotmail.com,21,Female,Mexico,Davidbury,Churned,2024-08-05,Desktop
4990,Brandon,Palmer,brandon.palmer512@hotmail.com,18,Female,United States,Snyderstad,New,2022-02-03,Desktop
4991,Kimberly,Nguyen,kimberly.nguyen812@hotmail.com,36,Other,France,Stefanietown,VIP,2022-07-11,Mobile
4992,Bailey,Davis,bailey.davis270@yahoo.com,19,Other,United Kingdom,West Christinemouth,Returning,2020-01-21,Tablet
4993,John,Gutierrez,john.gutierrez4@yahoo.com,33,Female,United Kingdom,Andersonburgh,New,2022-01-04,Desktop
4994,  Stephanie  ,Garcia,stephanie.garcia650@gmail.com,39,Female,Japan,Katieberg,Churned,2019-03-28,Tablet
4995,Laura,Ellison,laura.ellison993@hotmail.com,41,Other,Egypt,Kathymouth,Churned,2024-06-24,Desktop
4996,Evelyn,Barker,evelyn.barker38@yahoo.com,22,Male,Mexico,North Tony,Churned,2021-04-25,Tablet
4997,Eileen,Hickman,eileen.hickman193@hotmail.com,20,Female,India,Port Audrey,Returning,2020-09-19,Tablet
4998,Ronald,Koch,ronald.koch560@hotmail.com,20,Male,United States,Coleton,VIP,2021-08-25,Tablet
4999,Patricia,Castro,patricia.castro387@hotmail.com,45,Male,Germany,Elliottstad,Returning,2022-03-13,Mobile
5000,Sean,Oliver,sean.oliver215@gmail.com,46,Male,Germany,South Debbiechester,New,2021-09-29,Tablet
5001,Andrew,Mack,andrew.mack932@hotmail.com,46,Male,Egypt,Bradleytown,New,2021-11-19,Mobile
5002,Paul,Combs,paul.combs120@hotmail.com,38,Male,Indonesia,North Dawnburgh,At-Risk,2022-01-12,Desktop
5003,Mariah,Lopez,mariah.lopez517@gmail.com,35,Male,Nigeria,Tiffanyside,Returning,2024-02-16,Desktop
5004,Ronald,Thompson,,29,Other,Germany,Timothyville,New,2019-10-27,Tablet
5005,James,Rogers,james.rogers418@hotmail.com,36,Female,JAPAN,Ramirezchester,At-Risk,2023-01-07,Mobile
5006,Kyle,Gonzalez,kyle.gonzalez484@gmail.com,21,Other,United States,South Allisonville,Churned,2024-08-03,Tablet
5007,Paul,Powell,paul.powell811@yahoo.com,49,Male,Italy,Lake Paul,New,2019-09-02,Mobile
5008,Ruth,Landry,ruth.landry66@yahoo.com,40,Female,Italy,Amberport,New,2019-02-24,Mobile
5009,Mackenzie,Greene,mackenzie.greene426@yahoo.com,33,Female,US,Jimenezbury,VIP,2021-08-20,Tablet
5010,Sandra,Holmes,sandra.holmes94@hotmail.com,22,Other,U.A.E.,South Donald,New,2022-07-09,Tablet
5011,Chad,Flores,chad.flores442@yahoo.com,50,Male,Australia,Cathystad,At-Risk,2021-10-10,Desktop
5012,Paula,Alexander,paula.alexander243@hotmail.com,48,Female,Nigeria,Peterton,Returning,2023-04-15,Mobile
5013,Evan,Gutierrez,evan.gutierrez807@gmail.com,31,Other,Saudi Arabia,Evansland,VIP,2024-02-13,Desktop
5014,Faith,Bailey,faith.bailey536@yahoo.com,32,Female,United States,Lake Luis,New,2020-09-10,Mobile
5015,Tami,Jones,tami.jones842@hotmail.com,31,Male,Mexico,Nicoleland,VIP,2022-02-12,Mobile
5016,thomas,Santos,thomas.santos666@yahoo.com,49,Male,France,Justinton,New,2024-06-12,Tablet
5017,Michael,Clark,michael.clark952@hotmail.com,29,Male,Mexico,East Catherinefurt,New,2021-04-14,Mobile
5018,Chad,Bass,chad.bass866@gmail.com,35,Female,france,East Ronald,At-Risk,2023-11-08,Desktop
5019,Joshua,Norton,joshua.norton487@yahoo.com,37,Female,France,Port Annaview,VIP,2019-07-14,Desktop
5020,Timothy,Carpenter,timothy.carpenter556@gmail.com,56,Female,Saudi Arabia,West Christopher,VIP,2020-07-25,Tablet
5021,Lisa,Thompson,lisa.thompson635@hotmail.com,30,Female,Germany,Pollardfort,At-Risk,2022-10-16,Desktop
5022,Pamela,Alvarez,pamela.alvarez313@hotmail.com,45,Male,India,Kimberlytown,New,2023-08-17,Tablet
5023,Mark,Lawson,mark.lawson147@gmail.com,18,Female,India,Collinsview,New,2023-03-01,Tablet
5024,Rose,Hale,rose.hale621@hotmail.com,34,Other,Spain,Hortonside,Returning,2021-08-22,Desktop
5025,Larry,Rush,larry.rush368@yahoo.com,51,Male,Italy,Lake Janeburgh,New,2020-11-20,Mobile
5026,Victor,Graham,victor.graham624@gmail.com,36,Other,Saudi Arabia,Costaton,Churned,2021-02-13,Desktop
5027,Heidi,Patterson,,36,Other,Saudi Arabia,Bellshire,New,2019-08-03,Tablet
5028,Brandon,Bailey,brandon.bailey612@hotmail.com,43,Other,Mexico,North Danielle,Churned,2023-02-20,Desktop
5029,Leslie,Cox,leslie.cox720@gmail.com,20,Female,AUSTRALIA,Pearsonview,Churned,2020-07-26,Mobile
5030,HEATHER,Deleon,heather.deleon754@gmail.com,27,Male,United States,Adamtown,Returning,2023-02-14,Mobile
5031,Toni,Shelton,toni.shelton71@gmail.com,39,Female,Netherlands,North Michaelfort,New,2020-01-29,Tablet
5032,Kenneth,Fowler,kenneth.fowler271@hotmail.com,39,Male,United States,East Nathaniel,Churned,2019-12-20,Tablet
5033,Jane,Smith,jane.smith914@hotmail.com,62,Other,Canada,West Tinafort,Churned,2020-05-06,Mobile
5034,Kelly,Simmons,kelly.simmons883@yahoo.com,35,Other,Nigeria,East Thomasview,Returning,2021-08-24,Tablet
5035,Ashley,Hanna,ashley.hanna866@gmail.com,38,Female,Nigeria,Lake Jamie,VIP,2022-11-28,Desktop
5036,Cassandra,Lewis,cassandra.lewis452@hotmail.com,36,Female,Netherlands,Wilsonmouth,Returning,2019-03-25,Desktop
5037,Taylor,Nichols,taylor.nichols102@yahoo.com,20,Other,India,North Henryville,Returning,2024-07-03,Mobile
5038,Edward,Schultz,edward.schultz183@gmail.com,41,Male,United States,Houstonton,Returning,2021-12-17,Mobile
5039,Matthew,Chang,matthew.chang603@hotmail.com,22,Male,nigeria,Garciafort,,2019-06-28,Tablet
5040,Craig,Hoffman,craig.hoffman423@gmail.com,49,Male,Brazil,South David,VIP,2024-06-17,Tablet
5041,William,Wilson,,44,Other,United Kingdom,South Brittany,VIP,2022-12-26,Mobile
5042,Lisa,Patel,lisa.patel12@hotmail.com,18,Female,Philippines,East Janetport,Returning,2022-04-13,Desktop
5043,katherine,Copeland,,36,Female,United States,East Jeffrey,VIP,2022-07-23,Mobile
5044,KEVIN,Johnson,kevin.johnson440@hotmail.com,38,Female,Germany,New Amyhaven,Returning,2023-04-08,Mobile
5045,Thomas,Sharp,thomas.sharp960@hotmail.com,27,Female,United Kingdom,North Katrina,At-Risk,2020-07-06,Desktop
5046,Bryan,Greene,bryan.greene630@gmail.com,45,Female,United States,Rileyberg,At-Risk,2023-10-26,Desktop
5047,Wayne,Winters,wayne.winters453@gmail.com,40,Male,United Kingdom,Port Zachary,New,2019-04-11,Desktop
5048,Mark,West,mark.west340@yahoo.com,60,Female,Netherlands,Peckview,VIP,2021-03-26,Tablet
5049,Dawn,Warren,dawn.warren395@hotmail.com,26,Female,Spain,New Joshua,VIP,2023-12-07,Mobile
5050,David,Sawyer,david.sawyer83@hotmail.com,30,Female,UAE,Boltonbury,Returning,2022-02-08,Desktop
5051,Heather,West,heather.west136@yahoo.com,25,Male,U.K.,Port Christinechester,Churned,2024-08-09,Mobile
5052,Kelly,Ferguson,kelly.ferguson663@gmail.com,37,Other,Canada,Nealhaven,New,2024-06-18,Desktop
5053,  Sean  ,Hendricks,,25,Male,United Kingdom,Lucasborough,At-Risk,2021-03-05,Tablet
5054,heather,Salinas,heather.salinas948@hotmail.com,25,Male,Brazil,Garzabury,New,2020-01-22,Desktop
5055,Dylan,Jackson,dylan.jackson592@gmail.com,24,Other,Egypt,Greeneshire,VIP,2022-10-29,Desktop
5056,Rodney,Tucker,rodney.tucker84@hotmail.com,29,Male,PHILIPPINES,New Garrett,New,2020-09-24,Desktop
5057,Kaitlin,Vega,kaitlin.vega680@hotmail.com,26,Other,France,Michaelmouth,New,2021-11-15,Tablet
5058,Jared,Reynolds,jared.reynolds715@yahoo.com,23,Other,Japan,Bairdberg,At-Risk,2023-09-22,Tablet
5059,Debra,Brown,debra.brown190@yahoo.com,34,Male,  Australia  ,South Kenneth,New,2019-04-12,Tablet
5060,Tara,Ramirez,tara.ramirez397@gmail.com,42,Other,Philippines,Smallhaven,New,2023-10-14,Tablet
5061,AMBER,Herrera,amber.herrera939@yahoo.com,37,Female,Canada,Port Erica,New,2022-10-09,Desktop
5062,Adam,Meadows,adam.meadows326@hotmail.com,40,Other,France,Williamston,VIP,2021-05-11,Tablet
5063,Christian,Nelson,christian.nelson203@hotmail.com,54,Male,United Kingdom,New Brianmouth,At-Risk,2022-01-07,Mobile
5064,Steven,Barnett,steven.barnett386@yahoo.com,38,Female,Mexico,Anthonyborough,Returning,2023-04-12,Tablet
5065,jimmy,Morse,jimmy.morse474@hotmail.com,25,Male,United States,Lake Melissaport,New,2021-12-24,Desktop
5066,Joseph,Haynes,joseph.haynes375@hotmail.com,34,Female,United States,Gonzalezville,VIP,2023-03-17,Desktop
5067,Justin,Potter,justin.potter720@gmail.com,34,Female,Australia,Robertshire,Returning,2024-01-05,Mobile
5068,Michael,Scott,michael.scott340@yahoo.com,28,Female,Germany,Mullinsville,At-Risk,2021-07-15,Mobile
5069,Michael,Flores,michael.flores775@gmail.com,26,Female,Spain,Audreyburgh,Churned,2019-06-06,Desktop
5070,Nathan,Mitchell,nathan.mitchell24@yahoo.com,28,Male,Germany,Tiffanyside,Churned,2019-07-11,Mobile
5071,Manuel,Kelley,manuel.kelley716@yahoo.com,31,Female,France,Port Jenniferton,Returning,2019-12-08,Tablet
5072,Tricia,Williams,tricia.williams86@hotmail.com,32,Other,united states,Danielborough,New,2021-01-09,Tablet
5073,Brandon,Rodriguez,brandon.rodriguez310@yahoo.com,39,Other,South Africa,Davisshire,VIP,2023-11-16,Tablet
5074,Jane,Calhoun,jane.calhoun547@yahoo.com,18,Female,,North Alicia,VIP,2023-10-31,Mobile
5075,Samuel,Burgess,samuel.burgess425@gmail.com,26,Male,Mexico,Walterton,Returning,2022-08-17,Desktop
5076,Jennifer,Jones,jennifer.jones453@hotmail.com,52,Male,Mexico,Lake Ericahaven,VIP,2024-12-21,Mobile
5077,Jennifer,Campbell,jennifer.campbell238@yahoo.com,32,Male,India,Bethfort,VIP,2021-08-11,Mobile
5078,ryan,Miles,ryan.miles771@yahoo.com,31,Other,Germany,Sweeneyhaven,Churned,2022-06-18,Tablet
5079,STEVEN,Davis,steven.davis103@hotmail.com,18,Male,india,Port Heatherton,VIP,2020-05-18,Tablet
5080,John,Wang,john.wang973@hotmail.com,47,Female,Germany,North Wendytown,New,2022-04-18,Desktop
5081,Jacqueline,Reynolds,jacqueline.reynolds351@gmail.com,47,Female,United States,Port Kaylaview,New,2024-06-05,Mobile
5082,Patrick,George,patrick.george295@yahoo.com,44,Other,Brazil,North Rebeccaton,Churned,2021-04-06,Desktop
5083,Jacob,Wilson,jacob.wilson458@yahoo.com,32,Female,United States,Port Johnshire,,2023-11-24,Desktop
5084,Christopher,Zimmerman,christopher.zimmerman230@hotmail.com,49,Male,Brazil,South Andrea,New,2019-04-07,Mobile
5085,BRITTANY,Sanders,brittany.sanders153@gmail.com,53,Female,Italy,Jeffreyfurt,Returning,2019-10-27,Tablet
5086,Grant,Novak,grant.novak515@hotmail.com,37,Other,Canada,Jeffreyshire,Returning,2023-11-20,Mobile
5087,autumn,Armstrong,autumn.armstrong119@hotmail.com,22,Male,Spain,Emilytown,VIP,2023-10-29,Tablet
5088,Christopher,Blake,christopher.blake562@yahoo.com,18,Female,,Port Jennifer,New,2021-05-24,Desktop
5089,Cynthia,Freeman,cynthia.freeman796@yahoo.com,45,Other,,South Xaviermouth,Churned,2021-08-13,Tablet
5090,Diamond,Quinn,diamond.quinn612@gmail.com,35,Other,Indonesia,West Jacob,Returning,2019-10-22,Mobile
5091,Kathleen,Cross,kathleen.cross554@hotmail.com,25,Male,South Africa,Jessicaside,Returning,2020-01-05,Tablet
5092,Laura,Bautista,laura.bautista430@hotmail.com,47,Other,Australia,West Ashleyview,Churned,2020-11-21,Mobile
5093,Jeremy,Craig,jeremy.craig949@hotmail.com,28,Male,,Port Emilyview,New,2022-06-16,Desktop
5094,Heather,Carter,heather.carter966@gmail.com,23,Other,Brazil,East Linda,VIP,2020-03-04,Desktop
5095,Kimberly,Wilson,kimberly.wilson119@yahoo.com,44,Male,United Arab Emirates,East Kenneth,New,2020-01-31,Mobile
5096,Anthony,Woodward,anthony.woodward693@hotmail.com,32,Female,Japan,Port Charlesborough,At-Risk,2020-07-14,Mobile
5097,William,Burns,william.burns411@yahoo.com,35,Other,India,Adamschester,New,2019-07-17,Desktop
5098,Heather,Lucas,heather.lucas419@gmail.com,47,Male,France,Smithtown,Returning,2023-01-13,Mobile
5099,Maria,Curtis,,49,Male,UNITED STATES,Lawsonfort,Returning,2019-08-22,Desktop
5100,Maria,Smith,maria.smith971@yahoo.com,52,Female,United States,Patriciaville,Returning,2022-03-28,Mobile
5101,Victoria,Long,victoria.long380@gmail.com,43,Male,Canada,Port Adam,Returning,2019-02-19,Tablet
5102,Darrell,York,darrell.york599@gmail.com,32,Female,,Port Devonburgh,Churned,2020-12-21,Tablet
5103,Carol,Rowland,carol.rowland346@gmail.com,30,Female,Egypt,Port Christinaborough,New,2024-02-16,Mobile
5104,Julia,Tapia,julia.tapia827@hotmail.com,57,Female,Mexico,East Javier,New,2021-11-26,Desktop
5105,Kevin,Kelley,kevin.kelley115@gmail.com,39,Female,United States,Justinchester,New,2023-09-18,Mobile
5106,Nathan,Jennings,nathan.jennings806@gmail.com,37,Male,UK,Connerland,Returning,2022-06-17,Tablet
5107,Glenn,Jones,glenn.jones460@gmail.com,18,Male,Mexico,Hayesfort,New,2020-09-30,Mobile
5108,Timothy,Gonzalez,timothy.gonzalez521@yahoo.com,47,Female,United Arab Emirates,New Christina,New,2023-05-31,Desktop
5109,Lisa,Weber,lisa.weber811@yahoo.com,45,Male,Egypt,Millerhaven,Returning,2019-06-18,Desktop
5110,Justin,Pugh,justin.pugh939@gmail.com,51,Female,Australia,Jamiehaven,Returning,2020-02-18,Desktop
5111,James,Reese,james.reese154@gmail.com,25,Other,France,Hallburgh,VIP,2023-10-21,Tablet
5112,James,Hudson,james.hudson629@hotmail.com,40,Other,Indonesia,Joneschester,Returning,2024-04-02,Tablet
5113,Isabel,Jones,isabel.jones649@yahoo.com,37,Male,India,Johnsonfurt,New,2020-03-27,Tablet
5114,Jay,Moran,jay.moran703@gmail.com,47,Female,Brazil,East Ambermouth,At-Risk,2019-05-30,Mobile
5115,John,Leblanc,john.leblanc687@yahoo.com,53,Female,United Kingdom,North Deniseside,New,2024-01-06,Tablet
5116,Ronald,Martin,ronald.martin137@hotmail.com,20,Female,United States,Jeanville,Returning,2019-02-17,Desktop
5117,Jillian,Gallagher,jillian.gallagher244@gmail.com,33,Other,Germany,Franklinberg,Returning,2024-01-01,Mobile
5118,William,Peters,william.peters242@hotmail.com,47,Male,Germany,North Paul,Churned,2023-07-15,Tablet
5119,Justin,Mitchell,justin.mitchell468@hotmail.com,25,Other,Canada,Cruzfort,At-Risk,2019-11-12,Tablet
5120,Elizabeth,Larson,elizabeth.larson198@hotmail.com,19,Male,Germany,New Seantown,New,2019-05-27,Tablet
5121,Travis,Freeman,travis.freeman936@hotmail.com,20,Other,USA,West Kristina,Returning,2021-07-20,Desktop
5122,Melissa,Lopez,,29,Male,Brazil,Crosbystad,Returning,2020-01-28,Mobile
5123,Brian,Dickerson,brian.dickerson786@gmail.com,26,Other,UNITED STATES,West Robert,Churned,2022-06-01,Tablet
5124,Michael,Ball,michael.ball543@yahoo.com,33,Male,Saudi Arabia,Espinozaberg,New,2020-09-01,Mobile
5125,tyler,Mccarthy,tyler.mccarthy221@yahoo.com,64,Female,United States,Jessicashire,New,2024-03-10,Desktop
5126,Cynthia,Rhodes,cynthia.rhodes8@yahoo.com,45,Other,France,New Karibury,At-Risk,2022-07-21,Mobile
5127,Danny,Weiss,danny.weiss383@yahoo.com,49,Female,Nigeria,New Anthonyport,Returning,2022-06-15,Tablet
5128,Diana,Myers,diana.myers86@gmail.com,24,Female,India,South Ashleyland,Returning,2022-08-15,Tablet
5129,Sean,Baker,sean.baker101@yahoo.com,33,Other,United Kingdom,Jeremyview,Returning,2022-05-21,Tablet
5130,Gabrielle,Donovan,gabrielle.donovan157@hotmail.com,22,Male,United Kingdom,North Robertville,New,2024-07-03,Mobile
5131,Michael,Wagner,michael.wagner616@gmail.com,39,Male,France,South Danielle,VIP,2019-07-09,Mobile
5132,Lisa,Mckinney,,30,Other,Germany,Davidhaven,Returning,2021-03-23,Desktop
5133,Kevin,Rodriguez,kevin.rodriguez6@gmail.com,32,Female,U.S.A.,Port Amyborough,At-Risk,2024-08-24,Tablet
5134,ASHLEY,Todd,ashley.todd717@gmail.com,24,Female,,Wilcoxhaven,At-Risk,2020-12-19,Mobile
5135,Kimberly,Smith,kimberly.smith756@gmail.com,29,Other,United States,West Alicia,Returning,2019-04-18,Desktop
5136,Olivia,Mcclain,olivia.mcclain64@gmail.com,36,Other,Spain,South Gary,New,2022-03-17,Tablet
5137,Daniel,Lee,daniel.lee380@hotmail.com,32,Female,south africa,Taylorburgh,New,2020-09-02,Desktop
5138,Mary,Cox,mary.cox19@yahoo.com,38,Male,Germany,Alvarezburgh,New,2020-09-26,Mobile
5139,Justin,Combs,justin.combs747@yahoo.com,34,Female,United States,Raymondfurt,VIP,2019-12-10,Desktop
5140,Mary,Jones,mary.jones74@hotmail.com,34,Other,India,Port Sarahshire,New,2022-07-30,Mobile
5141,Mark,Mckinney,mark.mckinney677@gmail.com,33,Male,Nigeria,East Sarahton,Returning,2023-08-23,Desktop
5142,Bradley,Moon,bradley.moon11@yahoo.com,24,Male,United States,East Johnberg,Returning,2020-12-16,Mobile
5143,Amber,Hall,amber.hall441@hotmail.com,37,Male,Canada,Michaelville,Returning,2023-12-13,Tablet
5144,Eric,Monroe,eric.monroe907@gmail.com,29,Female,India,Tuckertown,VIP,2021-04-28,Mobile
5145,Susan,Cooper,susan.cooper546@gmail.com,33,Other,USA,Colemanchester,New,2023-03-16,Desktop
5146,Shannon,Bradshaw,shannon.bradshaw487@gmail.com,24,Female,Japan,Robertsside,VIP,2023-12-24,Mobile
5147,Craig,Simmons,craig.simmons562@yahoo.com,27,Female,Mexico,Lake Kevinside,New,2022-04-21,Desktop
5148,Karen,Marshall,karen.marshall416@hotmail.com,28,Female,United States,Port Marymouth,At-Risk,2020-03-03,Mobile
5149,Samuel,Scott,samuel.scott758@hotmail.com,32,Female,Egypt,Williamfort,At-Risk,2022-10-23,Mobile
5150,Ryan,Goodman,ryan.goodman128@gmail.com,25,Other,Nigeria,North Gloria,At-Risk,2024-07-10,Tablet
